"trial_type","trial_index","time_elapsed","internal_node_id","rt","stimulus","button_pressed","responses","key_press","view_history","correct","stakes","outcome","outcome_notreceived","choice_selected","choice_not_selected","rt_choice","rt_space","rt_certainty","all_rts","key_choice","all_keys","estimate_trial","estimate_val","certainty_trial","certainty_val"
"pavlovia","0","101","0.0-0.0","","","","","","","","","","","","","","","","","","","","","",""
"html-button-response","1","150711","0.0-1.0","150603.19999998808","<p style=""font-size:24px;font-weight:bold"">Consent</p><div class=""consent"" style=""text-align:left; border:1px solid; padding:10px; width:800px; font-size=100%, float:right""><p align=left>Thank you for signing up for this experiment!<p><p align=left>This experiment is being conducted by the California Institute of Technology (Caltech). The lead investigators are Sarah Tashjian, PhD and Dean Mobbs, PhD. This study has been approved by the Caltech Institutional Review Board for research ethics.<p><p align=left>The goal of this study is to understand learning processes. In this experiment, you will complete a task in which you will see images.<p><p align=left>At times, you will receive rewards and penalties. These earnings will determine your eligibility for a bonus payment, which will result in a real increase in your payment in this study.<p><p align=left>Your goal is to learn which images predict the most points. We will also ask how certain you are about your decisions throughout the task.<p><p align=left>This experiment will take approximately 1 hour to complete in its entirety.<p><p align=left><b>You will receive $9.00 for completing the experiment. <u>If you optimize decisions on at least 70% of trials, you will be eligible for a $100 bonus payment.</u></b><p><p align=left>This study involves minimal risk, meaning there will be no more risk than in daily life. Possible risks include physical discomfort/fatigue (eyestrain, tiredness), as well as psychological discomfort (e.g., potential boredom).<p><p align=left> Besides receiving payment, you will not benefit from this study.<p><p align=left><b>Any information that is obtained in connection with this study that can identify you will remain confidential. </b><p><p align=left>When the results of this study are reported, your identifying information will not be disclosed. Because this study is being conducted online, we are unable to fully eliminate the risk of a breach of confidentiality. However, to mitigate the chances of this occurring, we are using secure and confidential data collection systems.<p align=left>You may choose to withdraw from this study at any time and refuse to answer any questions without penalty. Also, you may choose not to participate in this study.<p><p align=left>You are <b>eligible</b> to participate if you (1) are 18-40 years old, (2) are fluent in English, (3) have healthy or corrected vision, (4) are not colorblind, and (5) have no difficulty controlling motor movements. <p><p align=left>If you do not meet these criteria, please exit the experiment now.<p><p align=center><b> If you meet these criteria and consent to participate, you must<br>indicate your consent by clicking the button below.<b></p>","0","","","","","","","","","","","","","","","","","","",""
"survey-text","2","167897","0.0-2.0-0.0","17162.5","","","{""Q0"":""60fd7460bf93a4c81ec706b7"",""Q1"":""21"",""Q2"":""Female"",""Q3"":""Female""}","","","","","","","","","","","","","","","","","",""
"html-keyboard-response","3","174092","0.0-3.0","6188.79999999702","<p>Welcome to the experiment!</p><p> You will play two games and answer a few questions.</p><p>Press the space bar to begin reading the instructions for the first game.</p>","","","32","","","","","","","","","","","","","","","","",""
"instructions","4","426813","0.0-4.0","252720","","","","","[{""page_index"":0,""viewing_time"":52786.90000000596},{""page_index"":1,""viewing_time"":37495.20000000298},{""page_index"":2,""viewing_time"":54739.69999998808},{""page_index"":3,""viewing_time"":36201.70000000298},{""page_index"":4,""viewing_time"":27552.70000000298},{""page_index"":5,""viewing_time"":13044},{""page_index"":6,""viewing_time"":18557.70000000298},{""page_index"":7,""viewing_time"":12340.39999999106}]","","","","","","","","","","","","","","","",""
"html-keyboard-response","5","432142","0.0-5.0-0.0","5325.5","<p style=""font-size:24px;font-weight:bold"">TEST QUESTION</p><p>Which letter should you press to select the red house on the left?</p><div class=group><table class=table_center><tr><td class=prompt colspan=2>Choose one</td></tr><tr style=""height: 300px;""><td style=""width: 300px;""><img id=""left"" src=img/house_1.png style=""zoom: 100%;""/></td><td style=""width: 300px;""><img id=""right"" src=img/house_5.png style=""zoom: 100%;""/></td></tr></table></div><br>","","","70","","true","","","","","","","","","","","","","","",""
"html-keyboard-response","6","435148","0.0-5.0-1.0","null","<p style=""font-size:36px;font-weight:bold"">Correct!</p><p> Remember, press ""F"" for left and ""J"" for right. </p>","","","null","","","","","","","","","","","","","","","","",""
"html-keyboard-response","7","439897","0.0-5.0-2.0","4745.29999999702","<p style=""font-size:24px;font-weight:bold"">TEST QUESTION</p><p>Which letter should you press to select the blue house on the right?</p><div class=group><table class=table_center><tr><td class=prompt colspan=2>Choose one</td></tr><tr style=""height: 300px;""><td style=""width: 300px;""><img id=""left"" src=img/house_1.png style=""zoom: 100%;""/></td><td style=""width: 300px;""><img id=""right"" src=img/house_5.png style=""zoom: 100%;""/></td></tr></table></div><br>","","","74","","true","","","","","","","","","","","","","","",""
"html-keyboard-response","8","442900","0.0-5.0-3.0","null","<p style=""font-size:36px;font-weight:bold"">Correct!</p><p> Remember, press ""F"" for left and ""J"" for right. </p>","","","null","","","","","","","","","","","","","","","","",""
"html-keyboard-response","9","461497","0.0-5.0-4.0","18594.70000000298","<p style=""font-size:24px;font-weight:bold"">TEST QUESTION</p><p>Type the number of the <b> maximum </b> amount of flames an elf can have</p>","","","57","","true","","","","","","","","","","","","","","",""
"html-keyboard-response","10","464500","0.0-5.0-5.0","null","<p style=""font-size:36px;font-weight:bold"">Correct!</p><p> Remember, elves can have 0 to 9 flames. </p>","","","null","","","","","","","","","","","","","","","","",""
"html-keyboard-response","11","471755","0.0-5.0-6.0","7250.70000000298","<p style=""font-size:24px;font-weight:bold"">TEST QUESTION</p><p>Remember, the same house always takes you to the same elf. </p><p>On this trial, select the house on the left by pressing ""F"".</p><div class=group><table class=table_center><tr><td class=prompt colspan=2>Choose one</td></tr><tr style=""height: 300px;""><td style=""width: 300px;""><img id=""left"" src=img/house_1.png style=""zoom: 100%;""/></td><td style=""width: 300px;""><img id=""right"" src=img/house_5.png style=""zoom: 100%;""/></td></tr></table></div><br>","","","70","","","","","","","","","","","","","","","","",""
"html-keyboard-response","12","489327","0.0-5.0-7.0","17569","<p style=""font-size:24px;font-weight:bold"">TEST QUESTION</p><p>The red house took you to the yellow elf. </p><p> The yellow elf attacked you with 8 flames. </p><p> The most flames an elf can have is 9, so this is a bad outcome!</p><div class=group><table class=table_center><tr><td class=prompt colspan=3>You received</td></tr><tr style=""height: 300px;""><td><img src=img/elf_yellow.png style=""zoom: 100%;""/></td><td><img src=img/flames.png style=""zoom: 30%;""/></td><td class=prompt>x 8</td></tr></table></div><br><p> Press space to continue </p>","","","32","","","","","","","","","","","","","","","","",""
"html-keyboard-response","13","493451","0.0-5.0-8.0","4119.5","<p style=""font-size:24px;font-weight:bold"">TEST QUESTION</p><p>If you wanted to visit the <b> yellow elf </b> again, which house would you select?</p><div class=group><table class=table_center><tr><td class=prompt colspan=2>Choose one</td></tr><tr style=""height: 300px;""><td style=""width: 300px;""><img id=""left"" src=img/house_1.png style=""zoom: 100%;""/></td><td style=""width: 300px;""><img id=""right"" src=img/house_5.png style=""zoom: 100%;""/></td></tr></table></div><br>","","","70","","true","","","","","","","","","","","","","","",""
"html-keyboard-response","14","496454","0.0-5.0-9.0","null","<p style=""font-size:36px;font-weight:bold"">Correct!</p><p> Remember, the same house goes to the same elf. </p>","","","null","","","","","","","","","","","","","","","","",""
"html-keyboard-response","15","500954","0.0-5.0-10.0","4496.79999999702","<p style=""font-size:24px;font-weight:bold"">TEST QUESTION</p><p>On this trial, select the house on the right by pressing ""J"".</p><div class=group><table class=table_center><tr><td class=prompt colspan=2>Choose one</td></tr><tr style=""height: 300px;""><td style=""width: 300px;""><img id=""left"" src=img/house_1.png style=""zoom: 100%;""/></td><td style=""width: 300px;""><img id=""right"" src=img/house_5.png style=""zoom: 100%;""/></td></tr></table></div><br>","","","74","","","","","","","","","","","","","","","","",""
"html-keyboard-response","16","514384","0.0-5.0-11.0","13426.90000000596","<p style=""font-size:24px;font-weight:bold"">TEST QUESTION</p><p>The blue house took you to the purple elf. </p><p> The purple elf only attacked you with 1 flame. </p><p> That is not very much and is a pretty good outcome!</p><div class=group><table class=table_center><tr><td class=prompt colspan=3>You received</td></tr><tr style=""height: 300px;""><td><img src=img/elf_purple.png style=""zoom: 100%;""/></td><td><img src=img/flames.png style=""zoom: 30%;""/></td><td class=prompt>x 1</td></tr></table></div><br><p> Press space to continue </p>","","","32","","","","","","","","","","","","","","","","",""
"html-keyboard-response","17","526325","0.0-5.0-12.0","11937.5","<p style=""font-size:24px;font-weight:bold"">TEST QUESTION</p><p>Remember the yellow elf attacked with 8 flames and the purple elf only attacked with 1 flame. </p><p> Which elf would you try to visit next? </p><div class=group><table class=table_center><tr><td class=prompt colspan=2>Choose one</td></tr><tr style=""height: 300px;""><td style=""width: 300px;""><img id=""left"" src=img/elf_yellow.png style=""zoom: 100%;""/></td><td style=""width: 300px;""><img id=""right"" src=img/elf_purple.png style=""zoom: 100%;""/></td></tr></table></div><br>","","","74","","true","","","","","","","","","","","","","","",""
"html-keyboard-response","18","529328","0.0-5.0-13.0","null","<p style=""font-size:36px;font-weight:bold"">Correct!</p><p> Remember, you want to select the elf who attacked with the least flames.</p>","","","null","","","","","","","","","","","","","","","","",""
"html-keyboard-response","19","533916","0.0-5.0-14.0","4583.4000000059605","<p style=""font-size:24px;font-weight:bold"">TEST QUESTION</p><p>To visit the purple elf, which house should you visit? </p><div class=group><table class=table_center><tr><td class=prompt colspan=2>Choose one</td></tr><tr style=""height: 300px;""><td style=""width: 300px;""><img id=""left"" src=img/house_1.png style=""zoom: 100%;""/></td><td style=""width: 300px;""><img id=""right"" src=img/house_5.png style=""zoom: 100%;""/></td></tr></table></div><br>","","","74","","true","","","","","","","","","","","","","","",""
"html-keyboard-response","20","536920","0.0-5.0-15.0","null","<p style=""font-size:36px;font-weight:bold"">Correct!</p><p>Remember, the same house goes to the same elf each time.</p>","","","null","","","","","","","","","","","","","","","","",""
"html-keyboard-response","21","544632","0.0-5.0-16.0","7709.600000008941","<p style=""font-size:36px;font-weight:bold"">You are ready to play!</p><p>The houses and elves in the actual game will be different than the practice. </p><p> Press the space bar to start the game</p>","","","32","","","","","","","","","","","","","","","","",""
"no-tradeoff-rwd","22","557687","0.0-6.0-0.0","","","","","","","","1","0","","","","9538.29999999702","","","9538.29999999702","32","32","null","","null",""
"no-tradeoff-rwd","23","584402","0.0-6.0-0.1","","","","","","","","4","5","8","img/house_4.png","img/house_6.png","378.29999999701977","17689.29999999702","","378.29999999701977,17689.29999999702","70","70,32","null","","null",""
"no-tradeoff-rwd","24","623334","0.0-6.0-0.2","","","","","","","","4","4","8","img/house_4.png","img/house_6.png","932.0999999940395","23515.59999999404","6390.20000000298","932.0999999940395,23515.59999999404,6390.20000000298","74","74,13,32","null","","enter","0"
"no-tradeoff-rwd","25","646687","0.0-6.0-0.3","","","","","","","","1","8","5","img/house_6.png","img/house_4.png","1377.5","14326.300000011921","","1377.5,14326.300000011921","74","74,32","null","","null",""
"no-tradeoff-rwd","26","676408","0.0-6.0-0.4","","","","","","","","4","8","7","img/house_2.png","img/house_3.png","942.2999999970198","9816.40000000596","10879.29999999702","942.2999999970198,9816.40000000596,10879.29999999702","70","70,32,13","enter","8","null",""
"no-tradeoff-rwd","27","687620","0.0-6.0-0.5","","","","","","","","1","4","8","img/house_6.png","img/house_4.png","956.5","2182.8999999910593","","956.5,2182.8999999910593","74","74,32","null","","null",""
"no-tradeoff-rwd","28","693052","0.0-6.0-0.6","","","","","","","","4","0","","","","1922.0999999940395","","","1922.0999999940395","32","32","null","","null",""
"no-tradeoff-rwd","29","724863","0.0-6.0-0.7","","","","","","","","4","8","5","img/house_3.png","img/house_2.png","721.2999999970198","22794.40000000596","","721.2999999970198,22794.40000000596","74","74,32","null","","null",""
"no-tradeoff-rwd","30","745618","0.0-6.0-0.8","","","","","","","","4","8","4","img/house_4.png","img/house_6.png","628.7999999970198","4306.29999999702","7428.9000000059605","628.7999999970198,4306.29999999702,7428.9000000059605","70","70,32,13","enter","5","null",""
"no-tradeoff-rwd","31","779570","0.0-6.0-0.9","","","","","","","","4","1","5","img/house_6.png","img/house_4.png","688.9000000059605","24930.20000000298","","688.9000000059605,24930.20000000298","74","74,32","null","","null",""
"no-tradeoff-rwd","32","817389","0.0-6.0-0.10","","","","","","","","1","1","2","img/house_2.png","img/house_3.png","971.0999999940395","27207.5","1592.2000000029802","971.0999999940395,27207.5,1592.2000000029802","70","70,13,32","null","","enter","8"
"no-tradeoff-rwd","33","828661","0.0-6.0-0.11","","","","","","","","4","4","6","img/house_2.png","img/house_3.png","716.7000000029802","2250.5","","716.7000000029802,2250.5","70","70,32","null","","null",""
"no-tradeoff-rwd","34","857063","0.0-6.0-0.12","","","","","","","","4","9","3","img/house_3.png","img/house_2.png","1362","1869.5","17512.29999999702","1362,1869.5,17512.29999999702","70","70,32,13","enter","8","null",""
"no-tradeoff-rwd","35","867803","0.0-6.0-0.13","","","","","","","","4","3","8","img/house_2.png","img/house_3.png","563.3999999910593","1719","","563.3999999910593,1719","74","74,32","null","","null",""
"no-tradeoff-rwd","36","890070","0.0-6.0-0.14","","","","","","","","1","2","7","img/house_6.png","img/house_4.png","738.2000000029802","11241.199999988079","2001.7000000029802","738.2000000029802,11241.199999988079,2001.7000000029802","74","74,13,32","null","","enter","1"
"no-tradeoff-rwd","37","921214","0.0-6.0-0.15","","","","","","","","4","2","3","img/house_2.png","img/house_3.png","604.5","22122.09999999404","","604.5,22122.09999999404","70","70,32","null","","null",""
"no-tradeoff-rwd","38","970253","0.0-6.0-0.16","","","","","","","","1","2","5","img/house_6.png","img/house_4.png","667.9000000059605","18990.20000000298","21023.29999999702","667.9000000059605,18990.20000000298,21023.29999999702","74","74,32,13","enter","8","null",""
"no-tradeoff-rwd","39","997341","0.0-6.0-0.17","","","","","","","","4","1","2","img/house_4.png","img/house_6.png","648.9000000059605","18064.20000000298","","648.9000000059605,18064.20000000298","70","70,32","null","","null",""
"no-tradeoff-rwd","40","1043822","0.0-6.0-0.18","","","","","","","","4","2","0","img/house_6.png","img/house_4.png","719.7999999970198","14734.40000000596","22724.90000000596","719.7999999970198,14734.40000000596,22724.90000000596","74","74,13,32","null","","enter","0"
"no-tradeoff-rwd","41","1134468","0.0-6.0-0.19","","","","","","","","1","1","2","img/house_3.png","img/house_2.png","822.4000000059605","81620.5","","822.4000000059605,81620.5","70","70,32","null","","null",""
"no-tradeoff-rwd","42","1174313","0.0-6.0-0.20","","","","","","","","1","1","5","img/house_2.png","img/house_3.png","664.5","24154.19999998808","6662.29999999702","664.5,24154.19999998808,6662.29999999702","70","70,32,13","enter","2","null",""
"no-tradeoff-rwd","43","1207641","0.0-6.0-0.21","","","","","","","","4","5","3","img/house_3.png","img/house_2.png","662.8999999910593","24304.5","","662.8999999910593,24304.5","70","70,32","null","","null",""
"no-tradeoff-rwd","44","1247718","0.0-6.0-0.22","","","","","","","","1","5","2","img/house_3.png","img/house_2.png","461.3999999910593","25871.59999999404","5139.600000008941","461.3999999910593,25871.59999999404,5139.600000008941","74","74,13,32","null","","enter","1"
"no-tradeoff-rwd","45","1299677","0.0-6.0-0.23","","","","","","","","1","3","6","img/house_2.png","img/house_3.png","560.2000000029802","42937.20000000298","","560.2000000029802,42937.20000000298","70","70,32","null","","null",""
"no-tradeoff-rwd","46","1331430","0.0-6.0-0.24","","","","","","","","1","9","1","img/house_3.png","img/house_2.png","589.8000000119209","16906.29999999702","5824.100000008941","589.8000000119209,16906.29999999702,5824.100000008941","70","70,32,13","enter","3","null",""
"no-tradeoff-rwd","47","1414050","0.0-6.0-0.25","","","","","","","","4","2","9","img/house_2.png","img/house_3.png","548.7999999970198","73598","","548.7999999970198,73598","70","70,32","null","","null",""
"no-tradeoff-rwd","48","1447842","0.0-6.0-0.26","","","","","","","","1","7","2","img/house_4.png","img/house_6.png","1079.7999999970198","23226.10000000894","1544.3999999910593","1079.7999999970198,23226.10000000894,1544.3999999910593","70","70,13,32","null","","enter","2"
"no-tradeoff-rwd","49","1483231","0.0-6.0-0.27","","","","","","","","1","8","1","img/house_3.png","img/house_2.png","590.6000000089407","26365.89999999106","","590.6000000089407,26365.89999999106","70","70,32","null","","null",""
"no-tradeoff-rwd","50","1526321","0.0-6.0-0.28","","","","","","","","4","7","1","img/house_4.png","img/house_6.png","697.0999999940395","20952.5","13115.20000000298","697.0999999940395,20952.5,13115.20000000298","70","70,32,13","enter","1","null",""
"no-tradeoff-rwd","51","1561471","0.0-6.0-0.29","","","","","","","","1","3","9","img/house_6.png","img/house_4.png","663.4000000059605","26125.29999999702","","663.4000000059605,26125.29999999702","70","70,32","null","","null",""
"no-tradeoff-rwd","52","1673716","0.0-6.0-0.30","","","","","","","","1","6","3","img/house_3.png","img/house_2.png","561.2000000029802","101759.09999999404","1458.7000000029802","561.2000000029802,101759.09999999404,1458.7000000029802","70","70,13,32","null","","enter","4"
"no-tradeoff-rwd","53","1697480","0.0-6.0-0.31","","","","","","","","4","5","3","img/house_4.png","img/house_6.png","734.1999999880791","14740.199999988079","","734.1999999880791,14740.199999988079","70","70,32","null","","null",""
"no-tradeoff-rwd","54","1725499","0.0-6.0-0.32","","","","","","","","1","2","2","img/house_4.png","img/house_6.png","482.3999999910593","13967.60000000894","5024.100000008941","482.3999999910593,13967.60000000894,5024.100000008941","74","74,32,13","enter","5","null",""
"no-tradeoff-rwd","55","1748421","0.0-6.0-0.33","","","","","","","","1","5","1","img/house_6.png","img/house_4.png","633.1000000089407","13899.70000000298","","633.1000000089407,13899.70000000298","70","70,32","null","","null",""
"no-tradeoff-rwd","56","1787089","0.0-6.0-0.34","","","","","","","","1","3","9","img/house_3.png","img/house_2.png","994.7999999970198","27745.5","1897.1000000089407","994.7999999970198,27745.5,1897.1000000089407","74","74,13,32","null","","enter","4"
"no-tradeoff-rwd","57","1820653","0.0-6.0-0.35","","","","","","","","1","1","7","img/house_3.png","img/house_2.png","914.5999999940395","24541.70000000298","","914.5999999940395,24541.70000000298","70","70,32","null","","null",""
"no-tradeoff-rwd","58","1855676","0.0-6.0-0.36","","","","","","","","4","0","8","img/house_3.png","img/house_2.png","557.8999999910593","21552.5","4443.9000000059605","557.8999999910593,21552.5,4443.9000000059605","70","70,32,13","enter","1","null",""
"no-tradeoff-rwd","59","1954198","0.0-6.0-0.37","","","","","","","","4","8","0","img/house_6.png","img/house_4.png","628.5999999940395","89501.19999998808","","628.5999999940395,89501.19999998808","70","70,32","null","","null",""
"no-tradeoff-rwd","60","2021246","0.0-6.0-0.38","","","","","","","","4","2","7","img/house_3.png","img/house_2.png","686.7999999970198","55221.20000000298","2798.4000000059605","686.7999999970198,55221.20000000298,2798.4000000059605","70","70,13,32","null","","enter","9"
"no-tradeoff-rwd","61","2059873","0.0-6.0-0.39","","","","","","","","1","5","9","img/house_3.png","img/house_2.png","702.5999999940395","29582.5","","702.5999999940395,29582.5","70","70,32","null","","null",""
"no-tradeoff-rwd","62","2144523","0.0-6.0-0.40","","","","","","","","1","4","5","img/house_3.png","img/house_2.png","1304.300000011921","48460.39999999106","27164.89999999106","1304.300000011921,48460.39999999106,27164.89999999106","70","70,32,13","enter","5","null",""
"no-tradeoff-rwd","63","2201307","0.0-6.0-0.41","","","","","","","","4","6","3","img/house_6.png","img/house_4.png","618.2999999970198","47757.59999999404","","618.2999999970198,47757.59999999404","70","70,32","null","","null",""
"no-tradeoff-rwd","64","2260478","0.0-6.0-0.42","","","","","","","","4","7","4","img/house_2.png","img/house_3.png","872.3999999910593","48961.29999999702","1181.4000000059605","872.3999999910593,48961.29999999702,1181.4000000059605","70","70,13,32","null","","enter","5"
"no-tradeoff-rwd","65","2285887","0.0-6.0-0.43","","","","","","","","1","7","5","img/house_6.png","img/house_4.png","657.4000000059605","16385.5","","657.4000000059605,16385.5","70","70,32","null","","null",""
"no-tradeoff-rwd","66","2313561","0.0-6.0-0.44","","","","","","","","1","6","7","img/house_3.png","img/house_2.png","652.5","14792.40000000596","3854.3999999910593","652.5,14792.40000000596,3854.3999999910593","70","70,32,13","enter","6","null",""
"no-tradeoff-rwd","67","2338941","0.0-6.0-0.45","","","","","","","","1","6","7","img/house_6.png","img/house_4.png","817.7999999970198","16355.59999999404","","817.7999999970198,16355.59999999404","70","70,32","null","","null",""
"no-tradeoff-rwd","68","2385326","0.0-6.0-0.46","","","","","","","","1","7","8","img/house_6.png","img/house_4.png","410.6000000089407","36645.10000000894","716.9000000059605","410.6000000089407,36645.10000000894,716.9000000059605","70","70,13,32","null","","enter","5"
"no-tradeoff-rwd","69","2451189","0.0-6.0-0.47","","","","","","","","4","9","7","img/house_2.png","img/house_3.png","571.8999999910593","56838.39999999106","","571.8999999910593,56838.39999999106","74","74,32","null","","null",""
"no-tradeoff-rwd","70","2473864","0.0-6.0-0.48","","","","","","","","1","9","9","img/house_4.png","img/house_6.png","651.5","4136.70000000298","9505.59999999404","651.5,4136.70000000298,9505.59999999404","74","74,32,13","enter","3","null",""
"no-tradeoff-rwd","71","2484170","0.0-6.0-0.49","","","","","","","","1","8","9","img/house_3.png","img/house_2.png","528.5","1282","","528.5,1282","70","70,32","null","","null",""
"no-tradeoff-rwd","72","2510434","0.0-6.0-0.50","","","","","","","","4","6","4","img/house_6.png","img/house_4.png","579.6000000089407","16570.10000000894","667.5","579.6000000089407,16570.10000000894,667.5","70","70,13,32","null","","enter","4"
"no-tradeoff-rwd","73","2520685","0.0-6.0-0.51","","","","","","","","1","4","1","img/house_6.png","img/house_4.png","623","1225.2000000029802","","623,1225.2000000029802","70","70,32","null","","null",""
"no-tradeoff-rwd","74","2537017","0.0-6.0-0.52","","","","","","","","1","8","1","img/house_2.png","img/house_3.png","1218.0999999940395","1780.5","5522.9000000059605","1218.0999999940395,1780.5,5522.9000000059605","70","70,32,13","enter","3","null",""
"no-tradeoff-rwd","75","2547700","0.0-6.0-0.53","","","","","","","","1","8","1","img/house_6.png","img/house_4.png","569.7000000029802","1657","","569.7000000029802,1657","74","74,32","null","","null",""
"no-tradeoff-rwd","76","2564148","0.0-6.0-0.54","","","","","","","","4","4","9","img/house_3.png","img/house_2.png","916","4659.5","2766.5999999940395","916,4659.5,2766.5999999940395","70","70,13,32","null","","enter","4"
"no-tradeoff-rwd","77","2572979","0.0-6.0-0.55","","","","","","","","4","0","","","","5320.79999999702","","","5320.79999999702","32","32","null","","null",""
"no-tradeoff-rwd","78","2589609","0.0-6.0-0.56","","","","","","","","4","5","6","img/house_2.png","img/house_3.png","722.2999999970198","1648.0999999940395","5959.29999999702","722.2999999970198,1648.0999999940395,5959.29999999702","70","70,32,13","enter","5","null",""
"no-tradeoff-rwd","79","2600145","0.0-6.0-0.57","","","","","","","","1","7","5","img/house_2.png","img/house_3.png","931.5999999940395","1503.9000000059605","","931.5999999940395,1503.9000000059605","74","74,32","null","","null",""
"no-tradeoff-rwd","80","2618032","0.0-6.0-0.58","","","","","","","","4","4","6","img/house_4.png","img/house_6.png","727","8032","836.1000000089407","727,8032,836.1000000089407","70","70,13,32","null","","enter","4"
"no-tradeoff-rwd","81","2632433","0.0-6.0-0.59","","","","","","","","4","6","7","img/house_2.png","img/house_3.png","1186.2999999970198","5378.5","","1186.2999999970198,5378.5","74","74,32","null","","null",""
"no-tradeoff-rwd","82","2660355","0.0-6.0-0.60","","","","","","","","4","5","7","img/house_3.png","img/house_2.png","721","9731.39999999106","9157.40000000596","721,9731.39999999106,9157.40000000596","70","70,32,13","enter","7","null",""
"no-tradeoff-rwd","83","2750977","0.0-6.0-0.61","","","","","","","","1","0","","","","87111.70000000298","","","87111.70000000298","32","32","null","","null",""
"no-tradeoff-rwd","84","2766878","0.0-6.0-0.62","","","","","","","","1","8","8","img/house_3.png","img/house_2.png","1423.7999999970198","5351.0999999940395","1527.2000000029802","1423.7999999970198,5351.0999999940395,1527.2000000029802","70","70,13,32","null","","enter","4"
"no-tradeoff-rwd","85","2774192","0.0-6.0-0.63","","","","","","","","1","0","","","","3795.5999999940395","","","3795.5999999940395","32","32","null","","null",""
"no-tradeoff-rwd","86","2791693","0.0-6.0-0.64","","","","","","","","1","6","8","img/house_4.png","img/house_6.png","1182.7000000029802","1205.4000000059605","7277","1182.7000000029802,1205.4000000059605,7277","70","70,32,13","enter","8","null",""
"no-tradeoff-rwd","87","2803963","0.0-6.0-0.65","","","","","","","","1","6","7","img/house_6.png","img/house_4.png","669.7999999970198","3249.2000000029802","","669.7999999970198,3249.2000000029802","74","74,32","null","","null",""
"no-tradeoff-rwd","88","2819523","0.0-6.0-0.66","","","","","","","","1","6","6","img/house_3.png","img/house_2.png","679.2999999970198","5701.399999991059","838.9000000059605","679.2999999970198,5701.399999991059,838.9000000059605","70","70,13,32","null","","enter","8"
"no-tradeoff-rwd","89","2829904","0.0-6.0-0.67","","","","","","","","4","8","5","img/house_4.png","img/house_6.png","693.5","1361.5","","693.5,1361.5","70","70,32","null","","null",""
"no-tradeoff-rwd","90","2843453","0.0-6.0-0.68","","","","","","","","1","7","9","img/house_2.png","img/house_3.png","458.59999999403954","1147.2000000029802","4882.29999999702","458.59999999403954,1147.2000000029802,4882.29999999702","74","74,32,13","enter","5","null",""
"no-tradeoff-rwd","91","2856497","0.0-6.0-0.69","","","","","","","","4","9","6","img/house_3.png","img/house_2.png","758.4000000059605","4026.2000000029802","","758.4000000059605,4026.2000000029802","70","70,32","null","","null",""
"no-tradeoff-rwd","92","2871417","0.0-6.0-0.70","","","","","","","","1","8","8","img/house_4.png","img/house_6.png","1016.7999999970198","4133.600000008941","1764","1016.7999999970198,4133.600000008941,1764","74","74,13,32","null","","enter","8"
"no-tradeoff-rwd","93","2881707","0.0-6.0-0.71","","","","","","","","1","8","8","img/house_6.png","img/house_4.png","726.2000000029802","1270.3999999910593","","726.2000000029802,1270.3999999910593","70","70,32","null","","null",""
"no-tradeoff-rwd","94","2895440","0.0-6.0-0.72","","","","","","","","4","5","8","img/house_6.png","img/house_4.png","478.40000000596046","1568.5999999940395","3143.9000000059605","478.40000000596046,1568.5999999940395,3143.9000000059605","74","74,32,13","enter","9","null",""
"no-tradeoff-rwd","95","2905420","0.0-6.0-0.73","","","","","","","","1","8","7","img/house_4.png","img/house_6.png","547","957.5","","547,957.5","70","70,32","null","","null",""
"no-tradeoff-rwd","96","2919723","0.0-6.0-0.74","","","","","","","","4","5","7","img/house_4.png","img/house_6.png","459.70000000298023","3927","1353.7999999970198","459.70000000298023,3927,1353.7999999970198","74","74,13,32","null","","enter","9"
"no-tradeoff-rwd","97","2931037","0.0-6.0-0.75","","","","","","","","1","3","8","img/house_4.png","img/house_6.png","1378.800000011921","2294.4000000059605","","1378.800000011921,2294.4000000059605","70","70,32","null","","null",""
"no-tradeoff-rwd","98","2951868","0.0-6.0-0.76","","","","","","","","4","9","1","img/house_6.png","img/house_4.png","1333.1000000089407","4439.199999988079","7368.5","1333.1000000089407,4439.199999988079,7368.5","74","74,32,13","enter","5","null",""
"no-tradeoff-rwd","99","2962589","0.0-6.0-0.77","","","","","","","","4","7","5","img/house_6.png","img/house_4.png","508.3999999910593","1700.0999999940395","","508.3999999910593,1700.0999999940395","74","74,32","null","","null",""
"no-tradeoff-rwd","100","2976076","0.0-6.0-0.78","","","","","","","","1","8","6","img/house_4.png","img/house_6.png","702.7999999970198","3710.6000000089407","755","702.7999999970198,3710.6000000089407,755","70","70,13,32","null","","enter","9"
"no-tradeoff-rwd","101","2986720","0.0-6.0-0.79","","","","","","","","1","9","6","img/house_3.png","img/house_2.png","635.4000000059605","1620.2999999970198","","635.4000000059605,1620.2999999970198","70","70,32","null","","null",""
"no-tradeoff-rwd","102","3002232","0.0-6.0-0.80","","","","","","","","1","5","6","img/house_4.png","img/house_6.png","767","3188.9000000059605","3300.2000000029802","767,3188.9000000059605,3300.2000000029802","70","70,32,13","enter","8","null",""
"no-tradeoff-rwd","103","3012827","0.0-6.0-0.81","","","","","","","","4","6","7","img/house_2.png","img/house_3.png","636.3999999910593","1575","","636.3999999910593,1575","74","74,32","null","","null",""
"no-tradeoff-rwd","104","3029321","0.0-6.0-0.82","","","","","","","","1","9","6","img/house_6.png","img/house_4.png","910.3999999910593","4492.29999999702","2979.800000011921","910.3999999910593,4492.29999999702,2979.800000011921","74","74,13,32","null","","enter","2"
"no-tradeoff-rwd","105","3039809","0.0-6.0-0.83","","","","","","","","1","7","7","img/house_6.png","img/house_4.png","595.7999999970198","1465.8999999910593","","595.7999999970198,1465.8999999910593","70","70,32","null","","null",""
"no-tradeoff-rwd","106","3056261","0.0-6.0-0.84","","","","","","","","4","7","8","img/house_3.png","img/house_2.png","776","2345.5","5083.0999999940395","776,2345.5,5083.0999999940395","70","70,32,13","enter","5","null",""
"no-tradeoff-rwd","107","3062618","0.0-6.0-0.85","","","","","","","","4","0","","","","2841.2999999970198","","","2841.2999999970198","32","32","null","","null",""
"no-tradeoff-rwd","108","3079529","0.0-6.0-0.86","","","","","","","","1","7","6","img/house_6.png","img/house_4.png","492.70000000298023","7078.100000008941","803.5","492.70000000298023,7078.100000008941,803.5","70","70,13,32","null","","enter","5"
"no-tradeoff-rwd","109","3089422","0.0-6.0-0.87","","","","","","","","4","4","5","img/house_6.png","img/house_4.png","497.5","871.5","","497.5,871.5","74","74,32","null","","null",""
"no-tradeoff-rwd","110","3104077","0.0-6.0-0.88","","","","","","","","4","5","4","img/house_4.png","img/house_6.png","786.7000000029802","1649.2000000029802","3984.2000000029802","786.7000000029802,1649.2000000029802,3984.2000000029802","70","70,32,13","enter","4","null",""
"no-tradeoff-rwd","111","3114475","0.0-6.0-0.89","","","","","","","","1","3","3","img/house_4.png","img/house_6.png","471.5","1374.8999999910593","","471.5,1374.8999999910593","70","70,32","null","","null",""
"no-tradeoff-rwd","112","3128315","0.0-6.0-0.90","","","","","","","","1","7","5","img/house_2.png","img/house_3.png","620.3999999910593","3926.7999999970198","889.0999999940395","620.3999999910593,3926.7999999970198,889.0999999940395","70","70,13,32","null","","enter","5"
"no-tradeoff-rwd","113","3146254","0.0-6.0-0.91","","","","","","","","1","8","4","img/house_6.png","img/house_4.png","745.3000000119209","8917.59999999404","","745.3000000119209,8917.59999999404","74","74,32","null","","null",""
"no-tradeoff-rwd","114","3162590","0.0-6.0-0.92","","","","","","","","4","1","7","img/house_3.png","img/house_2.png","845.5","3828.9000000059605","3482.2999999970198","845.5,3828.9000000059605,3482.2999999970198","70","70,32,13","enter","8","null",""
"no-tradeoff-rwd","115","3172429","0.0-6.0-0.93","","","","","","","","1","0","8","img/house_4.png","img/house_6.png","462","817","","462,817","74","74,32","null","","null",""
"no-tradeoff-rwd","116","3198169","0.0-6.0-0.94","","","","","","","","4","1","8","img/house_3.png","img/house_2.png","605.0999999940395","9535.29999999702","7178.20000000298","605.0999999940395,9535.29999999702,7178.20000000298","70","70,13,32","null","","enter","0"
"no-tradeoff-rwd","117","3211430","0.0-6.0-0.95","","","","","","","","1","8","1","img/house_6.png","img/house_4.png","511.79999999701977","4238.600000008941","","511.79999999701977,4238.600000008941","70","70,32","null","","null",""
"no-tradeoff-rwd","118","3227590","0.0-6.0-0.96","","","","","","","","4","1","7","img/house_4.png","img/house_6.png","839.2000000029802","1221.7000000029802","5914.79999999702","839.2000000029802,1221.7000000029802,5914.79999999702","74","74,32,13","enter","7","null",""
"no-tradeoff-rwd","119","3243644","0.0-6.0-0.97","","","","","","","","4","7","5","img/house_2.png","img/house_3.png","686.5","7031.29999999702","","686.5,7031.29999999702","70","70,32","null","","null",""
"no-tradeoff-rwd","120","3257358","0.0-6.0-0.98","","","","","","","","1","3","7","img/house_4.png","img/house_6.png","569.7999999970198","3919","754.4000000059605","569.7999999970198,3919,754.4000000059605","70","70,13,32","null","","enter","7"
"no-tradeoff-rwd","121","3267235","0.0-6.0-0.99","","","","","","","","1","6","8","img/house_3.png","img/house_2.png","465.09999999403954","851.7000000029802","","465.09999999403954,851.7000000029802","70","70,32","null","","null",""
"no-tradeoff-rwd","122","3281731","0.0-6.0-0.100","","","","","","","","1","6","7","img/house_2.png","img/house_3.png","844.0999999940395","1449","4018.5","844.0999999940395,1449,4018.5","70","70,32,13","enter","6","null",""
"no-tradeoff-rwd","123","3292520","0.0-6.0-0.101","","","","","","","","1","7","2","img/house_6.png","img/house_4.png","444.09999999403954","1766","","444.09999999403954,1766","70","70,32","null","","null",""
"no-tradeoff-rwd","124","3325225","0.0-6.0-0.102","","","","","","","","1","1","5","img/house_4.png","img/house_6.png","496","4594.0999999940395","19086.70000000298","496,4594.0999999940395,19086.70000000298","74","74,13,32","null","","enter","4"
"no-tradeoff-rwd","125","3335260","0.0-6.0-0.103","","","","","","","","4","3","4","img/house_2.png","img/house_3.png","510.80000001192093","1010.2000000029802","","510.80000001192093,1010.2000000029802","70","70,32","null","","null",""
"no-tradeoff-rwd","126","3354573","0.0-6.0-0.104","","","","","","","","1","6","1","img/house_2.png","img/house_3.png","632.2000000029802","1139.300000011921","9149.79999999702","632.2000000029802,1139.300000011921,9149.79999999702","70","70,32,13","enter","6","null",""
"no-tradeoff-rwd","127","3365026","0.0-6.0-0.105","","","","","","","","4","7","1","img/house_2.png","img/house_3.png","518.5","1429.6000000089407","","518.5,1429.6000000089407","70","70,32","null","","null",""
"no-tradeoff-rwd","128","3378161","0.0-6.0-0.106","","","","","","","","1","0","5","img/house_4.png","img/house_6.png","764.2999999970198","3205.2999999970198","905.2999999970198","764.2999999970198,3205.2999999970198,905.2999999970198","74","74,13,32","null","","enter","7"
"no-tradeoff-rwd","129","3450353","0.0-6.0-0.107","","","","","","","","1","4","0","img/house_6.png","img/house_4.png","613.2999999970198","63168.20000000298","","613.2999999970198,63168.20000000298","70","70,32","null","","null",""
"no-tradeoff-rwd","130","3471892","0.0-6.0-0.108","","","","","","","","1","5","1","img/house_2.png","img/house_3.png","463.3999999910593","1148.8999999910593","11360","463.3999999910593,1148.8999999910593,11360","70","70,32,13","enter","3","null",""
"no-tradeoff-rwd","131","3481805","0.0-6.0-0.109","","","","","","","","4","2","8","img/house_3.png","img/house_2.png","717.2000000029802","890.5999999940395","","717.2000000029802,890.5999999940395","70","70,32","null","","null",""
"no-tradeoff-rwd","132","3494665","0.0-6.0-0.110","","","","","","","","4","3","5","img/house_4.png","img/house_6.png","454.20000000298023","2998.5","834.2000000029802","454.20000000298023,2998.5,834.2000000029802","74","74,13,32","null","","enter","2"
"no-tradeoff-rwd","133","3504861","0.0-6.0-0.111","","","","","","","","1","4","5","img/house_6.png","img/house_4.png","718.7999999970198","1174.2000000029802","","718.7999999970198,1174.2000000029802","74","74,32","null","","null",""
"no-tradeoff-rwd","134","3523806","0.0-6.0-0.112","","","","","","","","4","1","4","img/house_2.png","img/house_3.png","795.2999999970198","872.5","9054.29999999702","795.2999999970198,872.5,9054.29999999702","70","70,32,13","enter","3","null",""
"no-tradeoff-rwd","135","3533578","0.0-6.0-0.113","","","","","","","","4","4","1","img/house_4.png","img/house_6.png","574.9000000059605","752.5","","574.9000000059605,752.5","70","70,32","null","","null",""
"no-tradeoff-rwd","136","3547463","0.0-6.0-0.114","","","","","","","","4","7","1","img/house_3.png","img/house_2.png","439.6000000089407","4079","786.8000000119209","439.6000000089407,4079,786.8000000119209","74","74,13,32","null","","enter","5"
"no-tradeoff-rwd","137","3552240","0.0-6.0-0.115","","","","","","","","4","0","","","","1266.1000000089407","","","1266.1000000089407","32","32","null","","null",""
"no-tradeoff-rwd","138","3564870","0.0-6.0-0.116","","","","","","","","4","7","2","img/house_3.png","img/house_2.png","603.8999999910593","501.59999999403954","3107.5","603.8999999910593,501.59999999403954,3107.5","70","70,32,13","enter","7","null",""
"no-tradeoff-rwd","139","3574624","0.0-6.0-0.117","","","","","","","","4","8","7","img/house_6.png","img/house_4.png","339.29999999701977","735.4000000059605","","339.29999999701977,735.4000000059605","70","70,32","null","","null",""
"no-tradeoff-rwd","140","3588351","0.0-6.0-0.118","","","","","","","","4","6","8","img/house_4.png","img/house_6.png","611.0999999940395","3581.7999999970198","1123.7000000029802","611.0999999940395,3581.7999999970198,1123.7000000029802","70","70,13,32","null","","enter","2"
"no-tradeoff-rwd","141","3598852","0.0-6.0-0.119","","","","","","","","4","5","8","img/house_4.png","img/house_6.png","1352.7000000029802","1480.2000000029802","","1352.7000000029802,1480.2000000029802","74","74,32","null","","null",""
"no-tradeoff-rwd","142","3616121","0.0-6.0-0.120","","","","","","","","1","4","6","img/house_4.png","img/house_6.png","687.3000000119209","1886.4000000059605","6360","687.3000000119209,1886.4000000059605,6360","70","70,32,13","enter","5","null",""
"no-tradeoff-rwd","143","3625977","0.0-6.0-0.121","","","","","","","","4","6","6","img/house_6.png","img/house_4.png","834.8999999910593","836.1000000089407","","834.8999999910593,836.1000000089407","70","70,32","null","","null",""
"no-tradeoff-rwd","144","3641423","0.0-6.0-0.122","","","","","","","","1","8","2","img/house_4.png","img/house_6.png","611.0999999940395","4810.600000008941","1614.2000000029802","611.0999999940395,4810.600000008941,1614.2000000029802","74","74,13,32","null","","enter","2"
"no-tradeoff-rwd","145","3652588","0.0-6.0-0.123","","","","","","","","4","9","0","img/house_3.png","img/house_2.png","712","2145.2000000029802","","712,2145.2000000029802","70","70,32","null","","null",""
"no-tradeoff-rwd","146","3667126","0.0-6.0-0.124","","","","","","","","1","3","7","img/house_2.png","img/house_3.png","598.5","1801.2000000029802","3709.7000000029802","598.5,1801.2000000029802,3709.7000000029802","74","74,32,13","enter","7","null",""
"no-tradeoff-rwd","147","3683489","0.0-6.0-0.125","","","","","","","","4","1","5","img/house_6.png","img/house_4.png","681.5999999940395","7342","","681.5999999940395,7342","70","70,32","null","","null",""
"no-tradeoff-rwd","148","3696503","0.0-6.0-0.126","","","","","","","","4","2","7","img/house_6.png","img/house_4.png","585","2713.6000000089407","1279","585,2713.6000000089407,1279","74","74,13,32","null","","enter","2"
"no-tradeoff-rwd","149","3718537","0.0-6.0-0.127","","","","","","","","4","0","","","","18523.29999999702","","","18523.29999999702","32","32","null","","null",""
"no-tradeoff-rwd","150","3731659","0.0-6.0-0.128","","","","","","","","1","6","3","img/house_4.png","img/house_6.png","574.2000000029802","1206.1000000089407","2894.5","574.2000000029802,1206.1000000089407,2894.5","74","74,32,13","enter","4","null",""
"no-tradeoff-rwd","151","3741500","0.0-6.0-0.129","","","","","","","","1","2","7","img/house_6.png","img/house_4.png","524.5999999940395","822.6000000089407","","524.5999999940395,822.6000000089407","70","70,32","null","","null",""
"no-tradeoff-rwd","152","3755312","0.0-6.0-0.130","","","","","","","","4","3","9","img/house_6.png","img/house_4.png","976.6000000089407","3755.2000000029802","1008.5999999940395","976.6000000089407,3755.2000000029802,1008.5999999940395","74","74,13,32","null","","enter","2"
"no-tradeoff-rwd","153","3765185","0.0-6.0-0.131","","","","","","","","4","7","3","img/house_4.png","img/house_6.png","911","851.5999999940395","","911,851.5999999940395","70","70,32","null","","null",""
"no-tradeoff-rwd","154","3778774","0.0-6.0-0.132","","","","","","","","4","7","1","img/house_3.png","img/house_2.png","431.20000000298023","822.7000000029802","3744.2999999970198","431.20000000298023,822.7000000029802,3744.2999999970198","70","70,32,13","enter","9","null",""
"no-tradeoff-rwd","155","3788992","0.0-6.0-0.133","","","","","","","","1","7","2","img/house_3.png","img/house_2.png","916.8999999910593","1196.7000000029802","","916.8999999910593,1196.7000000029802","70","70,32","null","","null",""
"no-tradeoff-rwd","156","3803472","0.0-6.0-0.134","","","","","","","","1","9","0","img/house_3.png","img/house_2.png","568.7999999970198","4286.899999991059","1172.5","568.7999999970198,4286.899999991059,1172.5","70","70,13,32","null","","enter","1"
"no-tradeoff-rwd","157","3813641","0.0-6.0-0.135","","","","","","","","4","8","0","img/house_4.png","img/house_6.png","519.1999999880791","1148.9000000059605","","519.1999999880791,1148.9000000059605","70","70,32","null","","null",""
"no-tradeoff-rwd","158","3827810","0.0-6.0-0.136","","","","","","","","4","0","9","img/house_2.png","img/house_3.png","508.29999999701977","1032.3999999910593","4113.20000000298","508.29999999701977,1032.3999999910593,4113.20000000298","70","70,32,13","enter","8","null",""
"no-tradeoff-rwd","159","3837821","0.0-6.0-0.137","","","","","","","","1","9","0","img/house_3.png","img/house_2.png","433.80000001192093","992.7000000029802","","433.80000001192093,992.7000000029802","70","70,32","null","","null",""
"no-tradeoff-rwd","160","3852581","0.0-6.0-0.138","","","","","","","","4","1","8","img/house_6.png","img/house_4.png","447.79999999701977","4328.20000000298","1405.6000000089407","447.79999999701977,4328.20000000298,1405.6000000089407","70","70,13,32","null","","enter","2"
"no-tradeoff-rwd","161","3862881","0.0-6.0-0.139","","","","","","","","4","8","1","img/house_3.png","img/house_2.png","119","1227.5999999940395","","119,1227.5999999940395","70","70,32","null","","null",""
"no-tradeoff-rwd","162","3875831","0.0-6.0-0.140","","","","","","","","4","8","1","img/house_4.png","img/house_6.png","776.9000000059605","1596.7000000029802","2327.9000000059605","776.9000000059605,1596.7000000029802,2327.9000000059605","74","74,32,13","enter","2","null",""
"no-tradeoff-rwd","163","3885658","0.0-6.0-0.141","","","","","","","","4","6","1","img/house_4.png","img/house_6.png","597.2999999970198","806.0999999940395","","597.2999999970198,806.0999999940395","70","70,32","null","","null",""
"no-tradeoff-rwd","164","3900076","0.0-6.0-0.142","","","","","","","","4","3","9","img/house_6.png","img/house_4.png","815.8999999910593","4650.29999999702","743.3000000119209","815.8999999910593,4650.29999999702,743.3000000119209","74","74,13,32","null","","enter","2"
"no-tradeoff-rwd","165","3935386","0.0-6.0-0.143","","","","","","","","4","4","8","img/house_6.png","img/house_4.png","431.80000001192093","26287.20000000298","","431.80000001192093,26287.20000000298","70","70,32","null","","null",""
"no-tradeoff-rwd","166","3950248","0.0-6.0-0.144","","","","","","","","4","2","8","img/house_6.png","img/house_4.png","618.2999999970198","1187.5999999940395","4649.79999999702","618.2999999970198,1187.5999999940395,4649.79999999702","70","70,32,13","enter","5","null",""
"no-tradeoff-rwd","167","3960147","0.0-6.0-0.145","","","","","","","","1","8","5","img/house_3.png","img/house_2.png","420.59999999403954","872.8999999910593","","420.59999999403954,872.8999999910593","70","70,32","null","","null",""
"no-tradeoff-rwd","168","3974182","0.0-6.0-0.146","","","","","","","","4","8","3","img/house_3.png","img/house_2.png","1032.5","4275.70000000298","736.2999999970198","1032.5,4275.70000000298,736.2999999970198","70","70,13,32","null","","enter","0"
"no-tradeoff-rwd","169","3984156","0.0-6.0-0.147","","","","","","","","1","7","2","img/house_4.png","img/house_6.png","702.5","940","","702.5,940","74","74,32","null","","null",""
"no-tradeoff-rwd","170","4000005","0.0-6.0-0.148","","","","","","","","4","2","8","img/house_6.png","img/house_4.png","983.7000000029802","1139","5684.899999991059","983.7000000029802,1139,5684.899999991059","74","74,32,13","enter","5","null",""
"no-tradeoff-rwd","171","4011072","0.0-6.0-0.149","","","","","","","","4","2","6","img/house_2.png","img/house_3.png","675","2044.7000000029802","","675,2044.7000000029802","70","70,32","null","","null",""
"no-tradeoff-rwd","172","4032065","0.0-6.0-0.150","","","","","","","","1","2","7","img/house_2.png","img/house_3.png","764.7999999970198","11148.09999999404","818.7999999970198","764.7999999970198,11148.09999999404,818.7999999970198","70","70,13,32","null","","enter","9"
"no-tradeoff-rwd","173","4041928","0.0-6.0-0.151","","","","","","","","4","8","2","img/house_4.png","img/house_6.png","604","839.5","","604,839.5","70","70,32","null","","null",""
"no-tradeoff-rwd","174","4057286","0.0-6.0-0.152","","","","","","","","4","2","9","img/house_2.png","img/house_3.png","798.5999999940395","856","5478.5999999940395","798.5999999940395,856,5478.5999999940395","70","70,32,13","enter","4","null",""
"no-tradeoff-rwd","175","4123543","0.0-6.0-0.153","","","","","","","","4","7","2","img/house_4.png","img/house_6.png","811.5","57233.70000000298","","811.5,57233.70000000298","70","70,32","null","","null",""
"no-tradeoff-rwd","176","4137869","0.0-6.0-0.154","","","","","","","","1","3","4","img/house_6.png","img/house_4.png","343.20000000298023","4586.0999999940395","714.2000000029802","343.20000000298023,4586.0999999940395,714.2000000029802","70","70,13,32","null","","enter","9"
"no-tradeoff-rwd","177","4147667","0.0-6.0-0.155","","","","","","","","1","9","3","img/house_3.png","img/house_2.png","471.5","774.8000000119209","","471.5,774.8000000119209","70","70,32","null","","null",""
"no-tradeoff-rwd","178","4161714","0.0-6.0-0.156","","","","","","","","4","2","5","img/house_2.png","img/house_3.png","1062.4000000059605","1331","3690.5999999940395","1062.4000000059605,1331,3690.5999999940395","74","74,32,13","enter","3","null",""
"no-tradeoff-rwd","179","4171450","0.0-6.0-0.157","","","","","","","","1","2","6","img/house_2.png","img/house_3.png","955.7999999970198","708.8000000119209","","955.7999999970198,708.8000000119209","70","70,32","null","","null",""
"no-tradeoff-rwd","180","4185688","0.0-6.0-0.158","","","","","","","","4","5","8","img/house_2.png","img/house_3.png","634","2652.3999999910593","2560.5999999940395","634,2652.3999999910593,2560.5999999940395","74","74,13,32","null","","enter","9"
"no-tradeoff-rwd","181","4245305","0.0-6.0-0.159","","","","","","","","4","4","8","img/house_6.png","img/house_4.png","466","50592.09999999404","","466,50592.09999999404","70","70,32","null","","null",""
"no-tradeoff-rwd","182","4260166","0.0-6.0-0.160","","","","","","","","1","2","8","img/house_2.png","img/house_3.png","760.2000000029802","1124.5999999940395","4711.600000008941","760.2000000029802,1124.5999999940395,4711.600000008941","70","70,32,13","enter","4","null",""
"no-tradeoff-rwd","183","4273205","0.0-6.0-0.161","","","","","","","","4","2","8","img/house_6.png","img/house_4.png","552.8999999910593","4015.199999988079","","552.8999999910593,4015.199999988079","70","70,32","null","","null",""
"no-tradeoff-rwd","184","4286533","0.0-6.0-0.162","","","","","","","","1","0","5","img/house_2.png","img/house_3.png","433.20000000298023","3411.7000000029802","891.5","433.20000000298023,3411.7000000029802,891.5","70","70,13,32","null","","enter","9"
"no-tradeoff-rwd","185","4297598","0.0-6.0-0.163","","","","","","","","4","4","2","img/house_3.png","img/house_2.png","641.9000000059605","2042.9000000059605","","641.9000000059605,2042.9000000059605","70","70,32","null","","null",""
"no-tradeoff-rwd","186","4314380","0.0-6.0-0.164","","","","","","","","1","4","4","img/house_4.png","img/house_6.png","728.1000000089407","1428.2999999970198","6326.100000008941","728.1000000089407,1428.2999999970198,6326.100000008941","70","70,32,13","enter","7","null",""
"no-tradeoff-rwd","187","4353837","0.0-6.0-0.165","","","","","","","","4","6","6","img/house_2.png","img/house_3.png","1301.7999999970198","1347.1000000089407","30432","1301.7999999970198,1347.1000000089407,30432","74","74,70,32","null","","null",""
"no-tradeoff-rwd","188","4366902","0.0-6.0-0.166","","","","","","","","1","6","9","img/house_2.png","img/house_3.png","564","3785.5","253.70000000298023","564,3785.5,253.70000000298023","74","74,13,32","null","","enter","9"
"no-tradeoff-rwd","189","4378747","0.0-6.0-0.167","","","","","","","","1","8","7","img/house_4.png","img/house_6.png","353.5","2816.9000000059605","","353.5,2816.9000000059605","70","70,32","null","","null",""
"no-tradeoff-rwd","190","4392632","0.0-6.0-0.168","","","","","","","","1","4","8","img/house_6.png","img/house_4.png","626.5999999940395","1277.4000000059605","3583.8999999910593","626.5999999940395,1277.4000000059605,3583.8999999910593","74","74,32,13","enter","2","null",""
"no-tradeoff-rwd","191","4419788","0.0-6.0-0.169","","","","","","","","1","5","9","img/house_6.png","img/house_4.png","663","18118.70000000298","","663,18118.70000000298","70","70,32","null","","null",""
"no-tradeoff-rwd","192","4433761","0.0-6.0-0.170","","","","","","","","4","3","9","img/house_2.png","img/house_3.png","652.6999999880791","3328.300000011921","1608.199999988079","652.6999999880791,3328.300000011921,1608.199999988079","74","74,13,32","null","","enter","9"
"no-tradeoff-rwd","193","4446902","0.0-6.0-0.171","","","","","","","","4","6","4","img/house_4.png","img/house_6.png","548.9000000059605","4121.5","","548.9000000059605,4121.5","70","70,32","null","","null",""
"no-tradeoff-rwd","194","4465468","0.0-6.0-0.172","","","","","","","","4","1","5","img/house_6.png","img/house_4.png","1291.4000000059605","5432.0999999940395","4112.600000008941","1291.4000000059605,5432.0999999940395,4112.600000008941","70","70,32,13","enter","3","null",""
"no-tradeoff-rwd","195","4504692","0.0-6.0-0.173","","","","","","","","1","3","9","img/house_2.png","img/house_3.png","744.1000000089407","30201.40000000596","","744.1000000089407,30201.40000000596","74","74,32","null","","null",""
"no-tradeoff-rwd","196","4517440","0.0-6.0-0.174","","","","","","","","1","1","4","img/house_2.png","img/house_3.png","751.5","2994.7999999970198","731.2000000029802","751.5,2994.7999999970198,731.2000000029802","70","70,13,32","null","","enter","9"
"no-tradeoff-rwd","197","4527225","0.0-6.0-0.175","","","","","","","","4","8","1","img/house_3.png","img/house_2.png","606.3000000119209","754.5","","606.3000000119209,754.5","74","74,32","null","","null",""
"no-tradeoff-rwd","198","4541269","0.0-6.0-0.176","","","","","","","","4","4","8","img/house_6.png","img/house_4.png","942.0999999940395","1142","3880.2000000029802","942.0999999940395,1142,3880.2000000029802","70","70,32,13","enter","3","null",""
"no-tradeoff-rwd","199","4577387","0.0-6.0-0.177","","","","","","","","4","3","6","img/house_2.png","img/house_3.png","539.4000000059605","27099.79999999702","","539.4000000059605,27099.79999999702","70","70,32","null","","null",""
