"trial_type","trial_index","time_elapsed","internal_node_id","rt","stimulus","button_pressed","responses","key_press","view_history","correct","stakes","outcome","outcome_notreceived","choice_selected","choice_not_selected","rt_choice","rt_space","rt_certainty","all_rts","key_choice","all_keys","estimate_trial","estimate_val","certainty_trial","certainty_val"
"pavlovia","0","15","0.0-0.0","","","","","","","","","","","","","","","","","","","","","",""
"html-button-response","1","80464","0.0-1.0","80448.5","<p style=""font-size:24px;font-weight:bold"">Consent</p><div class=""consent"" style=""text-align:left; border:1px solid; padding:10px; width:800px; font-size=100%, float:right""><p align=left>Thank you for signing up for this experiment!<p><p align=left>This experiment is being conducted by the California Institute of Technology (Caltech). The lead investigators are Sarah Tashjian, PhD and Dean Mobbs, PhD. This study has been approved by the Caltech Institutional Review Board for research ethics.<p><p align=left>The goal of this study is to understand learning processes. In this experiment, you will complete a task in which you will see images.<p><p align=left>At times, you will receive rewards and penalties. These earnings will determine your eligibility for a bonus payment, which will result in a real increase in your payment in this study.<p><p align=left>Your goal is to learn which images predict the most points. We will also ask how certain you are about your decisions throughout the task.<p><p align=left>This experiment will take approximately 1 hour to complete in its entirety.<p><p align=left><b>You will receive $9.00 for completing the experiment. <u>If you optimize decisions on at least 70% of trials, you will be eligible for a $100 bonus payment.</u></b><p><p align=left>This study involves minimal risk, meaning there will be no more risk than in daily life. Possible risks include physical discomfort/fatigue (eyestrain, tiredness), as well as psychological discomfort (e.g., potential boredom).<p><p align=left> Besides receiving payment, you will not benefit from this study.<p><p align=left><b>Any information that is obtained in connection with this study that can identify you will remain confidential. </b><p><p align=left>When the results of this study are reported, your identifying information will not be disclosed. Because this study is being conducted online, we are unable to fully eliminate the risk of a breach of confidentiality. However, to mitigate the chances of this occurring, we are using secure and confidential data collection systems.<p align=left>You may choose to withdraw from this study at any time and refuse to answer any questions without penalty. Also, you may choose not to participate in this study.<p><p align=left>You are <b>eligible</b> to participate if you (1) are 18-40 years old, (2) are fluent in English, (3) have healthy or corrected vision, (4) are not colorblind, and (5) have no difficulty controlling motor movements. <p><p align=left>If you do not meet these criteria, please exit the experiment now.<p><p align=center><b> If you meet these criteria and consent to participate, you must<br>indicate your consent by clicking the button below.<b></p>","0","","","","","","","","","","","","","","","","","","",""
"survey-text","2","97030","0.0-2.0-0.0","16562.89999985695","","","{""Q0"":""6101882af6f3275dd1fce4e1"",""Q1"":""24"",""Q2"":""male"",""Q3"":""male""}","","","","","","","","","","","","","","","","","",""
"html-keyboard-response","3","101325","0.0-3.0","4293.299999952316","<p>Welcome to the experiment!</p><p> You will play two games and answer a few questions.</p><p>Press the space bar to begin reading the instructions for the first game.</p>","","","32","","","","","","","","","","","","","","","","",""
"instructions","4","290079","0.0-4.0","188751.89999985695","","","","","[{""page_index"":0,""viewing_time"":54548.5},{""page_index"":1,""viewing_time"":14432},{""page_index"":2,""viewing_time"":24090.099999904633},{""page_index"":3,""viewing_time"":32023.799999952316},{""page_index"":4,""viewing_time"":29655.200000047684},{""page_index"":5,""viewing_time"":12277.100000143051},{""page_index"":6,""viewing_time"":11972.899999856949},{""page_index"":7,""viewing_time"":9752}]","","","","","","","","","","","","","","","",""
"html-keyboard-response","5","296403","0.0-5.0-0.0","6323.600000143051","<p style=""font-size:24px;font-weight:bold"">TEST QUESTION</p><p>Which letter should you press to select the red house on the left?</p><div class=group><table class=table_center><tr><td class=prompt colspan=2>Choose one</td></tr><tr style=""height: 300px;""><td style=""width: 300px;""><img id=""left"" src=img/house_1.png style=""zoom: 100%;""/></td><td style=""width: 300px;""><img id=""right"" src=img/house_5.png style=""zoom: 100%;""/></td></tr></table></div><br>","","","74","","false","","","","","","","","","","","","","","",""
"html-keyboard-response","6","299416","0.0-5.0-1.0","null","<p style=""font-size:36px;font-weight:bold"">Wrong answer.</p><p> Remember, press ""F"" for left and ""J"" for right.</p>","","","null","","","","","","","","","","","","","","","","",""
"html-keyboard-response","7","307757","0.0-5.0-2.0","8340","<p style=""font-size:24px;font-weight:bold"">TEST QUESTION</p><p>Which letter should you press to select the blue house on the right?</p><div class=group><table class=table_center><tr><td class=prompt colspan=2>Choose one</td></tr><tr style=""height: 300px;""><td style=""width: 300px;""><img id=""left"" src=img/house_1.png style=""zoom: 100%;""/></td><td style=""width: 300px;""><img id=""right"" src=img/house_5.png style=""zoom: 100%;""/></td></tr></table></div><br>","","","70","","false","","","","","","","","","","","","","","",""
"html-keyboard-response","8","310763","0.0-5.0-3.0","null","<p style=""font-size:36px;font-weight:bold"">Wrong answer.</p><p> Remember, press ""F"" for left and ""J"" for right.</p>","","","null","","","","","","","","","","","","","","","","",""
"html-keyboard-response","9","318308","0.0-5.0-4.0","7543.100000143051","<p style=""font-size:24px;font-weight:bold"">TEST QUESTION</p><p>Type the number of the <b> maximum </b> amount of flames an elf can have</p>","","","57","","true","","","","","","","","","","","","","","",""
"html-keyboard-response","10","321322","0.0-5.0-5.0","null","<p style=""font-size:36px;font-weight:bold"">Correct!</p><p> Remember, elves can have 0 to 9 flames. </p>","","","null","","","","","","","","","","","","","","","","",""
"html-keyboard-response","11","328116","0.0-5.0-6.0","6792.299999952316","<p style=""font-size:24px;font-weight:bold"">TEST QUESTION</p><p>Remember, the same house always takes you to the same elf. </p><p>On this trial, select the house on the left by pressing ""F"".</p><div class=group><table class=table_center><tr><td class=prompt colspan=2>Choose one</td></tr><tr style=""height: 300px;""><td style=""width: 300px;""><img id=""left"" src=img/house_1.png style=""zoom: 100%;""/></td><td style=""width: 300px;""><img id=""right"" src=img/house_5.png style=""zoom: 100%;""/></td></tr></table></div><br>","","","70","","","","","","","","","","","","","","","","",""
"html-keyboard-response","12","336115","0.0-5.0-7.0","7998.300000190735","<p style=""font-size:24px;font-weight:bold"">TEST QUESTION</p><p>The red house took you to the yellow elf. </p><p> The yellow elf attacked you with 8 flames. </p><p> The most flames an elf can have is 9, so this is a bad outcome!</p><div class=group><table class=table_center><tr><td class=prompt colspan=3>You received</td></tr><tr style=""height: 300px;""><td><img src=img/elf_yellow.png style=""zoom: 100%;""/></td><td><img src=img/flames.png style=""zoom: 30%;""/></td><td class=prompt>x 8</td></tr></table></div><br><p> Press space to continue </p>","","","32","","","","","","","","","","","","","","","","",""
"html-keyboard-response","13","339167","0.0-5.0-8.0","3050.7999999523163","<p style=""font-size:24px;font-weight:bold"">TEST QUESTION</p><p>If you wanted to visit the <b> yellow elf </b> again, which house would you select?</p><div class=group><table class=table_center><tr><td class=prompt colspan=2>Choose one</td></tr><tr style=""height: 300px;""><td style=""width: 300px;""><img id=""left"" src=img/house_1.png style=""zoom: 100%;""/></td><td style=""width: 300px;""><img id=""right"" src=img/house_5.png style=""zoom: 100%;""/></td></tr></table></div><br>","","","74","","false","","","","","","","","","","","","","","",""
"html-keyboard-response","14","342169","0.0-5.0-9.0","null","<p style=""font-size:36px;font-weight:bold"">Wrong answer.</p><p> Remember, the same house goes to the same elf. You would select the red house to visit the yellow elf.</p>","","","null","","","","","","","","","","","","","","","","",""
"html-keyboard-response","15","345378","0.0-5.0-10.0","3208.399999856949","<p style=""font-size:24px;font-weight:bold"">TEST QUESTION</p><p>On this trial, select the house on the right by pressing ""J"".</p><div class=group><table class=table_center><tr><td class=prompt colspan=2>Choose one</td></tr><tr style=""height: 300px;""><td style=""width: 300px;""><img id=""left"" src=img/house_1.png style=""zoom: 100%;""/></td><td style=""width: 300px;""><img id=""right"" src=img/house_5.png style=""zoom: 100%;""/></td></tr></table></div><br>","","","74","","","","","","","","","","","","","","","","",""
"html-keyboard-response","16","352562","0.0-5.0-11.0","7183.400000095367","<p style=""font-size:24px;font-weight:bold"">TEST QUESTION</p><p>The blue house took you to the purple elf. </p><p> The purple elf only attacked you with 1 flame. </p><p> That is not very much and is a pretty good outcome!</p><div class=group><table class=table_center><tr><td class=prompt colspan=3>You received</td></tr><tr style=""height: 300px;""><td><img src=img/elf_purple.png style=""zoom: 100%;""/></td><td><img src=img/flames.png style=""zoom: 30%;""/></td><td class=prompt>x 1</td></tr></table></div><br><p> Press space to continue </p>","","","32","","","","","","","","","","","","","","","","",""
"html-keyboard-response","17","359744","0.0-5.0-12.0","7179.799999952316","<p style=""font-size:24px;font-weight:bold"">TEST QUESTION</p><p>Remember the yellow elf attacked with 8 flames and the purple elf only attacked with 1 flame. </p><p> Which elf would you try to visit next? </p><div class=group><table class=table_center><tr><td class=prompt colspan=2>Choose one</td></tr><tr style=""height: 300px;""><td style=""width: 300px;""><img id=""left"" src=img/elf_yellow.png style=""zoom: 100%;""/></td><td style=""width: 300px;""><img id=""right"" src=img/elf_purple.png style=""zoom: 100%;""/></td></tr></table></div><br>","","","74","","true","","","","","","","","","","","","","","",""
"html-keyboard-response","18","362675","0.0-5.0-13.0","2929.9000000953674","<p style=""font-size:36px;font-weight:bold"">Correct!</p><p> Remember, you want to select the elf who attacked with the least flames.</p>","","","32","","","","","","","","","","","","","","","","",""
"html-keyboard-response","19","367985","0.0-5.0-14.0","5307.5","<p style=""font-size:24px;font-weight:bold"">TEST QUESTION</p><p>To visit the purple elf, which house should you visit? </p><div class=group><table class=table_center><tr><td class=prompt colspan=2>Choose one</td></tr><tr style=""height: 300px;""><td style=""width: 300px;""><img id=""left"" src=img/house_1.png style=""zoom: 100%;""/></td><td style=""width: 300px;""><img id=""right"" src=img/house_5.png style=""zoom: 100%;""/></td></tr></table></div><br>","","","74","","true","","","","","","","","","","","","","","",""
"html-keyboard-response","20","370996","0.0-5.0-15.0","null","<p style=""font-size:36px;font-weight:bold"">Correct!</p><p>Remember, the same house goes to the same elf each time.</p>","","","null","","","","","","","","","","","","","","","","",""
"html-keyboard-response","21","375074","0.0-5.0-16.0","4077.2000000476837","<p style=""font-size:36px;font-weight:bold"">You are ready to play!</p><p>The houses and elves in the actual game will be different than the practice. </p><p> Press the space bar to start the game</p>","","","32","","","","","","","","","","","","","","","","",""
"no-tradeoff-rwd","22","394736","0.0-6.0-0.0","","","","","","","","4","1","6","img/house_4.png","img/house_6.png","1205.7000000476837","1471.0999999046326","9150.299999952316","1205.7000000476837,1471.0999999046326,9150.299999952316","74","74,32,13","enter","2","null",""
"no-tradeoff-rwd","23","401546","0.0-6.0-0.1","","","","","","","","4","0","","","","3281.2999999523163","","","3281.2999999523163","32","32","null","","null",""
"no-tradeoff-rwd","24","435650","0.0-6.0-0.2","","","","","","","","4","3","8","img/house_4.png","img/house_6.png","897.7999999523163","14191.600000143051","10849.399999856949","897.7999999523163,14191.600000143051,10849.399999856949","74","74,13,32","null","","enter","0"
"no-tradeoff-rwd","25","448296","0.0-6.0-0.3","","","","","","","","4","7","3","img/house_6.png","img/house_4.png","1124.7999999523163","3584.2000000476837","","1124.7999999523163,3584.2000000476837","74","74,32","null","","null",""
"no-tradeoff-rwd","26","453653","0.0-6.0-0.4","","","","","","","","1","0","","","","1837.5","","","1837.5","32","32","null","","null",""
"no-tradeoff-rwd","27","473583","0.0-6.0-0.5","","","","","","","","4","2","5","img/house_3.png","img/house_2.png","663.7999999523163","10899.099999904633","","663.7999999523163,10899.099999904633","74","74,32","null","","null",""
"no-tradeoff-rwd","28","493505","0.0-6.0-0.6","","","","","","","","4","2","3","img/house_4.png","img/house_6.png","889.7999999523163","6851.900000095367","4015.9000000953674","889.7999999523163,6851.900000095367,4015.9000000953674","70","70,13,32","null","","enter","6"
"no-tradeoff-rwd","29","504114","0.0-6.0-0.7","","","","","","","","4","2","1","img/house_4.png","img/house_6.png","928.5","1544.1000001430511","","928.5,1544.1000001430511","74","74,32","null","","null",""
"no-tradeoff-rwd","30","519369","0.0-6.0-0.8","","","","","","","","4","0","2","img/house_4.png","img/house_6.png","705.3000001907349","612.0999999046326","5573.899999856949","705.3000001907349,612.0999999046326,5573.899999856949","70","70,32,13","enter","3","null",""
"no-tradeoff-rwd","31","533687","0.0-6.0-0.9","","","","","","","","1","2","0","img/house_2.png","img/house_3.png","819.5999999046326","5281.5","","819.5999999046326,5281.5","74","74,32","null","","null",""
"no-tradeoff-rwd","32","551574","0.0-6.0-0.10","","","","","","","","1","0","2","img/house_4.png","img/house_6.png","921.3999998569489","7886.600000143051","970.2000000476837","921.3999998569489,7886.600000143051,970.2000000476837","74","74,13,32","null","","enter","7"
"no-tradeoff-rwd","33","560201","0.0-6.0-0.11","","","","","","","","1","2","1","img/house_4.png","img/house_6.png","1255.8999998569489","1072.7999999523163","","1255.8999998569489,1072.7999999523163","74","74,32","null","","null",""
"no-tradeoff-rwd","34","573743","0.0-6.0-0.12","","","","","","","","4","3","8","img/house_4.png","img/house_6.png","855.2000000476837","1119.5999999046326","4893.099999904633","855.2000000476837,1119.5999999046326,4893.099999904633","70","70,32,13","enter","1","null",""
"no-tradeoff-rwd","35","585998","0.0-6.0-0.13","","","","","","","","1","7","5","img/house_4.png","img/house_6.png","957.2000000476837","3194","","957.2000000476837,3194","74","74,32","null","","null",""
"no-tradeoff-rwd","36","602709","0.0-6.0-0.14","","","","","","","","4","3","6","img/house_6.png","img/house_4.png","1013.8999998569489","6968.799999952316","690.4000000953674","1013.8999998569489,6968.799999952316,690.4000000953674","74","74,13,32","null","","enter","3"
"no-tradeoff-rwd","37","612646","0.0-6.0-0.15","","","","","","","","1","6","5","img/house_2.png","img/house_3.png","1071.3999998569489","878.7000000476837","","1071.3999998569489,878.7000000476837","70","70,32","null","","null",""
"no-tradeoff-rwd","38","625776","0.0-6.0-0.16","","","","","","","","4","6","3","img/house_2.png","img/house_3.png","983.3999998569489","1445.3999998569489","189.20000004768372","983.3999998569489,1445.3999998569489,189.20000004768372,5403.5","74","74,74,32,13","enter","5","null",""
"no-tradeoff-rwd","39","634256","0.0-6.0-0.17","","","","","","","","1","4","2","img/house_4.png","img/house_6.png","612.5999999046326","923.2000000476837","","612.5999999046326,923.2000000476837","70","70,32","null","","null",""
"no-tradeoff-rwd","40","648672","0.0-6.0-0.18","","","","","","","","1","5","0","img/house_3.png","img/house_2.png","1071.9000000953674","5526.5","1352.2999999523163","1071.9000000953674,5526.5,1352.2999999523163","70","70,13,32","null","","enter","7"
"no-tradeoff-rwd","41","656342","0.0-6.0-0.19","","","","","","","","4","2","4","img/house_2.png","img/house_3.png","1067.0999999046326","118.09999990463257","","1067.0999999046326,118.09999990463257","70","70,32","null","","null",""
"no-tradeoff-rwd","42","677329","0.0-6.0-0.20","","","","","","","","1","4","3","img/house_3.png","img/house_2.png","349","457.2999999523163","12996.799999952316","349,457.2999999523163,12996.799999952316","74","74,32,13","enter","3","null",""
"no-tradeoff-rwd","43","689292","0.0-6.0-0.21","","","","","","","","4","2","3","img/house_4.png","img/house_6.png","519.8999998569489","2897.9000000953674","","519.8999998569489,2897.9000000953674","70","70,32","null","","null",""
"no-tradeoff-rwd","44","706811","0.0-6.0-0.22","","","","","","","","4","4","7","img/house_6.png","img/house_4.png","992","7215.400000095367","1257.9000000953674","992,7215.400000095367,1257.9000000953674","74","74,13,32","null","","enter","7"
"no-tradeoff-rwd","45","717210","0.0-6.0-0.23","","","","","","","","1","6","9","img/house_2.png","img/house_3.png","1341.2000000476837","1353.0999999046326","","1341.2000000476837,1353.0999999046326","70","70,32","null","","null",""
"no-tradeoff-rwd","46","730430","0.0-6.0-0.24","","","","","","","","1","7","7","img/house_6.png","img/house_4.png","886.7999999523163","58.5","4119.100000143051","886.7999999523163,58.5,4119.100000143051","74","74,32,13","enter","6","null",""
"no-tradeoff-rwd","47","740748","0.0-6.0-0.25","","","","","","","","1","5","8","img/house_4.png","img/house_6.png","861.7000000476837","1255.0999999046326","","861.7000000476837,1255.0999999046326","70","70,32","null","","null",""
"no-tradeoff-rwd","48","751898","0.0-6.0-0.26","","","","","","","","1","7","5","img/house_4.png","img/house_6.png","682.7000000476837","2730.800000190735","857.0999999046326","682.7000000476837,2730.800000190735,857.0999999046326","70","70,13,32","null","","enter","7"
"no-tradeoff-rwd","49","760771","0.0-6.0-0.27","","","","","","","","4","5","6","img/house_4.png","img/house_6.png","407.59999990463257","1311.6000001430511","","407.59999990463257,1311.6000001430511","70","70,32","null","","null",""
"no-tradeoff-rwd","50","771823","0.0-6.0-0.28","","","","","","","","4","5","7","img/house_2.png","img/house_3.png","1234","115.69999980926514","3382.2000000476837","1234,115.69999980926514,3382.2000000476837","74","74,32,13","enter","7","null",""
"no-tradeoff-rwd","51","782108","0.0-6.0-0.29","","","","","","","","4","6","8","img/house_2.png","img/house_3.png","1138.6999998092651","1235.2999999523163","","1138.6999998092651,1235.2999999523163","70","70,32","null","","null",""
"no-tradeoff-rwd","52","786530","0.0-6.0-0.30","","","","","","","","1","0","","","","888.8999998569489","","","888.8999998569489","32","32","null","","null",""
"no-tradeoff-rwd","53","797498","0.0-6.0-0.31","","","","","","","","4","7","1","img/house_4.png","img/house_6.png","1045.5","1897.5","","1045.5,1897.5","74","74,32","null","","null",""
"no-tradeoff-rwd","54","810207","0.0-6.0-0.32","","","","","","","","1","8","0","img/house_4.png","img/house_6.png","1011.8999998569489","1373.8999998569489","3778.7999999523163","1011.8999998569489,1373.8999998569489,3778.7999999523163","74","74,32,13","enter","3","null",""
"no-tradeoff-rwd","55","814682","0.0-6.0-0.33","","","","","","","","1","0","","","","947.0999999046326","","","947.0999999046326","32","32","null","","null",""
"no-tradeoff-rwd","56","832668","0.0-6.0-0.34","","","","","","","","1","3","8","img/house_2.png","img/house_3.png","846.8999998569489","8771.400000095367","157.79999995231628","846.8999998569489,8771.400000095367,157.79999995231628","70","70,13,32","null","","enter","0"
"no-tradeoff-rwd","57","842585","0.0-6.0-0.35","","","","","","","","1","8","4","img/house_3.png","img/house_2.png","872.7999999523163","841.4000000953674","","872.7999999523163,841.4000000953674","70","70,32","null","","null",""
"no-tradeoff-rwd","58","854409","0.0-6.0-0.36","","","","","","","","1","5","9","img/house_6.png","img/house_4.png","1061.9000000953674","455.40000009536743","3824.7999999523163","1061.9000000953674,455.40000009536743,3824.7999999523163","70","70,32,13","enter","5","null",""
"no-tradeoff-rwd","59","864504","0.0-6.0-0.37","","","","","","","","4","5","8","img/house_2.png","img/house_3.png","1009.7000000476837","1034.5","","1009.7000000476837,1034.5","70","70,32","null","","null",""
"no-tradeoff-rwd","60","868769","0.0-6.0-0.38","","","","","","","","4","0","","","","735","","","735","32","32","null","","null",""
"no-tradeoff-rwd","61","878902","0.0-6.0-0.39","","","","","","","","1","5","8","img/house_2.png","img/house_3.png","652.5","1247.2000000476837","1061.4000000953674","652.5,1247.2000000476837,1061.4000000953674","70","70,70,32","null","","null",""
"no-tradeoff-rwd","62","891128","0.0-6.0-0.40","","","","","","","","1","7","5","img/house_3.png","img/house_2.png","521.7999999523163","847.2999999523163","3822.5","521.7999999523163,847.2999999523163,3822.5","74","74,32,13","enter","8","null",""
"no-tradeoff-rwd","63","901285","0.0-6.0-0.41","","","","","","","","1","7","4","img/house_3.png","img/house_2.png","666.2999999523163","1089.8000001907349","","666.2999999523163,1089.8000001907349","74","74,32","null","","null",""
"no-tradeoff-rwd","64","912957","0.0-6.0-0.42","","","","","","","","1","2","8","img/house_6.png","img/house_4.png","1113.4000000953674","3288","835.7999999523163","1113.4000000953674,3288,835.7999999523163","70","70,13,32","null","","enter","0"
"no-tradeoff-rwd","65","921622","0.0-6.0-0.43","","","","","","","","1","8","0","img/house_3.png","img/house_2.png","1150.6000001430511","1118.5999999046326","","1150.6000001430511,1118.5999999046326","74","74,32","null","","null",""
"no-tradeoff-rwd","66","932992","0.0-6.0-0.44","","","","","","","","1","8","2","img/house_3.png","img/house_2.png","541.8999998569489","493","3315","541.8999998569489,493,3315","74","74,32,13","enter","8","null",""
"no-tradeoff-rwd","67","941205","0.0-6.0-0.45","","","","","","","","1","4","9","img/house_2.png","img/house_3.png","1155.8999998569489","666.2000000476837","","1155.8999998569489,666.2000000476837","70","70,32","null","","null",""
"no-tradeoff-rwd","68","955227","0.0-6.0-0.46","","","","","","","","4","8","4","img/house_4.png","img/house_6.png","1343.9000000953674","5773.700000047684","693.5","1343.9000000953674,5773.700000047684,693.5","74","74,13,32","null","","enter","6"
"no-tradeoff-rwd","69","965007","0.0-6.0-0.47","","","","","","","","4","4","6","img/house_6.png","img/house_4.png","1371.9000000953674","743.7999999523163","","1371.9000000953674,743.7999999523163","70","70,32","null","","null",""
"no-tradeoff-rwd","70","976752","0.0-6.0-0.48","","","","","","","","1","6","5","img/house_3.png","img/house_2.png","778.7999999523163","1087.0999999046326","3113.7999999523163","778.7999999523163,1087.0999999046326,3113.7999999523163","70","70,32,13","enter","8","null",""
"no-tradeoff-rwd","71","985322","0.0-6.0-0.49","","","","","","","","1","6","7","img/house_2.png","img/house_3.png","897.5999999046326","1014","","897.5999999046326,1014","70","70,32","null","","null",""
"no-tradeoff-rwd","72","997900","0.0-6.0-0.50","","","","","","","","4","6","7","img/house_2.png","img/house_3.png","432.10000014305115","3392.100000143051","116","432.10000014305115,3392.100000143051,116","74","74,13,32","null","","enter","0"
"no-tradeoff-rwd","73","1006653","0.0-6.0-0.51","","","","","","","","4","7","4","img/house_6.png","img/house_4.png","739.8000001907349","1198.5","","739.8000001907349,1198.5","70","70,32","null","","null",""
"no-tradeoff-rwd","74","1018432","0.0-6.0-0.52","","","","","","","","1","7","6","img/house_2.png","img/house_3.png","1035.6000001430511","184.29999995231628","4049.4000000953674","1035.6000001430511,184.29999995231628,4049.4000000953674","70","70,32,13","enter","8","null",""
"no-tradeoff-rwd","75","1029406","0.0-6.0-0.53","","","","","","","","1","7","4","img/house_3.png","img/house_2.png","449.39999985694885","1925.2999999523163","","449.39999985694885,1925.2999999523163","70","70,32","null","","null",""
"no-tradeoff-rwd","76","1042007","0.0-6.0-0.54","","","","","","","","4","4","5","img/house_3.png","img/house_2.png","629.7999999523163","1143.2999999523163","1173.2999999523163","629.7999999523163,1143.2999999523163,1173.2999999523163,1204,1234,2487.5999999046326,1068.4000000953674","74","74,74,74,74,74,13,32","null","","enter","0"
"no-tradeoff-rwd","77","1052701","0.0-6.0-0.55","","","","","","","","4","4","2","img/house_4.png","img/house_6.png","1019.7000000476837","1652.0999999046326","","1019.7000000476837,1652.0999999046326","74","74,32","null","","null",""
"no-tradeoff-rwd","78","1065868","0.0-6.0-0.56","","","","","","","","4","7","0","img/house_4.png","img/house_6.png","1030.2999999523163","800.2999999523163","3297.399999856949","1030.2999999523163,800.2999999523163,3297.399999856949","74","74,32,13","enter","3","null",""
"no-tradeoff-rwd","79","1076588","0.0-6.0-0.57","","","","","","","","1","3","1","img/house_4.png","img/house_6.png","971.5","1645.9000000953674","","971.5,1645.9000000953674","74","74,32","null","","null",""
"no-tradeoff-rwd","80","1089883","0.0-6.0-0.58","","","","","","","","1","4","1","img/house_4.png","img/house_6.png","905.3000001907349","4704.900000095367","1032.4000000953674","905.3000001907349,4704.900000095367,1032.4000000953674","74","74,13,32","null","","enter","7"
"no-tradeoff-rwd","81","1098778","0.0-6.0-0.59","","","","","","","","4","6","5","img/house_3.png","img/house_2.png","1128.7999999523163","1344.8000001907349","","1128.7999999523163,1344.8000001907349","74","74,32","null","","null",""
"no-tradeoff-rwd","82","1110073","0.0-6.0-0.60","","","","","","","","1","8","6","img/house_2.png","img/house_3.png","1250.0999999046326","155.60000014305115","3593.5999999046326","1250.0999999046326,155.60000014305115,3593.5999999046326","74","74,32,13","enter","8","null",""
"no-tradeoff-rwd","83","1118330","0.0-6.0-0.61","","","","","","","","4","6","3","img/house_3.png","img/house_2.png","1047.8999998569489","713.7999999523163","","1047.8999998569489,713.7999999523163","70","70,32","null","","null",""
"no-tradeoff-rwd","84","1122950","0.0-6.0-0.62","","","","","","","","4","0","","","","1094.5","","","1094.5","32","32","null","","null",""
"no-tradeoff-rwd","85","1131132","0.0-6.0-0.63","","","","","","","","1","2","6","img/house_2.png","img/house_3.png","845.4000000953674","634.2999999523163","","845.4000000953674,634.2999999523163","74","74,32","null","","null",""
"no-tradeoff-rwd","86","1143911","0.0-6.0-0.64","","","","","","","","4","2","5","img/house_6.png","img/house_4.png","568.5","560.4000000953674","4671.800000190735","568.5,560.4000000953674,4671.800000190735","70","70,32,13","enter","5","null",""
"no-tradeoff-rwd","87","1152252","0.0-6.0-0.65","","","","","","","","4","6","3","img/house_3.png","img/house_2.png","1090.2999999523163","782.6999998092651","","1090.2999999523163,782.6999998092651","74","74,32","null","","null",""
"no-tradeoff-rwd","88","1156379","0.0-6.0-0.66","","","","","","","","4","0","","","","607.1000001430511","","","607.1000001430511","32","32","null","","null",""
"no-tradeoff-rwd","89","1164692","0.0-6.0-0.67","","","","","","","","1","4","5","img/house_4.png","img/house_6.png","833.2999999523163","762.0999999046326","","833.2999999523163,762.0999999046326","74","74,32","null","","null",""
"no-tradeoff-rwd","90","1176009","0.0-6.0-0.68","","","","","","","","1","6","4","img/house_4.png","img/house_6.png","1050.2000000476837","761.8999998569489","3005.2999999523163","1050.2000000476837,761.8999998569489,3005.2999999523163","70","70,32,13","enter","3","null",""
"no-tradeoff-rwd","91","1184324","0.0-6.0-0.69","","","","","","","","4","3","8","img/house_6.png","img/house_4.png","1300.7999999523163","768.4000000953674","","1300.7999999523163,768.4000000953674","70","70,32","null","","null",""
"no-tradeoff-rwd","92","1196700","0.0-6.0-0.70","","","","","","","","1","7","5","img/house_4.png","img/house_6.png","1404.6000001430511","3759.899999856949","1078.6000001430511","1404.6000001430511,3759.899999856949,1078.6000001430511","70","70,13,32","null","","enter","5"
"no-tradeoff-rwd","93","1205187","0.0-6.0-0.71","","","","","","","","4","4","5","img/house_3.png","img/house_2.png","1135.3000001907349","934.7000000476837","","1135.3000001907349,934.7000000476837","74","74,32","null","","null",""
"no-tradeoff-rwd","94","1217794","0.0-6.0-0.72","","","","","","","","1","2","2","img/house_4.png","img/house_6.png","1000.5","42.700000047683716","3512.7000000476837","1000.5,42.700000047683716,3512.7000000476837","74","74,32,13","enter","2","null",""
"no-tradeoff-rwd","95","1226039","0.0-6.0-0.73","","","","","","","","1","2","3","img/house_2.png","img/house_3.png","1022.5","708.2999999523163","","1022.5,708.2999999523163","74","74,32","null","","null",""
"no-tradeoff-rwd","96","1237839","0.0-6.0-0.74","","","","","","","","1","7","2","img/house_3.png","img/house_2.png","441.59999990463257","3281.100000143051","964.5","441.59999990463257,3281.100000143051,964.5","74","74,13,32","null","","enter","7"
"no-tradeoff-rwd","97","1245991","0.0-6.0-0.75","","","","","","","","4","2","6","img/house_2.png","img/house_3.png","511.89999985694885","602.3000001907349","","511.89999985694885,602.3000001907349","70","70,32","null","","null",""
"no-tradeoff-rwd","98","1256827","0.0-6.0-0.76","","","","","","","","4","7","6","img/house_4.png","img/house_6.png","1155.6000001430511","136.79999995231628","3171","1155.6000001430511,136.79999995231628,3171","70","70,32,13","enter","3","null",""
"no-tradeoff-rwd","99","1264857","0.0-6.0-0.77","","","","","","","","1","8","6","img/house_3.png","img/house_2.png","773.2999999523163","498.69999980926514","","773.2999999523163,498.69999980926514","74","74,32","null","","null",""
"no-tradeoff-rwd","100","1276538","0.0-6.0-0.78","","","","","","","","1","6","8","img/house_4.png","img/house_6.png","1188.3000001907349","2919.2000000476837","1218.7000000476837","1188.3000001907349,2919.2000000476837,1218.7000000476837","74","74,13,32","null","","enter","8"
"no-tradeoff-rwd","101","1284713","0.0-6.0-0.79","","","","","","","","1","5","4","img/house_4.png","img/house_6.png","1003.6999998092651","620.4000000953674","","1003.6999998092651,620.4000000953674","70","70,32","null","","null",""
"no-tradeoff-rwd","102","1296220","0.0-6.0-0.80","","","","","","","","1","5","4","img/house_6.png","img/house_4.png","1131.8999998569489","527.4000000953674","3433","1131.8999998569489,527.4000000953674,3433","74","74,32,13","enter","8","null",""
"no-tradeoff-rwd","103","1308824","0.0-6.0-0.81","","","","","","","","1","9","6","img/house_2.png","img/house_3.png","1412.1999998092651","3560.7999999523163","","1412.1999998092651,3560.7999999523163","74","74,32","null","","null",""
"no-tradeoff-rwd","104","1321941","0.0-6.0-0.82","","","","","","","","1","2","8","img/house_3.png","img/house_2.png","690","4968.5","598.9000000953674","690,4968.5,598.9000000953674","70","70,13,32","null","","enter","8"
"no-tradeoff-rwd","105","1330626","0.0-6.0-0.83","","","","","","","","4","0","9","img/house_3.png","img/house_2.png","1382.7999999523163","1132.1000001430511","","1382.7999999523163,1132.1000001430511","74","74,32","null","","null",""
"no-tradeoff-rwd","106","1334878","0.0-6.0-0.84","","","","","","","","4","0","","","","728","","","728","32","32","null","","null",""
"no-tradeoff-rwd","107","1343108","0.0-6.0-0.85","","","","","","","","4","7","7","img/house_6.png","img/house_4.png","315.2000000476837","683.7000000476837","","315.2000000476837,683.7000000476837","74","74,32","null","","null",""
"no-tradeoff-rwd","108","1355066","0.0-6.0-0.86","","","","","","","","4","9","7","img/house_3.png","img/house_2.png","1272.5999999046326","3883","521.0999999046326","1272.5999999046326,3883,521.0999999046326","74","74,13,32","null","","enter","7"
"no-tradeoff-rwd","109","1363307","0.0-6.0-0.87","","","","","","","","1","9","9","img/house_2.png","img/house_3.png","1332.1000001430511","685.9000000953674","","1332.1000001430511,685.9000000953674","70","70,32","null","","null",""
"no-tradeoff-rwd","110","1367809","0.0-6.0-0.88","","","","","","","","1","0","","","","964.7999999523163","","","964.7999999523163","32","32","null","","null",""
"no-tradeoff-rwd","111","1375942","0.0-6.0-0.89","","","","","","","","4","8","9","img/house_3.png","img/house_2.png","747.6999998092651","581.9000000953674","","747.6999998092651,581.9000000953674","70","70,32","null","","null",""
"no-tradeoff-rwd","112","1388268","0.0-6.0-0.90","","","","","","","","4","8","8","img/house_6.png","img/house_4.png","1287.0999999046326","3867.2000000476837","899.0999999046326","1287.0999999046326,3867.2000000476837,899.0999999046326","70","70,13,32","null","","enter","6"
"no-tradeoff-rwd","113","1396517","0.0-6.0-0.91","","","","","","","","4","8","6","img/house_3.png","img/house_2.png","118.5","688.6999998092651","","118.5,688.6999998092651","74","74,32","null","","null",""
"no-tradeoff-rwd","114","1408698","0.0-6.0-0.92","","","","","","","","1","8","5","img/house_4.png","img/house_6.png","296","1312.5","3321.199999809265","296,1312.5,3321.199999809265","70","70,32,13","enter","2","null",""
"no-tradeoff-rwd","115","1417024","0.0-6.0-0.93","","","","","","","","4","8","7","img/house_4.png","img/house_6.png","252.29999995231628","761.8000001907349","","252.29999995231628,761.8000001907349","70","70,32","null","","null",""
"no-tradeoff-rwd","116","1430909","0.0-6.0-0.94","","","","","","","","4","8","8","img/house_4.png","img/house_6.png","293.2000000476837","4734.599999904633","90.89999985694885","293.2000000476837,4734.599999904633,90.89999985694885","70","70,13,32","null","","enter","0"
"no-tradeoff-rwd","117","1439801","0.0-6.0-0.95","","","","","","","","1","6","6","img/house_6.png","img/house_4.png","945.0999999046326","1372.8999998569489","","945.0999999046326,1372.8999998569489","74","74,32","null","","null",""
