"trial_type","trial_index","time_elapsed","internal_node_id","rt","stimulus","button_pressed","responses","key_press","view_history","correct","stakes","outcome","outcome_notreceived","choice_selected","choice_not_selected","rt_choice","rt_space","rt_certainty","all_rts","key_choice","all_keys","estimate_trial","estimate_val","certainty_trial","certainty_val"
"pavlovia","0","18","0.0-0.0","","","","","","","","","","","","","","","","","","","","","",""
"html-button-response","1","308116","0.0-1.0","308098.1999999285","<p style=""font-size:24px;font-weight:bold"">Consent</p><div class=""consent"" style=""text-align:left; border:1px solid; padding:10px; width:800px; font-size=100%, float:right""><p align=left>Thank you for signing up for this experiment!<p><p align=left>This experiment is being conducted by the California Institute of Technology (Caltech). The lead investigators are Sarah Tashjian, PhD and Dean Mobbs, PhD. This study has been approved by the Caltech Institutional Review Board for research ethics.<p><p align=left>The goal of this study is to understand learning processes. In this experiment, you will complete a task in which you will see images.<p><p align=left>At times, you will receive rewards and penalties. These earnings will determine your eligibility for a bonus payment, which will result in a real increase in your payment in this study.<p><p align=left>Your goal is to learn which images predict the most points. We will also ask how certain you are about your decisions throughout the task.<p><p align=left>This experiment will take approximately 1 hour to complete in its entirety.<p><p align=left><b>You will receive $9.00 for completing the experiment. <u>If you optimize decisions on at least 70% of trials, you will be eligible for a $100 bonus payment.</u></b><p><p align=left>This study involves minimal risk, meaning there will be no more risk than in daily life. Possible risks include physical discomfort/fatigue (eyestrain, tiredness), as well as psychological discomfort (e.g., potential boredom).<p><p align=left> Besides receiving payment, you will not benefit from this study.<p><p align=left><b>Any information that is obtained in connection with this study that can identify you will remain confidential. </b><p><p align=left>When the results of this study are reported, your identifying information will not be disclosed. Because this study is being conducted online, we are unable to fully eliminate the risk of a breach of confidentiality. However, to mitigate the chances of this occurring, we are using secure and confidential data collection systems.<p align=left>You may choose to withdraw from this study at any time and refuse to answer any questions without penalty. Also, you may choose not to participate in this study.<p><p align=left>You are <b>eligible</b> to participate if you (1) are 18-40 years old, (2) are fluent in English, (3) have healthy or corrected vision, (4) are not colorblind, and (5) have no difficulty controlling motor movements. <p><p align=left>If you do not meet these criteria, please exit the experiment now.<p><p align=center><b> If you meet these criteria and consent to participate, you must<br>indicate your consent by clicking the button below.<b></p>","0","","","","","","","","","","","","","","","","","","",""
"survey-text","2","324474","0.0-2.0-0.0","16352.5","","","{""Q0"":""61002fc9e57edb09201b94d0"",""Q1"":""27"",""Q2"":""Female"",""Q3"":""Female""}","","","","","","","","","","","","","","","","","",""
"html-keyboard-response","3","330762","0.0-3.0","6285.600000023842","<p>Welcome to the experiment!</p><p> You will play two games and answer a few questions.</p><p>Press the space bar to begin reading the instructions for the first game.</p>","","","32","","","","","","","","","","","","","","","","",""
"instructions","4","639612","0.0-4.0","308848.89999997616","","","","","[{""page_index"":0,""viewing_time"":144296},{""page_index"":1,""viewing_time"":32108.100000023842},{""page_index"":2,""viewing_time"":13288.899999976158},{""page_index"":3,""viewing_time"":38493},{""page_index"":4,""viewing_time"":28593},{""page_index"":5,""viewing_time"":17904},{""page_index"":6,""viewing_time"":26238.899999976158},{""page_index"":7,""viewing_time"":7926.5}]","","","","","","","","","","","","","","","",""
"html-keyboard-response","5","643153","0.0-5.0-0.0","3539.600000023842","<p style=""font-size:24px;font-weight:bold"">TEST QUESTION</p><p>Which letter should you press to select the red house on the left?</p><div class=group><table class=table_center><tr><td class=prompt colspan=2>Choose one</td></tr><tr style=""height: 300px;""><td style=""width: 300px;""><img id=""left"" src=img/house_1.png style=""zoom: 100%;""/></td><td style=""width: 300px;""><img id=""right"" src=img/house_5.png style=""zoom: 100%;""/></td></tr></table></div><br>","","","70","","true","","","","","","","","","","","","","","",""
"html-keyboard-response","6","646169","0.0-5.0-1.0","null","<p style=""font-size:36px;font-weight:bold"">Correct!</p><p> Remember, press ""F"" for left and ""J"" for right. </p>","","","null","","","","","","","","","","","","","","","","",""
"html-keyboard-response","7","648539","0.0-5.0-2.0","2368.3000000715256","<p style=""font-size:24px;font-weight:bold"">TEST QUESTION</p><p>Which letter should you press to select the blue house on the right?</p><div class=group><table class=table_center><tr><td class=prompt colspan=2>Choose one</td></tr><tr style=""height: 300px;""><td style=""width: 300px;""><img id=""left"" src=img/house_1.png style=""zoom: 100%;""/></td><td style=""width: 300px;""><img id=""right"" src=img/house_5.png style=""zoom: 100%;""/></td></tr></table></div><br>","","","74","","true","","","","","","","","","","","","","","",""
"html-keyboard-response","8","651553","0.0-5.0-3.0","null","<p style=""font-size:36px;font-weight:bold"">Correct!</p><p> Remember, press ""F"" for left and ""J"" for right. </p>","","","null","","","","","","","","","","","","","","","","",""
"html-keyboard-response","9","657768","0.0-5.0-4.0","6213.299999952316","<p style=""font-size:24px;font-weight:bold"">TEST QUESTION</p><p>Type the number of the <b> maximum </b> amount of flames an elf can have</p>","","","57","","true","","","","","","","","","","","","","","",""
"html-keyboard-response","10","660782","0.0-5.0-5.0","null","<p style=""font-size:36px;font-weight:bold"">Correct!</p><p> Remember, elves can have 0 to 9 flames. </p>","","","null","","","","","","","","","","","","","","","","",""
"html-keyboard-response","11","666705","0.0-5.0-6.0","5920.700000047684","<p style=""font-size:24px;font-weight:bold"">TEST QUESTION</p><p>Remember, the same house always takes you to the same elf. </p><p>On this trial, select the house on the left by pressing ""F"".</p><div class=group><table class=table_center><tr><td class=prompt colspan=2>Choose one</td></tr><tr style=""height: 300px;""><td style=""width: 300px;""><img id=""left"" src=img/house_1.png style=""zoom: 100%;""/></td><td style=""width: 300px;""><img id=""right"" src=img/house_5.png style=""zoom: 100%;""/></td></tr></table></div><br>","","","70","","","","","","","","","","","","","","","","",""
"html-keyboard-response","12","673914","0.0-5.0-7.0","7207.199999928474","<p style=""font-size:24px;font-weight:bold"">TEST QUESTION</p><p>The red house took you to the yellow elf. </p><p> The yellow elf attacked you with 8 flames. </p><p> The most flames an elf can have is 9, so this is a bad outcome!</p><div class=group><table class=table_center><tr><td class=prompt colspan=3>You received</td></tr><tr style=""height: 300px;""><td><img src=img/elf_yellow.png style=""zoom: 100%;""/></td><td><img src=img/flames.png style=""zoom: 30%;""/></td><td class=prompt>x 8</td></tr></table></div><br><p> Press space to continue </p>","","","32","","","","","","","","","","","","","","","","",""
"html-keyboard-response","13","678760","0.0-5.0-8.0","4844.199999928474","<p style=""font-size:24px;font-weight:bold"">TEST QUESTION</p><p>If you wanted to visit the <b> yellow elf </b> again, which house would you select?</p><div class=group><table class=table_center><tr><td class=prompt colspan=2>Choose one</td></tr><tr style=""height: 300px;""><td style=""width: 300px;""><img id=""left"" src=img/house_1.png style=""zoom: 100%;""/></td><td style=""width: 300px;""><img id=""right"" src=img/house_5.png style=""zoom: 100%;""/></td></tr></table></div><br>","","","70","","true","","","","","","","","","","","","","","",""
"html-keyboard-response","14","681773","0.0-5.0-9.0","null","<p style=""font-size:36px;font-weight:bold"">Correct!</p><p> Remember, the same house goes to the same elf. </p>","","","null","","","","","","","","","","","","","","","","",""
"html-keyboard-response","15","684750","0.0-5.0-10.0","2974.7999999523163","<p style=""font-size:24px;font-weight:bold"">TEST QUESTION</p><p>On this trial, select the house on the right by pressing ""J"".</p><div class=group><table class=table_center><tr><td class=prompt colspan=2>Choose one</td></tr><tr style=""height: 300px;""><td style=""width: 300px;""><img id=""left"" src=img/house_1.png style=""zoom: 100%;""/></td><td style=""width: 300px;""><img id=""right"" src=img/house_5.png style=""zoom: 100%;""/></td></tr></table></div><br>","","","74","","","","","","","","","","","","","","","","",""
"html-keyboard-response","16","690248","0.0-5.0-11.0","5495.600000023842","<p style=""font-size:24px;font-weight:bold"">TEST QUESTION</p><p>The blue house took you to the purple elf. </p><p> The purple elf only attacked you with 1 flame. </p><p> That is not very much and is a pretty good outcome!</p><div class=group><table class=table_center><tr><td class=prompt colspan=3>You received</td></tr><tr style=""height: 300px;""><td><img src=img/elf_purple.png style=""zoom: 100%;""/></td><td><img src=img/flames.png style=""zoom: 30%;""/></td><td class=prompt>x 1</td></tr></table></div><br><p> Press space to continue </p>","","","32","","","","","","","","","","","","","","","","",""
"html-keyboard-response","17","698683","0.0-5.0-12.0","8433.200000047684","<p style=""font-size:24px;font-weight:bold"">TEST QUESTION</p><p>Remember the yellow elf attacked with 8 flames and the purple elf only attacked with 1 flame. </p><p> Which elf would you try to visit next? </p><div class=group><table class=table_center><tr><td class=prompt colspan=2>Choose one</td></tr><tr style=""height: 300px;""><td style=""width: 300px;""><img id=""left"" src=img/elf_yellow.png style=""zoom: 100%;""/></td><td style=""width: 300px;""><img id=""right"" src=img/elf_purple.png style=""zoom: 100%;""/></td></tr></table></div><br>","","","74","","true","","","","","","","","","","","","","","",""
"html-keyboard-response","18","701703","0.0-5.0-13.0","null","<p style=""font-size:36px;font-weight:bold"">Correct!</p><p> Remember, you want to select the elf who attacked with the least flames.</p>","","","null","","","","","","","","","","","","","","","","",""
"html-keyboard-response","19","703874","0.0-5.0-14.0","2168.7999999523163","<p style=""font-size:24px;font-weight:bold"">TEST QUESTION</p><p>To visit the purple elf, which house should you visit? </p><div class=group><table class=table_center><tr><td class=prompt colspan=2>Choose one</td></tr><tr style=""height: 300px;""><td style=""width: 300px;""><img id=""left"" src=img/house_1.png style=""zoom: 100%;""/></td><td style=""width: 300px;""><img id=""right"" src=img/house_5.png style=""zoom: 100%;""/></td></tr></table></div><br>","","","74","","true","","","","","","","","","","","","","","",""
"html-keyboard-response","20","706875","0.0-5.0-15.0","null","<p style=""font-size:36px;font-weight:bold"">Correct!</p><p>Remember, the same house goes to the same elf each time.</p>","","","null","","","","","","","","","","","","","","","","",""
"html-keyboard-response","21","748595","0.0-5.0-16.0","41718.299999952316","<p style=""font-size:36px;font-weight:bold"">You are ready to play!</p><p>The houses and elves in the actual game will be different than the practice. </p><p> Press the space bar to start the game</p>","","","32","","","","","","","","","","","","","","","","",""
"no-tradeoff-rwd","22","756269","0.0-6.0-0.0","","","","","","","","1","0","","","","4159.600000023842","","","4159.600000023842","32","32","null","","null",""
"no-tradeoff-rwd","23","766768","0.0-6.0-0.1","","","","","","","","1","4","1","img/house_6.png","img/house_4.png","517.7000000476837","1445.3999999761581","","517.7000000476837,1445.3999999761581","70","70,32","null","","null",""
"no-tradeoff-rwd","24","771829","0.0-6.0-0.2","","","","","","","","4","0","","","","1533.3999999761581","","","1533.3999999761581","32","32","null","","null",""
"no-tradeoff-rwd","25","781554","0.0-6.0-0.3","","","","","","","","1","8","3","img/house_6.png","img/house_4.png","868.2000000476837","666.6000000238419","","868.2000000476837,666.6000000238419","74","74,32","null","","null",""
"no-tradeoff-rwd","26","802997","0.0-6.0-0.4","","","","","","","","4","3","2","img/house_6.png","img/house_4.png","916.5","802.6999999284744","11583.599999904633","916.5,802.6999999284744,11583.599999904633","70","70,32,13","enter","8","null",""
"no-tradeoff-rwd","27","813063","0.0-6.0-0.5","","","","","","","","1","2","5","img/house_4.png","img/house_6.png","1037.2999999523163","990.2000000476837","","1037.2999999523163,990.2000000476837","70","70,32","null","","null",""
"no-tradeoff-rwd","28","817677","0.0-6.0-0.6","","","","","","","","4","0","","","","1071.5","","","1071.5","32","32","null","","null",""
"no-tradeoff-rwd","29","827332","0.0-6.0-0.7","","","","","","","","1","2","9","img/house_4.png","img/house_6.png","856.7999999523163","597.8000000715256","","856.7999999523163,597.8000000715256","74","74,32","null","","null",""
"no-tradeoff-rwd","30","842578","0.0-6.0-0.8","","","","","","","","4","5","6","img/house_4.png","img/house_6.png","541","457.5","7228.300000071526","541,457.5,7228.300000071526","74","74,32,13","enter","2","null",""
"no-tradeoff-rwd","31","852175","0.0-6.0-0.9","","","","","","","","4","2","5","img/house_3.png","img/house_2.png","815.6000000238419","560.4000000953674","","815.6000000238419,560.4000000953674","74","74,32","null","","null",""
"no-tradeoff-rwd","32","870743","0.0-6.0-0.10","","","","","","","","1","5","5","img/house_3.png","img/house_2.png","653.7999999523163","9005.600000023842","507.90000009536743","653.7999999523163,9005.600000023842,507.90000009536743","70","70,13,32","null","","enter","2"
"no-tradeoff-rwd","33","880522","0.0-6.0-0.11","","","","","","","","1","1","4","img/house_4.png","img/house_6.png","926.6000000238419","742","","926.6000000238419,742","70","70,32","null","","null",""
"no-tradeoff-rwd","34","895159","0.0-6.0-0.12","","","","","","","","1","3","1","img/house_4.png","img/house_6.png","584.0999999046326","581.8999999761581","4975","584.0999999046326,581.8999999761581,4975","70","70,32,13","enter","3","null",""
"no-tradeoff-rwd","35","904789","0.0-6.0-0.13","","","","","","","","4","1","3","img/house_6.png","img/house_4.png","854","548.8999999761581","","854,548.8999999761581","70","70,32","null","","null",""
"no-tradeoff-rwd","36","918825","0.0-6.0-0.14","","","","","","","","1","6","2","img/house_3.png","img/house_2.png","1240.2000000476837","4345","614.1000000238419","1240.2000000476837,4345,614.1000000238419","70","70,13,32","null","","enter","5"
"no-tradeoff-rwd","37","928496","0.0-6.0-0.15","","","","","","","","1","5","9","img/house_6.png","img/house_4.png","921.2000000476837","622","","921.2000000476837,622","70","70,32","null","","null",""
"no-tradeoff-rwd","38","943174","0.0-6.0-0.16","","","","","","","","1","6","1","img/house_4.png","img/house_6.png","1229","543.5","5081.800000071526","1229,543.5,5081.800000071526","74","74,32,13","enter","4","null",""
"no-tradeoff-rwd","39","952810","0.0-6.0-0.17","","","","","","","","1","1","5","img/house_2.png","img/house_3.png","828","587.7000000476837","","828,587.7000000476837","74","74,32","null","","null",""
"no-tradeoff-rwd","40","965919","0.0-6.0-0.18","","","","","","","","1","1","7","img/house_2.png","img/house_3.png","520.3999999761581","3490.3000000715256","547.2000000476837","520.3999999761581,3490.3000000715256,547.2000000476837","70","70,13,32","null","","enter","3"
"no-tradeoff-rwd","41","975523","0.0-6.0-0.19","","","","","","","","4","5","1","img/house_3.png","img/house_2.png","598.5","545.2999999523163","","598.5,545.2999999523163","74","74,32","null","","null",""
"no-tradeoff-rwd","42","989460","0.0-6.0-0.20","","","","","","","","1","5","2","img/house_4.png","img/house_6.png","762.1999999284744","459","4426.899999976158","762.1999999284744,459,4426.899999976158","70","70,32,13","enter","5","null",""
"no-tradeoff-rwd","43","999086","0.0-6.0-0.21","","","","","","","","1","2","9","img/house_2.png","img/house_3.png","1122.8000000715256","569.1000000238419","","1122.8000000715256,569.1000000238419","74","74,32","null","","null",""
"no-tradeoff-rwd","44","1014171","0.0-6.0-0.22","","","","","","","","4","4","4","img/house_6.png","img/house_4.png","959","5201","844","959,5201,844","74","74,13,32","null","","enter","1"
"no-tradeoff-rwd","45","1023684","0.0-6.0-0.23","","","","","","","","4","3","8","img/house_3.png","img/house_2.png","1103.5","454.10000002384186","","1103.5,454.10000002384186","70","70,32","null","","null",""
"no-tradeoff-rwd","46","1036924","0.0-6.0-0.24","","","","","","","","4","3","9","img/house_3.png","img/house_2.png","754.2000000476837","541.4000000953674","3648.3000000715256","754.2000000476837,541.4000000953674,3648.3000000715256","74","74,32,13","enter","6","null",""
"no-tradeoff-rwd","47","1046641","0.0-6.0-0.25","","","","","","","","1","8","6","img/house_6.png","img/house_4.png","468.7999999523163","650.3999999761581","","468.7999999523163,650.3999999761581","74","74,32","null","","null",""
"no-tradeoff-rwd","48","1078465","0.0-6.0-0.26","","","","","","","","1","5","5","img/house_2.png","img/house_3.png","460.2999999523163","4967","17790.299999952316","460.2999999523163,4967,17790.299999952316","70","70,13,32","null","","enter","0"
"no-tradeoff-rwd","49","1088358","0.0-6.0-0.27","","","","","","","","1","6","3","img/house_3.png","img/house_2.png","1029.2999999523163","834.3000000715256","","1029.2999999523163,834.3000000715256","74","74,32","null","","null",""
"no-tradeoff-rwd","50","1102461","0.0-6.0-0.28","","","","","","","","4","5","5","img/house_2.png","img/house_3.png","1066.2000000476837","1587.2000000476837","3444.5999999046326","1066.2000000476837,1587.2000000476837,3444.5999999046326","74","74,32,13","enter","4","null",""
"no-tradeoff-rwd","51","1108178","0.0-6.0-0.29","","","","","","","","4","0","","","","2193.6999999284744","","","2193.6999999284744","32","32","null","","null",""
"no-tradeoff-rwd","52","1122047","0.0-6.0-0.30","","","","","","","","1","5","6","img/house_2.png","img/house_3.png","919.5","4266.399999976158","559.6000000238419","919.5,4266.399999976158,559.6000000238419","74","74,13,32","null","","enter","4"
"no-tradeoff-rwd","53","1131695","0.0-6.0-0.31","","","","","","","","4","5","6","img/house_3.png","img/house_2.png","910.8999999761581","601.0999999046326","","910.8999999761581,601.0999999046326","70","70,32","null","","null",""
"no-tradeoff-rwd","54","1147060","0.0-6.0-0.32","","","","","","","","1","5","7","img/house_2.png","img/house_3.png","754.6999999284744","764.8999999761581","5532.599999904633","754.6999999284744,764.8999999761581,5532.599999904633","74","74,32,13","enter","5","null",""
"no-tradeoff-rwd","55","1156805","0.0-6.0-0.33","","","","","","","","4","7","8","img/house_6.png","img/house_4.png","1043.2000000476837","696.8999999761581","","1043.2000000476837,696.8999999761581","74","74,32","null","","null",""
"no-tradeoff-rwd","56","1170209","0.0-6.0-0.34","","","","","","","","4","9","8","img/house_2.png","img/house_3.png","1060.3999999761581","3764.1999999284744","587.2999999523163","1060.3999999761581,3764.1999999284744,587.2999999523163","70","70,13,32","null","","enter","6"
"no-tradeoff-rwd","57","1174383","0.0-6.0-0.35","","","","","","","","4","0","","","","652.3999999761581","","","652.3999999761581","32","32","null","","null",""
"no-tradeoff-rwd","58","1188527","0.0-6.0-0.36","","","","","","","","4","7","9","img/house_2.png","img/house_3.png","1110.3999999761581","779.8999999761581","4309.200000047684","1110.3999999761581,779.8999999761581,4309.200000047684","74","74,32,13","enter","7","null",""
"no-tradeoff-rwd","59","1198600","0.0-6.0-0.37","","","","","","","","1","5","8","img/house_6.png","img/house_4.png","877.1000000238419","1028.8999999761581","","877.1000000238419,1028.8999999761581","70","70,32","null","","null",""
"no-tradeoff-rwd","60","1212813","0.0-6.0-0.38","","","","","","","","1","3","7","img/house_2.png","img/house_3.png","1395.7999999523163","4498.299999952316","651","1395.7999999523163,4498.299999952316,651","74","74,13,32","null","","enter","0"
"no-tradeoff-rwd","61","1222396","0.0-6.0-0.39","","","","","","","","1","3","7","img/house_6.png","img/house_4.png","912.5","526.3000000715256","","912.5,526.3000000715256","70","70,32","null","","null",""
"no-tradeoff-rwd","62","1234965","0.0-6.0-0.40","","","","","","","","4","8","3","img/house_3.png","img/house_2.png","943","525","2978","943,525,2978","70","70,32,13","enter","2","null",""
"no-tradeoff-rwd","63","1244607","0.0-6.0-0.41","","","","","","","","1","1","7","img/house_2.png","img/house_3.png","1030.5999999046326","587.2999999523163","","1030.5999999046326,587.2999999523163","74","74,32","null","","null",""
"no-tradeoff-rwd","64","1260651","0.0-6.0-0.42","","","","","","","","4","7","2","img/house_3.png","img/house_2.png","803.0999999046326","6456.199999928474","522","803.0999999046326,6456.199999928474,522","70","70,13,32","null","","enter","0"
"no-tradeoff-rwd","65","1270255","0.0-6.0-0.43","","","","","","","","4","0","6","img/house_2.png","img/house_3.png","1024.1000000238419","569.2999999523163","","1024.1000000238419,569.2999999523163","70","70,32","null","","null",""
"no-tradeoff-rwd","66","1285617","0.0-6.0-0.44","","","","","","","","1","3","8","img/house_2.png","img/house_3.png","748.1000000238419","507.2000000476837","5778.699999928474","748.1000000238419,507.2000000476837,5778.699999928474","74","74,32,13","enter","3","null",""
"no-tradeoff-rwd","67","1295195","0.0-6.0-0.45","","","","","","","","1","5","7","img/house_4.png","img/house_6.png","877.5","506.2999999523163","","877.5,506.2999999523163","74","74,32","null","","null",""
"no-tradeoff-rwd","68","1310698","0.0-6.0-0.46","","","","","","","","1","7","4","img/house_6.png","img/house_4.png","1094","5762.599999904633","688.2000000476837","1094,5762.599999904633,688.2000000476837","74","74,13,32","null","","enter","2"
"no-tradeoff-rwd","69","1320457","0.0-6.0-0.47","","","","","","","","4","4","4","img/house_2.png","img/house_3.png","1379.8000000715256","696.6999999284744","","1379.8000000715256,696.6999999284744","70","70,32","null","","null",""
"no-tradeoff-rwd","70","1333085","0.0-6.0-0.48","","","","","","","","1","4","3","img/house_4.png","img/house_6.png","600.3999999761581","466.2999999523163","3092.399999976158","600.3999999761581,466.2999999523163,3092.399999976158","74","74,32,13","enter","2","null",""
"no-tradeoff-rwd","71","1342760","0.0-6.0-0.49","","","","","","","","1","3","3","img/house_6.png","img/house_4.png","804.8999999761581","635.5","","804.8999999761581,635.5","70","70,32","null","","null",""
"no-tradeoff-rwd","72","1355299","0.0-6.0-0.50","","","","","","","","4","6","0","img/house_4.png","img/house_6.png","1282.5","3048.600000023842","451","1282.5,3048.600000023842,451","74","74,13,32","null","","enter","2"
"no-tradeoff-rwd","73","1364939","0.0-6.0-0.51","","","","","","","","1","3","9","img/house_6.png","img/house_4.png","968.5","577.1000000238419","","968.5,577.1000000238419","74","74,32","null","","null",""
"no-tradeoff-rwd","74","1377372","0.0-6.0-0.52","","","","","","","","1","2","9","img/house_6.png","img/house_4.png","601.3000000715256","438.5","2943.399999976158","601.3000000715256,438.5,2943.399999976158","74","74,32,13","enter","3","null",""
"no-tradeoff-rwd","75","1386902","0.0-6.0-0.53","","","","","","","","1","2","7","img/house_2.png","img/house_3.png","903.2999999523163","476","","903.2999999523163,476","74","74,32","null","","null",""
"no-tradeoff-rwd","76","1402305","0.0-6.0-0.54","","","","","","","","1","1","3","img/house_6.png","img/house_4.png","610.8000000715256","5785.100000023842","564.2999999523163","610.8000000715256,5785.100000023842,564.2999999523163","74","74,13,32","null","","enter","5"
"no-tradeoff-rwd","77","1411994","0.0-6.0-0.55","","","","","","","","1","1","0","img/house_6.png","img/house_4.png","1089.6000000238419","641.5999999046326","","1089.6000000238419,641.5999999046326","74","74,32","null","","null",""
"no-tradeoff-rwd","78","1440881","0.0-6.0-0.56","","","","","","","","4","2","1","img/house_6.png","img/house_4.png","1014.3999999761581","436.8000000715256","19399.600000023842","1014.3999999761581,436.8000000715256,19399.600000023842","74","74,32,13","enter","3","null",""
"no-tradeoff-rwd","79","1450691","0.0-6.0-0.57","","","","","","","","1","4","2","img/house_2.png","img/house_3.png","863","754.3999999761581","","863,754.3999999761581","74","74,32","null","","null",""
"no-tradeoff-rwd","80","1464351","0.0-6.0-0.58","","","","","","","","1","7","2","img/house_2.png","img/house_3.png","1089.5","3661.5","937.8999999761581","1089.5,3661.5,937.8999999761581","70","70,13,32","null","","enter","6"
"no-tradeoff-rwd","81","1474159","0.0-6.0-0.59","","","","","","","","1","8","7","img/house_2.png","img/house_3.png","1120.7000000476837","752.6999999284744","","1120.7000000476837,752.6999999284744","74","74,32","null","","null",""
"no-tradeoff-rwd","82","1520225","0.0-6.0-0.60","","","","","","","","4","9","6","img/house_2.png","img/house_3.png","844.0999999046326","33738.60000002384","3276.7000000476837","844.0999999046326,33738.60000002384,3276.7000000476837","70","70,32,13","enter","4","null",""
"no-tradeoff-rwd","83","1529842","0.0-6.0-0.61","","","","","","","","1","9","6","img/house_6.png","img/house_4.png","724.1999999284744","575.5","","724.1999999284744,575.5","70","70,32","null","","null",""
"no-tradeoff-rwd","84","1545760","0.0-6.0-0.62","","","","","","","","4","5","9","img/house_4.png","img/house_6.png","931.7000000476837","2817.5","4049.2999999523163","931.7000000476837,2817.5,4049.2999999523163","74","74,13,32","null","","enter","3"
"no-tradeoff-rwd","85","1555669","0.0-6.0-0.63","","","","","","","","4","3","9","img/house_4.png","img/house_6.png","881.9000000953674","848","","881.9000000953674,848","74","74,32","null","","null",""
"no-tradeoff-rwd","86","1568210","0.0-6.0-0.64","","","","","","","","1","1","6","img/house_4.png","img/house_6.png","1023.2000000476837","549.7000000476837","2944.7000000476837","1023.2000000476837,549.7000000476837,2944.7000000476837","74","74,32,13","enter","4","null",""
"no-tradeoff-rwd","87","1577801","0.0-6.0-0.65","","","","","","","","1","6","0","img/house_2.png","img/house_3.png","837.3999999761581","528.5","","837.3999999761581,528.5","74","74,32","null","","null",""
"no-tradeoff-rwd","88","1590625","0.0-6.0-0.66","","","","","","","","4","2","5","img/house_4.png","img/house_6.png","1054.3000000715256","3253.9000000953674","508.7000000476837","1054.3000000715256,3253.9000000953674,508.7000000476837","70","70,13,32","null","","enter","5"
"no-tradeoff-rwd","89","1600225","0.0-6.0-0.67","","","","","","","","1","5","4","img/house_3.png","img/house_2.png","1175.7000000476837","543.7000000476837","","1175.7000000476837,543.7000000476837","70","70,32","null","","null",""
"no-tradeoff-rwd","90","1612540","0.0-6.0-0.68","","","","","","","","1","5","4","img/house_3.png","img/house_2.png","745.9000000953674","564","2692.5","745.9000000953674,564,2692.5","74","74,32,13","enter","4","null",""
"no-tradeoff-rwd","91","1622104","0.0-6.0-0.69","","","","","","","","1","4","4","img/house_3.png","img/house_2.png","883.5","490.1999999284744","","883.5,490.1999999284744","70","70,32","null","","null",""
"no-tradeoff-rwd","92","1635613","0.0-6.0-0.70","","","","","","","","4","4","3","img/house_4.png","img/house_6.png","860.5","3961.899999976158","495","860.5,3961.899999976158,495","74","74,13,32","null","","enter","3"
"no-tradeoff-rwd","93","1645661","0.0-6.0-0.71","","","","","","","","1","0","1","img/house_4.png","img/house_6.png","747.9000000953674","992.9000000953674","","747.9000000953674,992.9000000953674","70","70,32","null","","null",""
"no-tradeoff-rwd","94","1694592","0.0-6.0-0.72","","","","","","","","4","0","2","img/house_3.png","img/house_2.png","848.2000000476837","539.3999999761581","39331.89999997616","848.2000000476837,539.3999999761581,39331.89999997616","74","74,32,13","enter","3","null",""
"no-tradeoff-rwd","95","1771001","0.0-6.0-0.73","","","","","","","","1","1","3","img/house_3.png","img/house_2.png","1151","67363.39999997616","","1151,67363.39999997616","74","74,32","null","","null",""
"no-tradeoff-rwd","96","1783169","0.0-6.0-0.74","","","","","","","","4","1","1","img/house_4.png","img/house_6.png","833.6000000238419","2638.8000000715256","460.39999997615814","833.6000000238419,2638.8000000715256,460.39999997615814","70","70,13,32","null","","enter","2"
"no-tradeoff-rwd","97","1792692","0.0-6.0-0.75","","","","","","","","4","1","2","img/house_2.png","img/house_3.png","812.2999999523163","465.39999997615814","","812.2999999523163,465.39999997615814","74","74,32","null","","null",""
"no-tradeoff-rwd","98","1804868","0.0-6.0-0.76","","","","","","","","4","1","7","img/house_6.png","img/house_4.png","1237.6000000238419","493.89999997615814","2616.100000023842","1237.6000000238419,493.89999997615814,2616.100000023842","74","74,32,13","enter","2","null",""
"no-tradeoff-rwd","99","1814479","0.0-6.0-0.77","","","","","","","","1","1","7","img/house_6.png","img/house_4.png","646.3999999761581","550.3999999761581","","646.3999999761581,550.3999999761581","70","70,32","null","","null",""
"no-tradeoff-rwd","100","1827092","0.0-6.0-0.78","","","","","","","","1","6","1","img/house_3.png","img/house_2.png","708.8000000715256","3066.8000000715256","485.60000002384186","708.8000000715256,3066.8000000715256,485.60000002384186","74","74,13,32","null","","enter","3"
"no-tradeoff-rwd","101","1836876","0.0-6.0-0.79","","","","","","","","1","2","4","img/house_6.png","img/house_4.png","1169.8999999761581","730.7999999523163","","1169.8999999761581,730.7999999523163","74","74,32","null","","null",""
"no-tradeoff-rwd","102","1850081","0.0-6.0-0.80","","","","","","","","1","3","5","img/house_6.png","img/house_4.png","735.3999999761581","536.7999999523163","3605.5","735.3999999761581,536.7999999523163,3605.5","74","74,32,13","enter","2","null",""
"no-tradeoff-rwd","103","1859618","0.0-6.0-0.81","","","","","","","","4","1","2","img/house_2.png","img/house_3.png","491.60000002384186","474.5","","491.60000002384186,474.5","70","70,32","null","","null",""
"no-tradeoff-rwd","104","1872245","0.0-6.0-0.82","","","","","","","","1","1","1","img/house_6.png","img/house_4.png","1045.4000000953674","3182.3000000715256","395.5","1045.4000000953674,3182.3000000715256,395.5","70","70,13,32","null","","enter","5"
"no-tradeoff-rwd","105","1881902","0.0-6.0-0.83","","","","","","","","4","0","2","img/house_2.png","img/house_3.png","692.6000000238419","588.1000000238419","","692.6000000238419,588.1000000238419","70","70,32","null","","null",""
"no-tradeoff-rwd","106","1894418","0.0-6.0-0.84","","","","","","","","4","1","3","img/house_2.png","img/house_3.png","629.9000000953674","511.39999997615814","2947.5","629.9000000953674,511.39999997615814,2947.5","70","70,32,13","enter","2","null",""
"no-tradeoff-rwd","107","1898759","0.0-6.0-0.85","","","","","","","","4","0","","","","809.0999999046326","","","809.0999999046326","32","32","null","","null",""
"no-tradeoff-rwd","108","1911118","0.0-6.0-0.86","","","","","","","","4","6","0","img/house_6.png","img/house_4.png","819.7000000476837","2850.5","467.10000002384186","819.7000000476837,2850.5,467.10000002384186","70","70,13,32","null","","enter","5"
"no-tradeoff-rwd","109","1920597","0.0-6.0-0.87","","","","","","","","1","1","3","img/house_3.png","img/house_2.png","1035.6000000238419","413.8000000715256","","1035.6000000238419,413.8000000715256","74","74,32","null","","null",""
"no-tradeoff-rwd","110","1933038","0.0-6.0-0.88","","","","","","","","1","2","3","img/house_4.png","img/house_6.png","1262.3999999761581","514.8999999761581","2852.899999976158","1262.3999999761581,514.8999999761581,2852.899999976158","70","70,32,13","enter","4","null",""
"no-tradeoff-rwd","111","1942627","0.0-6.0-0.89","","","","","","","","4","1","2","img/house_3.png","img/house_2.png","690.5","543.5","","690.5,543.5","74","74,32","null","","null",""
"no-tradeoff-rwd","112","1955529","0.0-6.0-0.90","","","","","","","","4","3","1","img/house_6.png","img/house_4.png","599.7000000476837","3369.100000023842","473.1999999284744","599.7000000476837,3369.100000023842,473.1999999284744","70","70,13,32","null","","enter","1"
"no-tradeoff-rwd","113","1965314","0.0-6.0-0.91","","","","","","","","4","4","1","img/house_6.png","img/house_4.png","983.6999999284744","717.2000000476837","","983.6999999284744,717.2000000476837","74","74,32","null","","null",""
"no-tradeoff-rwd","114","1979201","0.0-6.0-0.92","","","","","","","","1","0","0","img/house_6.png","img/house_4.png","433.60000002384186","581","4240.600000023842","433.60000002384186,581,4240.600000023842","70","70,32,13","enter","4","null",""
"no-tradeoff-rwd","115","1988750","0.0-6.0-0.93","","","","","","","","1","2","3","img/house_6.png","img/house_4.png","793","494.5","","793,494.5","70","70,32","null","","null",""
"no-tradeoff-rwd","116","2003850","0.0-6.0-0.94","","","","","","","","1","2","4","img/house_2.png","img/house_3.png","633.5","5320.5","716.0999999046326","633.5,5320.5,716.0999999046326","74","74,13,32","null","","enter","2"
"no-tradeoff-rwd","117","2013436","0.0-6.0-0.95","","","","","","","","4","7","3","img/house_6.png","img/house_4.png","1210.3000000715256","541.1000000238419","","1210.3000000715256,541.1000000238419","74","74,32","null","","null",""
"no-tradeoff-rwd","118","2030346","0.0-6.0-0.96","","","","","","","","4","7","4","img/house_6.png","img/house_4.png","590.8999999761581","516","7336.399999976158","590.8999999761581,516,7336.399999976158","70","70,32,13","enter","5","null",""
"no-tradeoff-rwd","119","2040592","0.0-6.0-0.97","","","","","","","","4","5","5","img/house_2.png","img/house_3.png","552.3000000715256","1188","","552.3000000715256,1188","74","74,32","null","","null",""
"no-tradeoff-rwd","120","2053433","0.0-6.0-0.98","","","","","","","","1","6","7","img/house_2.png","img/house_3.png","646.2999999523163","3302.5","473.5","646.2999999523163,3302.5,473.5","70","70,13,32","null","","enter","1"
"no-tradeoff-rwd","121","2063563","0.0-6.0-0.99","","","","","","","","1","8","4","img/house_4.png","img/house_6.png","582.9000000953674","1063.3000000715256","","582.9000000953674,1063.3000000715256","74","74,32","null","","null",""
"no-tradeoff-rwd","122","2075294","0.0-6.0-0.100","","","","","","","","4","5","5","img/house_2.png","img/house_3.png","769.3000000715256","382.5","2295.2000000476837","769.3000000715256,382.5,2295.2000000476837","70","70,32,13","enter","3","null",""
"no-tradeoff-rwd","123","2085369","0.0-6.0-0.101","","","","","","","","4","4","6","img/house_6.png","img/house_4.png","786.3999999761581","1001.2999999523163","","786.3999999761581,1001.2999999523163","70","70,32","null","","null",""
"no-tradeoff-rwd","124","2097059","0.0-6.0-0.102","","","","","","","","4","8","7","img/house_4.png","img/house_6.png","629.5999999046326","2117.3000000715256","516.5","629.5999999046326,2117.3000000715256,516.5","74","74,13,32","null","","enter","0"
"no-tradeoff-rwd","125","2106575","0.0-6.0-0.103","","","","","","","","1","9","6","img/house_3.png","img/house_2.png","602.2999999523163","458.89999997615814","","602.2999999523163,458.89999997615814","70","70,32","null","","null",""
"no-tradeoff-rwd","126","2120038","0.0-6.0-0.104","","","","","","","","1","4","5","img/house_2.png","img/house_3.png","497.39999997615814","462.7000000476837","3944","497.39999997615814,462.7000000476837,3944","74","74,32,13","enter","2","null",""
"no-tradeoff-rwd","127","2129719","0.0-6.0-0.105","","","","","","","","1","4","3","img/house_2.png","img/house_3.png","554.2999999523163","609.1999999284744","","554.2999999523163,609.1999999284744","70","70,32","null","","null",""
"no-tradeoff-rwd","128","2141559","0.0-6.0-0.106","","","","","","","","4","8","2","img/house_6.png","img/house_4.png","384.7000000476837","2372.2000000476837","413","384.7000000476837,2372.2000000476837,413","74","74,13,32","null","","enter","0"
"no-tradeoff-rwd","129","2151117","0.0-6.0-0.107","","","","","","","","1","2","7","img/house_3.png","img/house_2.png","583.2000000476837","495.7000000476837","","583.2000000476837,495.7000000476837","70","70,32","null","","null",""
"no-tradeoff-rwd","130","2163316","0.0-6.0-0.108","","","","","","","","4","7","3","img/house_6.png","img/house_4.png","475.3000000715256","468.39999997615814","2671","475.3000000715256,468.39999997615814,2671","74","74,32,13","enter","4","null",""
"no-tradeoff-rwd","131","2172662","0.0-6.0-0.109","","","","","","","","4","2","4","img/house_3.png","img/house_2.png","764.5","289.90000009536743","","764.5,289.90000009536743","74","74,32","null","","null",""
"no-tradeoff-rwd","132","2184140","0.0-6.0-0.110","","","","","","","","1","1","4","img/house_4.png","img/house_6.png","534.6000000238419","2026.6000000238419","401.6999999284744","534.6000000238419,2026.6000000238419,401.6999999284744","74","74,13,32","null","","enter","3"
"no-tradeoff-rwd","133","2193749","0.0-6.0-0.111","","","","","","","","4","1","2","img/house_3.png","img/house_2.png","679.1999999284744","542.3999999761581","","679.1999999284744,542.3999999761581","74","74,32","null","","null",""
"no-tradeoff-rwd","134","2205882","0.0-6.0-0.112","","","","","","","","4","3","2","img/house_4.png","img/house_6.png","430.5","464.1999999284744","2599.5","430.5,464.1999999284744,2599.5","74","74,32,13","enter","3","null",""
"no-tradeoff-rwd","135","2215357","0.0-6.0-0.113","","","","","","","","1","4","1","img/house_4.png","img/house_6.png","1057.0999999046326","439.60000002384186","","1057.0999999046326,439.60000002384186","70","70,32","null","","null",""
"no-tradeoff-rwd","136","2227531","0.0-6.0-0.114","","","","","","","","1","2","1","img/house_4.png","img/house_6.png","780.1000000238419","2742.2000000476837","360.89999997615814","780.1000000238419,2742.2000000476837,360.89999997615814","70","70,13,32","null","","enter","4"
"no-tradeoff-rwd","137","2237061","0.0-6.0-0.115","","","","","","","","4","2","0","img/house_4.png","img/house_6.png","885.6000000238419","474.2999999523163","","885.6000000238419,474.2999999523163","70","70,32","null","","null",""
"no-tradeoff-rwd","138","2250913","0.0-6.0-0.116","","","","","","","","4","1","3","img/house_4.png","img/house_6.png","783.3000000715256","695.3999999761581","4099.800000071526","783.3000000715256,695.3999999761581,4099.800000071526","70","70,32,13","enter","4","null",""
"no-tradeoff-rwd","139","2260463","0.0-6.0-0.117","","","","","","","","1","1","1","img/house_4.png","img/house_6.png","844","502.3000000715256","","844,502.3000000715256","70","70,32","null","","null",""
"no-tradeoff-rwd","140","2272353","0.0-6.0-0.118","","","","","","","","1","2","4","img/house_3.png","img/house_2.png","1089.3999999761581","2423.4000000953674","419.89999997615814","1089.3999999761581,2423.4000000953674,419.89999997615814","74","74,13,32","null","","enter","4"
"no-tradeoff-rwd","141","2282434","0.0-6.0-0.119","","","","","","","","1","2","5","img/house_3.png","img/house_2.png","866.8999999761581","1016.1000000238419","","866.8999999761581,1016.1000000238419","74","74,32","null","","null",""
"no-tradeoff-rwd","142","2295846","0.0-6.0-0.120","","","","","","","","4","4","0","img/house_3.png","img/house_2.png","982.4000000953674","765.5","3585.6999999284744","982.4000000953674,765.5,3585.6999999284744","70","70,32,13","enter","3","null",""
"no-tradeoff-rwd","143","2305635","0.0-6.0-0.121","","","","","","","","4","8","2","img/house_4.png","img/house_6.png","1046.2999999523163","738.0999999046326","","1046.2999999523163,738.0999999046326","70","70,32","null","","null",""
"no-tradeoff-rwd","144","2318958","0.0-6.0-0.122","","","","","","","","4","4","8","img/house_2.png","img/house_3.png","813","3532.6999999284744","727.2000000476837","813,3532.6999999284744,727.2000000476837","74","74,13,32","null","","enter","3"
"no-tradeoff-rwd","145","2328472","0.0-6.0-0.123","","","","","","","","1","3","9","img/house_6.png","img/house_4.png","541.5","454.7000000476837","","541.5,454.7000000476837","70","70,32","null","","null",""
"no-tradeoff-rwd","146","2340665","0.0-6.0-0.124","","","","","","","","4","3","7","img/house_2.png","img/house_3.png","932.7999999523163","434.7999999523163","2728.899999976158","932.7999999523163,434.7999999523163,2728.899999976158","74","74,32,13","enter","3","null",""
"no-tradeoff-rwd","147","2350340","0.0-6.0-0.125","","","","","","","","4","2","6","img/house_6.png","img/house_4.png","645.6000000238419","636.3999999761581","","645.6000000238419,636.3999999761581","70","70,32","null","","null",""
"no-tradeoff-rwd","148","2362096","0.0-6.0-0.126","","","","","","","","1","3","7","img/house_2.png","img/house_3.png","899.8000000715256","2172.399999976158","519","899.8000000715256,2172.399999976158,519","70","70,13,32","null","","enter","4"
"no-tradeoff-rwd","149","2371687","0.0-6.0-0.127","","","","","","","","4","3","3","img/house_2.png","img/house_3.png","718.7999999523163","544.6999999284744","","718.7999999523163,544.6999999284744","74","74,32","null","","null",""
"no-tradeoff-rwd","150","2384709","0.0-6.0-0.128","","","","","","","","4","1","5","img/house_6.png","img/house_4.png","871.3999999761581","652.8999999761581","3315.2000000476837","871.3999999761581,652.8999999761581,3315.2000000476837","74","74,32,13","enter","3","null",""
"no-tradeoff-rwd","151","2394296","0.0-6.0-0.129","","","","","","","","4","2","1","img/house_6.png","img/house_4.png","928","516.5999999046326","","928,516.5999999046326","70","70,32","null","","null",""
"no-tradeoff-rwd","152","2407113","0.0-6.0-0.130","","","","","","","","1","1","1","img/house_2.png","img/house_3.png","830.9000000953674","3269.100000023842","470.39999997615814","830.9000000953674,3269.100000023842,470.39999997615814","70","70,13,32","null","","enter","6"
"no-tradeoff-rwd","153","2415281","0.0-6.0-0.131","","","","","","","","1","2","1","img/house_6.png","img/house_4.png","633.7000000476837","628.6000000238419","","633.7000000476837,628.6000000238419","74","74,32","null","","null",""
"no-tradeoff-rwd","154","2428578","0.0-6.0-0.132","","","","","","","","4","1","2","img/house_2.png","img/house_3.png","703.6000000238419","388.6999999284744","3843.100000023842","703.6000000238419,388.6999999284744,3843.100000023842","74","74,32,13","enter","3","null",""
"no-tradeoff-rwd","155","2438055","0.0-6.0-0.133","","","","","","","","1","1","3","img/house_2.png","img/house_3.png","741.5","410.90000009536743","","741.5,410.90000009536743","70","70,32","null","","null",""
"no-tradeoff-rwd","156","2450985","0.0-6.0-0.134","","","","","","","","1","1","1","img/house_6.png","img/house_4.png","612.3000000715256","3050.600000023842","819.3000000715256","612.3000000715256,3050.600000023842,819.3000000715256","74","74,13,32","null","","enter","4"
"no-tradeoff-rwd","157","2460690","0.0-6.0-0.135","","","","","","","","4","2","1","img/house_2.png","img/house_3.png","868.3999999761581","647.7999999523163","","868.3999999761581,647.7999999523163","70","70,32","null","","null",""
"no-tradeoff-rwd","158","2473128","0.0-6.0-0.136","","","","","","","","1","3","2","img/house_6.png","img/house_4.png","837.1000000238419","463.2999999523163","2934.600000023842","837.1000000238419,463.2999999523163,2934.600000023842","70","70,32,13","enter","3","null",""
"no-tradeoff-rwd","159","2482767","0.0-6.0-0.137","","","","","","","","1","2","4","img/house_2.png","img/house_3.png","878.0999999046326","568.6000000238419","","878.0999999046326,568.6000000238419","74","74,32","null","","null",""
"no-tradeoff-rwd","160","2497277","0.0-6.0-0.138","","","","","","","","4","3","3","img/house_6.png","img/house_4.png","649.8999999761581","5006.800000071526","431","649.8999999761581,5006.800000071526,431","70","70,13,32","null","","enter","6"
"no-tradeoff-rwd","161","2506923","0.0-6.0-0.139","","","","","","","","4","3","4","img/house_6.png","img/house_4.png","727.5","594.1000000238419","","727.5,594.1000000238419","74","74,32","null","","null",""
"no-tradeoff-rwd","162","2518536","0.0-6.0-0.140","","","","","","","","1","4","8","img/house_2.png","img/house_3.png","483.89999997615814","507.40000009536743","2043","483.89999997615814,507.40000009536743,2043","70","70,32,13","enter","3","null",""
"no-tradeoff-rwd","163","2528054","0.0-6.0-0.141","","","","","","","","4","4","8","img/house_2.png","img/house_3.png","714.8000000715256","450.39999997615814","","714.8000000715256,450.39999997615814","74","74,32","null","","null",""
"no-tradeoff-rwd","164","2540445","0.0-6.0-0.142","","","","","","","","1","7","8","img/house_2.png","img/house_3.png","743","2865.600000023842","460.7000000476837","743,2865.600000023842,460.7000000476837","70","70,13,32","null","","enter","6"
"no-tradeoff-rwd","165","2549929","0.0-6.0-0.143","","","","","","","","1","8","0","img/house_4.png","img/house_6.png","1002.1000000238419","415.60000002384186","","1002.1000000238419,415.60000002384186","70","70,32","null","","null",""
"no-tradeoff-rwd","166","2563023","0.0-6.0-0.144","","","","","","","","1","9","3","img/house_3.png","img/house_2.png","988.2999999523163","467.5","3557.600000023842","988.2999999523163,467.5,3557.600000023842","74","74,32,13","enter","5","null",""
"no-tradeoff-rwd","167","2572377","0.0-6.0-0.145","","","","","","","","4","6","9","img/house_6.png","img/house_4.png","1088.2999999523163","315.1999999284744","","1088.2999999523163,315.1999999284744","74","74,32","null","","null",""
"no-tradeoff-rwd","168","2585116","0.0-6.0-0.146","","","","","","","","1","6","4","img/house_2.png","img/house_3.png","1446.8999999761581","3160","486.7999999523163","1446.8999999761581,3160,486.7999999523163","74","74,13,32","null","","enter","3"
"no-tradeoff-rwd","169","2594377","0.0-6.0-0.147","","","","","","","","4","4","7","img/house_4.png","img/house_6.png","595.2000000476837","222.10000002384186","","595.2000000476837,222.10000002384186","74","74,32","null","","null",""
"no-tradeoff-rwd","170","2605079","0.0-6.0-0.148","","","","","","","","1","2","6","img/house_4.png","img/house_6.png","609.6000000238419","1134.1000000238419","2015","609.6000000238419,1134.1000000238419,2015","70","70,32,13","enter","4","null",""
"no-tradeoff-rwd","171","2614616","0.0-6.0-0.149","","","","","","","","4","2","2","img/house_3.png","img/house_2.png","584.1999999284744","487","","584.1999999284744,487","70","70,32","null","","null",""
"no-tradeoff-rwd","172","2628963","0.0-6.0-0.150","","","","","","","","1","1","3","img/house_4.png","img/house_6.png","800.3999999761581","4820.899999976158","459","800.3999999761581,4820.899999976158,459","74","74,13,32","null","","enter","6"
"no-tradeoff-rwd","173","2638521","0.0-6.0-0.151","","","","","","","","4","3","2","img/house_4.png","img/house_6.png","843.1000000238419","511.39999997615814","","843.1000000238419,511.39999997615814","70","70,32","null","","null",""
"no-tradeoff-rwd","174","2650460","0.0-6.0-0.152","","","","","","","","4","3","6","img/house_3.png","img/house_2.png","581.3000000715256","515","2361.0999999046326","581.3000000715256,515,2361.0999999046326","74","74,32,13","enter","4","null",""
"no-tradeoff-rwd","175","2659955","0.0-6.0-0.153","","","","","","","","4","2","4","img/house_3.png","img/house_2.png","626.2999999523163","441.5","","626.2999999523163,441.5","70","70,32","null","","null",""
"no-tradeoff-rwd","176","2673829","0.0-6.0-0.154","","","","","","","","1","0","5","img/house_3.png","img/house_2.png","930.2999999523163","4314.199999928474","503","930.2999999523163,4314.199999928474,503","70","70,13,32","null","","enter","7"
"no-tradeoff-rwd","177","2682840","0.0-6.0-0.155","","","","","","","","1","3","2","img/house_4.png","img/house_6.png","773.5","1476","","773.5,1476","70","70,32","null","","null",""
"no-tradeoff-rwd","178","2692982","0.0-6.0-0.156","","","","","","","","1","3","5","img/house_3.png","img/house_2.png","586.2000000476837","470.1999999284744","2132.7000000476837","586.2000000476837,470.1999999284744,2132.7000000476837","70","70,32,13","enter","4","null",""
"no-tradeoff-rwd","179","2701427","0.0-6.0-0.157","","","","","","","","4","8","9","img/house_3.png","img/house_2.png","725","899.1999999284744","","725,899.1999999284744","70","70,32","null","","null",""
"no-tradeoff-rwd","180","2713007","0.0-6.0-0.158","","","","","","","","4","6","6","img/house_4.png","img/house_6.png","917.1999999284744","2112.100000023842","407.1999999284744","917.1999999284744,2112.100000023842,407.1999999284744","74","74,13,32","null","","enter","4"
"no-tradeoff-rwd","181","2721812","0.0-6.0-0.159","","","","","","","","1","7","7","img/house_6.png","img/house_4.png","1062.2000000476837","1239.1999999284744","","1062.2000000476837,1239.1999999284744","70","70,32","null","","null",""
"no-tradeoff-rwd","182","2732139","0.0-6.0-0.160","","","","","","","","1","8","6","img/house_6.png","img/house_4.png","1343.7999999523163","710.0999999046326","2050","1343.7999999523163,710.0999999046326,2050","70","70,32,13","enter","4","null",""
"no-tradeoff-rwd","183","2740669","0.0-6.0-0.161","","","","","","","","4","6","7","img/house_4.png","img/house_6.png","758.8999999761581","983.1000000238419","","758.8999999761581,983.1000000238419","74","74,32","null","","null",""
"no-tradeoff-rwd","184","2751034","0.0-6.0-0.162","","","","","","","","4","7","5","img/house_6.png","img/house_4.png","770.6000000238419","1897.6000000238419","938.2999999523163","770.6000000238419,1897.6000000238419,938.2999999523163","74","74,13,32","null","","enter",""
"no-tradeoff-rwd","185","2760488","0.0-6.0-0.163","","","","","","","","1","6","5","img/house_2.png","img/house_3.png","607.8999999761581","399","","607.8999999761581,399","70","70,32","null","","null",""
"no-tradeoff-rwd","186","2771647","0.0-6.0-0.164","","","","","","","","1","5","5","img/house_6.png","img/house_4.png","707.7999999523163","1246.2999999523163","2352.899999976158","707.7999999523163,1246.2999999523163,2352.899999976158","70","70,32,13","enter","3","null",""
"no-tradeoff-rwd","187","2780256","0.0-6.0-0.165","","","","","","","","1","7","5","img/house_6.png","img/house_4.png","636.7999999523163","1078","","636.7999999523163,1078","74","74,32","null","","null",""
"no-tradeoff-rwd","188","2793216","0.0-6.0-0.166","","","","","","","","1","8","6","img/house_2.png","img/house_3.png","665.7000000476837","3170.399999976158","737.3000000715256","665.7000000476837,3170.399999976158,737.3000000715256","74","74,13,32","null","","enter",""
"no-tradeoff-rwd","189","2801857","0.0-6.0-0.167","","","","","","","","4","6","6","img/house_3.png","img/house_2.png","644.6000000238419","1091.7000000476837","","644.6000000238419,1091.7000000476837","70","70,32","null","","null",""
"no-tradeoff-rwd","190","2818780","0.0-6.0-0.168","","","","","","","","4","7","4","img/house_3.png","img/house_2.png","1214.1000000238419","444.09999990463257","7426.799999952316","1214.1000000238419,444.09999990463257,7426.799999952316","74","74,32,13","enter","7","null",""
"no-tradeoff-rwd","191","2828437","0.0-6.0-0.169","","","","","","","","4","4","6","img/house_2.png","img/house_3.png","694.1000000238419","606.7000000476837","","694.1000000238419,606.7000000476837","74","74,32","null","","null",""
"no-tradeoff-rwd","192","2843854","0.0-6.0-0.170","","","","","","","","1","3","6","img/house_2.png","img/house_3.png","1048.8999999761581","5882","491.89999997615814","1048.8999999761581,5882,491.89999997615814","70","70,13,32","null","","enter","0"
"no-tradeoff-rwd","193","2853507","0.0-6.0-0.171","","","","","","","","4","4","8","img/house_2.png","img/house_3.png","781.2999999523163","579.8000000715256","","781.2999999523163,579.8000000715256","74","74,32","null","","null",""
"no-tradeoff-rwd","194","2865867","0.0-6.0-0.172","","","","","","","","1","6","9","img/house_6.png","img/house_4.png","636.1999999284744","487.89999997615814","2828.899999976158","636.1999999284744,487.89999997615814,2828.899999976158","70","70,32,13","enter","4","null",""
"no-tradeoff-rwd","195","2874365","0.0-6.0-0.173","","","","","","","","4","5","9","img/house_6.png","img/house_4.png","786.1000000238419","934.7999999523163","","786.1000000238419,934.7999999523163","70","70,32","null","","null",""
"no-tradeoff-rwd","196","2886481","0.0-6.0-0.174","","","","","","","","1","6","7","img/house_2.png","img/house_3.png","553.7000000476837","3227.2000000476837","1347.6000000238419","553.7000000476837,3227.2000000476837,1347.6000000238419","74","74,13,32","null","","enter","2"
"no-tradeoff-rwd","197","2896073","0.0-6.0-0.175","","","","","","","","4","6","6","img/house_6.png","img/house_4.png","678.0999999046326","543.2000000476837","","678.0999999046326,543.2000000476837","74","74,32","null","","null",""
"no-tradeoff-rwd","198","2907888","0.0-6.0-0.176","","","","","","","","1","8","6","img/house_4.png","img/house_6.png","972.8999999761581","407.6999999284744","2347.7000000476837","972.8999999761581,407.6999999284744,2347.7000000476837","70","70,32,13","enter","5","null",""
"no-tradeoff-rwd","199","2917303","0.0-6.0-0.177","","","","","","","","1","7","9","img/house_6.png","img/house_4.png","552.7999999523163","371.10000002384186","","552.7999999523163,371.10000002384186","74","74,32","null","","null",""
"no-tradeoff-rwd","200","2928378","0.0-6.0-0.178","","","","","","","","4","7","7","img/house_3.png","img/house_2.png","1150.6000000238419","2274","1253.6999999284744","1150.6000000238419,2274,1253.6999999284744","74","74,13,32","null","","enter","0"
"no-tradeoff-rwd","201","2936634","0.0-6.0-0.179","","","","","","","","1","8","8","img/house_2.png","img/house_3.png","708.3999999761581","709.2000000476837","","708.3999999761581,709.2000000476837","74","74,32","null","","null",""
"no-tradeoff-rwd","202","2947166","0.0-6.0-0.180","","","","","","","","1","7","8","img/house_3.png","img/house_2.png","634.5","740.2999999523163","2232.399999976158","634.5,740.2999999523163,2232.399999976158","70","70,32,13","enter","5","null",""
"no-tradeoff-rwd","203","2956687","0.0-6.0-0.181","","","","","","","","4","6","2","img/house_6.png","img/house_4.png","564.5","471","","564.5,471","70","70,32","null","","null",""
"no-tradeoff-rwd","204","2971116","0.0-6.0-0.182","","","","","","","","1","3","5","img/house_3.png","img/house_2.png","482.7999999523163","4421.200000047684","952.5","482.7999999523163,4421.200000047684,952.5","74","74,13,32","null","","enter","0"
