"trial_type","trial_index","time_elapsed","internal_node_id","rt","stimulus","button_pressed","responses","key_press","view_history","correct","stakes","outcome","outcome_notreceived","choice_selected","choice_not_selected","rt_choice","rt_space","rt_certainty","all_rts","key_choice","all_keys","estimate_trial","estimate_val","certainty_trial","certainty_val"
"pavlovia","0","23","0.0-0.0","","","","","","","","","","","","","","","","","","","","","",""
"html-button-response","1","40798","0.0-1.0","40772.700000000186","<p style=""font-size:24px;font-weight:bold"">Consent</p><div class=""consent"" style=""text-align:left; border:1px solid; padding:10px; width:800px; font-size=100%, float:right""><p align=left>Thank you for signing up for this experiment!<p><p align=left>This experiment is being conducted by the California Institute of Technology (Caltech). The lead investigators are Sarah Tashjian, PhD and Dean Mobbs, PhD. This study has been approved by the Caltech Institutional Review Board for research ethics.<p><p align=left>The goal of this study is to understand learning processes. In this experiment, you will complete a task in which you will see images.<p><p align=left>At times, you will receive rewards and penalties. These earnings will determine your eligibility for a bonus payment, which will result in a real increase in your payment in this study.<p><p align=left>Your goal is to learn which images predict the most points. We will also ask how certain you are about your decisions throughout the task.<p><p align=left>This experiment will take approximately 1 hour to complete in its entirety.<p><p align=left><b>You will receive $9.00 for completing the experiment. <u>If you optimize decisions on at least 70% of trials, you will be eligible for a $100 bonus payment.</u></b><p><p align=left>This study involves minimal risk, meaning there will be no more risk than in daily life. Possible risks include physical discomfort/fatigue (eyestrain, tiredness), as well as psychological discomfort (e.g., potential boredom).<p><p align=left> Besides receiving payment, you will not benefit from this study.<p><p align=left><b>Any information that is obtained in connection with this study that can identify you will remain confidential. </b><p><p align=left>When the results of this study are reported, your identifying information will not be disclosed. Because this study is being conducted online, we are unable to fully eliminate the risk of a breach of confidentiality. However, to mitigate the chances of this occurring, we are using secure and confidential data collection systems.<p align=left>You may choose to withdraw from this study at any time and refuse to answer any questions without penalty. Also, you may choose not to participate in this study.<p><p align=left>You are <b>eligible</b> to participate if you (1) are 18-40 years old, (2) are fluent in English, (3) have healthy or corrected vision, (4) are not colorblind, and (5) have no difficulty controlling motor movements. <p><p align=left>If you do not meet these criteria, please exit the experiment now.<p><p align=center><b> If you meet these criteria and consent to participate, you must<br>indicate your consent by clicking the button below.<b></p>","0","","","","","","","","","","","","","","","","","","",""
"survey-text","2","60690","0.0-2.0-0.0","19887.89999999944","","","{""Q0"":""60fdbb17a7c84b1b5e8d696c"",""Q1"":""19"",""Q2"":""Female"",""Q3"":""Female""}","","","","","","","","","","","","","","","","","",""
"html-keyboard-response","3","63064","0.0-3.0","2371.5","<p>Welcome to the experiment!</p><p> You will play two games and answer a few questions.</p><p>Press the space bar to begin reading the instructions for the first game.</p>","","","32","","","","","","","","","","","","","","","","",""
"instructions","4","254198","0.0-4.0","191137.89999999944","","","","","[{""page_index"":0,""viewing_time"":63666.59999999963},{""page_index"":1,""viewing_time"":33343.90000000037},{""page_index"":2,""viewing_time"":12529},{""page_index"":3,""viewing_time"":24453.799999999814},{""page_index"":4,""viewing_time"":21192},{""page_index"":5,""viewing_time"":13689.599999999627},{""page_index"":6,""viewing_time"":12788.299999999814},{""page_index"":7,""viewing_time"":9473.700000000186}]","","","","","","","","","","","","","","","",""
"html-keyboard-response","5","256323","0.0-5.0-0.0","2122.5","<p style=""font-size:24px;font-weight:bold"">TEST QUESTION</p><p>Which letter should you press to select the red house on the left?</p><div class=group><table class=table_center><tr><td class=prompt colspan=2>Choose one</td></tr><tr style=""height: 300px;""><td style=""width: 300px;""><img id=""left"" src=img/house_1.png style=""zoom: 100%;""/></td><td style=""width: 300px;""><img id=""right"" src=img/house_5.png style=""zoom: 100%;""/></td></tr></table></div><br>","","","70","","true","","","","","","","","","","","","","","",""
"html-keyboard-response","6","259332","0.0-5.0-1.0","null","<p style=""font-size:36px;font-weight:bold"">Correct!</p><p> Remember, press ""F"" for left and ""J"" for right. </p>","","","null","","","","","","","","","","","","","","","","",""
"html-keyboard-response","7","262590","0.0-5.0-2.0","3255.5999999996275","<p style=""font-size:24px;font-weight:bold"">TEST QUESTION</p><p>Which letter should you press to select the blue house on the right?</p><div class=group><table class=table_center><tr><td class=prompt colspan=2>Choose one</td></tr><tr style=""height: 300px;""><td style=""width: 300px;""><img id=""left"" src=img/house_1.png style=""zoom: 100%;""/></td><td style=""width: 300px;""><img id=""right"" src=img/house_5.png style=""zoom: 100%;""/></td></tr></table></div><br>","","","74","","true","","","","","","","","","","","","","","",""
"html-keyboard-response","8","265593","0.0-5.0-3.0","null","<p style=""font-size:36px;font-weight:bold"">Correct!</p><p> Remember, press ""F"" for left and ""J"" for right. </p>","","","null","","","","","","","","","","","","","","","","",""
"html-keyboard-response","9","269681","0.0-5.0-4.0","4086.7000000001863","<p style=""font-size:24px;font-weight:bold"">TEST QUESTION</p><p>Type the number of the <b> maximum </b> amount of flames an elf can have</p>","","","57","","true","","","","","","","","","","","","","","",""
"html-keyboard-response","10","272690","0.0-5.0-5.0","null","<p style=""font-size:36px;font-weight:bold"">Correct!</p><p> Remember, elves can have 0 to 9 flames. </p>","","","null","","","","","","","","","","","","","","","","",""
"html-keyboard-response","11","277673","0.0-5.0-6.0","4980.299999999814","<p style=""font-size:24px;font-weight:bold"">TEST QUESTION</p><p>Remember, the same house always takes you to the same elf. </p><p>On this trial, select the house on the left by pressing ""F"".</p><div class=group><table class=table_center><tr><td class=prompt colspan=2>Choose one</td></tr><tr style=""height: 300px;""><td style=""width: 300px;""><img id=""left"" src=img/house_1.png style=""zoom: 100%;""/></td><td style=""width: 300px;""><img id=""right"" src=img/house_5.png style=""zoom: 100%;""/></td></tr></table></div><br>","","","70","","","","","","","","","","","","","","","","",""
"html-keyboard-response","12","289717","0.0-5.0-7.0","12043.099999999627","<p style=""font-size:24px;font-weight:bold"">TEST QUESTION</p><p>The red house took you to the yellow elf. </p><p> The yellow elf attacked you with 8 flames. </p><p> The most flames an elf can have is 9, so this is a bad outcome!</p><div class=group><table class=table_center><tr><td class=prompt colspan=3>You received</td></tr><tr style=""height: 300px;""><td><img src=img/elf_yellow.png style=""zoom: 100%;""/></td><td><img src=img/flames.png style=""zoom: 30%;""/></td><td class=prompt>x 8</td></tr></table></div><br><p> Press space to continue </p>","","","32","","","","","","","","","","","","","","","","",""
"html-keyboard-response","13","294606","0.0-5.0-8.0","4887","<p style=""font-size:24px;font-weight:bold"">TEST QUESTION</p><p>If you wanted to visit the <b> yellow elf </b> again, which house would you select?</p><div class=group><table class=table_center><tr><td class=prompt colspan=2>Choose one</td></tr><tr style=""height: 300px;""><td style=""width: 300px;""><img id=""left"" src=img/house_1.png style=""zoom: 100%;""/></td><td style=""width: 300px;""><img id=""right"" src=img/house_5.png style=""zoom: 100%;""/></td></tr></table></div><br>","","","70","","true","","","","","","","","","","","","","","",""
"html-keyboard-response","14","297611","0.0-5.0-9.0","null","<p style=""font-size:36px;font-weight:bold"">Correct!</p><p> Remember, the same house goes to the same elf. </p>","","","null","","","","","","","","","","","","","","","","",""
"html-keyboard-response","15","299909","0.0-5.0-10.0","2295","<p style=""font-size:24px;font-weight:bold"">TEST QUESTION</p><p>On this trial, select the house on the right by pressing ""J"".</p><div class=group><table class=table_center><tr><td class=prompt colspan=2>Choose one</td></tr><tr style=""height: 300px;""><td style=""width: 300px;""><img id=""left"" src=img/house_1.png style=""zoom: 100%;""/></td><td style=""width: 300px;""><img id=""right"" src=img/house_5.png style=""zoom: 100%;""/></td></tr></table></div><br>","","","74","","","","","","","","","","","","","","","","",""
"html-keyboard-response","16","309024","0.0-5.0-11.0","9113.400000000373","<p style=""font-size:24px;font-weight:bold"">TEST QUESTION</p><p>The blue house took you to the purple elf. </p><p> The purple elf only attacked you with 1 flame. </p><p> That is not very much and is a pretty good outcome!</p><div class=group><table class=table_center><tr><td class=prompt colspan=3>You received</td></tr><tr style=""height: 300px;""><td><img src=img/elf_purple.png style=""zoom: 100%;""/></td><td><img src=img/flames.png style=""zoom: 30%;""/></td><td class=prompt>x 1</td></tr></table></div><br><p> Press space to continue </p>","","","32","","","","","","","","","","","","","","","","",""
"html-keyboard-response","17","335794","0.0-5.0-12.0","26768.900000000373","<p style=""font-size:24px;font-weight:bold"">TEST QUESTION</p><p>Remember the yellow elf attacked with 8 flames and the purple elf only attacked with 1 flame. </p><p> Which elf would you try to visit next? </p><div class=group><table class=table_center><tr><td class=prompt colspan=2>Choose one</td></tr><tr style=""height: 300px;""><td style=""width: 300px;""><img id=""left"" src=img/elf_yellow.png style=""zoom: 100%;""/></td><td style=""width: 300px;""><img id=""right"" src=img/elf_purple.png style=""zoom: 100%;""/></td></tr></table></div><br>","","","74","","true","","","","","","","","","","","","","","",""
"html-keyboard-response","18","338801","0.0-5.0-13.0","null","<p style=""font-size:36px;font-weight:bold"">Correct!</p><p> Remember, you want to select the elf who attacked with the least flames.</p>","","","null","","","","","","","","","","","","","","","","",""
"html-keyboard-response","19","341129","0.0-5.0-14.0","2325.399999999441","<p style=""font-size:24px;font-weight:bold"">TEST QUESTION</p><p>To visit the purple elf, which house should you visit? </p><div class=group><table class=table_center><tr><td class=prompt colspan=2>Choose one</td></tr><tr style=""height: 300px;""><td style=""width: 300px;""><img id=""left"" src=img/house_1.png style=""zoom: 100%;""/></td><td style=""width: 300px;""><img id=""right"" src=img/house_5.png style=""zoom: 100%;""/></td></tr></table></div><br>","","","74","","true","","","","","","","","","","","","","","",""
"html-keyboard-response","20","342099","0.0-5.0-15.0","968.5","<p style=""font-size:36px;font-weight:bold"">Correct!</p><p>Remember, the same house goes to the same elf each time.</p>","","","32","","","","","","","","","","","","","","","","",""
"html-keyboard-response","21","343569","0.0-5.0-16.0","1468.5999999996275","<p style=""font-size:36px;font-weight:bold"">You are ready to play!</p><p>The houses and elves in the actual game will be different than the practice. </p><p> Press the space bar to start the game</p>","","","32","","","","","","","","","","","","","","","","",""
"no-tradeoff-rwd","22","348894","0.0-6.0-0.0","","","","","","","","4","0","","","","1811.2000000001863","","","1811.2000000001863","32","32","null","","null",""
"no-tradeoff-rwd","23","358894","0.0-6.0-0.1","","","","","","","","4","1","8","img/house_3.png","img/house_2.png","1161.0999999996275","961.5","","1161.0999999996275,961.5","70","70,32","null","","null",""
"no-tradeoff-rwd","24","379042","0.0-6.0-0.2","","","","","","","","1","4","1","img/house_6.png","img/house_4.png","1252.5","9497.200000000186","1606.8999999994412","1252.5,9497.200000000186,1606.8999999994412","74","74,13,32","null","","enter","5"
"no-tradeoff-rwd","25","388797","0.0-6.0-0.3","","","","","","","","4","2","6","img/house_3.png","img/house_2.png","983.6999999992549","708.3000000007451","","983.6999999992549,708.3000000007451","74","74,32","null","","null",""
"no-tradeoff-rwd","26","407445","0.0-6.0-0.4","","","","","","","","4","5","1","img/house_6.png","img/house_4.png","1135.7999999998137","735.5","8868.200000000186","1135.7999999998137,735.5,8868.200000000186","70","70,32,13","enter","2","null",""
"no-tradeoff-rwd","27","417042","0.0-6.0-0.5","","","","","","","","4","1","4","img/house_3.png","img/house_2.png","1044.6000000005588","561.9000000003725","","1044.6000000005588,561.9000000003725","74","74,32","null","","null",""
"no-tradeoff-rwd","28","430844","0.0-6.0-0.6","","","","","","","","1","0","4","img/house_3.png","img/house_2.png","1153.1000000005588","3926","846.2999999998137","1153.1000000005588,3926,846.2999999998137","74","74,13,32","null","","enter","8"
"no-tradeoff-rwd","29","440355","0.0-6.0-0.7","","","","","","","","1","3","5","img/house_3.png","img/house_2.png","1074.0999999996275","474.09999999962747","","1074.0999999996275,474.09999999962747","74","74,32","null","","null",""
"no-tradeoff-rwd","30","455111","0.0-6.0-0.8","","","","","","","","1","3","2","img/house_6.png","img/house_4.png","1211.3999999994412","541.9000000003725","5173.200000000186","1211.3999999994412,541.9000000003725,5173.200000000186","70","70,32,13","enter","5","null",""
"no-tradeoff-rwd","31","464638","0.0-6.0-0.9","","","","","","","","4","0","5","img/house_4.png","img/house_6.png","1187.2000000001863","484.29999999981374","","1187.2000000001863,484.29999999981374","74","74,32","null","","null",""
"no-tradeoff-rwd","32","478091","0.0-6.0-0.10","","","","","","","","1","0","8","img/house_3.png","img/house_2.png","1115.7999999998137","3907","504.30000000074506","1115.7999999998137,3907,504.30000000074506","74","74,13,32","null","","enter","8"
"no-tradeoff-rwd","33","488769","0.0-6.0-0.11","","","","","","","","4","0","6","img/house_3.png","img/house_2.png","757.7000000001863","1639.1000000005588","","757.7000000001863,1639.1000000005588","74","74,32","null","","null",""
"no-tradeoff-rwd","34","501254","0.0-6.0-0.12","","","","","","","","4","1","6","img/house_3.png","img/house_2.png","776.7000000001863","933.8999999994412","4008.399999999441","776.7000000001863,933.8999999994412,4008.399999999441","74","74,32,13","enter","0","null",""
"no-tradeoff-rwd","35","511001","0.0-6.0-0.13","","","","","","","","1","1","5","img/house_3.png","img/house_2.png","749.6999999992549","713.1000000005588","","749.6999999992549,713.1000000005588","74","74,32","null","","null",""
"no-tradeoff-rwd","36","523732","0.0-6.0-0.14","","","","","","","","1","2","4","img/house_3.png","img/house_2.png","733.9000000003725","3496","202.70000000018626","733.9000000003725,3496,202.70000000018626","74","74,13,32","null","","enter","9"
"no-tradeoff-rwd","37","531329","0.0-6.0-0.15","","","","","","","","1","2","5","img/house_6.png","img/house_4.png","1119.1000000005588","62.299999999813735","","1119.1000000005588,62.299999999813735","74","74,32","null","","null",""
"no-tradeoff-rwd","38","545899","0.0-6.0-0.16","","","","","","","","4","0","3","img/house_6.png","img/house_4.png","904.9000000003725","522.2000000001863","5019.899999999441","904.9000000003725,522.2000000001863,5019.899999999441","70","70,32,13","enter","3","null",""
"no-tradeoff-rwd","39","554329","0.0-6.0-0.17","","","","","","","","1","2","3","img/house_3.png","img/house_2.png","1073.4000000003725","898.7999999998137","","1073.4000000003725,898.7999999998137","70","70,32","null","","null",""
"no-tradeoff-rwd","40","568511","0.0-6.0-0.18","","","","","","","","4","5","2","img/house_3.png","img/house_2.png","1301.2999999998137","4688.199999999255","453.59999999962747","1301.2999999998137,4688.199999999255,453.59999999962747","70","70,13,32","null","","enter","9"
"no-tradeoff-rwd","41","576229","0.0-6.0-0.19","","","","","","","","4","5","3","img/house_4.png","img/house_6.png","1313.2999999998137","185.1000000005588","","1313.2999999998137,185.1000000005588","70","70,32","null","","null",""
"no-tradeoff-rwd","42","589903","0.0-6.0-0.20","","","","","","","","4","3","0","img/house_3.png","img/house_2.png","680.4000000003725","686.7000000001863","5453.699999999255","680.4000000003725,686.7000000001863,5453.699999999255","74","74,32,13","enter","5","null",""
"no-tradeoff-rwd","43","599557","0.0-6.0-0.21","","","","","","","","1","1","1","img/house_3.png","img/house_2.png","545.9000000003725","617.3000000007451","","545.9000000003725,617.3000000007451","74","74,32","null","","null",""
"no-tradeoff-rwd","44","613954","0.0-6.0-0.22","","","","","","","","4","3","1","img/house_4.png","img/house_6.png","981.2999999998137","4812.800000000745","539.7999999998137","981.2999999998137,4812.800000000745,539.7999999998137","70","70,13,32","null","","enter","5"
"no-tradeoff-rwd","45","623193","0.0-6.0-0.23","","","","","","","","4","2","0","img/house_3.png","img/house_2.png","1105","207","","1105,207","70","70,32","null","","null",""
"no-tradeoff-rwd","46","639115","0.0-6.0-0.24","","","","","","","","1","5","3","img/house_4.png","img/house_6.png","1167.9000000003725","494.69999999925494","6385.5999999996275","1167.9000000003725,494.69999999925494,6385.5999999996275","74","74,32,13","enter","3","null",""
"no-tradeoff-rwd","47","648806","0.0-6.0-0.25","","","","","","","","4","2","7","img/house_6.png","img/house_4.png","961.7000000001863","641.4000000003725","","961.7000000001863,641.4000000003725","70","70,32","null","","null",""
"no-tradeoff-rwd","48","661126","0.0-6.0-0.26","","","","","","","","4","1","4","img/house_6.png","img/house_4.png","1011.5999999996275","3415.7000000001863","1379.1000000005588","1011.5999999996275,3415.7000000001863,1379.1000000005588","70","70,13,32","null","","enter","6"
"no-tradeoff-rwd","49","670642","0.0-6.0-0.27","","","","","","","","4","2","1","img/house_3.png","img/house_2.png","903.6999999992549","485.80000000074506","","903.6999999992549,485.80000000074506","70","70,32","null","","null",""
"no-tradeoff-rwd","50","686400","0.0-6.0-0.28","","","","","","","","1","3","3","img/house_3.png","img/house_2.png","855.1999999992549","495.40000000037253","6222.899999999441","855.1999999992549,495.40000000037253,6222.899999999441","74","74,32,13","enter","5","null",""
"no-tradeoff-rwd","51","694569","0.0-6.0-0.29","","","","","","","","4","0","4","img/house_3.png","img/house_2.png","729.2999999998137","632.5999999996275","","729.2999999998137,632.5999999996275","70","70,32","null","","null",""
"no-tradeoff-rwd","52","709240","0.0-6.0-0.30","","","","","","","","1","5","1","img/house_6.png","img/house_4.png","842.1000000005588","5127","502.5","842.1000000005588,5127,502.5","70","70,13,32","null","","enter","7"
"no-tradeoff-rwd","53","717310","0.0-6.0-0.31","","","","","","","","4","1","7","img/house_3.png","img/house_2.png","720.5999999996275","540.8999999994412","","720.5999999996275,540.8999999994412","74","74,32","null","","null",""
"no-tradeoff-rwd","54","730756","0.0-6.0-0.32","","","","","","","","4","2","3","img/house_4.png","img/house_6.png","1026.7999999998137","512.3999999994412","3886.5","1026.7999999998137,512.3999999994412,3886.5","74","74,32,13","enter","3","null",""
"no-tradeoff-rwd","55","740265","0.0-6.0-0.33","","","","","","","","4","2","5","img/house_4.png","img/house_6.png","1088.2999999998137","467.5","","1088.2999999998137,467.5","70","70,32","null","","null",""
"no-tradeoff-rwd","56","753005","0.0-6.0-0.34","","","","","","","","1","5","4","img/house_6.png","img/house_4.png","876","3162.5999999996275","524.8000000007451","876,3162.5999999996275,524.8000000007451","74","74,13,32","null","","enter","5"
"no-tradeoff-rwd","57","762705","0.0-6.0-0.35","","","","","","","","4","4","6","img/house_6.png","img/house_4.png","826.7999999998137","662.7000000001863","","826.7999999998137,662.7000000001863","70","70,32","null","","null",""
"no-tradeoff-rwd","58","777461","0.0-6.0-0.36","","","","","","","","4","6","3","img/house_3.png","img/house_2.png","780.8999999994412","798.1000000005588","6422.199999999255","780.8999999994412,798.1000000005588,6422.199999999255","70","70,32,13","enter","0","null",""
"no-tradeoff-rwd","59","787014","0.0-6.0-0.37","","","","","","","","1","6","2","img/house_3.png","img/house_2.png","1159.2000000001863","511","","1159.2000000001863,511","74","74,32","null","","null",""
"no-tradeoff-rwd","60","800544","0.0-6.0-0.38","","","","","","","","4","5","0","img/house_4.png","img/house_6.png","1239.8999999994412","3981.7999999998137","512.7999999998137","1239.8999999994412,3981.7999999998137,512.7999999998137","74","74,13,32","null","","enter","7"
"no-tradeoff-rwd","61","810139","0.0-6.0-0.39","","","","","","","","1","7","2","img/house_3.png","img/house_2.png","953.5999999996275","552.5","","953.5999999996275,552.5","70","70,32","null","","null",""
"no-tradeoff-rwd","62","824578","0.0-6.0-0.40","","","","","","","","4","2","4","img/house_6.png","img/house_4.png","1254.2999999998137","473.29999999981374","4931.799999999814","1254.2999999998137,473.29999999981374,4931.799999999814","74","74,32,13","enter","4","null",""
"no-tradeoff-rwd","63","829071","0.0-6.0-0.41","","","","","","","","1","0","","","","968.2999999998137","","","968.2999999998137","32","32","null","","null",""
"no-tradeoff-rwd","64","841637","0.0-6.0-0.42","","","","","","","","1","1","1","img/house_6.png","img/house_4.png","745.7000000001863","3049.5","474.79999999981374","745.7000000001863,3049.5,474.79999999981374","70","70,13,32","null","","enter","4"
"no-tradeoff-rwd","65","851163","0.0-6.0-0.43","","","","","","","","4","2","1","img/house_2.png","img/house_3.png","1127.1000000005588","486.70000000018626","","1127.1000000005588,486.70000000018626","70","70,32","null","","null",""
"no-tradeoff-rwd","66","864439","0.0-6.0-0.44","","","","","","","","4","2","3","img/house_2.png","img/house_3.png","736.7000000001863","598.6999999992549","3645.2999999998137","736.7000000001863,598.6999999992549,3645.2999999998137","70","70,32,13","enter","2","null",""
"no-tradeoff-rwd","67","873891","0.0-6.0-0.45","","","","","","","","4","2","1","img/house_2.png","img/house_3.png","1187","417.1000000005588","","1187,417.1000000005588","74","74,32","null","","null",""
"no-tradeoff-rwd","68","886728","0.0-6.0-0.46","","","","","","","","4","3","3","img/house_6.png","img/house_4.png","1180.800000000745","3227.7000000001863","562","1180.800000000745,3227.7000000001863,562","70","70,13,32","null","","enter","8"
"no-tradeoff-rwd","69","896667","0.0-6.0-0.47","","","","","","","","1","4","0","img/house_6.png","img/house_4.png","1263.2000000001863","894","","1263.2000000001863,894","70","70,32","null","","null",""
"no-tradeoff-rwd","70","914218","0.0-6.0-0.48","","","","","","","","4","0","1","img/house_6.png","img/house_4.png","962.7000000001863","5151.0999999996275","3360.2999999998137","962.7000000001863,5151.0999999996275,3360.2999999998137","70","70,32,13","enter","2","null",""
"no-tradeoff-rwd","71","923846","0.0-6.0-0.49","","","","","","","","4","1","2","img/house_6.png","img/house_4.png","860","582.0999999996275","","860,582.0999999996275","70","70,32","null","","null",""
"no-tradeoff-rwd","72","937365","0.0-6.0-0.50","","","","","","","","4","3","1","img/house_2.png","img/house_3.png","753.7000000001863","4370.899999999441","111.19999999925494","753.7000000001863,4370.899999999441,111.19999999925494","74","74,13,32","null","","enter","8"
"no-tradeoff-rwd","73","945509","0.0-6.0-0.51","","","","","","","","1","1","2","img/house_2.png","img/house_3.png","956.2000000001863","615.5","","956.2000000001863,615.5","70","70,32","null","","null",""
"no-tradeoff-rwd","74","957639","0.0-6.0-0.52","","","","","","","","1","3","1","img/house_2.png","img/house_3.png","744.7999999998137","692","3907.7000000001863","744.7999999998137,692,3907.7000000001863","74","74,32,13","enter","2","null",""
"no-tradeoff-rwd","75","965818","0.0-6.0-0.53","","","","","","","","4","2","0","img/house_2.png","img/house_3.png","662.6000000005588","647.6000000005588","","662.6000000005588,647.6000000005588","70","70,32","null","","null",""
"no-tradeoff-rwd","76","979057","0.0-6.0-0.54","","","","","","","","4","2","1","img/house_2.png","img/house_3.png","623.5999999996275","4091","98.90000000037253","623.5999999996275,4091,98.90000000037253","74","74,13,32","null","","enter","9"
"no-tradeoff-rwd","77","988570","0.0-6.0-0.55","","","","","","","","1","5","1","img/house_6.png","img/house_4.png","1046.2999999998137","485.5","","1046.2999999998137,485.5","74","74,32","null","","null",""
"no-tradeoff-rwd","78","1002314","0.0-6.0-0.56","","","","","","","","1","4","3","img/house_2.png","img/house_3.png","887.7999999998137","489.29999999981374","4212","887.7999999998137,489.29999999981374,4212","74","74,32,13","enter","2","null",""
"no-tradeoff-rwd","79","1010017","0.0-6.0-0.57","","","","","","","","1","6","3","img/house_6.png","img/house_4.png","1351","177","","1351,177","70","70,32","null","","null",""
"no-tradeoff-rwd","80","1022202","0.0-6.0-0.58","","","","","","","","1","4","8","img/house_4.png","img/house_6.png","1148","3488.7000000001863","1162.0999999996275","1148,3488.7000000001863,1162.0999999996275","70","70,13,32","null","","enter","7"
"no-tradeoff-rwd","81","1030342","0.0-6.0-0.59","","","","","","","","4","3","7","img/house_4.png","img/house_6.png","663","610.6000000005588","","663,610.6000000005588","74","74,32","null","","null",""
"no-tradeoff-rwd","82","1041618","0.0-6.0-0.60","","","","","","","","4","2","5","img/house_3.png","img/house_2.png","815","1180.5","2562.899999999441","815,1180.5,2562.899999999441","74","74,32,13","enter","4","null",""
"no-tradeoff-rwd","83","1050067","0.0-6.0-0.61","","","","","","","","4","2","5","img/house_3.png","img/house_2.png","1112.7000000001863","917.2000000001863","","1112.7000000001863,917.2000000001863","74","74,32","null","","null",""
"no-tradeoff-rwd","84","1062766","0.0-6.0-0.62","","","","","","","","1","2","2","img/house_3.png","img/house_2.png","1295.6000000005588","4097.0999999996275","1058.9000000003725","1295.6000000005588,4097.0999999996275,1058.9000000003725","70","70,13,32","null","","enter","7"
"no-tradeoff-rwd","85","1071255","0.0-6.0-0.63","","","","","","","","4","1","3","img/house_4.png","img/house_6.png","633.7000000001863","951.5999999996275","","633.7000000001863,951.5999999996275","70","70,32","null","","null",""
"no-tradeoff-rwd","86","1084383","0.0-6.0-0.64","","","","","","","","1","1","1","img/house_3.png","img/house_2.png","1488.5","562.1000000005588","3536.2999999998137","1488.5,562.1000000005588,3536.2999999998137","70","70,32,13","enter","4","null",""
"no-tradeoff-rwd","87","1092832","0.0-6.0-0.65","","","","","","","","4","3","1","img/house_3.png","img/house_2.png","917.2999999998137","910.1000000005588","","917.2999999998137,910.1000000005588","74","74,32","null","","null",""
"no-tradeoff-rwd","88","1105248","0.0-6.0-0.66","","","","","","","","1","5","2","img/house_4.png","img/house_6.png","543.9000000003725","3654.199999999255","1236.2999999998137","543.9000000003725,3654.199999999255,1236.2999999998137","70","70,13,32","null","","enter","6"
"no-tradeoff-rwd","89","1112861","0.0-6.0-0.67","","","","","","","","4","3","6","img/house_6.png","img/house_4.png","986.5","91.8999999994412","","986.5,91.8999999994412","74","74,32","null","","null",""
"no-tradeoff-rwd","90","1126417","0.0-6.0-0.68","","","","","","","","4","6","4","img/house_3.png","img/house_2.png","997.2999999998137","61.60000000055879","4472.300000000745","997.2999999998137,61.60000000055879,4472.300000000745","70","70,32,13","enter","4","null",""
"no-tradeoff-rwd","91","1135988","0.0-6.0-0.69","","","","","","","","4","5","9","img/house_6.png","img/house_4.png","908","519.9000000003725","","908,519.9000000003725","70","70,32","null","","null",""
"no-tradeoff-rwd","92","1148213","0.0-6.0-0.70","","","","","","","","4","9","8","img/house_3.png","img/house_2.png","1003.4000000003725","3650.600000000559","1042.1000000005588","1003.4000000003725,3650.600000000559,1042.1000000005588","74","74,13,32","null","","enter","3"
"no-tradeoff-rwd","93","1157730","0.0-6.0-0.71","","","","","","","","4","8","8","img/house_4.png","img/house_6.png","1412.2000000001863","479.30000000074506","","1412.2000000001863,479.30000000074506","74","74,32","null","","null",""
"no-tradeoff-rwd","94","1170271","0.0-6.0-0.72","","","","","","","","4","6","7","img/house_2.png","img/house_3.png","990.0999999996275","477.70000000018626","3032.2000000001863","990.0999999996275,477.70000000018626,3032.2000000001863","70","70,32,13","enter","7","null",""
"no-tradeoff-rwd","95","1178660","0.0-6.0-0.73","","","","","","","","1","4","9","img/house_3.png","img/house_2.png","607.7999999998137","856.5","","607.7999999998137,856.5","74","74,32","null","","null",""
"no-tradeoff-rwd","96","1191054","0.0-6.0-0.74","","","","","","","","4","4","7","img/house_4.png","img/house_6.png","934.5","2936.2000000001863","417.59999999962747","934.5,2936.2000000001863,417.59999999962747","70","70,13,32","null","","enter","5"
"no-tradeoff-rwd","97","1199263","0.0-6.0-0.75","","","","","","","","1","2","6","img/house_3.png","img/house_2.png","581.2999999998137","672.0999999996275","","581.2999999998137,672.0999999996275","74","74,32","null","","null",""
"no-tradeoff-rwd","98","1210409","0.0-6.0-0.76","","","","","","","","4","1","3","img/house_4.png","img/house_6.png","697.7999999998137","207.5","3408.7000000001863","697.7999999998137,207.5,3408.7000000001863","74","74,32,13","enter","4","null",""
"no-tradeoff-rwd","99","1219901","0.0-6.0-0.77","","","","","","","","1","2","3","img/house_4.png","img/house_6.png","689.5999999996275","455.1000000005588","","689.5999999996275,455.1000000005588","70","70,32","null","","null",""
"no-tradeoff-rwd","100","1238225","0.0-6.0-0.78","","","","","","","","1","4","0","img/house_3.png","img/house_2.png","1389.800000000745","3325.5999999996275","5960.5","1389.800000000745,3325.5999999996275,5960.5","70","70,13,32","null","","enter","7"
"no-tradeoff-rwd","101","1242788","0.0-6.0-0.79","","","","","","","","1","0","","","","1040.9000000003725","","","1040.9000000003725","32","32","null","","null",""
"no-tradeoff-rwd","102","1255038","0.0-6.0-0.80","","","","","","","","1","4","1","img/house_4.png","img/house_6.png","1041.6000000005588","464","2739.600000000559","1041.6000000005588,464,2739.600000000559","70","70,32,13","enter","5","null",""
"no-tradeoff-rwd","103","1264113","0.0-6.0-0.81","","","","","","","","1","1","0","img/house_3.png","img/house_2.png","669.8999999994412","38.89999999944121","","669.8999999994412,38.89999999944121","70","70,32","null","","null",""
"no-tradeoff-rwd","104","1276826","0.0-6.0-0.82","","","","","","","","1","1","0","img/house_3.png","img/house_2.png","617.5","3924.7000000001863","1260.1000000005588","617.5,3924.7000000001863,1260.1000000005588","74","74,13,32","null","","enter","7"
"no-tradeoff-rwd","105","1286354","0.0-6.0-0.83","","","","","","","","4","1","0","img/house_3.png","img/house_2.png","1085.9000000003725","485.69999999925494","","1085.9000000003725,485.69999999925494","70","70,32","null","","null",""
"no-tradeoff-rwd","106","1298891","0.0-6.0-0.84","","","","","","","","4","4","5","img/house_4.png","img/house_6.png","698","473.59999999962747","3017.5","698,473.59999999962747,3017.5","74","74,32,13","enter","3","null",""
"no-tradeoff-rwd","107","1306822","0.0-6.0-0.85","","","","","","","","1","5","1","img/house_4.png","img/house_6.png","657","393.90000000037253","","657,393.90000000037253","70","70,32","null","","null",""
"no-tradeoff-rwd","108","1319721","0.0-6.0-0.86","","","","","","","","4","1","6","img/house_6.png","img/house_4.png","733.8999999994412","4331.5","828.3999999994412","733.8999999994412,4331.5,828.3999999994412","70","70,13,32","null","","enter","6"
"no-tradeoff-rwd","109","1328280","0.0-6.0-0.87","","","","","","","","4","6","2","img/house_3.png","img/house_2.png","1149","1033.6000000005588","","1149,1033.6000000005588","70","70,32","null","","null",""
"no-tradeoff-rwd","110","1339998","0.0-6.0-0.88","","","","","","","","4","2","4","img/house_2.png","img/house_3.png","631.3000000007451","842.7999999998137","3343.899999999441","631.3000000007451,842.7999999998137,3343.899999999441","74","74,32,13","enter","3","null",""
"no-tradeoff-rwd","111","1347917","0.0-6.0-0.89","","","","","","","","1","0","9","img/house_6.png","img/house_4.png","641.2000000001863","381.8999999994412","","641.2000000001863,381.8999999994412","70","70,32","null","","null",""
"no-tradeoff-rwd","112","1359945","0.0-6.0-0.90","","","","","","","","1","0","7","img/house_6.png","img/house_4.png","685.8999999994412","3489.9000000003725","1003.6000000005588","685.8999999994412,3489.9000000003725,1003.6000000005588","70","70,13,32","null","","enter","7"
"no-tradeoff-rwd","113","1368031","0.0-6.0-0.91","","","","","","","","4","1","8","img/house_2.png","img/house_3.png","916.1000000005588","560.0999999996275","","916.1000000005588,560.0999999996275","70","70,32","null","","null",""
"no-tradeoff-rwd","114","1381757","0.0-6.0-0.92","","","","","","","","1","2","5","img/house_2.png","img/house_3.png","609.5999999996275","471.79999999981374","4214.100000000559","609.5999999996275,471.79999999981374,4214.100000000559","70","70,32,13","enter","4","null",""
"no-tradeoff-rwd","115","1391259","0.0-6.0-0.93","","","","","","","","1","3","6","img/house_2.png","img/house_3.png","540.7999999998137","462.59999999962747","","540.7999999998137,462.59999999962747","70","70,32","null","","null",""
"no-tradeoff-rwd","116","1402680","0.0-6.0-0.94","","","","","","","","4","7","6","img/house_6.png","img/house_4.png","656.8999999994412","2642.5","1248.5999999996275","656.8999999994412,2642.5,1248.5999999996275","74","74,13,32","null","","enter","7"
"no-tradeoff-rwd","117","1412354","0.0-6.0-0.95","","","","","","","","1","8","7","img/house_2.png","img/house_3.png","598.0999999996275","627.4000000003725","","598.0999999996275,627.4000000003725","74","74,32","null","","null",""
"no-tradeoff-rwd","118","1424297","0.0-6.0-0.96","","","","","","","","4","8","5","img/house_3.png","img/house_2.png","765.4000000003725","400.59999999962747","4006.7999999998137","765.4000000003725,400.59999999962747,4006.7999999998137","74","74,32,13","enter","1","null",""
"no-tradeoff-rwd","119","1434692","0.0-6.0-0.97","","","","","","","","1","9","8","img/house_4.png","img/house_6.png","1050.5","1363","","1050.5,1363","70","70,32","null","","null",""
"no-tradeoff-rwd","120","1445619","0.0-6.0-0.98","","","","","","","","4","9","8","img/house_6.png","img/house_4.png","998.9000000003725","2462","921.2000000001863","998.9000000003725,2462,921.2000000001863","74","74,13,32","null","","enter","4"
"no-tradeoff-rwd","121","1454249","0.0-6.0-0.99","","","","","","","","1","8","4","img/house_4.png","img/house_6.png","647.8000000007451","1098.2000000001863","","647.8000000007451,1098.2000000001863","70","70,32","null","","null",""
"no-tradeoff-rwd","122","1465437","0.0-6.0-0.100","","","","","","","","1","8","4","img/house_3.png","img/house_2.png","961.8999999994412","9.5","3642.100000000559","961.8999999994412,9.5,3642.100000000559","70","70,32,13","enter","8","null",""
"no-tradeoff-rwd","123","1473660","0.0-6.0-0.101","","","","","","","","4","7","1","img/house_3.png","img/house_2.png","770.0999999996275","692.2999999998137","","770.0999999996275,692.2999999998137","70","70,32","null","","null",""
"no-tradeoff-rwd","124","1485165","0.0-6.0-0.102","","","","","","","","4","1","7","img/house_6.png","img/house_4.png","1076","3182.2999999998137","790.5999999996275","1076,3182.2999999998137,790.5999999996275","74","74,13,32","null","","enter","2"
"no-tradeoff-rwd","125","1493950","0.0-6.0-0.103","","","","","","","","1","1","4","img/house_2.png","img/house_3.png","691.5","1245.6000000005588","","691.5,1245.6000000005588","70","70,32","null","","null",""
"no-tradeoff-rwd","126","1504809","0.0-6.0-0.104","","","","","","","","1","4","4","img/house_6.png","img/house_4.png","915.4000000003725","673.2000000001863","2657.2999999998137","915.4000000003725,673.2000000001863,2657.2999999998137","74","74,32,13","enter","3","null",""
"no-tradeoff-rwd","127","1513106","0.0-6.0-0.105","","","","","","","","1","6","1","img/house_6.png","img/house_4.png","784.7000000001863","761.9000000003725","","784.7000000001863,761.9000000003725","74","74,32","null","","null",""
"no-tradeoff-rwd","128","1526675","0.0-6.0-0.106","","","","","","","","1","1","6","img/house_4.png","img/house_6.png","607.1000000005588","4975.5999999996275","1051.5999999996275","607.1000000005588,4975.5999999996275,1051.5999999996275","74","74,13,32","null","","enter","7"
"no-tradeoff-rwd","129","1536239","0.0-6.0-0.107","","","","","","","","1","5","0","img/house_2.png","img/house_3.png","1178.0999999996275","531.7999999998137","","1178.0999999996275,531.7999999998137","74","74,32","null","","null",""
"no-tradeoff-rwd","130","1546898","0.0-6.0-0.108","","","","","","","","1","6","0","img/house_6.png","img/house_4.png","1004.0999999996275","215.6000000005588","2899.5999999996275","1004.0999999996275,215.6000000005588,2899.5999999996275","70","70,32,13","enter","4","null",""
"no-tradeoff-rwd","131","1554614","0.0-6.0-0.109","","","","","","","","4","3","6","img/house_3.png","img/house_2.png","764.7999999998137","187.70000000018626","","764.7999999998137,187.70000000018626","70","70,32","null","","null",""
"no-tradeoff-rwd","132","1565352","0.0-6.0-0.110","","","","","","","","4","3","3","img/house_6.png","img/house_4.png","1081.2000000001863","2271.7000000001863","934.7000000001863","1081.2000000001863,2271.7000000001863,934.7000000001863","74","74,13,32","null","","enter","3"
"no-tradeoff-rwd","133","1572969","0.0-6.0-0.111","","","","","","","","1","4","8","img/house_2.png","img/house_3.png","603.3000000007451","76.69999999925494","","603.3000000007451,76.69999999925494","70","70,32","null","","null",""
"no-tradeoff-rwd","134","1578669","0.0-6.0-0.112","","","","","","","","4","0","","","","2183.7999999998137","","","2183.7999999998137","32","32","null","","null",""
"no-tradeoff-rwd","135","1587133","0.0-6.0-0.113","","","","","","","","1","4","8","img/house_6.png","img/house_4.png","756.8000000007451","934.0999999996275","","756.8000000007451,934.0999999996275","74","74,32","null","","null",""
"no-tradeoff-rwd","136","1598121","0.0-6.0-0.114","","","","","","","","1","8","2","img/house_4.png","img/house_6.png","552.7000000001863","2686.4000000003725","760.5","552.7000000001863,2686.4000000003725,760.5","70","70,13,32","null","","enter","6"
"no-tradeoff-rwd","137","1606637","0.0-6.0-0.115","","","","","","","","4","2","4","img/house_2.png","img/house_3.png","1394.5999999996275","998.6000000005588","","1394.5999999996275,998.6000000005588","74","74,32","null","","null",""
"no-tradeoff-rwd","138","1618020","0.0-6.0-0.116","","","","","","","","4","7","2","img/house_3.png","img/house_2.png","873.0999999996275","863.5","2988.0999999996275","873.0999999996275,863.5,2988.0999999996275","70","70,32,13","enter","4","null",""
"no-tradeoff-rwd","139","1626966","0.0-6.0-0.117","","","","","","","","4","4","3","img/house_4.png","img/house_6.png","974.2000000001863","1415.2000000001863","","974.2000000001863,1415.2000000001863","74","74,32","null","","null",""
"no-tradeoff-rwd","140","1639050","0.0-6.0-0.118","","","","","","","","1","6","1","img/house_6.png","img/house_4.png","759.1000000005588","3615.199999999255","938.9000000003725","759.1000000005588,3615.199999999255,938.9000000003725","70","70,13,32","null","","enter","2"
"no-tradeoff-rwd","141","1647470","0.0-6.0-0.119","","","","","","","","4","1","7","img/house_3.png","img/house_2.png","1235.2999999998137","888.0999999996275","","1235.2999999998137,888.0999999996275","70","70,32","null","","null",""
"no-tradeoff-rwd","142","1657615","0.0-6.0-0.120","","","","","","","","1","5","2","img/house_6.png","img/house_4.png","673.4000000003725","115.29999999888241","2502.2000000011176","673.4000000003725,115.29999999888241,2502.2000000011176","70","70,32,13","enter","3","null",""
"no-tradeoff-rwd","143","1670954","0.0-6.0-0.121","","","","","","","","4","4","6","img/house_3.png","img/house_2.png","557.4000000003725","4304.5","","557.4000000003725,4304.5","70","70,32","null","","null",""
"no-tradeoff-rwd","144","1683521","0.0-6.0-0.122","","","","","","","","1","8","1","img/house_6.png","img/house_4.png","749.1000000014901","4196.0999999996275","831.7999999988824","749.1000000014901,4196.0999999996275,831.7999999988824","70","70,13,32","null","","enter","5"
"no-tradeoff-rwd","145","1691216","0.0-6.0-0.123","","","","","","","","1","0","9","img/house_3.png","img/house_2.png","1241.2999999988824","160.30000000074506","","1241.2999999988824,160.30000000074506","74","74,32","null","","null",""
"no-tradeoff-rwd","146","1702300","0.0-6.0-0.124","","","","","","","","4","1","8","img/house_4.png","img/house_6.png","608.8000000007451","604.1999999992549","2942.800000000745","608.8000000007451,604.1999999992549,2942.800000000745","74","74,32,13","enter","2","null",""
"no-tradeoff-rwd","147","1709865","0.0-6.0-0.125","","","","","","","","4","1","7","img/house_4.png","img/house_6.png","772.3000000007451","28.799999998882413","","772.3000000007451,28.799999998882413","74","74,32","null","","null",""
"no-tradeoff-rwd","148","1721433","0.0-6.0-0.126","","","","","","","","4","0","6","img/house_3.png","img/house_2.png","499.40000000037253","3329.0999999996275","715.3000000007451","499.40000000037253,3329.0999999996275,715.3000000007451","74","74,13,32","null","","enter","7"
"no-tradeoff-rwd","149","1729904","0.0-6.0-0.127","","","","","","","","4","1","4","img/house_3.png","img/house_2.png","635.5999999996275","934.5999999996275","","635.5999999996275,934.5999999996275","74","74,32","null","","null",""
"no-tradeoff-rwd","150","1742130","0.0-6.0-0.128","","","","","","","","1","1","5","img/house_4.png","img/house_6.png","887.0999999996275","164.59999999962747","3016.39999999851","887.0999999996275,164.59999999962747,3016.39999999851","74","74,32,13","enter","2","null",""
"no-tradeoff-rwd","151","1750478","0.0-6.0-0.129","","","","","","","","4","4","3","img/house_3.png","img/house_2.png","1006.5999999996275","812.8000000007451","","1006.5999999996275,812.8000000007451","74","74,32","null","","null",""
"no-tradeoff-rwd","152","1761282","0.0-6.0-0.130","","","","","","","","1","3","3","img/house_3.png","img/house_2.png","688.6999999992549","2567.5","701.3000000007451","688.6999999992549,2567.5,701.3000000007451","70","70,13,32","null","","enter","8"
"no-tradeoff-rwd","153","1770508","0.0-6.0-0.131","","","","","","","","1","2","2","img/house_4.png","img/house_6.png","559","190","","559,190","70","70,32","null","","null",""
"no-tradeoff-rwd","154","1781598","0.0-6.0-0.132","","","","","","","","4","2","3","img/house_4.png","img/house_6.png","603.4000000003725","612.3000000007451","2933","603.4000000003725,612.3000000007451,2933","74","74,32,13","enter","1","null",""
"no-tradeoff-rwd","155","1789666","0.0-6.0-0.133","","","","","","","","1","4","0","img/house_3.png","img/house_2.png","711.7000000011176","529","","711.7000000011176,529","74","74,32","null","","null",""
"no-tradeoff-rwd","156","1800501","0.0-6.0-0.134","","","","","","","","4","7","1","img/house_3.png","img/house_2.png","701.5","2671.5","625.9000000003725","701.5,2671.5,625.9000000003725","70","70,13,32","null","","enter","7"
"no-tradeoff-rwd","157","1808708","0.0-6.0-0.135","","","","","","","","1","3","8","img/house_2.png","img/house_3.png","886.0999999996275","663.0999999996275","","886.0999999996275,663.0999999996275","70","70,32","null","","null",""
"no-tradeoff-rwd","158","1822497","0.0-6.0-0.136","","","","","","","","1","3","8","img/house_2.png","img/house_3.png","1026.5","470.30000000074506","4288.699999999255","1026.5,470.30000000074506,4288.699999999255","70","70,32,13","enter","4","null",""
"no-tradeoff-rwd","159","1830894","0.0-6.0-0.137","","","","","","","","1","6","6","img/house_4.png","img/house_6.png","486.19999999925494","870.3000000007451","","486.19999999925494,870.3000000007451","74","74,32","null","","null",""
"no-tradeoff-rwd","160","1842168","0.0-6.0-0.138","","","","","","","","1","4","9","img/house_6.png","img/house_4.png","728.2000000011176","2868.4000000003725","871.9000000003725","728.2000000011176,2868.4000000003725,871.9000000003725","74","74,13,32","null","","enter","7"
"no-tradeoff-rwd","161","1852724","0.0-6.0-0.139","","","","","","","","4","2","8","img/house_6.png","img/house_4.png","608.5999999996275","1507.199999999255","","608.5999999996275,1507.199999999255","70","70,32","null","","null",""
"no-tradeoff-rwd","162","1864378","0.0-6.0-0.140","","","","","","","","4","1","6","img/house_2.png","img/house_3.png","762.5999999996275","126.59999999962747","3988.9000000003725","762.5999999996275,126.59999999962747,3988.9000000003725","70","70,32,13","enter","2","null",""
"no-tradeoff-rwd","163","1872629","0.0-6.0-0.141","","","","","","","","4","5","8","img/house_2.png","img/house_3.png","754.1999999992549","720.3000000007451","","754.1999999992549,720.3000000007451","70","70,32","null","","null",""
"no-tradeoff-rwd","164","1883478","0.0-6.0-0.142","","","","","","","","4","8","8","img/house_2.png","img/house_3.png","782.5","2575.7000000011176","730.6999999992549","782.5,2575.7000000011176,730.6999999992549","74","74,13,32","null","","enter","6"
"no-tradeoff-rwd","165","1891058","0.0-6.0-0.143","","","","","","","","1","4","8","img/house_3.png","img/house_2.png","1121","48.09999999962747","","1121,48.09999999962747","74","74,32","null","","null",""
"no-tradeoff-rwd","166","1902425","0.0-6.0-0.144","","","","","","","","1","3","8","img/house_3.png","img/house_2.png","762.5","787.8000000007451","3046","762.5,787.8000000007451,3046","74","74,32,13","enter","4","null",""
"no-tradeoff-rwd","167","1910303","0.0-6.0-0.145","","","","","","","","4","3","7","img/house_3.png","img/house_2.png","642.5999999996275","344.90000000037253","","642.5999999996275,344.90000000037253","70","70,32","null","","null",""
"no-tradeoff-rwd","168","1924189","0.0-6.0-0.146","","","","","","","","4","6","6","img/house_4.png","img/house_6.png","1069.699999999255","5549.199999999255","797.7000000011176","1069.699999999255,5549.199999999255,797.7000000011176","74","74,13,32","null","","enter","4"
"no-tradeoff-rwd","169","1933830","0.0-6.0-0.147","","","","","","","","1","7","7","img/house_6.png","img/house_4.png","1056","590.1999999992549","","1056,590.1999999992549","70","70,32","null","","null",""
"no-tradeoff-rwd","170","1946988","0.0-6.0-0.148","","","","","","","","1","4","7","img/house_4.png","img/house_6.png","561.5","1147.4000000003725","61.5","561.5,1147.4000000003725,61.5,5564.799999998882","74","74,70,32,13","enter","5","null",""
"no-tradeoff-rwd","171","1954718","0.0-6.0-0.149","","","","","","","","4","4","5","img/house_4.png","img/house_6.png","847.1999999992549","191.09999999962747","","847.1999999992549,191.09999999962747","70","70,32","null","","null",""
"no-tradeoff-rwd","172","1966213","0.0-6.0-0.150","","","","","","","","4","4","6","img/house_4.png","img/house_6.png","782.9000000003725","3029.699999999255","928.0999999996275","782.9000000003725,3029.699999999255,928.0999999996275","70","70,13,32","null","","enter","6"
"no-tradeoff-rwd","173","1974476","0.0-6.0-0.151","","","","","","","","1","6","4","img/house_4.png","img/house_6.png","885.8000000007451","729.4000000003725","","885.8000000007451,729.4000000003725","74","74,32","null","","null",""
"no-tradeoff-rwd","174","1978832","0.0-6.0-0.152","","","","","","","","1","0","","","","844.1999999992549","","","844.1999999992549","32","32","null","","null",""
"no-tradeoff-rwd","175","1986541","0.0-6.0-0.153","","","","","","","","4","3","9","img/house_6.png","img/house_4.png","1297","168.2000000011176","","1297,168.2000000011176","70","70,32","null","","null",""
"no-tradeoff-rwd","176","1997846","0.0-6.0-0.154","","","","","","","","1","8","2","img/house_3.png","img/house_2.png","695.4000000003725","3076.5999999996275","684.1999999992549","695.4000000003725,3076.5999999996275,684.1999999992549","70","70,13,32","null","","enter","7"
"no-tradeoff-rwd","177","2006399","0.0-6.0-0.155","","","","","","","","4","2","8","img/house_6.png","img/house_4.png","999","1026.5","","999,1026.5","70","70,32","null","","null",""
"no-tradeoff-rwd","178","2016820","0.0-6.0-0.156","","","","","","","","1","4","6","img/house_2.png","img/house_3.png","1277.5999999996275","87.90000000037253","2795.5","1277.5999999996275,87.90000000037253,2795.5","70","70,32,13","enter","3","null",""
"no-tradeoff-rwd","179","2026372","0.0-6.0-0.157","","","","","","","","1","1","6","img/house_2.png","img/house_3.png","1082.699999999255","503.09999999962747","","1082.699999999255,503.09999999962747","74","74,32","null","","null",""
"no-tradeoff-rwd","180","2044517","0.0-6.0-0.158","","","","","","","","1","2","6","img/house_2.png","img/house_3.png","641.4000000003725","9695.39999999851","927.2999999988824","641.4000000003725,9695.39999999851,927.2999999988824","74","74,13,32","null","","enter","8"
"no-tradeoff-rwd","181","2054260","0.0-6.0-0.159","","","","","","","","1","3","5","img/house_2.png","img/house_3.png","1150","703.3000000007451","","1150,703.3000000007451","74","74,32","null","","null",""
"no-tradeoff-rwd","182","2067905","0.0-6.0-0.160","","","","","","","","1","4","2","img/house_4.png","img/house_6.png","969.1999999992549","936.4000000003725","5175.299999998882","969.1999999992549,936.4000000003725,5175.299999998882","70","70,32,13","enter","5","null",""
"no-tradeoff-rwd","183","2077663","0.0-6.0-0.161","","","","","","","","4","0","1","img/house_2.png","img/house_3.png","848.6000000014901","711","","848.6000000014901,711","74","74,32","null","","null",""
"no-tradeoff-rwd","184","2137511","0.0-6.0-0.162","","","","","","","","1","1","1","img/house_6.png","img/house_4.png","456.90000000037253","50288.300000000745","522.5","456.90000000037253,50288.300000000745,522.5","70","70,13,32","null","","enter","4"
"no-tradeoff-rwd","185","2147225","0.0-6.0-0.163","","","","","","","","4","1","1","img/house_2.png","img/house_3.png","980.0999999996275","673.5","","980.0999999996275,673.5","74","74,32","null","","null",""
"no-tradeoff-rwd","186","2162938","0.0-6.0-0.164","","","","","","","","1","2","1","img/house_4.png","img/house_6.png","617.4000000003725","946.7999999988824","5736.5","617.4000000003725,946.7999999988824,5736.5","70","70,32,13","enter","4","null",""
