"trial_type","trial_index","time_elapsed","internal_node_id","rt","stimulus","button_pressed","responses","key_press","view_history","correct","stakes","outcome","outcome_notreceived","choice_selected","choice_not_selected","rt_choice","rt_space","rt_certainty","all_rts","key_choice","all_keys","estimate_trial","estimate_val","certainty_trial","certainty_val"
"pavlovia","0","31","0.0-0.0","","","","","","","","","","","","","","","","","","","","","",""
"html-button-response","1","41184","0.0-1.0","41151.20000000298","<p style=""font-size:24px;font-weight:bold"">Consent</p><div class=""consent"" style=""text-align:left; border:1px solid; padding:10px; width:800px; font-size=100%, float:right""><p align=left>Thank you for signing up for this experiment!<p><p align=left>This experiment is being conducted by the California Institute of Technology (Caltech). The lead investigators are Sarah Tashjian, PhD and Dean Mobbs, PhD. This study has been approved by the Caltech Institutional Review Board for research ethics.<p><p align=left>The goal of this study is to understand learning processes. In this experiment, you will complete a task in which you will see images.<p><p align=left>At times, you will receive rewards and penalties. These earnings will determine your eligibility for a bonus payment, which will result in a real increase in your payment in this study.<p><p align=left>Your goal is to learn which images predict the most points. We will also ask how certain you are about your decisions throughout the task.<p><p align=left>This experiment will take approximately 1 hour to complete in its entirety.<p><p align=left><b>You will receive $9.00 for completing the experiment. <u>If you optimize decisions on at least 70% of trials, you will be eligible for a $100 bonus payment.</u></b><p><p align=left>This study involves minimal risk, meaning there will be no more risk than in daily life. Possible risks include physical discomfort/fatigue (eyestrain, tiredness), as well as psychological discomfort (e.g., potential boredom).<p><p align=left> Besides receiving payment, you will not benefit from this study.<p><p align=left><b>Any information that is obtained in connection with this study that can identify you will remain confidential. </b><p><p align=left>When the results of this study are reported, your identifying information will not be disclosed. Because this study is being conducted online, we are unable to fully eliminate the risk of a breach of confidentiality. However, to mitigate the chances of this occurring, we are using secure and confidential data collection systems.<p align=left>You may choose to withdraw from this study at any time and refuse to answer any questions without penalty. Also, you may choose not to participate in this study.<p><p align=left>You are <b>eligible</b> to participate if you (1) are 18-40 years old, (2) are fluent in English, (3) have healthy or corrected vision, (4) are not colorblind, and (5) have no difficulty controlling motor movements. <p><p align=left>If you do not meet these criteria, please exit the experiment now.<p><p align=center><b> If you meet these criteria and consent to participate, you must<br>indicate your consent by clicking the button below.<b></p>","0","","","","","","","","","","","","","","","","","","",""
"survey-text","2","57821","0.0-2.0-0.0","16630.59999999404","","","{""Q0"":""60fd1b111c4d758d6f2b6bf1"",""Q1"":""24"",""Q2"":""female"",""Q3"":""female""}","","","","","","","","","","","","","","","","","",""
"html-keyboard-response","3","65040","0.0-3.0","7216.399999991059","<p>Welcome to the experiment!</p><p> You will play two games and answer a few questions.</p><p>Press the space bar to begin reading the instructions for the first game.</p>","","","32","","","","","","","","","","","","","","","","",""
"instructions","4","208251","0.0-4.0","143211.70000000298","","","","","[{""page_index"":0,""viewing_time"":34954.29999999702},{""page_index"":1,""viewing_time"":21609.5},{""page_index"":2,""viewing_time"":12540.5},{""page_index"":3,""viewing_time"":22239.80000001192},{""page_index"":4,""viewing_time"":18687},{""page_index"":5,""viewing_time"":12769.699999988079},{""page_index"":6,""viewing_time"":11622.800000011921},{""page_index"":7,""viewing_time"":8787}]","","","","","","","","","","","","","","","",""
"html-keyboard-response","5","214523","0.0-5.0-0.0","6269.0999999940395","<p style=""font-size:24px;font-weight:bold"">TEST QUESTION</p><p>Which letter should you press to select the red house on the left?</p><div class=group><table class=table_center><tr><td class=prompt colspan=2>Choose one</td></tr><tr style=""height: 300px;""><td style=""width: 300px;""><img id=""left"" src=img/house_1.png style=""zoom: 100%;""/></td><td style=""width: 300px;""><img id=""right"" src=img/house_5.png style=""zoom: 100%;""/></td></tr></table></div><br>","","","70","","true","","","","","","","","","","","","","","",""
"html-keyboard-response","6","217531","0.0-5.0-1.0","null","<p style=""font-size:36px;font-weight:bold"">Correct!</p><p> Remember, press ""F"" for left and ""J"" for right. </p>","","","null","","","","","","","","","","","","","","","","",""
"html-keyboard-response","7","220204","0.0-5.0-2.0","2671.199999988079","<p style=""font-size:24px;font-weight:bold"">TEST QUESTION</p><p>Which letter should you press to select the blue house on the right?</p><div class=group><table class=table_center><tr><td class=prompt colspan=2>Choose one</td></tr><tr style=""height: 300px;""><td style=""width: 300px;""><img id=""left"" src=img/house_1.png style=""zoom: 100%;""/></td><td style=""width: 300px;""><img id=""right"" src=img/house_5.png style=""zoom: 100%;""/></td></tr></table></div><br>","","","74","","true","","","","","","","","","","","","","","",""
"html-keyboard-response","8","223209","0.0-5.0-3.0","null","<p style=""font-size:36px;font-weight:bold"">Correct!</p><p> Remember, press ""F"" for left and ""J"" for right. </p>","","","null","","","","","","","","","","","","","","","","",""
"html-keyboard-response","9","226853","0.0-5.0-4.0","3642.4000000059605","<p style=""font-size:24px;font-weight:bold"">TEST QUESTION</p><p>Type the number of the <b> maximum </b> amount of flames an elf can have</p>","","","53","","false","","","","","","","","","","","","","","",""
"html-keyboard-response","10","229856","0.0-5.0-5.0","null","<p style=""font-size:36px;font-weight:bold"">Wrong answer.</p><p> Remember, elves can have 0 to 9 flames.</p>","","","null","","","","","","","","","","","","","","","","",""
"html-keyboard-response","11","234725","0.0-5.0-6.0","4867.29999999702","<p style=""font-size:24px;font-weight:bold"">TEST QUESTION</p><p>Remember, the same house always takes you to the same elf. </p><p>On this trial, select the house on the left by pressing ""F"".</p><div class=group><table class=table_center><tr><td class=prompt colspan=2>Choose one</td></tr><tr style=""height: 300px;""><td style=""width: 300px;""><img id=""left"" src=img/house_1.png style=""zoom: 100%;""/></td><td style=""width: 300px;""><img id=""right"" src=img/house_5.png style=""zoom: 100%;""/></td></tr></table></div><br>","","","70","","","","","","","","","","","","","","","","",""
"html-keyboard-response","12","249085","0.0-5.0-7.0","14357.59999999404","<p style=""font-size:24px;font-weight:bold"">TEST QUESTION</p><p>The red house took you to the yellow elf. </p><p> The yellow elf attacked you with 8 flames. </p><p> The most flames an elf can have is 9, so this is a bad outcome!</p><div class=group><table class=table_center><tr><td class=prompt colspan=3>You received</td></tr><tr style=""height: 300px;""><td><img src=img/elf_yellow.png style=""zoom: 100%;""/></td><td><img src=img/flames.png style=""zoom: 30%;""/></td><td class=prompt>x 8</td></tr></table></div><br><p> Press space to continue </p>","","","32","","","","","","","","","","","","","","","","",""
"html-keyboard-response","13","253044","0.0-5.0-8.0","3956.5999999940395","<p style=""font-size:24px;font-weight:bold"">TEST QUESTION</p><p>If you wanted to visit the <b> yellow elf </b> again, which house would you select?</p><div class=group><table class=table_center><tr><td class=prompt colspan=2>Choose one</td></tr><tr style=""height: 300px;""><td style=""width: 300px;""><img id=""left"" src=img/house_1.png style=""zoom: 100%;""/></td><td style=""width: 300px;""><img id=""right"" src=img/house_5.png style=""zoom: 100%;""/></td></tr></table></div><br>","","","70","","true","","","","","","","","","","","","","","",""
"html-keyboard-response","14","256051","0.0-5.0-9.0","null","<p style=""font-size:36px;font-weight:bold"">Correct!</p><p> Remember, the same house goes to the same elf. </p>","","","null","","","","","","","","","","","","","","","","",""
"html-keyboard-response","15","258930","0.0-5.0-10.0","2877.0999999940395","<p style=""font-size:24px;font-weight:bold"">TEST QUESTION</p><p>On this trial, select the house on the right by pressing ""J"".</p><div class=group><table class=table_center><tr><td class=prompt colspan=2>Choose one</td></tr><tr style=""height: 300px;""><td style=""width: 300px;""><img id=""left"" src=img/house_1.png style=""zoom: 100%;""/></td><td style=""width: 300px;""><img id=""right"" src=img/house_5.png style=""zoom: 100%;""/></td></tr></table></div><br>","","","74","","","","","","","","","","","","","","","","",""
"html-keyboard-response","16","266761","0.0-5.0-11.0","7829.5","<p style=""font-size:24px;font-weight:bold"">TEST QUESTION</p><p>The blue house took you to the purple elf. </p><p> The purple elf only attacked you with 1 flame. </p><p> That is not very much and is a pretty good outcome!</p><div class=group><table class=table_center><tr><td class=prompt colspan=3>You received</td></tr><tr style=""height: 300px;""><td><img src=img/elf_purple.png style=""zoom: 100%;""/></td><td><img src=img/flames.png style=""zoom: 30%;""/></td><td class=prompt>x 1</td></tr></table></div><br><p> Press space to continue </p>","","","32","","","","","","","","","","","","","","","","",""
"html-keyboard-response","17","273753","0.0-5.0-12.0","6989.5","<p style=""font-size:24px;font-weight:bold"">TEST QUESTION</p><p>Remember the yellow elf attacked with 8 flames and the purple elf only attacked with 1 flame. </p><p> Which elf would you try to visit next? </p><div class=group><table class=table_center><tr><td class=prompt colspan=2>Choose one</td></tr><tr style=""height: 300px;""><td style=""width: 300px;""><img id=""left"" src=img/elf_yellow.png style=""zoom: 100%;""/></td><td style=""width: 300px;""><img id=""right"" src=img/elf_purple.png style=""zoom: 100%;""/></td></tr></table></div><br>","","","74","","true","","","","","","","","","","","","","","",""
"html-keyboard-response","18","276756","0.0-5.0-13.0","null","<p style=""font-size:36px;font-weight:bold"">Correct!</p><p> Remember, you want to select the elf who attacked with the least flames.</p>","","","null","","","","","","","","","","","","","","","","",""
"html-keyboard-response","19","278898","0.0-5.0-14.0","2138.7999999970198","<p style=""font-size:24px;font-weight:bold"">TEST QUESTION</p><p>To visit the purple elf, which house should you visit? </p><div class=group><table class=table_center><tr><td class=prompt colspan=2>Choose one</td></tr><tr style=""height: 300px;""><td style=""width: 300px;""><img id=""left"" src=img/house_1.png style=""zoom: 100%;""/></td><td style=""width: 300px;""><img id=""right"" src=img/house_5.png style=""zoom: 100%;""/></td></tr></table></div><br>","","","74","","true","","","","","","","","","","","","","","",""
"html-keyboard-response","20","281906","0.0-5.0-15.0","null","<p style=""font-size:36px;font-weight:bold"">Correct!</p><p>Remember, the same house goes to the same elf each time.</p>","","","null","","","","","","","","","","","","","","","","",""
"html-keyboard-response","21","297829","0.0-5.0-16.0","15922","<p style=""font-size:36px;font-weight:bold"">You are ready to play!</p><p>The houses and elves in the actual game will be different than the practice. </p><p> Press the space bar to start the game</p>","","","32","","","","","","","","","","","","","","","","",""
"no-tradeoff-rwd","22","324434","0.0-6.0-0.0","","","","","","","","4","6","1","img/house_2.png","img/house_3.png","1460","1106.8999999910593","16452.89999999106","1460,1106.8999999910593,16452.89999999106","70","70,32,13","enter","4","null",""
"no-tradeoff-rwd","23","335124","0.0-6.0-0.1","","","","","","","","4","0","","","","7170.20000000298","","","7170.20000000298","32","32","null","","null",""
"no-tradeoff-rwd","24","361035","0.0-6.0-0.2","","","","","","","","4","7","4","img/house_6.png","img/house_4.png","291.20000000298023","15507.70000000298","1366.4000000059605","291.20000000298023,15507.70000000298,1366.4000000059605","70","70,13,32","null","","enter","0"
"no-tradeoff-rwd","25","370890","0.0-6.0-0.3","","","","","","","","4","5","8","img/house_3.png","img/house_2.png","550.7000000029802","823.8000000119209","","550.7000000029802,823.8000000119209","74","74,32","null","","null",""
"no-tradeoff-rwd","26","393850","0.0-6.0-0.4","","","","","","","","1","6","5","img/house_2.png","img/house_3.png","1274","797.6999999880791","13123.800000011921","1274,797.6999999880791,13123.800000011921","74","74,32,13","enter","5","null",""
"no-tradeoff-rwd","27","403637","0.0-6.0-0.5","","","","","","","","4","3","9","img/house_4.png","img/house_6.png","1009.1000000089407","754.7999999970198","","1009.1000000089407,754.7999999970198","74","74,32","null","","null",""
"no-tradeoff-rwd","28","420485","0.0-6.0-0.6","","","","","","","","4","4","9","img/house_3.png","img/house_2.png","835.9000000059605","6805.20000000298","1006.4000000059605","835.9000000059605,6805.20000000298,1006.4000000059605","70","70,13,32","null","","enter","0"
"no-tradeoff-rwd","29","430211","0.0-6.0-0.7","","","","","","","","4","8","0","img/house_6.png","img/house_4.png","844.5","690.3000000119209","","844.5,690.3000000119209","70","70,32","null","","null",""
"no-tradeoff-rwd","30","447484","0.0-6.0-0.8","","","","","","","","4","0","7","img/house_3.png","img/house_2.png","924.5","691.5","7547.4000000059605","924.5,691.5,7547.4000000059605","74","74,32,13","enter","3","null",""
"no-tradeoff-rwd","31","457279","0.0-6.0-0.9","","","","","","","","4","1","8","img/house_4.png","img/house_6.png","894","767.8999999910593","","894,767.8999999910593","70","70,32","null","","null",""
"no-tradeoff-rwd","32","478099","0.0-6.0-0.10","","","","","","","","4","9","1","img/house_6.png","img/house_4.png","1267.0999999940395","11064.29999999702","727.7999999970198","1267.0999999940395,11064.29999999702,727.7999999970198","74","74,13,32","null","","enter","0"
"no-tradeoff-rwd","33","487731","0.0-6.0-0.11","","","","","","","","1","4","1","img/house_6.png","img/house_4.png","1163.5","604.5999999940395","","1163.5,604.5999999940395","70","70,32","null","","null",""
"no-tradeoff-rwd","34","504151","0.0-6.0-0.12","","","","","","","","4","1","5","img/house_4.png","img/house_6.png","1335.4000000059605","919.5","6469.4000000059605","1335.4000000059605,919.5,6469.4000000059605","70","70,32,13","enter","5","null",""
"no-tradeoff-rwd","35","514365","0.0-6.0-0.13","","","","","","","","4","2","3","img/house_4.png","img/house_6.png","1105","1185.9000000059605","","1105,1185.9000000059605","70","70,32","null","","null",""
"no-tradeoff-rwd","36","532207","0.0-6.0-0.14","","","","","","","","1","4","5","img/house_3.png","img/house_2.png","751.7000000029802","8245.90000000596","560.8999999910593","751.7000000029802,8245.90000000596,560.8999999910593","74","74,13,32","null","","enter","2"
"no-tradeoff-rwd","37","541350","0.0-6.0-0.15","","","","","","","","4","4","4","img/house_6.png","img/house_4.png","1163.2999999970198","110","","1163.2999999970198,110","70","70,32","null","","null",""
"no-tradeoff-rwd","38","556528","0.0-6.0-0.16","","","","","","","","4","4","3","img/house_6.png","img/house_4.png","1212.199999988079","960.2000000029802","5182.100000008941","1212.199999988079,960.2000000029802,5182.100000008941","70","70,32,13","enter","1","null",""
"no-tradeoff-rwd","39","566191","0.0-6.0-0.17","","","","","","","","1","4","0","img/house_2.png","img/house_3.png","741.7000000029802","637.5999999940395","","741.7000000029802,637.5999999940395","70","70,32","null","","null",""
"no-tradeoff-rwd","40","585075","0.0-6.0-0.18","","","","","","","","4","8","2","img/house_2.png","img/house_3.png","1094","9095.09999999404","753.5","1094,9095.09999999404,753.5","74","74,13,32","null","","enter","2"
"no-tradeoff-rwd","41","593441","0.0-6.0-0.19","","","","","","","","4","8","2","img/house_2.png","img/house_3.png","837.8999999910593","838.5999999940395","","837.8999999910593,838.5999999940395","70","70,32","null","","null",""
"no-tradeoff-rwd","42","607208","0.0-6.0-0.20","","","","","","","","1","5","7","img/house_3.png","img/house_2.png","566.6000000089407","578.5","4155.399999991059","566.6000000089407,578.5,4155.399999991059","74","74,32,13","enter","8","null",""
"no-tradeoff-rwd","43","617131","0.0-6.0-0.21","","","","","","","","1","7","8","img/house_3.png","img/house_2.png","550.2999999970198","898.0999999940395","","550.2999999970198,898.0999999940395","74","74,32","null","","null",""
"no-tradeoff-rwd","44","630296","0.0-6.0-0.22","","","","","","","","1","9","7","img/house_6.png","img/house_4.png","1133.5","4883.79999999702","757.2999999970198","1133.5,4883.79999999702,757.2999999970198","70","70,13,32","null","","enter","4"
"no-tradeoff-rwd","45","639299","0.0-6.0-0.23","","","","","","","","4","5","9","img/house_4.png","img/house_6.png","1082.7000000029802","1476.1000000089407","","1082.7000000029802,1476.1000000089407","70","70,32","null","","null",""
"no-tradeoff-rwd","46","652589","0.0-6.0-0.24","","","","","","","","1","5","8","img/house_4.png","img/house_6.png","1196.8999999910593","707.3000000119209","3545.300000011921","1196.8999999910593,707.3000000119209,3545.300000011921","74","74,32,13","enter","4","null",""
"no-tradeoff-rwd","47","662302","0.0-6.0-0.25","","","","","","","","4","6","7","img/house_4.png","img/house_6.png","1004.9000000059605","681.2000000029802","","1004.9000000059605,681.2000000029802","70","70,32","null","","null",""
"no-tradeoff-rwd","48","676168","0.0-6.0-0.26","","","","","","","","1","6","6","img/house_3.png","img/house_2.png","1096.2999999970198","4228.70000000298","607.7000000029802","1096.2999999970198,4228.70000000298,607.7000000029802","70","70,13,32","null","","enter","5"
"no-tradeoff-rwd","49","685889","0.0-6.0-0.27","","","","","","","","1","9","7","img/house_3.png","img/house_2.png","1044","689.5999999940395","","1044,689.5999999940395","74","74,32","null","","null",""
"no-tradeoff-rwd","50","698634","0.0-6.0-0.28","","","","","","","","1","8","6","img/house_4.png","img/house_6.png","1113","413.5","3298.3999999910593","1113,413.5,3298.3999999910593","70","70,32,13","enter","5","null",""
"no-tradeoff-rwd","51","708446","0.0-6.0-0.29","","","","","","","","4","7","3","img/house_4.png","img/house_6.png","1423.5999999940395","777.9000000059605","","1423.5999999940395,777.9000000059605","74","74,32","null","","null",""
"no-tradeoff-rwd","52","721115","0.0-6.0-0.30","","","","","","","","1","5","6","img/house_3.png","img/house_2.png","701","3628.2000000029802","16.299999997019768","701,3628.2000000029802,16.299999997019768","70","70,13,32","null","","enter","2"
"no-tradeoff-rwd","53","730912","0.0-6.0-0.31","","","","","","","","4","4","8","img/house_4.png","img/house_6.png","859.6000000089407","770.2000000029802","","859.6000000089407,770.2000000029802","70","70,32","null","","null",""
"no-tradeoff-rwd","54","746225","0.0-6.0-0.32","","","","","","","","4","9","5","img/house_2.png","img/house_3.png","993.3999999910593","819.2000000029802","5458","993.3999999910593,819.2000000029802,5458","74","74,32,13","enter","2","null",""
"no-tradeoff-rwd","55","755881","0.0-6.0-0.33","","","","","","","","1","8","4","img/house_6.png","img/house_4.png","924","623.1000000089407","","924,623.1000000089407","70","70,32","null","","null",""
"no-tradeoff-rwd","56","771231","0.0-6.0-0.34","","","","","","","","1","2","6","img/house_3.png","img/house_2.png","1025.9000000059605","4345.100000008941","1970.800000011921","1025.9000000059605,4345.100000008941,1970.800000011921","74","74,13,32","null","","enter","2"
"no-tradeoff-rwd","57","780974","0.0-6.0-0.35","","","","","","","","1","4","9","img/house_4.png","img/house_6.png","902.2999999970198","711.5999999940395","","902.2999999970198,711.5999999940395","74","74,32","null","","null",""
"no-tradeoff-rwd","58","795151","0.0-6.0-0.36","","","","","","","","1","5","7","img/house_3.png","img/house_2.png","1203.9000000059605","661.0999999940395","4484.29999999702","1203.9000000059605,661.0999999940395,4484.29999999702","70","70,32,13","enter","3","null",""
"no-tradeoff-rwd","59","804951","0.0-6.0-0.37","","","","","","","","4","6","5","img/house_3.png","img/house_2.png","1080.3999999910593","781.0999999940395","","1080.3999999910593,781.0999999940395","74","74,32","null","","null",""
"no-tradeoff-rwd","60","819456","0.0-6.0-0.38","","","","","","","","4","9","5","img/house_4.png","img/house_6.png","1349.0999999940395","4105.20000000298","1370.5","1349.0999999940395,4105.20000000298,1370.5","74","74,13,32","null","","enter","3"
"no-tradeoff-rwd","61","829191","0.0-6.0-0.39","","","","","","","","1","7","8","img/house_6.png","img/house_4.png","837","709.1000000089407","","837,709.1000000089407","74","74,32","null","","null",""
"no-tradeoff-rwd","62","844361","0.0-6.0-0.40","","","","","","","","4","7","8","img/house_4.png","img/house_6.png","882.3000000119209","1049.9000000059605","6600.300000011921","882.3000000119209,1049.9000000059605,6600.300000011921","74","74,32,13","enter","2","null",""
"no-tradeoff-rwd","63","854216","0.0-6.0-0.41","","","","","","","","1","5","6","img/house_4.png","img/house_6.png","1315.2999999970198","819.7000000029802","","1315.2999999970198,819.7000000029802","70","70,32","null","","null",""
"no-tradeoff-rwd","64","867660","0.0-6.0-0.42","","","","","","","","1","8","6","img/house_4.png","img/house_6.png","717.1999999880791","4350.699999988079","67.30000001192093","717.1999999880791,4350.699999988079,67.30000001192093","70","70,13,32","null","","enter","0"
"no-tradeoff-rwd","65","877461","0.0-6.0-0.43","","","","","","","","4","4","7","img/house_6.png","img/house_4.png","878","771.2000000029802","","878,771.2000000029802","70","70,32","null","","null",""
"no-tradeoff-rwd","66","890318","0.0-6.0-0.44","","","","","","","","1","6","5","img/house_3.png","img/house_2.png","688.5","531.2000000029802","3296.5","688.5,531.2000000029802,3296.5","74","74,32,13","enter","0","null",""
"no-tradeoff-rwd","67","900285","0.0-6.0-0.45","","","","","","","","1","4","7","img/house_4.png","img/house_6.png","837.1000000089407","938.3000000119209","","837.1000000089407,938.3000000119209","70","70,32","null","","null",""
"no-tradeoff-rwd","68","913478","0.0-6.0-0.46","","","","","","","","4","7","0","img/house_2.png","img/house_3.png","884.5999999940395","3384.2000000029802","778","884.5999999940395,3384.2000000029802,778","74","74,13,32","null","","enter","2"
"no-tradeoff-rwd","69","923099","0.0-6.0-0.47","","","","","","","","4","4","1","img/house_6.png","img/house_4.png","1164.7000000029802","591.2000000029802","","1164.7000000029802,591.2000000029802","74","74,32","null","","null",""
"no-tradeoff-rwd","70","936659","0.0-6.0-0.48","","","","","","","","4","1","3","img/house_4.png","img/house_6.png","1134.5","452.29999999701977","3894.5","1134.5,452.29999999701977,3894.5","74","74,32,13","enter","0","null",""
"no-tradeoff-rwd","71","946092","0.0-6.0-0.49","","","","","","","","4","0","0","img/house_3.png","img/house_2.png","876.8999999910593","398.29999999701977","","876.8999999910593,398.29999999701977","74","74,32","null","","null",""
"no-tradeoff-rwd","72","958721","0.0-6.0-0.50","","","","","","","","4","2","0","img/house_3.png","img/house_2.png","896.2999999970198","2992.3999999910593","604.0999999940395","896.2999999970198,2992.3999999910593,604.0999999940395","70","70,13,32","null","","enter","5"
"no-tradeoff-rwd","73","968251","0.0-6.0-0.51","","","","","","","","4","4","2","img/house_6.png","img/house_4.png","1158.2999999970198","505.59999999403954","","1158.2999999970198,505.59999999403954","74","74,32","null","","null",""
"no-tradeoff-rwd","74","982468","0.0-6.0-0.52","","","","","","","","1","4","5","img/house_3.png","img/house_2.png","550.7000000029802","624.1000000089407","4571","550.7000000029802,624.1000000089407,4571","70","70,32,13","enter","5","null",""
"no-tradeoff-rwd","75","992285","0.0-6.0-0.53","","","","","","","","1","4","4","img/house_6.png","img/house_4.png","1058.5","784.5999999940395","","1058.5,784.5999999940395","70","70,32","null","","null",""
"no-tradeoff-rwd","76","1005012","0.0-6.0-0.54","","","","","","","","4","7","4","img/house_6.png","img/house_4.png","1006.9000000059605","2971.6000000089407","723.4000000059605","1006.9000000059605,2971.6000000089407,723.4000000059605","70","70,13,32","null","","enter","5"
"no-tradeoff-rwd","77","1014680","0.0-6.0-0.55","","","","","","","","1","4","6","img/house_6.png","img/house_4.png","1093.4000000059605","632.4000000059605","","1093.4000000059605,632.4000000059605","74","74,32","null","","null",""
"no-tradeoff-rwd","78","1027439","0.0-6.0-0.56","","","","","","","","1","4","4","img/house_6.png","img/house_4.png","1036.6000000089407","739.0999999940395","2986.2000000029802","1036.6000000089407,739.0999999940395,2986.2000000029802","70","70,32,13","enter","5","null",""
"no-tradeoff-rwd","79","1037046","0.0-6.0-0.57","","","","","","","","4","5","4","img/house_3.png","img/house_2.png","787.2999999970198","572.7999999970198","","787.2999999970198,572.7999999970198","70","70,32","null","","null",""
"no-tradeoff-rwd","80","1049970","0.0-6.0-0.58","","","","","","","","1","1","4","img/house_3.png","img/house_2.png","764.5999999940395","3255.5999999940395","643.5","764.5999999940395,3255.5999999940395,643.5","74","74,13,32","null","","enter","6"
"no-tradeoff-rwd","81","1059589","0.0-6.0-0.59","","","","","","","","4","3","4","img/house_6.png","img/house_4.png","462","584","","462,584","70","70,32","null","","null",""
"no-tradeoff-rwd","82","1074001","0.0-6.0-0.60","","","","","","","","1","2","1","img/house_3.png","img/house_2.png","815.2000000029802","497.79999999701977","4886.399999991059","815.2000000029802,497.79999999701977,4886.399999991059","74","74,32,13","enter","7","null",""
"no-tradeoff-rwd","83","1083417","0.0-6.0-0.61","","","","","","","","4","3","5","img/house_6.png","img/house_4.png","622","389.19999998807907","","622,389.19999998807907","74","74,32","null","","null",""
"no-tradeoff-rwd","84","1097976","0.0-6.0-0.62","","","","","","","","1","0","3","img/house_6.png","img/house_4.png","632.0999999940395","4925.9000000059605","607.5","632.0999999940395,4925.9000000059605,607.5","70","70,13,32","null","","enter","9"
"no-tradeoff-rwd","85","1106908","0.0-6.0-0.63","","","","","","","","4","2","0","img/house_3.png","img/house_2.png","743.5","1404.2999999970198","","743.5,1404.2999999970198","70","70,32","null","","null",""
"no-tradeoff-rwd","86","1120575","0.0-6.0-0.64","","","","","","","","1","2","2","img/house_3.png","img/house_2.png","735.0999999940395","677.7999999970198","3961.7999999970198","735.0999999940395,677.7999999970198,3961.7999999970198","74","74,32,13","enter","9","null",""
"no-tradeoff-rwd","87","1129036","0.0-6.0-0.65","","","","","","","","4","2","3","img/house_6.png","img/house_4.png","727.3000000119209","931.3000000119209","","727.3000000119209,931.3000000119209","74","74,32","null","","null",""
"no-tradeoff-rwd","88","1141688","0.0-6.0-0.66","","","","","","","","1","0","2","img/house_3.png","img/house_2.png","596.7999999970198","3144.5","470.69999998807907","596.7999999970198,3144.5,470.69999998807907","74","74,13,32","null","","enter","9"
"no-tradeoff-rwd","89","1150000","0.0-6.0-0.67","","","","","","","","4","4","3","img/house_3.png","img/house_2.png","736.2999999970198","781.9000000059605","","736.2999999970198,781.9000000059605","70","70,32","null","","null",""
"no-tradeoff-rwd","90","1163964","0.0-6.0-0.68","","","","","","","","1","3","4","img/house_6.png","img/house_4.png","738.5","773.5999999940395","5660.4000000059605","738.5,773.5999999940395,5660.4000000059605","74","74,32,13","enter","9","null",""
"no-tradeoff-rwd","91","1173581","0.0-6.0-0.69","","","","","","","","4","7","8","img/house_6.png","img/house_4.png","946.2999999970198","594.7000000029802","","946.2999999970198,594.7000000029802","70","70,32","null","","null",""
"no-tradeoff-rwd","92","1187180","0.0-6.0-0.70","","","","","","","","4","4","7","img/house_3.png","img/house_2.png","959.5","3979.6000000089407","584.5999999940395","959.5,3979.6000000089407,584.5999999940395","70","70,13,32","null","","enter","8"
"no-tradeoff-rwd","93","1196887","0.0-6.0-0.71","","","","","","","","1","1","5","img/house_3.png","img/house_2.png","955.4000000059605","676.5999999940395","","955.4000000059605,676.5999999940395","74","74,32","null","","null",""
"no-tradeoff-rwd","94","1208879","0.0-6.0-0.72","","","","","","","","4","7","4","img/house_6.png","img/house_4.png","526.9000000059605","1128","3337","526.9000000059605,1128,3337","74","74,32,13","enter","9","null",""
"no-tradeoff-rwd","95","1218485","0.0-6.0-0.73","","","","","","","","1","2","6","img/house_3.png","img/house_2.png","742.9000000059605","571.1999999880791","","742.9000000059605,571.1999999880791","70","70,32","null","","null",""
"no-tradeoff-rwd","96","1231436","0.0-6.0-0.74","","","","","","","","1","6","5","img/house_6.png","img/house_4.png","938.5","3235.5","681.5","938.5,3235.5,681.5","70","70,13,32","null","","enter","7"
"no-tradeoff-rwd","97","1240882","0.0-6.0-0.75","","","","","","","","1","5","5","img/house_3.png","img/house_2.png","713.2000000029802","419.09999999403954","","713.2000000029802,419.09999999403954","70","70,32","null","","null",""
"no-tradeoff-rwd","98","1254210","0.0-6.0-0.76","","","","","","","","1","5","5","img/house_3.png","img/house_2.png","1058.5999999940395","470.79999999701977","3826.5999999940395","1058.5999999940395,470.79999999701977,3826.5999999940395","70","70,32,13","enter","9","null",""
"no-tradeoff-rwd","99","1263695","0.0-6.0-0.77","","","","","","","","4","9","2","img/house_3.png","img/house_2.png","956.5","454.90000000596046","","956.5,454.90000000596046","70","70,32","null","","null",""
"no-tradeoff-rwd","100","1276401","0.0-6.0-0.78","","","","","","","","1","2","9","img/house_2.png","img/house_3.png","1191.7999999970198","3135.0999999940395","540","1191.7999999970198,3135.0999999940395,540","70","70,13,32","null","","enter","0"
"no-tradeoff-rwd","101","1286099","0.0-6.0-0.79","","","","","","","","1","4","9","img/house_2.png","img/house_3.png","782.1999999880791","666","","782.1999999880791,666","74","74,32","null","","null",""
"no-tradeoff-rwd","102","1297832","0.0-6.0-0.80","","","","","","","","1","7","9","img/house_2.png","img/house_3.png","534.5999999940395","1244.7000000029802","2960.5","534.5999999940395,1244.7000000029802,2960.5","70","70,32,13","enter","5","null",""
"no-tradeoff-rwd","103","1307413","0.0-6.0-0.81","","","","","","","","1","8","4","img/house_4.png","img/house_6.png","978.7999999970198","555.2999999970198","","978.7999999970198,555.2999999970198","70","70,32","null","","null",""
"no-tradeoff-rwd","104","1319507","0.0-6.0-0.82","","","","","","","","1","7","4","img/house_4.png","img/house_6.png","1366.5999999940395","2926.800000011921","136.70000000298023","1366.5999999940395,2926.800000011921,136.70000000298023","70","70,13,32","null","","enter","9"
"no-tradeoff-rwd","105","1329092","0.0-6.0-0.83","","","","","","","","1","2","9","img/house_2.png","img/house_3.png","1304","546.6999999880791","","1304,546.6999999880791","74","74,32","null","","null",""
"no-tradeoff-rwd","106","1344874","0.0-6.0-0.84","","","","","","","","1","3","8","img/house_2.png","img/house_3.png","1257","422.79999999701977","6328.4000000059605","1257,422.79999999701977,6328.4000000059605","74","74,32,13","enter","8","null",""
"no-tradeoff-rwd","107","1353727","0.0-6.0-0.85","","","","","","","","4","7","1","img/house_4.png","img/house_6.png","964.2999999970198","1328.1000000089407","","964.2999999970198,1328.1000000089407","74","74,32","null","","null",""
"no-tradeoff-rwd","108","1366643","0.0-6.0-0.86","","","","","","","","4","3","6","img/house_2.png","img/house_3.png","885.7999999970198","3321.6000000089407","561.7000000029802","885.7999999970198,3321.6000000089407,561.7000000029802","74","74,13,32","null","","enter","9"
"no-tradeoff-rwd","109","1374896","0.0-6.0-0.87","","","","","","","","4","4","6","img/house_6.png","img/house_4.png","657.2000000029802","728.7000000029802","","657.2000000029802,728.7000000029802","74","74,32","null","","null",""
"no-tradeoff-rwd","110","1385741","0.0-6.0-0.88","","","","","","","","4","5","9","img/house_6.png","img/house_4.png","511.29999999701977","525.9000000059605","2793.5999999940395","511.29999999701977,525.9000000059605,2793.5999999940395","74","74,32,13","enter","5","null",""
"no-tradeoff-rwd","111","1395142","0.0-6.0-0.89","","","","","","","","1","5","9","img/house_2.png","img/house_3.png","717.2999999970198","367.8999999910593","","717.2999999970198,367.8999999910593","74","74,32","null","","null",""
"no-tradeoff-rwd","112","1407090","0.0-6.0-0.90","","","","","","","","4","4","8","img/house_6.png","img/house_4.png","1244.7000000029802","2944.5","1479.4000000059605","1244.7000000029802,2944.5,1479.4000000059605","70","70,13,32","null","","enter","5"
"no-tradeoff-rwd","113","1416457","0.0-6.0-0.91","","","","","","","","4","4","9","img/house_2.png","img/house_3.png","773.6000000089407","339.8999999910593","","773.6000000089407,339.8999999910593","70","70,32","null","","null",""
"no-tradeoff-rwd","114","1428971","0.0-6.0-0.92","","","","","","","","1","3","9","img/house_2.png","img/house_3.png","649.7000000029802","739.2999999970198","2747.7999999970198","649.7000000029802,739.2999999970198,2747.7999999970198","70","70,32,13","enter","8","null",""
"no-tradeoff-rwd","115","1437597","0.0-6.0-0.93","","","","","","","","1","9","0","img/house_4.png","img/house_6.png","910","1102.7999999970198","","910,1102.7999999970198","70","70,32","null","","null",""
"no-tradeoff-rwd","116","1449424","0.0-6.0-0.94","","","","","","","","1","2","6","img/house_2.png","img/house_3.png","987.3000000119209","2818","1480.7000000029802","987.3000000119209,2818,1480.7000000029802","70","70,13,32","null","","enter","8"
"no-tradeoff-rwd","117","1457340","0.0-6.0-0.95","","","","","","","","1","2","6","img/house_2.png","img/house_3.png","731.2999999970198","393.1000000089407","","731.2999999970198,393.1000000089407","74","74,32","null","","null",""
"no-tradeoff-rwd","118","1468540","0.0-6.0-0.96","","","","","","","","1","4","0","img/house_4.png","img/house_6.png","562.7999999970198","998.3999999910593","2673.7999999970198","562.7999999970198,998.3999999910593,2673.7999999970198","70","70,32,13","enter","8","null",""
"no-tradeoff-rwd","119","1477006","0.0-6.0-0.97","","","","","","","","4","0","4","img/house_2.png","img/house_3.png","608","939.5","","608,939.5","70","70,32","null","","null",""
"no-tradeoff-rwd","120","1488847","0.0-6.0-0.98","","","","","","","","1","0","0","img/house_4.png","img/house_6.png","578.5999999940395","2950","1363.4000000059605","578.5999999940395,2950,1363.4000000059605","74","74,13,32","null","","enter","8"
"no-tradeoff-rwd","121","1497547","0.0-6.0-0.99","","","","","","","","1","1","1","img/house_4.png","img/house_6.png","832.2000000029802","1175.2000000029802","","832.2000000029802,1175.2000000029802","70","70,32","null","","null",""
"no-tradeoff-rwd","122","1509095","0.0-6.0-0.100","","","","","","","","1","3","3","img/house_2.png","img/house_3.png","489.90000000596046","1084.5","2932.5","489.90000000596046,1084.5,2932.5","74","74,32,13","enter","9","null",""
"no-tradeoff-rwd","123","1518716","0.0-6.0-0.101","","","","","","","","1","3","3","img/house_4.png","img/house_6.png","795.6000000089407","588.0999999940395","","795.6000000089407,588.0999999940395","70","70,32","null","","null",""
"no-tradeoff-rwd","124","1532858","0.0-6.0-0.102","","","","","","","","4","2","2","img/house_2.png","img/house_3.png","673.9000000059605","4701.5999999940395","405.29999999701977","673.9000000059605,4701.5999999940395,405.29999999701977","70","70,13,32","null","","enter","9"
"no-tradeoff-rwd","125","1542310","0.0-6.0-0.103","","","","","","","","4","1","3","img/house_2.png","img/house_3.png","690.9000000059605","423.79999999701977","","690.9000000059605,423.79999999701977","74","74,32","null","","null",""
"no-tradeoff-rwd","126","1553187","0.0-6.0-0.104","","","","","","","","1","4","2","img/house_4.png","img/house_6.png","1223.7999999970198","665.2000000029802","2689.5","1223.7999999970198,665.2000000029802,2689.5","74","74,32,13","enter","9","null",""
"no-tradeoff-rwd","127","1562674","0.0-6.0-0.105","","","","","","","","4","1","5","img/house_2.png","img/house_3.png","771.9000000059605","458.80000001192093","","771.9000000059605,458.80000001192093","70","70,32","null","","null",""
"no-tradeoff-rwd","128","1574928","0.0-6.0-0.106","","","","","","","","4","3","1","img/house_4.png","img/house_6.png","821.0999999940395","2572.2000000029802","648.7000000029802","821.0999999940395,2572.2000000029802,648.7000000029802","70","70,13,32","null","","enter","9"
"no-tradeoff-rwd","129","1584579","0.0-6.0-0.107","","","","","","","","4","0","2","img/house_2.png","img/house_3.png","700.5","626.4000000059605","","700.5,626.4000000059605","74","74,32","null","","null",""
"no-tradeoff-rwd","130","1595471","0.0-6.0-0.108","","","","","","","","1","0","0","img/house_2.png","img/house_3.png","663.5999999940395","930.2999999970198","2429.7000000029802","663.5999999940395,930.2999999970198,2429.7000000029802","74","74,32,13","enter","9","null",""
"no-tradeoff-rwd","131","1603740","0.0-6.0-0.109","","","","","","","","4","1","1","img/house_4.png","img/house_6.png","644.2000000029802","747.5","","644.2000000029802,747.5","74","74,32","null","","null",""
"no-tradeoff-rwd","132","1615066","0.0-6.0-0.110","","","","","","","","4","2","4","img/house_2.png","img/house_3.png","966.5999999940395","2716.2000000029802","1086.6000000089407","966.5999999940395,2716.2000000029802,1086.6000000089407","70","70,13,32","null","","enter","9"
"no-tradeoff-rwd","133","1625566","0.0-6.0-0.111","","","","","","","","4","1","1","img/house_2.png","img/house_3.png","640.6999999880791","1472.2999999970198","","640.6999999880791,1472.2999999970198","70","70,32","null","","null",""
"no-tradeoff-rwd","134","1636851","0.0-6.0-0.112","","","","","","","","1","4","0","img/house_2.png","img/house_3.png","660.2999999970198","568.1999999880791","3196.699999988079","660.2999999970198,568.1999999880791,3196.699999988079","70","70,32,13","enter","9","null",""
"no-tradeoff-rwd","135","1645357","0.0-6.0-0.113","","","","","","","","4","0","3","img/house_4.png","img/house_6.png","536.2000000029802","979.0999999940395","","536.2000000029802,979.0999999940395","74","74,32","null","","null",""
"no-tradeoff-rwd","136","1660385","0.0-6.0-0.114","","","","","","","","1","0","9","img/house_4.png","img/house_6.png","761.1000000089407","6141.4000000059605","1361.5","761.1000000089407,6141.4000000059605,1361.5","70","70,13,32","null","","enter","9"
"no-tradeoff-rwd","137","1670386","0.0-6.0-0.115","","","","","","","","4","9","2","img/house_2.png","img/house_3.png","705.7000000029802","966.9000000059605","","705.7000000029802,966.9000000059605","70","70,32","null","","null",""
"no-tradeoff-rwd","138","1684258","0.0-6.0-0.116","","","","","","","","4","5","8","img/house_3.png","img/house_2.png","1091.1000000089407","426.20000000298023","4413.899999991059","1091.1000000089407,426.20000000298023,4413.899999991059","70","70,32,13","enter","0","null",""
"no-tradeoff-rwd","139","1693765","0.0-6.0-0.117","","","","","","","","4","3","7","img/house_4.png","img/house_6.png","1249.0999999940395","477.90000000596046","","1249.0999999940395,477.90000000596046","74","74,32","null","","null",""
"no-tradeoff-rwd","140","1706565","0.0-6.0-0.118","","","","","","","","1","9","1","img/house_6.png","img/house_4.png","503.59999999403954","3994.3999999910593","1280","503.59999999403954,3994.3999999910593,1280","70","70,13,32","null","","enter","0"
"no-tradeoff-rwd","141","1714793","0.0-6.0-0.119","","","","","","","","4","8","2","img/house_2.png","img/house_3.png","1255.4000000059605","708.6000000089407","","1255.4000000059605,708.6000000089407","74","74,32","null","","null",""
"no-tradeoff-rwd","142","1725842","0.0-6.0-0.120","","","","","","","","4","6","2","img/house_6.png","img/house_4.png","1234.0999999940395","1067.2000000029802","2450.2999999970198","1234.0999999940395,1067.2000000029802,2450.2999999970198","70","70,32,13","enter","0","null",""
"no-tradeoff-rwd","143","1734266","0.0-6.0-0.121","","","","","","","","4","2","6","img/house_4.png","img/house_6.png","1077","896.5999999940395","","1077,896.5999999940395","74","74,32","null","","null",""
"no-tradeoff-rwd","144","1747247","0.0-6.0-0.122","","","","","","","","4","2","7","img/house_4.png","img/house_6.png","585.5","3566.5","388.80000001192093","585.5,3566.5,388.80000001192093","70","70,13,32","null","","enter","0"
"no-tradeoff-rwd","145","1755900","0.0-6.0-0.123","","","","","","","","1","8","3","img/house_2.png","img/house_3.png","1189.3999999910593","1129.4000000059605","","1189.3999999910593,1129.4000000059605","74","74,32","null","","null",""
"no-tradeoff-rwd","146","1766901","0.0-6.0-0.124","","","","","","","","1","9","4","img/house_6.png","img/house_4.png","1156.9000000059605","225.29999999701977","1739.4000000059605","1156.9000000059605,225.29999999701977,1739.4000000059605","70","70,32,13","enter","","null",""
"no-tradeoff-rwd","147","1776334","0.0-6.0-0.125","","","","","","","","4","1","8","img/house_3.png","img/house_2.png","1294.1000000089407","401.5","","1294.1000000089407,401.5","70","70,32","null","","null",""
"no-tradeoff-rwd","148","1789008","0.0-6.0-0.126","","","","","","","","1","7","2","img/house_6.png","img/house_4.png","1129.5999999940395","4150.399999991059","998.4000000059605","1129.5999999940395,4150.399999991059,998.4000000059605","74","74,13,32","null","","enter","4"
"no-tradeoff-rwd","149","1797625","0.0-6.0-0.127","","","","","","","","4","5","8","img/house_3.png","img/house_2.png","631.9000000059605","1090.9000000059605","","631.9000000059605,1090.9000000059605","74","74,32","null","","null",""
"no-tradeoff-rwd","150","1808928","0.0-6.0-0.128","","","","","","","","4","9","2","img/house_6.png","img/house_4.png","1097.3999999910593","501.90000000596046","3270.1000000089407","1097.3999999910593,501.90000000596046,3270.1000000089407","74","74,32,13","enter","5","null",""
"no-tradeoff-rwd","151","1817141","0.0-6.0-0.129","","","","","","","","4","3","6","img/house_3.png","img/house_2.png","815.5999999940395","684.0999999940395","","815.5999999940395,684.0999999940395","74","74,32","null","","null",""
"no-tradeoff-rwd","152","1832420","0.0-6.0-0.130","","","","","","","","1","6","3","img/house_6.png","img/house_4.png","1259.2000000029802","5438.70000000298","808.5","1259.2000000029802,5438.70000000298,808.5","74","74,13,32","null","","enter","7"
"no-tradeoff-rwd","153","1842296","0.0-6.0-0.131","","","","","","","","4","6","9","img/house_3.png","img/house_2.png","780.7999999970198","842.5","","780.7999999970198,842.5","74","74,32","null","","null",""
"no-tradeoff-rwd","154","1858892","0.0-6.0-0.132","","","","","","","","4","7","6","img/house_6.png","img/house_4.png","959.8999999910593","629.7999999970198","6936.79999999702","959.8999999910593,629.7999999970198,6936.79999999702","74","74,32,13","enter","7","null",""
"no-tradeoff-rwd","155","1868817","0.0-6.0-0.133","","","","","","","","4","6","5","img/house_4.png","img/house_6.png","550.0999999940395","896.2000000029802","","550.0999999940395,896.2000000029802","74","74,32","null","","null",""
"no-tradeoff-rwd","156","1892059","0.0-6.0-0.134","","","","","","","","1","2","3","img/house_3.png","img/house_2.png","825.5","13475","730.7999999970198","825.5,13475,730.7999999970198","74","74,13,32","null","","enter","9"
"no-tradeoff-rwd","157","1900375","0.0-6.0-0.135","","","","","","","","4","1","1","img/house_2.png","img/house_3.png","744.7000000029802","787.9000000059605","","744.7000000029802,787.9000000059605","74","74,32","null","","null",""
"no-tradeoff-rwd","158","1913571","0.0-6.0-0.136","","","","","","","","4","0","1","img/house_3.png","img/house_2.png","663.6999999880791","592.0999999940395","5079.0999999940395","663.6999999880791,592.0999999940395,5079.0999999940395","74","74,32,13","enter","8","null",""
"no-tradeoff-rwd","159","1921927","0.0-6.0-0.137","","","","","","","","4","1","0","img/house_3.png","img/house_2.png","1354.7999999970198","826.7000000029802","","1354.7999999970198,826.7000000029802","70","70,32","null","","null",""
"no-tradeoff-rwd","160","1934307","0.0-6.0-0.138","","","","","","","","4","2","3","img/house_3.png","img/house_2.png","585.5","4079.9000000059605","771.3000000119209","585.5,4079.9000000059605,771.3000000119209","70","70,13,32","null","","enter","8"
"no-tradeoff-rwd","161","1944284","0.0-6.0-0.139","","","","","","","","1","1","3","img/house_3.png","img/house_2.png","938.4000000059605","948.7000000029802","","938.4000000059605,948.7000000029802","74","74,32","null","","null",""
"no-tradeoff-rwd","162","1958649","0.0-6.0-0.140","","","","","","","","4","4","3","img/house_3.png","img/house_2.png","1141.2999999970198","1726","3606","1141.2999999970198,1726,3606","74","74,32,13","enter","9","null",""
"no-tradeoff-rwd","163","1968270","0.0-6.0-0.141","","","","","","","","4","6","5","img/house_3.png","img/house_2.png","903.0999999940395","597.2000000029802","","903.0999999940395,597.2000000029802","70","70,32","null","","null",""
"no-tradeoff-rwd","164","1981844","0.0-6.0-0.142","","","","","","","","1","4","6","img/house_2.png","img/house_3.png","747.6000000089407","3895.9000000059605","648.5999999940395","747.6000000089407,3895.9000000059605,648.5999999940395","74","74,13,32","null","","enter","6"
"no-tradeoff-rwd","165","1990463","0.0-6.0-0.143","","","","","","","","4","5","4","img/house_4.png","img/house_6.png","520.9000000059605","1096.8999999910593","","520.9000000059605,1096.8999999910593","74","74,32","null","","null",""
"no-tradeoff-rwd","166","1996434","0.0-6.0-0.144","","","","","","","","1","0","","","","2454","","","2454","32","32","null","","null",""
"no-tradeoff-rwd","167","2025014","0.0-6.0-0.145","","","","","","","","4","5","6","img/house_6.png","img/house_4.png","1464.2000000029802","19550.79999999702","","1464.2000000029802,19550.79999999702","74","74,32","null","","null",""
"no-tradeoff-rwd","168","2038816","0.0-6.0-0.146","","","","","","","","4","4","9","img/house_6.png","img/house_4.png","921.1999999880791","1421.5","4224.29999999702","921.1999999880791,1421.5,4224.29999999702,547.2000000029802","74","74,74,13,32","null","","enter","5"
"no-tradeoff-rwd","169","2045195","0.0-6.0-0.147","","","","","","","","1","0","","","","2864","","","2864","32","32","null","","null",""
"no-tradeoff-rwd","170","2056657","0.0-6.0-0.148","","","","","","","","1","6","7","img/house_2.png","img/house_3.png","631.7999999970198","876.7999999970198","3054.2000000029802","631.7999999970198,876.7999999970198,3054.2000000029802","70","70,32,13","enter","7","null",""
"no-tradeoff-rwd","171","2068452","0.0-6.0-0.149","","","","","","","","4","4","2","img/house_4.png","img/house_6.png","807.0999999940395","2764","","807.0999999940395,2764","70","70,32","null","","null",""
"no-tradeoff-rwd","172","2082077","0.0-6.0-0.150","","","","","","","","1","2","4","img/house_6.png","img/house_4.png","631.7000000029802","1133.2000000029802","1216.7000000029802","631.7000000029802,1133.2000000029802,1216.7000000029802,3784.5999999940395,812","70","70,70,70,13,32","null","","enter","0"
"no-tradeoff-rwd","173","2095109","0.0-6.0-0.151","","","","","","","","1","1","1","img/house_2.png","img/house_3.png","491.79999999701977","1121.7999999970198","4004.5999999940395","491.79999999701977,1121.7999999970198,4004.5999999940395","70","70,70,32","null","","null",""
"no-tradeoff-rwd","174","2127400","0.0-6.0-0.152","","","","","","","","4","0","3","img/house_6.png","img/house_4.png","568.8000000119209","6633.79999999702","16627.59999999404","568.8000000119209,6633.79999999702,16627.59999999404","70","70,32,13","enter","0","null",""
"no-tradeoff-rwd","175","2138040","0.0-6.0-0.153","","","","","","","","4","0","","","","7132.29999999702","","","7132.29999999702","32","32","null","","null",""
"no-tradeoff-rwd","176","2151590","0.0-6.0-0.154","","","","","","","","4","3","4","img/house_6.png","img/house_4.png","1029.2999999970198","5330.4000000059605","691","1029.2999999970198,5330.4000000059605,691","70","70,13,32","null","","enter","9"
"no-tradeoff-rwd","177","2416952","0.0-6.0-0.155","","","","","","","","4","0","","","","164866.40000000596","","","164866.40000000596","32","32","null","","null",""
"no-tradeoff-rwd","178","2429940","0.0-6.0-0.156","","","","","","","","1","5","1","img/house_3.png","img/house_2.png","954.7999999970198","1234.7999999970198","1046.7999999970198","954.7999999970198,1234.7999999970198,1046.7999999970198,2899.0999999940395","74","74,74,32,13","enter","9","null",""
"no-tradeoff-rwd","179","2434518","0.0-6.0-0.157","","","","","","","","4","0","","","","1061.5999999940395","","","1061.5999999940395","32","32","null","","null",""
"no-tradeoff-rwd","180","2457071","0.0-6.0-0.158","","","","","","","","4","9","4","img/house_6.png","img/house_4.png","719.2999999970198","6703.5","6814.5","719.2999999970198,6703.5,6814.5","74","74,13,32","null","","enter","9"
"no-tradeoff-rwd","181","2466719","0.0-6.0-0.159","","","","","","","","4","9","3","img/house_2.png","img/house_3.png","111.70000000298023","356.80000001192093","638.7000000029802","111.70000000298023,356.80000001192093,638.7000000029802,899.7000000029802,1174.6000000089407,1441.9000000059605,613.2000000029802","74","74,74,74,74,74,74,32","null","","null",""
"no-tradeoff-rwd","182","2481024","0.0-6.0-0.160","","","","","","","","4","7","1","img/house_2.png","img/house_3.png","174.09999999403954","432.69999998807907","704.8999999910593","174.09999999403954,432.69999998807907,704.8999999910593,945.5999999940395,1214.199999988079,1471.7999999970198,1013,4266.20000000298","74","74,74,74,74,74,74,32,13","enter","9","null",""
"no-tradeoff-rwd","183","2489915","0.0-6.0-0.161","","","","","","","","1","2","7","img/house_3.png","img/house_2.png","404.5","1368.7999999970198","","404.5,1368.7999999970198","74","74,32","null","","null",""
"no-tradeoff-rwd","184","2503414","0.0-6.0-0.162","","","","","","","","1","7","1","img/house_6.png","img/house_4.png","36.20000000298023","400.40000000596046","910.2000000029802","36.20000000298023,400.40000000596046,910.2000000029802,4065.7000000029802,401.40000000596046","74","74,74,74,13,32","null","","enter","9"
"no-tradeoff-rwd","185","2513839","0.0-6.0-0.163","","","","","","","","4","3","0","img/house_6.png","img/house_4.png","252.29999999701977","586.2000000029802","941","252.29999999701977,586.2000000029802,941,1253.4000000059605,1391.3999999910593","74","74,74,74,74,32","null","","null",""
"no-tradeoff-rwd","186","2525355","0.0-6.0-0.164","","","","","","","","1","0","1","img/house_3.png","img/house_2.png","318.3999999910593","651.2999999970198","1128.5999999940395","318.3999999910593,651.2999999970198,1128.5999999940395,340.6000000089407,3651.5","74","74,74,74,32,13","enter","9","null",""
"no-tradeoff-rwd","187","2533118","0.0-6.0-0.165","","","","","","","","4","3","1","img/house_2.png","img/house_3.png","512.7000000029802","999.7000000029802","234.20000000298023","512.7000000029802,999.7000000029802,234.20000000298023","74","74,74,32","null","","null",""
