"trial_type","trial_index","time_elapsed","internal_node_id","rt","stimulus","button_pressed","responses","key_press","view_history","correct","stakes","outcome","outcome_notreceived","choice_selected","choice_not_selected","rt_choice","rt_space","rt_certainty","all_rts","key_choice","all_keys","estimate_trial","estimate_val","certainty_trial","certainty_val"
"pavlovia","0","35","0.0-0.0","","","","","","","","","","","","","","","","","","","","","",""
"html-button-response","1","71081","0.0-1.0","71040.19999998808","<p style=""font-size:24px;font-weight:bold"">Consent</p><div class=""consent"" style=""text-align:left; border:1px solid; padding:10px; width:800px; font-size=100%, float:right""><p align=left>Thank you for signing up for this experiment!<p><p align=left>This experiment is being conducted by the California Institute of Technology (Caltech). The lead investigators are Sarah Tashjian, PhD and Dean Mobbs, PhD. This study has been approved by the Caltech Institutional Review Board for research ethics.<p><p align=left>The goal of this study is to understand learning processes. In this experiment, you will complete a task in which you will see images.<p><p align=left>At times, you will receive rewards and penalties. These earnings will determine your eligibility for a bonus payment, which will result in a real increase in your payment in this study.<p><p align=left>Your goal is to learn which images predict the most points. We will also ask how certain you are about your decisions throughout the task.<p><p align=left>This experiment will take approximately 1 hour to complete in its entirety.<p><p align=left><b>You will receive $9.00 for completing the experiment. <u>If you optimize decisions on at least 70% of trials, you will be eligible for a $100 bonus payment.</u></b><p><p align=left>This study involves minimal risk, meaning there will be no more risk than in daily life. Possible risks include physical discomfort/fatigue (eyestrain, tiredness), as well as psychological discomfort (e.g., potential boredom).<p><p align=left> Besides receiving payment, you will not benefit from this study.<p><p align=left><b>Any information that is obtained in connection with this study that can identify you will remain confidential. </b><p><p align=left>When the results of this study are reported, your identifying information will not be disclosed. Because this study is being conducted online, we are unable to fully eliminate the risk of a breach of confidentiality. However, to mitigate the chances of this occurring, we are using secure and confidential data collection systems.<p align=left>You may choose to withdraw from this study at any time and refuse to answer any questions without penalty. Also, you may choose not to participate in this study.<p><p align=left>You are <b>eligible</b> to participate if you (1) are 18-40 years old, (2) are fluent in English, (3) have healthy or corrected vision, (4) are not colorblind, and (5) have no difficulty controlling motor movements. <p><p align=left>If you do not meet these criteria, please exit the experiment now.<p><p align=center><b> If you meet these criteria and consent to participate, you must<br>indicate your consent by clicking the button below.<b></p>","0","","","","","","","","","","","","","","","","","","",""
"survey-text","2","83026","0.0-2.0-0.0","11934.5","","","{""Q0"":""61009b7079b5e1bd4e54b4aa"",""Q1"":""20"",""Q2"":""Female"",""Q3"":""Female""}","","","","","","","","","","","","","","","","","",""
"html-keyboard-response","3","89965","0.0-3.0","6934.4000000059605","<p>Welcome to the experiment!</p><p> You will play two games and answer a few questions.</p><p>Press the space bar to begin reading the instructions for the first game.</p>","","","32","","","","","","","","","","","","","","","","",""
"instructions","4","299481","0.0-4.0","209509.70000000298","","","","","[{""page_index"":0,""viewing_time"":61446.60000000894},{""page_index"":1,""viewing_time"":21564.09999999404},{""page_index"":2,""viewing_time"":18656.60000000894},{""page_index"":3,""viewing_time"":48178.19999998808},{""page_index"":4,""viewing_time"":24340.40000000596},{""page_index"":5,""viewing_time"":11172},{""page_index"":6,""viewing_time"":12608.79999999702},{""page_index"":7,""viewing_time"":11541.5}]","","","","","","","","","","","","","","","",""
"html-keyboard-response","5","302328","0.0-5.0-0.0","2844.2000000029802","<p style=""font-size:24px;font-weight:bold"">TEST QUESTION</p><p>Which letter should you press to select the red house on the left?</p><div class=group><table class=table_center><tr><td class=prompt colspan=2>Choose one</td></tr><tr style=""height: 300px;""><td style=""width: 300px;""><img id=""left"" src=img/house_1.png style=""zoom: 100%;""/></td><td style=""width: 300px;""><img id=""right"" src=img/house_5.png style=""zoom: 100%;""/></td></tr></table></div><br>","","","74","","false","","","","","","","","","","","","","","",""
"html-keyboard-response","6","305334","0.0-5.0-1.0","null","<p style=""font-size:36px;font-weight:bold"">Wrong answer.</p><p> Remember, press ""F"" for left and ""J"" for right.</p>","","","null","","","","","","","","","","","","","","","","",""
"html-keyboard-response","7","307461","0.0-5.0-2.0","2124.1000000089407","<p style=""font-size:24px;font-weight:bold"">TEST QUESTION</p><p>Which letter should you press to select the blue house on the right?</p><div class=group><table class=table_center><tr><td class=prompt colspan=2>Choose one</td></tr><tr style=""height: 300px;""><td style=""width: 300px;""><img id=""left"" src=img/house_1.png style=""zoom: 100%;""/></td><td style=""width: 300px;""><img id=""right"" src=img/house_5.png style=""zoom: 100%;""/></td></tr></table></div><br>","","","74","","true","","","","","","","","","","","","","","",""
"html-keyboard-response","8","310466","0.0-5.0-3.0","null","<p style=""font-size:36px;font-weight:bold"">Correct!</p><p> Remember, press ""F"" for left and ""J"" for right. </p>","","","null","","","","","","","","","","","","","","","","",""
"html-keyboard-response","9","316359","0.0-5.0-4.0","5890.9000000059605","<p style=""font-size:24px;font-weight:bold"">TEST QUESTION</p><p>Type the number of the <b> maximum </b> amount of flames an elf can have</p>","","","57","","true","","","","","","","","","","","","","","",""
"html-keyboard-response","10","319365","0.0-5.0-5.0","null","<p style=""font-size:36px;font-weight:bold"">Correct!</p><p> Remember, elves can have 0 to 9 flames. </p>","","","null","","","","","","","","","","","","","","","","",""
"html-keyboard-response","11","325921","0.0-5.0-6.0","6553.20000000298","<p style=""font-size:24px;font-weight:bold"">TEST QUESTION</p><p>Remember, the same house always takes you to the same elf. </p><p>On this trial, select the house on the left by pressing ""F"".</p><div class=group><table class=table_center><tr><td class=prompt colspan=2>Choose one</td></tr><tr style=""height: 300px;""><td style=""width: 300px;""><img id=""left"" src=img/house_1.png style=""zoom: 100%;""/></td><td style=""width: 300px;""><img id=""right"" src=img/house_5.png style=""zoom: 100%;""/></td></tr></table></div><br>","","","70","","","","","","","","","","","","","","","","",""
"html-keyboard-response","12","334818","0.0-5.0-7.0","8894.39999999106","<p style=""font-size:24px;font-weight:bold"">TEST QUESTION</p><p>The red house took you to the yellow elf. </p><p> The yellow elf attacked you with 8 flames. </p><p> The most flames an elf can have is 9, so this is a bad outcome!</p><div class=group><table class=table_center><tr><td class=prompt colspan=3>You received</td></tr><tr style=""height: 300px;""><td><img src=img/elf_yellow.png style=""zoom: 100%;""/></td><td><img src=img/flames.png style=""zoom: 30%;""/></td><td class=prompt>x 8</td></tr></table></div><br><p> Press space to continue </p>","","","32","","","","","","","","","","","","","","","","",""
"html-keyboard-response","13","336982","0.0-5.0-8.0","2161.2999999970198","<p style=""font-size:24px;font-weight:bold"">TEST QUESTION</p><p>If you wanted to visit the <b> yellow elf </b> again, which house would you select?</p><div class=group><table class=table_center><tr><td class=prompt colspan=2>Choose one</td></tr><tr style=""height: 300px;""><td style=""width: 300px;""><img id=""left"" src=img/house_1.png style=""zoom: 100%;""/></td><td style=""width: 300px;""><img id=""right"" src=img/house_5.png style=""zoom: 100%;""/></td></tr></table></div><br>","","","70","","true","","","","","","","","","","","","","","",""
"html-keyboard-response","14","339985","0.0-5.0-9.0","null","<p style=""font-size:36px;font-weight:bold"">Correct!</p><p> Remember, the same house goes to the same elf. </p>","","","null","","","","","","","","","","","","","","","","",""
"html-keyboard-response","15","341394","0.0-5.0-10.0","1406.5","<p style=""font-size:24px;font-weight:bold"">TEST QUESTION</p><p>On this trial, select the house on the right by pressing ""J"".</p><div class=group><table class=table_center><tr><td class=prompt colspan=2>Choose one</td></tr><tr style=""height: 300px;""><td style=""width: 300px;""><img id=""left"" src=img/house_1.png style=""zoom: 100%;""/></td><td style=""width: 300px;""><img id=""right"" src=img/house_5.png style=""zoom: 100%;""/></td></tr></table></div><br>","","","74","","","","","","","","","","","","","","","","",""
"html-keyboard-response","16","346559","0.0-5.0-11.0","5162.70000000298","<p style=""font-size:24px;font-weight:bold"">TEST QUESTION</p><p>The blue house took you to the purple elf. </p><p> The purple elf only attacked you with 1 flame. </p><p> That is not very much and is a pretty good outcome!</p><div class=group><table class=table_center><tr><td class=prompt colspan=3>You received</td></tr><tr style=""height: 300px;""><td><img src=img/elf_purple.png style=""zoom: 100%;""/></td><td><img src=img/flames.png style=""zoom: 30%;""/></td><td class=prompt>x 1</td></tr></table></div><br><p> Press space to continue </p>","","","32","","","","","","","","","","","","","","","","",""
"html-keyboard-response","17","350033","0.0-5.0-12.0","3471.5","<p style=""font-size:24px;font-weight:bold"">TEST QUESTION</p><p>Remember the yellow elf attacked with 8 flames and the purple elf only attacked with 1 flame. </p><p> Which elf would you try to visit next? </p><div class=group><table class=table_center><tr><td class=prompt colspan=2>Choose one</td></tr><tr style=""height: 300px;""><td style=""width: 300px;""><img id=""left"" src=img/elf_yellow.png style=""zoom: 100%;""/></td><td style=""width: 300px;""><img id=""right"" src=img/elf_purple.png style=""zoom: 100%;""/></td></tr></table></div><br>","","","74","","true","","","","","","","","","","","","","","",""
"html-keyboard-response","18","353041","0.0-5.0-13.0","null","<p style=""font-size:36px;font-weight:bold"">Correct!</p><p> Remember, you want to select the elf who attacked with the least flames.</p>","","","null","","","","","","","","","","","","","","","","",""
"html-keyboard-response","19","355813","0.0-5.0-14.0","2769.4000000059605","<p style=""font-size:24px;font-weight:bold"">TEST QUESTION</p><p>To visit the purple elf, which house should you visit? </p><div class=group><table class=table_center><tr><td class=prompt colspan=2>Choose one</td></tr><tr style=""height: 300px;""><td style=""width: 300px;""><img id=""left"" src=img/house_1.png style=""zoom: 100%;""/></td><td style=""width: 300px;""><img id=""right"" src=img/house_5.png style=""zoom: 100%;""/></td></tr></table></div><br>","","","74","","true","","","","","","","","","","","","","","",""
"html-keyboard-response","20","358819","0.0-5.0-15.0","null","<p style=""font-size:36px;font-weight:bold"">Correct!</p><p>Remember, the same house goes to the same elf each time.</p>","","","null","","","","","","","","","","","","","","","","",""
"html-keyboard-response","21","362540","0.0-5.0-16.0","3718.6000000089407","<p style=""font-size:36px;font-weight:bold"">You are ready to play!</p><p>The houses and elves in the actual game will be different than the practice. </p><p> Press the space bar to start the game</p>","","","32","","","","","","","","","","","","","","","","",""
"no-tradeoff-rwd","22","380211","0.0-6.0-0.0","","","","","","","","4","7","2","img/house_2.png","img/house_3.png","1272.7999999970198","858.7999999970198","7780.9000000059605","1272.7999999970198,858.7999999970198,7780.9000000059605","70","70,32,13","enter","5","null",""
"no-tradeoff-rwd","23","389167","0.0-6.0-0.1","","","","","","","","4","0","6","img/house_4.png","img/house_6.png","1203.6000000089407","1421.5999999940395","","1203.6000000089407,1421.5999999940395","74","74,32","null","","null",""
"no-tradeoff-rwd","24","412155","0.0-6.0-0.2","","","","","","","","1","1","7","img/house_4.png","img/house_6.png","946","11116.29999999702","2836.699999988079","946,11116.29999999702,2836.699999988079","70","70,13,32","null","","enter","3"
"no-tradeoff-rwd","25","420677","0.0-6.0-0.3","","","","","","","","4","5","1","img/house_2.png","img/house_3.png","933.0999999940395","996.8999999910593","","933.0999999940395,996.8999999910593","74","74,32","null","","null",""
"no-tradeoff-rwd","26","433762","0.0-6.0-0.4","","","","","","","","1","8","0","img/house_6.png","img/house_4.png","1340.7000000029802","1041.2999999970198","4511.79999999702","1340.7000000029802,1041.2999999970198,4511.79999999702","74","74,32,13","enter","4","null",""
"no-tradeoff-rwd","27","441866","0.0-6.0-0.5","","","","","","","","4","8","2","img/house_2.png","img/house_3.png","822.2000000029802","580","","822.2000000029802,580","70","70,32","null","","null",""
"no-tradeoff-rwd","28","455717","0.0-6.0-0.6","","","","","","","","4","4","6","img/house_3.png","img/house_2.png","761.0999999940395","5968.899999991059","351.79999999701977","761.0999999940395,5968.899999991059,351.79999999701977","70","70,13,32","null","","enter","8"
"no-tradeoff-rwd","29","463780","0.0-6.0-0.7","","","","","","","","1","1","9","img/house_3.png","img/house_2.png","964.5999999940395","536.6000000089407","","964.5999999940395,536.6000000089407","74","74,32","null","","null",""
"no-tradeoff-rwd","30","475019","0.0-6.0-0.8","","","","","","","","1","2","7","img/house_4.png","img/house_6.png","1049.9000000059605","630.8000000119209","3079.3999999910593","1049.9000000059605,630.8000000119209,3079.3999999910593","70","70,32,13","enter","3","null",""
"no-tradeoff-rwd","31","483611","0.0-6.0-0.9","","","","","","","","4","3","5","img/house_3.png","img/house_2.png","1281.1000000089407","1063.6000000089407","","1281.1000000089407,1063.6000000089407","70","70,32","null","","null",""
"no-tradeoff-rwd","32","494722","0.0-6.0-0.10","","","","","","","","1","1","4","img/house_4.png","img/house_6.png","1247.5","3197.2000000029802","379.70000000298023","1247.5,3197.2000000029802,379.70000000298023","74","74,13,32","null","","enter","8"
"no-tradeoff-rwd","33","503006","0.0-6.0-0.11","","","","","","","","4","4","5","img/house_4.png","img/house_6.png","1002.2000000029802","758.2000000029802","","1002.2000000029802,758.2000000029802","74","74,32","null","","null",""
"no-tradeoff-rwd","34","513519","0.0-6.0-0.12","","","","","","","","4","3","6","img/house_3.png","img/house_2.png","809.4000000059605","426.29999999701977","2558.0999999940395","809.4000000059605,426.29999999701977,2558.0999999940395","74","74,32,13","enter","2","null",""
"no-tradeoff-rwd","35","521745","0.0-6.0-0.13","","","","","","","","4","2","7","img/house_3.png","img/house_2.png","1055.7000000029802","698.5999999940395","","1055.7000000029802,698.5999999940395","74","74,32","null","","null",""
"no-tradeoff-rwd","36","534063","0.0-6.0-0.14","","","","","","","","1","5","8","img/house_3.png","img/house_2.png","756.5","4277.600000008941","512.7000000029802","756.5,4277.600000008941,512.7000000029802","74","74,13,32","null","","enter","8"
"no-tradeoff-rwd","37","542312","0.0-6.0-0.15","","","","","","","","1","4","7","img/house_3.png","img/house_2.png","946.2000000029802","729.5999999940395","","946.2000000029802,729.5999999940395","74","74,32","null","","null",""
"no-tradeoff-rwd","38","553121","0.0-6.0-0.16","","","","","","","","1","3","8","img/house_3.png","img/house_2.png","663.0999999940395","590.2999999970198","2701.699999988079","663.0999999940395,590.2999999970198,2701.699999988079","70","70,32,13","enter","4","null",""
"no-tradeoff-rwd","39","561272","0.0-6.0-0.17","","","","","","","","1","3","8","img/house_4.png","img/house_6.png","1132.5999999940395","634.0999999940395","","1132.5999999940395,634.0999999940395","70","70,32","null","","null",""
"no-tradeoff-rwd","40","571884","0.0-6.0-0.18","","","","","","","","4","4","7","img/house_3.png","img/house_2.png","563.1999999880791","2623.5","467.19999998807907","563.1999999880791,2623.5,467.19999998807907","70","70,13,32","null","","enter","5"
"no-tradeoff-rwd","41","579995","0.0-6.0-0.19","","","","","","","","4","3","7","img/house_4.png","img/house_6.png","786.5","590.5999999940395","","786.5,590.5999999940395","70","70,32","null","","null",""
"no-tradeoff-rwd","42","589926","0.0-6.0-0.20","","","","","","","","4","1","6","img/house_4.png","img/house_6.png","1138.0999999940395","8.899999991059303","2400.7999999970198","1138.0999999940395,8.899999991059303,2400.7999999970198","70","70,32,13","enter","3","null",""
"no-tradeoff-rwd","43","598001","0.0-6.0-0.21","","","","","","","","1","4","1","img/house_6.png","img/house_4.png","1080.4000000059605","558.5999999940395","","1080.4000000059605,558.5999999940395","70","70,32","null","","null",""
"no-tradeoff-rwd","44","609954","0.0-6.0-0.22","","","","","","","","4","1","3","img/house_3.png","img/house_2.png","961.8999999910593","3987.7999999970198","446.69999998807907","961.8999999910593,3987.7999999970198,446.69999998807907","70","70,13,32","null","","enter","6"
"no-tradeoff-rwd","45","618075","0.0-6.0-0.23","","","","","","","","4","3","1","img/house_3.png","img/house_2.png","840.2000000029802","600.3000000119209","","840.2000000029802,600.3000000119209","70","70,32","null","","null",""
"no-tradeoff-rwd","46","628879","0.0-6.0-0.24","","","","","","","","1","1","4","img/house_4.png","img/house_6.png","1100","741.6000000089407","2538.7999999970198","1100,741.6000000089407,2538.7999999970198","70","70,32,13","enter","3","null",""
"no-tradeoff-rwd","47","637139","0.0-6.0-0.25","","","","","","","","1","3","0","img/house_4.png","img/house_6.png","995.3000000119209","742.5999999940395","","995.3000000119209,742.5999999940395","70","70,32","null","","null",""
"no-tradeoff-rwd","48","642578","0.0-6.0-0.26","","","","","","","","1","0","","","","1929.7999999970198","","","1929.7999999970198","32","32","null","","null",""
"no-tradeoff-rwd","49","650625","0.0-6.0-0.27","","","","","","","","1","2","1","img/house_4.png","img/house_6.png","517.8000000119209","526.1000000089407","","517.8000000119209,526.1000000089407","70","70,32","null","","null",""
"no-tradeoff-rwd","50","664337","0.0-6.0-0.28","","","","","","","","4","1","3","img/house_6.png","img/house_4.png","1117.699999988079","1145.5","5044.4000000059605","1117.699999988079,1145.5,5044.4000000059605","70","70,32,13","enter","1","null",""
"no-tradeoff-rwd","51","672249","0.0-6.0-0.29","","","","","","","","4","2","2","img/house_4.png","img/house_6.png","668.4000000059605","393.1000000089407","","668.4000000059605,393.1000000089407","70","70,32","null","","null",""
"no-tradeoff-rwd","52","685473","0.0-6.0-0.30","","","","","","","","4","2","3","img/house_3.png","img/house_2.png","620","5049.100000008941","653","620,5049.100000008941,653","70","70,13,32","null","","enter","9"
"no-tradeoff-rwd","53","693188","0.0-6.0-0.31","","","","","","","","1","0","5","img/house_4.png","img/house_6.png","982.7999999970198","195.6000000089407","","982.7999999970198,195.6000000089407","70","70,32","null","","null",""
"no-tradeoff-rwd","54","704201","0.0-6.0-0.32","","","","","","","","4","2","5","img/house_3.png","img/house_2.png","533.1000000089407","329.1000000089407","3160.5","533.1000000089407,329.1000000089407,3160.5","70","70,32,13","enter","0","null",""
"no-tradeoff-rwd","55","712027","0.0-6.0-0.33","","","","","","","","1","3","6","img/house_3.png","img/house_2.png","643.9000000059605","302.70000000298023","","643.9000000059605,302.70000000298023","74","74,32","null","","null",""
"no-tradeoff-rwd","56","723474","0.0-6.0-0.34","","","","","","","","4","1","3","img/house_4.png","img/house_6.png","666.7000000029802","3489.0999999940395","438.40000000596046","666.7000000029802,3489.0999999940395,438.40000000596046","70","70,13,32","null","","enter","9"
"no-tradeoff-rwd","57","731276","0.0-6.0-0.35","","","","","","","","1","0","2","img/house_3.png","img/house_2.png","500.40000000596046","279.79999999701977","","500.40000000596046,279.79999999701977","70","70,32","null","","null",""
"no-tradeoff-rwd","58","741545","0.0-6.0-0.36","","","","","","","","4","0","3","img/house_3.png","img/house_2.png","603.5","286.6000000089407","2460.7999999970198","603.5,286.6000000089407,2460.7999999970198","70","70,32,13","enter","0","null",""
"no-tradeoff-rwd","59","749347","0.0-6.0-0.37","","","","","","","","4","2","1","img/house_4.png","img/house_6.png","800.3999999910593","283.29999999701977","","800.3999999910593,283.29999999701977","74","74,32","null","","null",""
"no-tradeoff-rwd","60","763361","0.0-6.0-0.38","","","","","","","","1","1","1","img/house_3.png","img/house_2.png","550.6999999880791","5893.4000000059605","600.0999999940395","550.6999999880791,5893.4000000059605,600.0999999940395","74","74,13,32","null","","enter","9"
"no-tradeoff-rwd","61","771157","0.0-6.0-0.39","","","","","","","","4","0","2","img/house_3.png","img/house_2.png","564.2999999970198","275.90000000596046","","564.2999999970198,275.90000000596046","74","74,32","null","","null",""
"no-tradeoff-rwd","62","781682","0.0-6.0-0.40","","","","","","","","4","3","4","img/house_3.png","img/house_2.png","518.2999999970198","297.80000001192093","2706.4000000059605","518.2999999970198,297.80000001192093,2706.4000000059605","74","74,32,13","enter","0","null",""
"no-tradeoff-rwd","63","789577","0.0-6.0-0.41","","","","","","","","4","1","8","img/house_4.png","img/house_6.png","736.7000000029802","377.70000000298023","","736.7000000029802,377.70000000298023","74","74,32","null","","null",""
"no-tradeoff-rwd","64","801118","0.0-6.0-0.42","","","","","","","","1","1","7","img/house_3.png","img/house_2.png","555.4000000059605","3545.9000000059605","472","555.4000000059605,3545.9000000059605,472","74","74,13,32","null","","enter","9"
"no-tradeoff-rwd","65","808932","0.0-6.0-0.43","","","","","","","","4","3","4","img/house_3.png","img/house_2.png","712.4000000059605","292.70000000298023","","712.4000000059605,292.70000000298023","70","70,32","null","","null",""
"no-tradeoff-rwd","66","820223","0.0-6.0-0.44","","","","","","","","4","4","2","img/house_4.png","img/house_6.png","689.0999999940395","857.5","2914.1000000089407","689.0999999940395,857.5,2914.1000000089407","74","74,32,13","enter","0","null",""
"no-tradeoff-rwd","67","828071","0.0-6.0-0.45","","","","","","","","1","6","1","img/house_4.png","img/house_6.png","750.5","325.70000000298023","","750.5,325.70000000298023","74","74,32","null","","null",""
"no-tradeoff-rwd","68","839177","0.0-6.0-0.46","","","","","","","","1","7","1","img/house_3.png","img/house_2.png","553.2999999970198","3021.2999999970198","561","553.2999999970198,3021.2999999970198,561","70","70,13,32","null","","enter","9"
"no-tradeoff-rwd","69","847234","0.0-6.0-0.47","","","","","","","","4","6","7","img/house_6.png","img/house_4.png","903.2999999970198","536.7999999970198","","903.2999999970198,536.7999999970198","74","74,32","null","","null",""
"no-tradeoff-rwd","70","857968","0.0-6.0-0.48","","","","","","","","1","5","2","img/house_3.png","img/house_2.png","501.20000000298023","354","2853.5","501.20000000298023,354,2853.5","70","70,32,13","enter","1","null",""
"no-tradeoff-rwd","71","865770","0.0-6.0-0.49","","","","","","","","1","5","5","img/house_4.png","img/house_6.png","604.7999999970198","283.30000001192093","","604.7999999970198,283.30000001192093","70","70,32","null","","null",""
"no-tradeoff-rwd","72","876748","0.0-6.0-0.50","","","","","","","","4","8","3","img/house_4.png","img/house_6.png","685.2000000029802","2885.1000000089407","567.2000000029802","685.2000000029802,2885.1000000089407,567.2000000029802","74","74,13,32","null","","enter","8"
"no-tradeoff-rwd","73","884573","0.0-6.0-0.51","","","","","","","","1","8","1","img/house_3.png","img/house_2.png","753.5","306.29999999701977","","753.5,306.29999999701977","70","70,32","null","","null",""
"no-tradeoff-rwd","74","894732","0.0-6.0-0.52","","","","","","","","1","8","1","img/house_4.png","img/house_6.png","737.1000000089407","304.3999999910593","2333.7999999970198","737.1000000089407,304.3999999910593,2333.7999999970198","70","70,32,13","enter","2","null",""
"no-tradeoff-rwd","75","902772","0.0-6.0-0.53","","","","","","","","4","2","8","img/house_6.png","img/house_4.png","929.7000000029802","521.1000000089407","","929.7000000029802,521.1000000089407","74","74,32","null","","null",""
"no-tradeoff-rwd","76","913616","0.0-6.0-0.54","","","","","","","","1","2","7","img/house_2.png","img/house_3.png","543.5999999940395","2932.9000000059605","387.40000000596046","543.5999999940395,2932.9000000059605,387.40000000596046","74","74,13,32","null","","enter","2"
"no-tradeoff-rwd","77","921564","0.0-6.0-0.55","","","","","","","","4","4","6","img/house_6.png","img/house_4.png","1164.2000000029802","424","","1164.2000000029802,424","74","74,32","null","","null",""
"no-tradeoff-rwd","78","932332","0.0-6.0-0.56","","","","","","","","1","2","8","img/house_6.png","img/house_4.png","839.5999999940395","317.79999999701977","2927.3999999910593","839.5999999940395,317.79999999701977,2927.3999999910593","70","70,32,13","enter","2","null",""
"no-tradeoff-rwd","79","940605","0.0-6.0-0.57","","","","","","","","1","8","3","img/house_4.png","img/house_6.png","711.7999999970198","751","","711.7999999970198,751","70","70,32","null","","null",""
"no-tradeoff-rwd","80","952018","0.0-6.0-0.58","","","","","","","","4","5","0","img/house_4.png","img/house_6.png","810.6999999880791","3516.2000000029802","378.79999999701977","810.6999999880791,3516.2000000029802,378.79999999701977","70","70,13,32","null","","enter","6"
"no-tradeoff-rwd","81","959988","0.0-6.0-0.59","","","","","","","","4","4","5","img/house_6.png","img/house_4.png","747.8999999910593","458.30000001192093","","747.8999999910593,458.30000001192093","70","70,32","null","","null",""
"no-tradeoff-rwd","82","971112","0.0-6.0-0.60","","","","","","","","4","6","3","img/house_2.png","img/house_3.png","859.2999999970198","454.79999999701977","3148.5","859.2999999970198,454.79999999701977,3148.5","70","70,32,13","enter","3","null",""
"no-tradeoff-rwd","83","979028","0.0-6.0-0.61","","","","","","","","4","7","1","img/house_2.png","img/house_3.png","788","398.69999998807907","","788,398.69999998807907","70","70,32","null","","null",""
"no-tradeoff-rwd","84","991154","0.0-6.0-0.62","","","","","","","","4","1","7","img/house_3.png","img/house_2.png","795.3999999910593","4138.5","461.79999999701977","795.3999999910593,4138.5,461.79999999701977","74","74,13,32","null","","enter","3"
"no-tradeoff-rwd","85","999234","0.0-6.0-0.63","","","","","","","","4","2","5","img/house_4.png","img/house_6.png","1116.2000000029802","553.2000000029802","","1116.2000000029802,553.2000000029802","70","70,32","null","","null",""
"no-tradeoff-rwd","86","1009271","0.0-6.0-0.64","","","","","","","","4","8","0","img/house_6.png","img/house_4.png","1048.7000000029802","331.59999999403954","2181.7000000029802","1048.7000000029802,331.59999999403954,2181.7000000029802","70","70,32,13","enter","2","null",""
"no-tradeoff-rwd","87","1017108","0.0-6.0-0.65","","","","","","","","1","1","6","img/house_3.png","img/house_2.png","842.5999999940395","316.90000000596046","","842.5999999940395,316.90000000596046","74","74,32","null","","null",""
"no-tradeoff-rwd","88","1027661","0.0-6.0-0.66","","","","","","","","4","3","8","img/house_4.png","img/house_6.png","1100.6000000089407","2656.5999999940395","376.79999999701977","1100.6000000089407,2656.5999999940395,376.79999999701977","70","70,13,32","null","","enter","3"
"no-tradeoff-rwd","89","1036132","0.0-6.0-0.67","","","","","","","","4","3","6","img/house_4.png","img/house_6.png","974.5999999940395","957.3999999910593","","974.5999999940395,957.3999999910593","74","74,32","null","","null",""
"no-tradeoff-rwd","90","1047730","0.0-6.0-0.68","","","","","","","","4","3","6","img/house_3.png","img/house_2.png","654.3999999910593","678.2999999970198","3393.7999999970198","654.3999999910593,678.2999999970198,3393.7999999970198","70","70,32,13","enter","0","null",""
"no-tradeoff-rwd","91","1055537","0.0-6.0-0.69","","","","","","","","1","5","8","img/house_4.png","img/house_6.png","1000.7999999970198","287.70000000298023","","1000.7999999970198,287.70000000298023","70","70,32","null","","null",""
"no-tradeoff-rwd","92","1066538","0.0-6.0-0.70","","","","","","","","1","6","7","img/house_3.png","img/house_2.png","520.2999999970198","3009.7000000029802","468.5","520.2999999970198,3009.7000000029802,468.5","70","70,13,32","null","","enter","0"
"no-tradeoff-rwd","93","1074526","0.0-6.0-0.71","","","","","","","","4","7","8","img/house_6.png","img/house_4.png","1172.6000000089407","471.1000000089407","","1172.6000000089407,471.1000000089407","70","70,32","null","","null",""
"no-tradeoff-rwd","94","1084807","0.0-6.0-0.72","","","","","","","","4","5","7","img/house_4.png","img/house_6.png","782.1999999880791","597.2000000029802","2156","782.1999999880791,597.2000000029802,2156","74","74,32,13","enter","0","null",""
"no-tradeoff-rwd","95","1092952","0.0-6.0-0.73","","","","","","","","4","6","9","img/house_3.png","img/house_2.png","831.9000000059605","624.5","","831.9000000059605,624.5","74","74,32","null","","null",""
"no-tradeoff-rwd","96","1103929","0.0-6.0-0.74","","","","","","","","1","8","4","img/house_6.png","img/house_4.png","649.2999999970198","2746.800000011921","709.0999999940395","649.2999999970198,2746.800000011921,709.0999999940395","70","70,13,32","null","","enter","0"
"no-tradeoff-rwd","97","1111923","0.0-6.0-0.75","","","","","","","","1","5","9","img/house_4.png","img/house_6.png","633.2999999970198","475.20000000298023","","633.2999999970198,475.20000000298023","74","74,32","null","","null",""
"no-tradeoff-rwd","98","1121891","0.0-6.0-0.76","","","","","","","","4","2","5","img/house_3.png","img/house_2.png","505.20000000298023","284.5","2164.5999999940395","505.20000000298023,284.5,2164.5999999940395","74","74,32,13","enter","0","null",""
"no-tradeoff-rwd","99","1130116","0.0-6.0-0.77","","","","","","","","4","4","7","img/house_4.png","img/house_6.png","766.7000000029802","707.8999999910593","","766.7000000029802,707.8999999910593","74","74,32","null","","null",""
"no-tradeoff-rwd","100","1141506","0.0-6.0-0.78","","","","","","","","4","1","1","img/house_4.png","img/house_6.png","1029.2999999970198","3274.0999999940395","594.8999999910593","1029.2999999970198,3274.0999999940395,594.8999999910593","74","74,13,32","null","","enter","0"
"no-tradeoff-rwd","101","1149442","0.0-6.0-0.79","","","","","","","","4","3","3","img/house_4.png","img/house_6.png","848.1999999880791","414.8999999910593","","848.1999999880791,414.8999999910593","74","74,32","null","","null",""
"no-tradeoff-rwd","102","1160044","0.0-6.0-0.80","","","","","","","","4","3","1","img/house_3.png","img/house_2.png","428.09999999403954","366.40000000596046","2711.800000011921","428.09999999403954,366.40000000596046,2711.800000011921","70","70,32,13","enter","0","null",""
"no-tradeoff-rwd","103","1167862","0.0-6.0-0.81","","","","","","","","1","2","0","img/house_3.png","img/house_2.png","681.2999999970198","296.40000000596046","","681.2999999970198,296.40000000596046","74","74,32","null","","null",""
"no-tradeoff-rwd","104","1177823","0.0-6.0-0.82","","","","","","","","1","2","3","img/house_3.png","img/house_2.png","731.6000000089407","2055.6000000089407","387.70000000298023","731.6000000089407,2055.6000000089407,387.70000000298023","74","74,13,32","null","","enter","0"
"no-tradeoff-rwd","105","1185608","0.0-6.0-0.83","","","","","","","","4","2","3","img/house_3.png","img/house_2.png","634.7999999970198","267.3999999910593","","634.7999999970198,267.3999999910593","74","74,32","null","","null",""
"no-tradeoff-rwd","106","1196365","0.0-6.0-0.84","","","","","","","","1","5","3","img/house_3.png","img/house_2.png","593.1000000089407","888.5","2346.4000000059605","593.1000000089407,888.5,2346.4000000059605","70","70,32,13","enter","0","null",""
"no-tradeoff-rwd","107","1204237","0.0-6.0-0.85","","","","","","","","4","4","4","img/house_3.png","img/house_2.png","545","354.40000000596046","","545,354.40000000596046","74","74,32","null","","null",""
"no-tradeoff-rwd","108","1214321","0.0-6.0-0.86","","","","","","","","1","3","3","img/house_3.png","img/house_2.png","704.4000000059605","2008","556.2999999970198","704.4000000059605,2008,556.2999999970198","74","74,13,32","null","","enter","0"
"no-tradeoff-rwd","109","1222274","0.0-6.0-0.87","","","","","","","","4","2","3","img/house_4.png","img/house_6.png","1041.2000000029802","431.29999999701977","","1041.2000000029802,431.29999999701977","70","70,32","null","","null",""
"no-tradeoff-rwd","110","1232630","0.0-6.0-0.88","","","","","","","","4","3","3","img/house_3.png","img/house_2.png","559.3999999910593","370.09999999403954","2467.1000000089407","559.3999999910593,370.09999999403954,2467.1000000089407","70","70,32,13","enter","0","null",""
"no-tradeoff-rwd","111","1240508","0.0-6.0-0.89","","","","","","","","4","4","2","img/house_3.png","img/house_2.png","779.7999999970198","359.40000000596046","","779.7999999970198,359.40000000596046","74","74,32","null","","null",""
"no-tradeoff-rwd","112","1251101","0.0-6.0-0.90","","","","","","","","4","6","2","img/house_4.png","img/house_6.png","907.9000000059605","2717","355.8999999910593","907.9000000059605,2717,355.8999999910593","70","70,13,32","null","","enter","0"
"no-tradeoff-rwd","113","1258916","0.0-6.0-0.91","","","","","","","","1","6","2","img/house_3.png","img/house_2.png","523.6999999880791","294.59999999403954","","523.6999999880791,294.59999999403954","70","70,32","null","","null",""
"no-tradeoff-rwd","114","1269214","0.0-6.0-0.92","","","","","","","","4","8","2","img/house_3.png","img/house_2.png","860.5","324.69999998807907","2453.8999999910593","860.5,324.69999998807907,2453.8999999910593","74","74,32,13","enter","0","null",""
"no-tradeoff-rwd","115","1277127","0.0-6.0-0.93","","","","","","","","1","7","4","img/house_4.png","img/house_6.png","983.4000000059605","390.79999999701977","","983.4000000059605,390.79999999701977","70","70,32","null","","null",""
"no-tradeoff-rwd","116","1286984","0.0-6.0-0.94","","","","","","","","4","8","4","img/house_3.png","img/house_2.png","620.7000000029802","2031.5999999940395","302.70000000298023","620.7000000029802,2031.5999999940395,302.70000000298023","70","70,13,32","null","","enter","0"
"no-tradeoff-rwd","117","1294896","0.0-6.0-0.95","","","","","","","","4","7","5","img/house_3.png","img/house_2.png","880.6000000089407","395","","880.6000000089407,395","74","74,32","null","","null",""
"no-tradeoff-rwd","118","1304962","0.0-6.0-0.96","","","","","","","","1","6","3","img/house_3.png","img/house_2.png","526.2999999970198","254.59999999403954","2287.9000000059605","526.2999999970198,254.59999999403954,2287.9000000059605","74","74,32,13","enter","0","null",""
"no-tradeoff-rwd","119","1312828","0.0-6.0-0.97","","","","","","","","1","6","2","img/house_3.png","img/house_2.png","717.2000000029802","348.30000001192093","","717.2000000029802,348.30000001192093","74","74,32","null","","null",""
"no-tradeoff-rwd","120","1323092","0.0-6.0-0.98","","","","","","","","1","7","1","img/house_3.png","img/house_2.png","915.7000000029802","2035.7999999970198","705.0999999940395","915.7000000029802,2035.7999999970198,705.0999999940395","74","74,13,32","null","","enter","0"
"no-tradeoff-rwd","121","1330946","0.0-6.0-0.99","","","","","","","","4","8","0","img/house_3.png","img/house_2.png","601.3999999910593","334.70000000298023","","601.3999999910593,334.70000000298023","70","70,32","null","","null",""
"no-tradeoff-rwd","122","1341053","0.0-6.0-0.100","","","","","","","","4","1","9","img/house_6.png","img/house_4.png","597.5","313.70000000298023","2271.699999988079","597.5,313.70000000298023,2271.699999988079","70","70,32,13","enter","0","null",""
"no-tradeoff-rwd","123","1348861","0.0-6.0-0.101","","","","","","","","4","1","9","img/house_2.png","img/house_3.png","445.5","286.8999999910593","","445.5,286.8999999910593","74","74,32","null","","null",""
"no-tradeoff-rwd","124","1359310","0.0-6.0-0.102","","","","","","","","1","1","9","img/house_2.png","img/house_3.png","787.7000000029802","2536.7000000029802","389.40000000596046","787.7000000029802,2536.7000000029802,389.40000000596046","74","74,13,32","null","","enter","0"
"no-tradeoff-rwd","125","1367310","0.0-6.0-0.103","","","","","","","","4","0","8","img/house_2.png","img/house_3.png","709.2000000029802","479.09999999403954","","709.2000000029802,479.09999999403954","70","70,32","null","","null",""
"no-tradeoff-rwd","126","1377312","0.0-6.0-0.104","","","","","","","","1","0","6","img/house_6.png","img/house_4.png","504.09999999403954","287.5","2192","504.09999999403954,287.5,2192","70","70,32,13","enter","0","null",""
"no-tradeoff-rwd","127","1385480","0.0-6.0-0.105","","","","","","","","1","2","6","img/house_6.png","img/house_4.png","1043.2000000029802","644.7000000029802","","1043.2000000029802,644.7000000029802","74","74,32","null","","null",""
"no-tradeoff-rwd","128","1395558","0.0-6.0-0.106","","","","","","","","4","3","5","img/house_6.png","img/house_4.png","888.2000000029802","2256.2999999970198","299.69999998807907","888.2000000029802,2256.2999999970198,299.69999998807907","70","70,13,32","null","","enter","0"
"no-tradeoff-rwd","129","1403546","0.0-6.0-0.107","","","","","","","","4","1","3","img/house_2.png","img/house_3.png","451","467.3999999910593","","451,467.3999999910593","70","70,32","null","","null",""
"no-tradeoff-rwd","130","1413978","0.0-6.0-0.108","","","","","","","","1","2","2","img/house_4.png","img/house_6.png","863.2999999970198","527.1000000089407","2381.7000000029802","863.2999999970198,527.1000000089407,2381.7000000029802","74","74,32,13","enter","0","null",""
"no-tradeoff-rwd","131","1421890","0.0-6.0-0.109","","","","","","","","1","1","0","img/house_2.png","img/house_3.png","417.79999999701977","390.70000000298023","","417.79999999701977,390.70000000298023","70","70,32","null","","null",""
"no-tradeoff-rwd","132","1432043","0.0-6.0-0.110","","","","","","","","1","1","2","img/house_2.png","img/house_3.png","788","2275.4000000059605","353","788,2275.4000000059605,353","74","74,13,32","null","","enter","9"
"no-tradeoff-rwd","133","1439892","0.0-6.0-0.111","","","","","","","","1","0","0","img/house_4.png","img/house_6.png","572.5999999940395","327.59999999403954","","572.5999999940395,327.59999999403954","70","70,32","null","","null",""
"no-tradeoff-rwd","134","1450370","0.0-6.0-0.112","","","","","","","","1","0","2","img/house_2.png","img/house_3.png","538.5","369.90000000596046","2583.2999999970198","538.5,369.90000000596046,2583.2999999970198","70","70,32,13","enter","0","null",""
"no-tradeoff-rwd","135","1458590","0.0-6.0-0.113","","","","","","","","1","7","4","img/house_4.png","img/house_6.png","418.09999999403954","694.4000000059605","","418.09999999403954,694.4000000059605","70","70,32","null","","null",""
"no-tradeoff-rwd","136","1468668","0.0-6.0-0.114","","","","","","","","1","6","4","img/house_2.png","img/house_3.png","765.8999999910593","2234.5","315.70000000298023","765.8999999910593,2234.5,315.70000000298023","74","74,13,32","null","","enter","9"
"no-tradeoff-rwd","137","1476662","0.0-6.0-0.115","","","","","","","","1","4","6","img/house_3.png","img/house_2.png","713.8999999910593","475.29999999701977","","713.8999999910593,475.29999999701977","74","74,32","null","","null",""
"no-tradeoff-rwd","138","1488074","0.0-6.0-0.116","","","","","","","","1","3","2","img/house_6.png","img/house_4.png","429.6000000089407","328.70000000298023","3561.300000011921","429.6000000089407,328.70000000298023,3561.300000011921","74","74,32,13","enter","0","null",""
"no-tradeoff-rwd","139","1496173","0.0-6.0-0.117","","","","","","","","4","6","4","img/house_4.png","img/house_6.png","938.7999999970198","577.1999999880791","","938.7999999970198,577.1999999880791","70","70,32","null","","null",""
"no-tradeoff-rwd","140","1506279","0.0-6.0-0.118","","","","","","","","4","9","5","img/house_6.png","img/house_4.png","1022.5999999940395","2220.0999999940395","366.20000000298023","1022.5999999940395,2220.0999999940395,366.20000000298023","70","70,13,32","null","","enter","9"
"no-tradeoff-rwd","141","1514459","0.0-6.0-0.119","","","","","","","","4","5","7","img/house_3.png","img/house_2.png","1275.5","657.7000000029802","","1275.5,657.7000000029802","70","70,32","null","","null",""
"no-tradeoff-rwd","142","1524757","0.0-6.0-0.120","","","","","","","","4","6","5","img/house_6.png","img/house_4.png","820.9000000059605","495.5","2284.9000000059605","820.9000000059605,495.5,2284.9000000059605","74","74,32,13","enter","0","null",""
"no-tradeoff-rwd","143","1532554","0.0-6.0-0.121","","","","","","","","1","3","8","img/house_3.png","img/house_2.png","745.7000000029802","279.09999999403954","","745.7000000029802,279.09999999403954","70","70,32","null","","null",""
"no-tradeoff-rwd","144","1542486","0.0-6.0-0.122","","","","","","","","4","7","4","img/house_6.png","img/house_4.png","487.29999999701977","2108.5","306.09999999403954","487.29999999701977,2108.5,306.09999999403954","74","74,13,32","null","","enter","0"
"no-tradeoff-rwd","145","1550335","0.0-6.0-0.123","","","","","","","","1","2","6","img/house_3.png","img/house_2.png","724.1999999880791","332","","724.1999999880791,332","70","70,32","null","","null",""
"no-tradeoff-rwd","146","1562456","0.0-6.0-0.124","","","","","","","","4","9","2","img/house_6.png","img/house_4.png","1208.199999988079","450.40000000596046","2640.9000000059605","1208.199999988079,450.40000000596046,2640.9000000059605","74","74,32,13","enter","0","null",""
"no-tradeoff-rwd","147","1570299","0.0-6.0-0.125","","","","","","","","1","2","6","img/house_4.png","img/house_6.png","413.5","323.1000000089407","","413.5,323.1000000089407","70","70,32","null","","null",""
"no-tradeoff-rwd","148","1580406","0.0-6.0-0.126","","","","","","","","4","1","3","img/house_4.png","img/house_6.png","841.4000000059605","1962.699999988079","621.5","841.4000000059605,1962.699999988079,621.5","70","70,13,32","null","","enter","0"
"no-tradeoff-rwd","149","1588219","0.0-6.0-0.127","","","","","","","","4","0","2","img/house_4.png","img/house_6.png","477.6000000089407","294.1000000089407","","477.6000000089407,294.1000000089407","74","74,32","null","","null",""
"no-tradeoff-rwd","150","1599893","0.0-6.0-0.128","","","","","","","","4","2","0","img/house_3.png","img/house_2.png","670.7999999970198","446.1000000089407","3706.199999988079","670.7999999970198,446.1000000089407,3706.199999988079","74","74,32,13","enter","0","null",""
"no-tradeoff-rwd","151","1607771","0.0-6.0-0.129","","","","","","","","4","3","0","img/house_4.png","img/house_6.png","980.5999999940395","355.5","","980.5999999940395,355.5","74","74,32","null","","null",""
"no-tradeoff-rwd","152","1617779","0.0-6.0-0.130","","","","","","","","4","4","0","img/house_3.png","img/house_2.png","681","1818.2999999970198","667.2999999970198","681,1818.2999999970198,667.2999999970198","70","70,13,32","null","","enter","0"
"no-tradeoff-rwd","153","1625564","0.0-6.0-0.131","","","","","","","","4","3","1","img/house_3.png","img/house_2.png","701","262.59999999403954","","701,262.59999999403954","70","70,32","null","","null",""
"no-tradeoff-rwd","154","1635798","0.0-6.0-0.132","","","","","","","","4","1","2","img/house_3.png","img/house_2.png","518.2000000029802","525.2999999970198","2190.4000000059605","518.2000000029802,525.2999999970198,2190.4000000059605","70","70,32,13","enter","0","null",""
"no-tradeoff-rwd","155","1643717","0.0-6.0-0.133","","","","","","","","4","2","2","img/house_3.png","img/house_2.png","585.2999999970198","399.5","","585.2999999970198,399.5","74","74,32","null","","null",""
"no-tradeoff-rwd","156","1653475","0.0-6.0-0.134","","","","","","","","1","1","4","img/house_3.png","img/house_2.png","430.69999998807907","1766.2000000029802","471.40000000596046","430.69999998807907,1766.2000000029802,471.40000000596046","70","70,13,32","null","","enter","0"
"no-tradeoff-rwd","157","1661422","0.0-6.0-0.135","","","","","","","","4","0","5","img/house_4.png","img/house_6.png","496.40000000596046","428.79999999701977","","496.40000000596046,428.79999999701977","74","74,32","null","","null",""
"no-tradeoff-rwd","158","1671349","0.0-6.0-0.136","","","","","","","","1","0","6","img/house_3.png","img/house_2.png","874.4000000059605","391.69999998807907","2009.2999999970198","874.4000000059605,391.69999998807907,2009.2999999970198","74","74,32,13","enter","0","null",""
"no-tradeoff-rwd","159","1679180","0.0-6.0-0.137","","","","","","","","1","7","0","img/house_6.png","img/house_4.png","834.8000000119209","312.79999999701977","","834.8000000119209,312.79999999701977","70","70,32","null","","null",""
"no-tradeoff-rwd","160","1689392","0.0-6.0-0.138","","","","","","","","1","6","2","img/house_6.png","img/house_4.png","961.8000000119209","2314.0999999940395","377.1000000089407","961.8000000119209,2314.0999999940395,377.1000000089407","74","74,13,32","null","","enter","0"
"no-tradeoff-rwd","161","1697293","0.0-6.0-0.139","","","","","","","","1","1","5","img/house_3.png","img/house_2.png","543.4000000059605","382.69999998807907","","543.4000000059605,382.69999998807907","70","70,32","null","","null",""
"no-tradeoff-rwd","162","1707167","0.0-6.0-0.140","","","","","","","","4","1","6","img/house_4.png","img/house_6.png","833.2000000029802","374.70000000298023","1977.9000000059605","833.2000000029802,374.70000000298023,1977.9000000059605","70","70,32,13","enter","0","null",""
"no-tradeoff-rwd","163","1715041","0.0-6.0-0.141","","","","","","","","1","7","3","img/house_2.png","img/house_3.png","480.79999999701977","350.29999999701977","","480.79999999701977,350.29999999701977","74","74,32","null","","null",""
"no-tradeoff-rwd","164","1726818","0.0-6.0-0.142","","","","","","","","4","1","7","img/house_3.png","img/house_2.png","908.8000000119209","1898.7000000029802","849.3999999910593","908.8000000119209,1898.7000000029802,849.3999999910593","74","74,13,32","null","","enter","0"
"no-tradeoff-rwd","165","1734974","0.0-6.0-0.143","","","","","","","","1","1","7","img/house_4.png","img/house_6.png","1283.2000000029802","635","","1283.2000000029802,635","70","70,32","null","","null",""
"no-tradeoff-rwd","166","1745365","0.0-6.0-0.144","","","","","","","","4","2","7","img/house_4.png","img/house_6.png","1004","381.59999999403954","2486.4000000059605","1004,381.59999999403954,2486.4000000059605","70","70,32,13","enter","0","null",""
"no-tradeoff-rwd","167","1753295","0.0-6.0-0.145","","","","","","","","1","3","8","img/house_4.png","img/house_6.png","858.9000000059605","407.90000000596046","","858.9000000059605,407.90000000596046","70","70,32","null","","null",""
"no-tradeoff-rwd","168","1763303","0.0-6.0-0.146","","","","","","","","4","4","8","img/house_3.png","img/house_2.png","729.8999999910593","2071.7000000029802","413","729.8999999910593,2071.7000000029802,413","70","70,13,32","null","","enter","0"
"no-tradeoff-rwd","169","1771210","0.0-6.0-0.147","","","","","","","","1","5","2","img/house_3.png","img/house_2.png","504.79999999701977","384.80000001192093","","504.79999999701977,384.80000001192093","74","74,32","null","","null",""
"no-tradeoff-rwd","170","1781299","0.0-6.0-0.148","","","","","","","","4","1","3","img/house_3.png","img/house_2.png","1075.4000000059605","386.70000000298023","2183.9000000059605","1075.4000000059605,386.70000000298023,2183.9000000059605","70","70,32,13","enter","0","null",""
"no-tradeoff-rwd","171","1789171","0.0-6.0-0.149","","","","","","","","4","2","0","img/house_6.png","img/house_4.png","944.6000000089407","354","","944.6000000089407,354","74","74,32","null","","null",""
"no-tradeoff-rwd","172","1798831","0.0-6.0-0.150","","","","","","","","4","0","0","img/house_3.png","img/house_2.png","670.7999999970198","1774.0999999940395","362.70000000298023","670.7999999970198,1774.0999999940395,362.70000000298023","70","70,13,32","null","","enter","0"
"no-tradeoff-rwd","173","1806639","0.0-6.0-0.151","","","","","","","","1","2","1","img/house_3.png","img/house_2.png","934.5","288.90000000596046","","934.5,288.90000000596046","74","74,32","null","","null",""
"no-tradeoff-rwd","174","1816571","0.0-6.0-0.152","","","","","","","","4","2","1","img/house_3.png","img/house_2.png","800.5","397.09999999403954","2012.5999999940395","800.5,397.09999999403954,2012.5999999940395","70","70,32,13","enter","0","null",""
"no-tradeoff-rwd","175","1824606","0.0-6.0-0.153","","","","","","","","4","3","2","img/house_3.png","img/house_2.png","527.7999999970198","511.5","","527.7999999970198,511.5","70","70,32","null","","null",""
"no-tradeoff-rwd","176","1835165","0.0-6.0-0.154","","","","","","","","4","3","1","img/house_4.png","img/house_6.png","901.8000000119209","2522.9000000059605","513","901.8000000119209,2522.9000000059605,513","70","70,13,32","null","","enter","0"
"no-tradeoff-rwd","177","1843078","0.0-6.0-0.155","","","","","","","","4","6","4","img/house_4.png","img/house_6.png","1139.5","388","","1139.5,388","70","70,32","null","","null",""
"no-tradeoff-rwd","178","1847156","0.0-6.0-0.156","","","","","","","","4","0","","","","632.5","","","632.5","32","32","null","","null",""
"no-tradeoff-rwd","179","1855217","0.0-6.0-0.157","","","","","","","","1","7","3","img/house_3.png","img/house_2.png","793.5","537.7000000029802","","793.5,537.7000000029802","70","70,32","null","","null",""
"no-tradeoff-rwd","180","1865553","0.0-6.0-0.158","","","","","","","","4","6","2","img/house_3.png","img/house_2.png","631.5","2202.4000000059605","606","631.5,2202.4000000059605,606","74","74,13,32","null","","enter","0"
"no-tradeoff-rwd","181","1873721","0.0-6.0-0.159","","","","","","","","4","7","2","img/house_4.png","img/house_6.png","1015.6999999880791","645","","1015.6999999880791,645","70","70,32","null","","null",""
"no-tradeoff-rwd","182","1883909","0.0-6.0-0.160","","","","","","","","1","7","4","img/house_4.png","img/house_6.png","966.7999999970198","287.20000000298023","2378.699999988079","966.7999999970198,287.20000000298023,2378.699999988079","70","70,32,13","enter","9","null",""
"no-tradeoff-rwd","183","1891989","0.0-6.0-0.161","","","","","","","","4","7","5","img/house_3.png","img/house_2.png","722.3999999910593","555.7000000029802","","722.3999999910593,555.7000000029802","74","74,32","null","","null",""
"no-tradeoff-rwd","184","1902920","0.0-6.0-0.162","","","","","","","","4","6","8","img/house_2.png","img/house_3.png","561.5","2523.9000000059605","886.3999999910593","561.5,2523.9000000059605,886.3999999910593","74","74,13,32","null","","enter","9"
"no-tradeoff-rwd","185","1910780","0.0-6.0-0.163","","","","","","","","1","4","7","img/house_6.png","img/house_4.png","469.6000000089407","339.1000000089407","","469.6000000089407,339.1000000089407","74","74,32","null","","null",""
"no-tradeoff-rwd","186","1920727","0.0-6.0-0.164","","","","","","","","1","1","9","img/house_2.png","img/house_3.png","440.5","305.5","2121.2000000029802","440.5,305.5,2121.2000000029802","74","74,32,13","enter","9","null",""
"no-tradeoff-rwd","187","1930871","0.0-6.0-0.165","","","","","","","","4","0","","","","5382.5","","","5382.5","32","32","null","","null",""
"no-tradeoff-rwd","188","1935202","0.0-6.0-0.166","","","","","","","","4","0","","","","818.2999999970198","","","818.2999999970198","32","32","null","","null",""
"no-tradeoff-rwd","189","1939114","0.0-6.0-0.167","","","","","","","","1","0","","","","399.6000000089407","","","399.6000000089407","32","32","null","","null",""
"no-tradeoff-rwd","190","1942952","0.0-6.0-0.168","","","","","","","","1","0","","","","327.3999999910593","","","327.3999999910593","32","32","null","","null",""
"no-tradeoff-rwd","191","1947694","0.0-6.0-0.169","","","","","","","","4","0","","","","1231.1000000089407","","","1231.1000000089407","32","32","null","","null",""
"no-tradeoff-rwd","192","1952208","0.0-6.0-0.170","","","","","","","","4","0","","","","1001","","","1001","32","32","null","","null",""
"no-tradeoff-rwd","193","1956657","0.0-6.0-0.171","","","","","","","","4","0","","","","933.2999999970198","","","933.2999999970198","32","32","null","","null",""
"no-tradeoff-rwd","194","1960773","0.0-6.0-0.172","","","","","","","","1","0","","","","604.5","","","604.5","32","32","null","","null",""
"no-tradeoff-rwd","195","1965079","0.0-6.0-0.173","","","","","","","","1","0","","","","793.5","","","793.5","32","32","null","","null",""
"no-tradeoff-rwd","196","1969365","0.0-6.0-0.174","","","","","","","","1","0","","","","772","","","772","32","32","null","","null",""
"no-tradeoff-rwd","197","1973329","0.0-6.0-0.175","","","","","","","","4","0","","","","452.09999999403954","","","452.09999999403954","32","32","null","","null",""
"no-tradeoff-rwd","198","1977795","0.0-6.0-0.176","","","","","","","","4","0","","","","955.7000000029802","","","955.7000000029802","32","32","null","","null",""
"no-tradeoff-rwd","199","1982066","0.0-6.0-0.177","","","","","","","","1","0","","","","760.7000000029802","","","760.7000000029802","32","32","null","","null",""
"no-tradeoff-rwd","200","1986124","0.0-6.0-0.178","","","","","","","","4","0","","","","547.8000000119209","","","547.8000000119209","32","32","null","","null",""
"no-tradeoff-rwd","201","1990472","0.0-6.0-0.179","","","","","","","","1","0","","","","838","","","838","32","32","null","","null",""
"no-tradeoff-rwd","202","1994483","0.0-6.0-0.180","","","","","","","","4","0","","","","498.59999999403954","","","498.59999999403954","32","32","null","","null",""
"no-tradeoff-rwd","203","1998494","0.0-6.0-0.181","","","","","","","","1","0","","","","499.8999999910593","","","499.8999999910593","32","32","null","","null",""
"no-tradeoff-rwd","204","2002354","0.0-6.0-0.182","","","","","","","","1","0","","","","347.79999999701977","","","347.79999999701977","32","32","null","","null",""
"no-tradeoff-rwd","205","2006602","0.0-6.0-0.183","","","","","","","","4","0","","","","735.5","","","735.5","32","32","null","","null",""
"no-tradeoff-rwd","206","2010551","0.0-6.0-0.184","","","","","","","","1","0","","","","438.90000000596046","","","438.90000000596046","32","32","null","","null",""
"no-tradeoff-rwd","207","2014376","0.0-6.0-0.185","","","","","","","","4","0","","","","316.79999999701977","","","316.79999999701977","32","32","null","","null",""
"no-tradeoff-rwd","208","2018233","0.0-6.0-0.186","","","","","","","","4","0","","","","345.79999999701977","","","345.79999999701977","32","32","null","","null",""
"no-tradeoff-rwd","209","2022439","0.0-6.0-0.187","","","","","","","","4","0","","","","697.5","","","697.5","32","32","null","","null",""
"no-tradeoff-rwd","210","2026282","0.0-6.0-0.188","","","","","","","","1","0","","","","335.09999999403954","","","335.09999999403954","32","32","null","","null",""
"no-tradeoff-rwd","211","2030193","0.0-6.0-0.189","","","","","","","","4","0","","","","401.20000000298023","","","401.20000000298023","32","32","null","","null",""
"no-tradeoff-rwd","212","2035605","0.0-6.0-0.190","","","","","","","","4","0","","","","1899","","","1899","32","32","null","","null",""
"no-tradeoff-rwd","213","2039419","0.0-6.0-0.191","","","","","","","","4","0","","","","285.40000000596046","","","285.40000000596046","32","32","null","","null",""
"no-tradeoff-rwd","214","2043404","0.0-6.0-0.192","","","","","","","","1","0","","","","476.20000000298023","","","476.20000000298023","32","32","null","","null",""
"no-tradeoff-rwd","215","2047488","0.0-6.0-0.193","","","","","","","","1","0","","","","573","","","573","32","32","null","","null",""
"no-tradeoff-rwd","216","2051865","0.0-6.0-0.194","","","","","","","","1","0","","","","867.1000000089407","","","867.1000000089407","32","32","null","","null",""
"no-tradeoff-rwd","217","2055884","0.0-6.0-0.195","","","","","","","","1","0","","","","508.79999999701977","","","508.79999999701977","32","32","null","","null",""
"no-tradeoff-rwd","218","2059812","0.0-6.0-0.196","","","","","","","","4","0","","","","421.09999999403954","","","421.09999999403954","32","32","null","","null",""
"no-tradeoff-rwd","219","2064333","0.0-6.0-0.197","","","","","","","","1","0","","","","1012.2999999970198","","","1012.2999999970198","32","32","null","","null",""
"no-tradeoff-rwd","220","2068578","0.0-6.0-0.198","","","","","","","","1","0","","","","734.9000000059605","","","734.9000000059605","32","32","null","","null",""
"no-tradeoff-rwd","221","2072877","0.0-6.0-0.199","","","","","","","","1","0","","","","788.5999999940395","","","788.5999999940395","32","32","null","","null",""
"no-tradeoff-rwd","222","2077297","0.0-6.0-0.200","","","","","","","","4","0","","","","909.8000000119209","","","909.8000000119209","32","32","null","","null",""
"no-tradeoff-rwd","223","2082762","0.0-6.0-0.201","","","","","","","","1","0","","","","1955.2999999970198","","","1955.2999999970198","32","32","null","","null",""
"no-tradeoff-rwd","224","2087201","0.0-6.0-0.202","","","","","","","","4","0","","","","924.9000000059605","","","924.9000000059605","32","32","null","","null",""
"no-tradeoff-rwd","225","2091266","0.0-6.0-0.203","","","","","","","","1","0","","","","554.0999999940395","","","554.0999999940395","32","32","null","","null",""
"no-tradeoff-rwd","226","2095502","0.0-6.0-0.204","","","","","","","","1","0","","","","724.1000000089407","","","724.1000000089407","32","32","null","","null",""
"no-tradeoff-rwd","227","2100128","0.0-6.0-0.205","","","","","","","","1","0","","","","1113.0999999940395","","","1113.0999999940395","32","32","null","","null",""
"no-tradeoff-rwd","228","2104518","0.0-6.0-0.206","","","","","","","","4","0","","","","881","","","881","32","32","null","","null",""
"no-tradeoff-rwd","229","2109016","0.0-6.0-0.207","","","","","","","","4","0","","","","991.2000000029802","","","991.2000000029802","32","32","null","","null",""
"no-tradeoff-rwd","230","2113492","0.0-6.0-0.208","","","","","","","","1","0","","","","966.8999999910593","","","966.8999999910593","32","32","null","","null",""
"no-tradeoff-rwd","231","2117828","0.0-6.0-0.209","","","","","","","","4","0","","","","827.6000000089407","","","827.6000000089407","32","32","null","","null",""
"no-tradeoff-rwd","232","2122043","0.0-6.0-0.210","","","","","","","","4","0","","","","705.7999999970198","","","705.7999999970198","32","32","null","","null",""
"no-tradeoff-rwd","233","2126025","0.0-6.0-0.211","","","","","","","","4","0","","","","472.20000000298023","","","472.20000000298023","32","32","null","","null",""
"no-tradeoff-rwd","234","2130059","0.0-6.0-0.212","","","","","","","","1","0","","","","524.7999999970198","","","524.7999999970198","32","32","null","","null",""
"no-tradeoff-rwd","235","2134210","0.0-6.0-0.213","","","","","","","","1","0","","","","638.5999999940395","","","638.5999999940395","32","32","null","","null",""
"no-tradeoff-rwd","236","2138204","0.0-6.0-0.214","","","","","","","","1","0","","","","483.20000000298023","","","483.20000000298023","32","32","null","","null",""
"no-tradeoff-rwd","237","2142326","0.0-6.0-0.215","","","","","","","","1","0","","","","614.2000000029802","","","614.2000000029802","32","32","null","","null",""
"no-tradeoff-rwd","238","2146679","0.0-6.0-0.216","","","","","","","","1","0","","","","845.5999999940395","","","845.5999999940395","32","32","null","","null",""
"no-tradeoff-rwd","239","2150656","0.0-6.0-0.217","","","","","","","","4","0","","","","467.30000001192093","","","467.30000001192093","32","32","null","","null",""
"no-tradeoff-rwd","240","2154481","0.0-6.0-0.218","","","","","","","","4","0","","","","316.5","","","316.5","32","32","null","","null",""
"no-tradeoff-rwd","241","2158608","0.0-6.0-0.219","","","","","","","","1","0","","","","619.0999999940395","","","619.0999999940395","32","32","null","","null",""
