"trial_type","trial_index","time_elapsed","internal_node_id","rt","stimulus","button_pressed","responses","key_press","view_history","correct","stakes","outcome","outcome_notreceived","choice_selected","choice_not_selected","rt_choice","rt_space","rt_certainty","all_rts","key_choice","all_keys","estimate_trial","estimate_val","certainty_trial","certainty_val"
"pavlovia","0","11","0.0-0.0","","","","","","","","","","","","","","","","","","","","","",""
"html-button-response","1","67668","0.0-1.0","67649","<p style=""font-size:24px;font-weight:bold"">Consent</p><div class=""consent"" style=""text-align:left; border:1px solid; padding:10px; width:800px; font-size=100%, float:right""><p align=left>Thank you for signing up for this experiment!<p><p align=left>This experiment is being conducted by the California Institute of Technology (Caltech). The lead investigators are Sarah Tashjian, PhD and Dean Mobbs, PhD. This study has been approved by the Caltech Institutional Review Board for research ethics.<p><p align=left>The goal of this study is to understand learning processes. In this experiment, you will complete a task in which you will see images.<p><p align=left>At times, you will receive rewards and penalties. These earnings will determine your eligibility for a bonus payment, which will result in a real increase in your payment in this study.<p><p align=left>Your goal is to learn which images predict the most points. We will also ask how certain you are about your decisions throughout the task.<p><p align=left>This experiment will take approximately 1 hour to complete in its entirety.<p><p align=left><b>You will receive $9.00 for completing the experiment. <u>If you optimize decisions on at least 70% of trials, you will be eligible for a $100 bonus payment.</u></b><p><p align=left>This study involves minimal risk, meaning there will be no more risk than in daily life. Possible risks include physical discomfort/fatigue (eyestrain, tiredness), as well as psychological discomfort (e.g., potential boredom).<p><p align=left> Besides receiving payment, you will not benefit from this study.<p><p align=left><b>Any information that is obtained in connection with this study that can identify you will remain confidential. </b><p><p align=left>When the results of this study are reported, your identifying information will not be disclosed. Because this study is being conducted online, we are unable to fully eliminate the risk of a breach of confidentiality. However, to mitigate the chances of this occurring, we are using secure and confidential data collection systems.<p align=left>You may choose to withdraw from this study at any time and refuse to answer any questions without penalty. Also, you may choose not to participate in this study.<p><p align=left>You are <b>eligible</b> to participate if you (1) are 18-40 years old, (2) are fluent in English, (3) have healthy or corrected vision, (4) are not colorblind, and (5) have no difficulty controlling motor movements. <p><p align=left>If you do not meet these criteria, please exit the experiment now.<p><p align=center><b> If you meet these criteria and consent to participate, you must<br>indicate your consent by clicking the button below.<b></p>","0","","","","","","","","","","","","","","","","","","",""
"survey-text","2","85146","0.0-2.0-0.0","17468.29999999702","","","{""Q0"":""6102c12a19f0e63eb2b4e567"",""Q1"":""22"",""Q2"":""Non-binary"",""Q3"":""Female""}","","","","","","","","","","","","","","","","","",""
"html-keyboard-response","3","88482","0.0-3.0","3331.2999999970198","<p>Welcome to the experiment!</p><p> You will play two games and answer a few questions.</p><p>Press the space bar to begin reading the instructions for the first game.</p>","","","32","","","","","","","","","","","","","","","","",""
"instructions","4","277970","0.0-4.0","189483.59999999404","","","","","[{""page_index"":0,""viewing_time"":67984.5},{""page_index"":1,""viewing_time"":11321.89999999106},{""page_index"":2,""viewing_time"":57194.29999999702},{""page_index"":3,""viewing_time"":11457.90000000596},{""page_index"":4,""viewing_time"":15813.79999999702},{""page_index"":5,""viewing_time"":10956.29999999702},{""page_index"":6,""viewing_time"":8253.40000000596},{""page_index"":7,""viewing_time"":6500.79999999702}]","","","","","","","","","","","","","","","",""
"html-keyboard-response","5","281474","0.0-5.0-0.0","3502.7999999970198","<p style=""font-size:24px;font-weight:bold"">TEST QUESTION</p><p>Which letter should you press to select the red house on the left?</p><div class=group><table class=table_center><tr><td class=prompt colspan=2>Choose one</td></tr><tr style=""height: 300px;""><td style=""width: 300px;""><img id=""left"" src=img/house_1.png style=""zoom: 100%;""/></td><td style=""width: 300px;""><img id=""right"" src=img/house_5.png style=""zoom: 100%;""/></td></tr></table></div><br>","","","70","","true","","","","","","","","","","","","","","",""
"html-keyboard-response","6","284478","0.0-5.0-1.0","null","<p style=""font-size:36px;font-weight:bold"">Correct!</p><p> Remember, press ""F"" for left and ""J"" for right. </p>","","","null","","","","","","","","","","","","","","","","",""
"html-keyboard-response","7","286696","0.0-5.0-2.0","2216","<p style=""font-size:24px;font-weight:bold"">TEST QUESTION</p><p>Which letter should you press to select the blue house on the right?</p><div class=group><table class=table_center><tr><td class=prompt colspan=2>Choose one</td></tr><tr style=""height: 300px;""><td style=""width: 300px;""><img id=""left"" src=img/house_1.png style=""zoom: 100%;""/></td><td style=""width: 300px;""><img id=""right"" src=img/house_5.png style=""zoom: 100%;""/></td></tr></table></div><br>","","","74","","true","","","","","","","","","","","","","","",""
"html-keyboard-response","8","289700","0.0-5.0-3.0","null","<p style=""font-size:36px;font-weight:bold"">Correct!</p><p> Remember, press ""F"" for left and ""J"" for right. </p>","","","null","","","","","","","","","","","","","","","","",""
"html-keyboard-response","9","301017","0.0-5.0-4.0","11315","<p style=""font-size:24px;font-weight:bold"">TEST QUESTION</p><p>Type the number of the <b> maximum </b> amount of flames an elf can have</p>","","","52","","false","","","","","","","","","","","","","","",""
"html-keyboard-response","10","301194","0.0-5.0-5.0","175.79999999701977","<p style=""font-size:36px;font-weight:bold"">Wrong answer.</p><p> Remember, elves can have 0 to 9 flames.</p>","","","53","","","","","","","","","","","","","","","","",""
"html-keyboard-response","11","308771","0.0-5.0-6.0","7575.29999999702","<p style=""font-size:24px;font-weight:bold"">TEST QUESTION</p><p>Remember, the same house always takes you to the same elf. </p><p>On this trial, select the house on the left by pressing ""F"".</p><div class=group><table class=table_center><tr><td class=prompt colspan=2>Choose one</td></tr><tr style=""height: 300px;""><td style=""width: 300px;""><img id=""left"" src=img/house_1.png style=""zoom: 100%;""/></td><td style=""width: 300px;""><img id=""right"" src=img/house_5.png style=""zoom: 100%;""/></td></tr></table></div><br>","","","70","","","","","","","","","","","","","","","","",""
"html-keyboard-response","12","334676","0.0-5.0-7.0","25904","<p style=""font-size:24px;font-weight:bold"">TEST QUESTION</p><p>The red house took you to the yellow elf. </p><p> The yellow elf attacked you with 8 flames. </p><p> The most flames an elf can have is 9, so this is a bad outcome!</p><div class=group><table class=table_center><tr><td class=prompt colspan=3>You received</td></tr><tr style=""height: 300px;""><td><img src=img/elf_yellow.png style=""zoom: 100%;""/></td><td><img src=img/flames.png style=""zoom: 30%;""/></td><td class=prompt>x 8</td></tr></table></div><br><p> Press space to continue </p>","","","32","","","","","","","","","","","","","","","","",""
"html-keyboard-response","13","339122","0.0-5.0-8.0","4443.79999999702","<p style=""font-size:24px;font-weight:bold"">TEST QUESTION</p><p>If you wanted to visit the <b> yellow elf </b> again, which house would you select?</p><div class=group><table class=table_center><tr><td class=prompt colspan=2>Choose one</td></tr><tr style=""height: 300px;""><td style=""width: 300px;""><img id=""left"" src=img/house_1.png style=""zoom: 100%;""/></td><td style=""width: 300px;""><img id=""right"" src=img/house_5.png style=""zoom: 100%;""/></td></tr></table></div><br>","","","74","","false","","","","","","","","","","","","","","",""
"html-keyboard-response","14","342080","0.0-5.0-9.0","2955.8999999910593","<p style=""font-size:36px;font-weight:bold"">Wrong answer.</p><p> Remember, the same house goes to the same elf. You would select the red house to visit the yellow elf.</p>","","","32","","","","","","","","","","","","","","","","",""
"html-keyboard-response","15","347151","0.0-5.0-10.0","5069.5999999940395","<p style=""font-size:24px;font-weight:bold"">TEST QUESTION</p><p>On this trial, select the house on the right by pressing ""J"".</p><div class=group><table class=table_center><tr><td class=prompt colspan=2>Choose one</td></tr><tr style=""height: 300px;""><td style=""width: 300px;""><img id=""left"" src=img/house_1.png style=""zoom: 100%;""/></td><td style=""width: 300px;""><img id=""right"" src=img/house_5.png style=""zoom: 100%;""/></td></tr></table></div><br>","","","74","","","","","","","","","","","","","","","","",""
"html-keyboard-response","16","352419","0.0-5.0-11.0","5266.5","<p style=""font-size:24px;font-weight:bold"">TEST QUESTION</p><p>The blue house took you to the purple elf. </p><p> The purple elf only attacked you with 1 flame. </p><p> That is not very much and is a pretty good outcome!</p><div class=group><table class=table_center><tr><td class=prompt colspan=3>You received</td></tr><tr style=""height: 300px;""><td><img src=img/elf_purple.png style=""zoom: 100%;""/></td><td><img src=img/flames.png style=""zoom: 30%;""/></td><td class=prompt>x 1</td></tr></table></div><br><p> Press space to continue </p>","","","32","","","","","","","","","","","","","","","","",""
"html-keyboard-response","17","358405","0.0-5.0-12.0","5980.29999999702","<p style=""font-size:24px;font-weight:bold"">TEST QUESTION</p><p>Remember the yellow elf attacked with 8 flames and the purple elf only attacked with 1 flame. </p><p> Which elf would you try to visit next? </p><div class=group><table class=table_center><tr><td class=prompt colspan=2>Choose one</td></tr><tr style=""height: 300px;""><td style=""width: 300px;""><img id=""left"" src=img/elf_yellow.png style=""zoom: 100%;""/></td><td style=""width: 300px;""><img id=""right"" src=img/elf_purple.png style=""zoom: 100%;""/></td></tr></table></div><br>","","","74","","true","","","","","","","","","","","","","","",""
"html-keyboard-response","18","360492","0.0-5.0-13.0","2084.7999999970198","<p style=""font-size:36px;font-weight:bold"">Correct!</p><p> Remember, you want to select the elf who attacked with the least flames.</p>","","","32","","","","","","","","","","","","","","","","",""
"html-keyboard-response","19","365457","0.0-5.0-14.0","4963.79999999702","<p style=""font-size:24px;font-weight:bold"">TEST QUESTION</p><p>To visit the purple elf, which house should you visit? </p><div class=group><table class=table_center><tr><td class=prompt colspan=2>Choose one</td></tr><tr style=""height: 300px;""><td style=""width: 300px;""><img id=""left"" src=img/house_1.png style=""zoom: 100%;""/></td><td style=""width: 300px;""><img id=""right"" src=img/house_5.png style=""zoom: 100%;""/></td></tr></table></div><br>","","","74","","true","","","","","","","","","","","","","","",""
"html-keyboard-response","20","367190","0.0-5.0-15.0","1732.699999988079","<p style=""font-size:36px;font-weight:bold"">Correct!</p><p>Remember, the same house goes to the same elf each time.</p>","","","32","","","","","","","","","","","","","","","","",""
"html-keyboard-response","21","368200","0.0-5.0-16.0","1009.0999999940395","<p style=""font-size:36px;font-weight:bold"">You are ready to play!</p><p>The houses and elves in the actual game will be different than the practice. </p><p> Press the space bar to start the game</p>","","","32","","","","","","","","","","","","","","","","",""
"no-tradeoff-rwd","22","373597","0.0-6.0-0.0","","","","","","","","1","0","","","","1886.5999999940395","","","1886.5999999940395","32","32","null","","null",""
"no-tradeoff-rwd","23","383299","0.0-6.0-0.1","","","","","","","","1","7","4","img/house_4.png","img/house_6.png","470.09999999403954","683.5","","470.09999999403954,683.5","74","74,32","null","","null",""
"no-tradeoff-rwd","24","398246","0.0-6.0-0.2","","","","","","","","1","1","9","img/house_2.png","img/house_3.png","818.5","5973.899999991059","1458.0999999940395","818.5,5973.899999991059,1458.0999999940395","70","70,13,32","null","","enter","2"
"no-tradeoff-rwd","25","407415","0.0-6.0-0.3","","","","","","","","4","8","0","img/house_4.png","img/house_6.png","1420.7999999970198","148.5","","1420.7999999970198,148.5","70","70,32","null","","null",""
"no-tradeoff-rwd","26","422317","0.0-6.0-0.4","","","","","","","","4","2","7","img/house_6.png","img/house_4.png","582.2999999970198","947.8000000119209","4934.899999991059","582.2999999970198,947.8000000119209,4934.899999991059","74","74,32,13","enter","7","null",""
"no-tradeoff-rwd","27","431223","0.0-6.0-0.5","","","","","","","","4","1","5","img/house_2.png","img/house_3.png","676.4000000059605","1385.800000011921","","676.4000000059605,1385.800000011921","70","70,32","null","","null",""
"no-tradeoff-rwd","28","446671","0.0-6.0-0.6","","","","","","","","4","1","5","img/house_2.png","img/house_3.png","1006","4957.899999991059","1466.5999999940395","1006,4957.899999991059,1466.5999999940395","70","70,13,32","null","","enter","9"
"no-tradeoff-rwd","29","454919","0.0-6.0-0.7","","","","","","","","1","0","7","img/house_6.png","img/house_4.png","1089.7000000029802","729.5999999940395","","1089.7000000029802,729.5999999940395","70","70,32","null","","null",""
"no-tradeoff-rwd","30","465969","0.0-6.0-0.8","","","","","","","","1","2","6","img/house_6.png","img/house_4.png","1006.1999999880791","393.90000000596046","3133.7999999970198","1006.1999999880791,393.90000000596046,3133.7999999970198","74","74,32,13","enter","1","null",""
"no-tradeoff-rwd","31","473977","0.0-6.0-0.9","","","","","","","","4","1","5","img/house_6.png","img/house_4.png","732.2000000029802","490.90000000596046","","732.2000000029802,490.90000000596046","70","70,32","null","","null",""
"no-tradeoff-rwd","32","486743","0.0-6.0-0.10","","","","","","","","1","1","6","img/house_6.png","img/house_4.png","801.3999999910593","3093.7999999970198","647.2999999970198","801.3999999910593,3093.7999999970198,647.2999999970198","70","70,13,32","null","","enter","0"
"no-tradeoff-rwd","33","495990","0.0-6.0-0.11","","","","","","","","4","2","3","img/house_6.png","img/house_4.png","468","228.40000000596046","","468,228.40000000596046","70","70,32","null","","null",""
"no-tradeoff-rwd","34","507538","0.0-6.0-0.12","","","","","","","","1","0","2","img/house_6.png","img/house_4.png","610.1000000089407","796.4000000059605","1729.4000000059605","610.1000000089407,796.4000000059605,1729.4000000059605","70","70,32,13","enter","2","null",""
"no-tradeoff-rwd","35","519031","0.0-6.0-0.13","","","","","","","","1","2","7","img/house_6.png","img/house_4.png","385.8999999910593","2461.5999999940395","","385.8999999910593,2461.5999999940395","70","70,32","null","","null",""
"no-tradeoff-rwd","36","533970","0.0-6.0-0.14","","","","","","","","1","1","7","img/house_2.png","img/house_3.png","984.7999999970198","5127","793.5","984.7999999970198,5127,793.5","70","70,13,32","null","","enter","9"
"no-tradeoff-rwd","37","543575","0.0-6.0-0.15","","","","","","","","4","1","5","img/house_2.png","img/house_3.png","425.20000000298023","579.6000000089407","","425.20000000298023,579.6000000089407","70","70,32","null","","null",""
"no-tradeoff-rwd","38","555326","0.0-6.0-0.16","","","","","","","","1","1","4","img/house_2.png","img/house_3.png","745.1000000089407","732.1999999880791","3495.7999999970198","745.1000000089407,732.1999999880791,3495.7999999970198","74","74,32,13","enter","1","null",""
"no-tradeoff-rwd","39","564845","0.0-6.0-0.17","","","","","","","","4","4","3","img/house_2.png","img/house_3.png","626.2999999970198","500.90000000596046","","626.2999999970198,500.90000000596046","70","70,32","null","","null",""
"no-tradeoff-rwd","40","576208","0.0-6.0-0.18","","","","","","","","4","2","3","img/house_2.png","img/house_3.png","777.2000000029802","2999.8999999910593","840.6000000089407","777.2000000029802,2999.8999999910593,840.6000000089407","74","74,13,32","null","","enter","5"
"no-tradeoff-rwd","41","584039","0.0-6.0-0.19","","","","","","","","1","2","1","img/house_4.png","img/house_6.png","708.4000000059605","317.5","","708.4000000059605,317.5","70","70,32","null","","null",""
"no-tradeoff-rwd","42","595879","0.0-6.0-0.20","","","","","","","","1","3","4","img/house_2.png","img/house_3.png","1176.3999999910593","741.7999999970198","3578.8999999910593","1176.3999999910593,741.7999999970198,3578.8999999910593","74","74,32,13","enter","2","null",""
"no-tradeoff-rwd","43","604663","0.0-6.0-0.21","","","","","","","","4","5","4","img/house_2.png","img/house_3.png","910.3999999910593","1265.2999999970198","","910.3999999910593,1265.2999999970198","70","70,32","null","","null",""
"no-tradeoff-rwd","44","616132","0.0-6.0-0.22","","","","","","","","4","4","1","img/house_2.png","img/house_3.png","658.1000000089407","3192.5999999940395","758.5","658.1000000089407,3192.5999999940395,758.5","74","74,13,32","null","","enter","5"
"no-tradeoff-rwd","45","624443","0.0-6.0-0.23","","","","","","","","4","2","2","img/house_6.png","img/house_4.png","1221.5999999940395","799.5","","1221.5999999940395,799.5","74","74,32","null","","null",""
"no-tradeoff-rwd","46","634913","0.0-6.0-0.24","","","","","","","","4","1","2","img/house_6.png","img/house_4.png","670.5","708.7999999970198","2240.2000000029802","670.5,708.7999999970198,2240.2000000029802","70","70,32,13","enter","2","null",""
"no-tradeoff-rwd","47","643127","0.0-6.0-0.25","","","","","","","","4","1","0","img/house_6.png","img/house_4.png","979.6999999880791","695.5999999940395","","979.6999999880791,695.5999999940395","74","74,32","null","","null",""
"no-tradeoff-rwd","48","656792","0.0-6.0-0.26","","","","","","","","1","3","1","img/house_6.png","img/house_4.png","693.7999999970198","4146.20000000298","496","693.7999999970198,4146.20000000298,496","70","70,13,32","null","","enter","9"
"no-tradeoff-rwd","49","664886","0.0-6.0-0.27","","","","","","","","4","1","1","img/house_4.png","img/house_6.png","904.3000000119209","571.5999999940395","","904.3000000119209,571.5999999940395","74","74,32","null","","null",""
"no-tradeoff-rwd","50","675591","0.0-6.0-0.28","","","","","","","","4","0","1","img/house_4.png","img/house_6.png","900.2000000029802","630.3000000119209","2560.2000000029802","900.2000000029802,630.3000000119209,2560.2000000029802","70","70,32,13","enter","2","null",""
"no-tradeoff-rwd","51","684535","0.0-6.0-0.29","","","","","","","","4","1","4","img/house_2.png","img/house_3.png","1041.3999999910593","1426","","1041.3999999910593,1426","70","70,32","null","","null",""
"no-tradeoff-rwd","52","695274","0.0-6.0-0.30","","","","","","","","1","1","7","img/house_6.png","img/house_4.png","691.4000000059605","2189.7999999970198","1025.5","691.4000000059605,2189.7999999970198,1025.5","74","74,13,32","null","","enter","1"
"no-tradeoff-rwd","53","705064","0.0-6.0-0.31","","","","","","","","4","1","9","img/house_6.png","img/house_4.png","883.3999999910593","767.7999999970198","","883.3999999910593,767.7999999970198","70","70,32","null","","null",""
"no-tradeoff-rwd","54","709964","0.0-6.0-0.32","","","","","","","","4","0","","","","1386.699999988079","","","1386.699999988079","32","32","null","","null",""
"no-tradeoff-rwd","55","718721","0.0-6.0-0.33","","","","","","","","4","1","6","img/house_6.png","img/house_4.png","802.3999999910593","1238.1000000089407","","802.3999999910593,1238.1000000089407","70","70,32","null","","null",""
"no-tradeoff-rwd","56","730297","0.0-6.0-0.34","","","","","","","","1","4","7","img/house_6.png","img/house_4.png","879.7000000029802","3288.6000000089407","765.6000000089407","879.7000000029802,3288.6000000089407,765.6000000089407","74","74,13,32","null","","enter","9"
"no-tradeoff-rwd","57","738685","0.0-6.0-0.35","","","","","","","","1","6","3","img/house_4.png","img/house_6.png","1403.300000011921","867.3000000119209","","1403.300000011921,867.3000000119209","70","70,32","null","","null",""
"no-tradeoff-rwd","58","749564","0.0-6.0-0.36","","","","","","","","1","5","6","img/house_6.png","img/house_4.png","1068.2999999970198","798.9000000059605","2555.4000000059605","1068.2999999970198,798.9000000059605,2555.4000000059605","70","70,32,13","enter","1","null",""
"no-tradeoff-rwd","59","758178","0.0-6.0-0.37","","","","","","","","1","4","1","img/house_3.png","img/house_2.png","1090.5999999940395","1093.4000000059605","","1090.5999999940395,1093.4000000059605","74","74,32","null","","null",""
"no-tradeoff-rwd","60","771210","0.0-6.0-0.38","","","","","","","","4","2","4","img/house_6.png","img/house_4.png","431.5","3369.6000000089407","641.5","431.5,3369.6000000089407,641.5","70","70,13,32","null","","enter","5"
"no-tradeoff-rwd","61","781056","0.0-6.0-0.39","","","","","","","","1","6","1","img/house_2.png","img/house_3.png","512.7999999970198","821","","512.7999999970198,821","74","74,32","null","","null",""
"no-tradeoff-rwd","62","792420","0.0-6.0-0.40","","","","","","","","1","2","0","img/house_2.png","img/house_3.png","569.3999999910593","757.7999999970198","745","569.3999999910593,757.7999999970198,745,3094.4000000059605","70","70,74,32,13","enter","2","null",""
"no-tradeoff-rwd","63","800946","0.0-6.0-0.41","","","","","","","","1","1","2","img/house_6.png","img/house_4.png","842.0999999940395","1005.6000000089407","","842.0999999940395,1005.6000000089407","74","74,32","null","","null",""
"no-tradeoff-rwd","64","813235","0.0-6.0-0.42","","","","","","","","4","1","1","img/house_4.png","img/house_6.png","457.90000000596046","2579.7000000029802","677.6000000089407","457.90000000596046,2579.7000000029802,677.6000000089407","70","70,13,32","null","","enter","5"
"no-tradeoff-rwd","65","823321","0.0-6.0-0.43","","","","","","","","1","4","3","img/house_2.png","img/house_3.png","1036","1057.8999999910593","","1036,1057.8999999910593","70","70,32","null","","null",""
"no-tradeoff-rwd","66","836036","0.0-6.0-0.44","","","","","","","","1","6","2","img/house_2.png","img/house_3.png","796.2000000029802","792","2904.2999999970198","796.2000000029802,792,2904.2999999970198","70","70,32,13","enter","2","null",""
"no-tradeoff-rwd","67","844523","0.0-6.0-0.45","","","","","","","","4","6","0","img/house_2.png","img/house_3.png","402.79999999701977","436.09999999403954","582.5999999940395","402.79999999701977,436.09999999403954,582.5999999940395,1009.6999999880791,1145.5,1284.7999999970198,1432.5,966.4000000059605","70","70,74,74,74,74,74,74,32","null","","null",""
"no-tradeoff-rwd","68","855733","0.0-6.0-0.46","","","","","","","","1","1","7","img/house_3.png","img/house_2.png","918.2999999970198","2759.6000000089407","937.7999999970198","918.2999999970198,2759.6000000089407,937.7999999970198","74","74,13,32","null","","enter","4"
"no-tradeoff-rwd","69","866195","0.0-6.0-0.47","","","","","","","","4","6","3","img/house_6.png","img/house_4.png","1121.4000000059605","1440.0999999940395","","1121.4000000059605,1440.0999999940395","70","70,32","null","","null",""
"no-tradeoff-rwd","70","880945","0.0-6.0-0.48","","","","","","","","1","9","2","img/house_6.png","img/house_4.png","1294.6000000089407","1297.3999999910593","5936.20000000298","1294.6000000089407,1297.3999999910593,5936.20000000298","74","74,32,13","enter","1","null",""
"no-tradeoff-rwd","71","889218","0.0-6.0-0.49","","","","","","","","4","8","2","img/house_6.png","img/house_4.png","1320.6000000089407","750.7999999970198","","1320.6000000089407,750.7999999970198","70","70,32","null","","null",""
"no-tradeoff-rwd","72","900672","0.0-6.0-0.50","","","","","","","","1","3","7","img/house_4.png","img/house_6.png","1246.4000000059605","2019.1000000089407","418.20000000298023","1246.4000000059605,2019.1000000089407,418.20000000298023","70","70,13,32","null","","enter","2"
"no-tradeoff-rwd","73","909773","0.0-6.0-0.51","","","","","","","","4","6","6","img/house_3.png","img/house_2.png","1294.199999988079","81.3999999910593","","1294.199999988079,81.3999999910593","74","74,32","null","","null",""
"no-tradeoff-rwd","74","921564","0.0-6.0-0.52","","","","","","","","1","8","6","img/house_3.png","img/house_2.png","681.1000000089407","965.4000000059605","1795.5999999940395","681.1000000089407,965.4000000059605,1795.5999999940395","70","70,32,13","enter","2","null",""
"no-tradeoff-rwd","75","931775","0.0-6.0-0.53","","","","","","","","1","3","9","img/house_2.png","img/house_3.png","1405.2999999970198","1190.1000000089407","","1405.2999999970198,1190.1000000089407","74","74,32","null","","null",""
"no-tradeoff-rwd","76","944511","0.0-6.0-0.54","","","","","","","","4","8","3","img/house_3.png","img/house_2.png","841.8999999910593","2804","911.5","841.8999999910593,2804,911.5","74","74,13,32","null","","enter","9"
"no-tradeoff-rwd","77","955058","0.0-6.0-0.55","","","","","","","","4","9","4","img/house_4.png","img/house_6.png","725.6000000089407","1522.7999999970198","","725.6000000089407,1522.7999999970198","70","70,32","null","","null",""
"no-tradeoff-rwd","78","969009","0.0-6.0-0.56","","","","","","","","4","6","4","img/house_3.png","img/house_2.png","396.3999999910593","707","4217.5","396.3999999910593,707,4217.5","74","74,32,13","enter","3","null",""
"no-tradeoff-rwd","79","979133","0.0-6.0-0.57","","","","","","","","1","1","6","img/house_6.png","img/house_4.png","857.5","1095.5999999940395","","857.5,1095.5999999940395","70","70,32","null","","null",""
"no-tradeoff-rwd","80","990710","0.0-6.0-0.58","","","","","","","","1","2","7","img/house_2.png","img/house_3.png","1060.2000000029802","2341.3999999910593","217.6000000089407","1060.2000000029802,2341.3999999910593,217.6000000089407","74","74,13,32","null","","enter","3"
"no-tradeoff-rwd","81","999419","0.0-6.0-0.59","","","","","","","","4","4","2","img/house_6.png","img/house_4.png","708.0999999940395","1190.7999999970198","","708.0999999940395,1190.7999999970198","70","70,32","null","","null",""
"no-tradeoff-rwd","82","1009985","0.0-6.0-0.60","","","","","","","","4","2","1","img/house_6.png","img/house_4.png","333.09999999403954","133.30000001192093","2918.7000000029802","333.09999999403954,133.30000001192093,2918.7000000029802","74","74,32,13","enter","3","null",""
"no-tradeoff-rwd","83","1020399","0.0-6.0-0.61","","","","","","","","1","2","2","img/house_2.png","img/house_3.png","1191.0999999940395","1397.7000000029802","","1191.0999999940395,1397.7000000029802","70","70,32","null","","null",""
"no-tradeoff-rwd","84","1033587","0.0-6.0-0.62","","","","","","","","4","0","2","img/house_6.png","img/house_4.png","552.7999999970198","2434","1728.7000000029802","552.7999999970198,2434,1728.7000000029802","70","70,13,32","null","","enter","2"
"no-tradeoff-rwd","85","1040315","0.0-6.0-0.63","","","","","","","","4","0","","","","3219.7000000029802","","","3219.7000000029802","32","32","null","","null",""
"no-tradeoff-rwd","86","1052939","0.0-6.0-0.64","","","","","","","","4","2","1","img/house_6.png","img/house_4.png","62.6000000089407","279.6000000089407","536","62.6000000089407,279.6000000089407,536,764.2000000029802,1029.7999999970198,1238,707.4000000059605,2889.5","74","74,74,74,74,74,70,32,13","enter","2","null",""
"no-tradeoff-rwd","87","1061315","0.0-6.0-0.65","","","","","","","","1","2","0","img/house_4.png","img/house_6.png","574","852.1000000089407","","574,852.1000000089407","74","74,32","null","","null",""
"no-tradeoff-rwd","88","1074412","0.0-6.0-0.66","","","","","","","","1","2","1","img/house_3.png","img/house_2.png","112.3999999910593","559.2000000029802","904.2000000029802","112.3999999910593,559.2000000029802,904.2000000029802,3301.7999999970198,769.5999999940395","70","70,70,70,13,32","null","","enter","4"
"no-tradeoff-rwd","89","1082679","0.0-6.0-0.67","","","","","","","","1","1","3","img/house_6.png","img/house_4.png","699.4000000059605","746.6999999880791","","699.4000000059605,746.6999999880791","70","70,32","null","","null",""
"no-tradeoff-rwd","90","1095337","0.0-6.0-0.68","","","","","","","","4","1","4","img/house_2.png","img/house_3.png","298.29999999701977","619.9000000059605","4501.5","298.29999999701977,619.9000000059605,4501.5","74","74,32,13","enter","9","null",""
"no-tradeoff-rwd","91","1103592","0.0-6.0-0.69","","","","","","","","1","3","3","img/house_2.png","img/house_3.png","511.3999999910593","746.2999999970198","","511.3999999910593,746.2999999970198","70","70,32","null","","null",""
"no-tradeoff-rwd","92","1114843","0.0-6.0-0.70","","","","","","","","1","5","3","img/house_2.png","img/house_3.png","284.79999999701977","731.7000000029802","2522.0999999940395","284.79999999701977,731.7000000029802,2522.0999999940395,1208","70","70,70,13,32","null","","enter","9"
"no-tradeoff-rwd","93","1123140","0.0-6.0-0.71","","","","","","","","4","4","3","img/house_3.png","img/house_2.png","729.2000000029802","777","","729.2000000029802,777","74","74,32","null","","null",""
"no-tradeoff-rwd","94","1133946","0.0-6.0-0.72","","","","","","","","1","1","3","img/house_2.png","img/house_3.png","419.09999999403954","736.2999999970198","2547.7000000029802","419.09999999403954,736.2999999970198,2547.7000000029802","74","74,32,13","enter","2","null",""
"no-tradeoff-rwd","95","1144080","0.0-6.0-0.73","","","","","","","","4","2","3","img/house_6.png","img/house_4.png","285.6000000089407","1113.5","","285.6000000089407,1113.5","70","70,32","null","","null",""
"no-tradeoff-rwd","96","1155983","0.0-6.0-0.74","","","","","","","","1","1","1","img/house_3.png","img/house_2.png","423.8999999910593","2111.199999988079","776.9000000059605","423.8999999910593,2111.199999988079,776.9000000059605","70","70,13,32","null","","enter","2"
"no-tradeoff-rwd","97","1167086","0.0-6.0-0.75","","","","","","","","1","1","3","img/house_4.png","img/house_6.png","538.2000000029802","2080.5","","538.2000000029802,2080.5","70","70,32","null","","null",""
"no-tradeoff-rwd","98","1183706","0.0-6.0-0.76","","","","","","","","1","1","5","img/house_3.png","img/house_2.png","907.9000000059605","3607.6000000089407","3995.2999999970198","907.9000000059605,3607.6000000089407,3995.2999999970198","70","70,32,13","enter","3","null",""
"no-tradeoff-rwd","99","1193846","0.0-6.0-0.77","","","","","","","","4","4","2","img/house_6.png","img/house_4.png","563.7999999970198","768","922.5","563.7999999970198,768,922.5,1028.7000000029802,1148.7999999970198,1121.2000000029802","70","70,74,70,74,70,32","null","","null",""
"no-tradeoff-rwd","100","1206325","0.0-6.0-0.78","","","","","","","","1","1","4","img/house_3.png","img/house_2.png","595.9000000059605","794.1000000089407","1020.2999999970198","595.9000000059605,794.1000000089407,1020.2999999970198,1139.6000000089407,1325.2000000029802,3351.0999999940395,102.70000000298023","70","70,74,70,74,70,13,32","null","","enter","2"
"no-tradeoff-rwd","101","1216765","0.0-6.0-0.79","","","","","","","","1","7","0","img/house_2.png","img/house_3.png","79.3999999910593","239","421.79999999701977","79.3999999910593,239,421.79999999701977,615.3999999910593,1211.2000000029802,1415.0999999940395","70","70,74,70,74,74,32","null","","null",""
"no-tradeoff-rwd","102","1228692","0.0-6.0-0.80","","","","","","","","1","8","5","img/house_2.png","img/house_3.png","32.5","153.1000000089407","259.90000000596046","32.5,153.1000000089407,259.90000000596046,452,574.2000000029802,647.8000000119209,755.3000000119209,950.8000000119209,1072.800000011921,1164.7000000029802,1265.300000011921,1373.7000000029802,1456.4000000059605,956.1999999880791,1947.9000000059605","70","70,74,70,70,74,70,74,74,70,74,70,74,70,32,13","enter","2","null",""
"no-tradeoff-rwd","103","1238587","0.0-6.0-0.81","","","","","","","","4","8","5","img/house_3.png","img/house_2.png","27.100000008940697","140.30000001192093","279.70000000298023","27.100000008940697,140.30000001192093,279.70000000298023,386.40000000596046,613.3000000119209,744.3000000119209,1001.7000000029802,1104.7000000029802,1271.9000000059605,1383.5,876.3999999910593","70","70,74,70,74,74,70,74,70,74,70,32","null","","null",""
"no-tradeoff-rwd","104","1250855","0.0-6.0-0.82","","","","","","","","4","5","9","img/house_2.png","img/house_3.png","1491.5","3768.1000000089407","983.7999999970198","1491.5,3768.1000000089407,983.7999999970198","74","74,13,32","null","","enter","9"
"no-tradeoff-rwd","105","1260552","0.0-6.0-0.83","","","","","","","","4","4","8","img/house_2.png","img/house_3.png","337.09999999403954","411.79999999701977","542.7000000029802","337.09999999403954,411.79999999701977,542.7000000029802,1013.7000000029802,669.2000000029802","70","70,74,70,74,32","null","","null",""
"no-tradeoff-rwd","106","1271009","0.0-6.0-0.84","","","","","","","","4","8","4","img/house_4.png","img/house_6.png","1110.9000000059605","767.5","2170.0999999940395","1110.9000000059605,767.5,2170.0999999940395","70","70,32,13","enter","","null",""
"no-tradeoff-rwd","107","1281142","0.0-6.0-0.85","","","","","","","","4","6","9","img/house_6.png","img/house_4.png","8.200000002980232","387.09999999403954","396","8.200000002980232,387.09999999403954,396,697.5999999940395,960.7999999970198,1182.5,1416.5,1116.6000000089407","70","70,74,70,74,74,74,74,32","null","","null",""
"no-tradeoff-rwd","108","1285733","0.0-6.0-0.86","","","","","","","","1","0","","","","1082.2000000029802","","","1082.2000000029802","32","32","null","","null",""
"no-tradeoff-rwd","109","1289315","0.0-6.0-0.87","","","","","","","","4","0","","","","77.3999999910593","","","77.3999999910593","32","32","null","","null",""
"no-tradeoff-rwd","110","1293346","0.0-6.0-0.88","","","","","","","","1","0","","","","519.5999999940395","","","519.5999999940395","32","32","null","","null",""
"no-tradeoff-rwd","111","1302059","0.0-6.0-0.89","","","","","","","","4","3","6","img/house_2.png","img/house_3.png","1306","1198.199999988079","","1306,1198.199999988079","70","70,32","null","","null",""
"no-tradeoff-rwd","112","1313218","0.0-6.0-0.90","","","","","","","","1","1","6","img/house_2.png","img/house_3.png","426.80000001192093","3039.9000000059605","605.6999999880791","426.80000001192093,3039.9000000059605,605.6999999880791","70","70,13,32","null","","enter","5"
"no-tradeoff-rwd","113","1321728","0.0-6.0-0.91","","","","","","","","1","6","1","img/house_3.png","img/house_2.png","581.7000000029802","995.1000000089407","","581.7000000029802,995.1000000089407","70","70,32","null","","null",""
"no-tradeoff-rwd","114","1335567","0.0-6.0-0.92","","","","","","","","4","0","6","img/house_6.png","img/house_4.png","1208.3999999910593","930","3884.6000000089407","1208.3999999910593,930,3884.6000000089407","74","74,32,13","enter","1","null",""
"no-tradeoff-rwd","115","1344629","0.0-6.0-0.93","","","","","","","","4","0","9","img/house_6.png","img/house_4.png","1072.7999999970198","40.900000005960464","","1072.7999999970198,40.900000005960464","70","70,32","null","","null",""
"no-tradeoff-rwd","116","1351606","0.0-6.0-0.94","","","","","","","","1","0","","","","3472","","","3472","32","32","null","","null",""
"no-tradeoff-rwd","117","1359832","0.0-6.0-0.95","","","","","","","","1","1","9","img/house_2.png","img/house_3.png","694.1000000089407","707.2000000029802","","694.1000000089407,707.2000000029802","70","70,32","null","","null",""
"no-tradeoff-rwd","118","1370961","0.0-6.0-0.96","","","","","","","","1","7","2","img/house_4.png","img/house_6.png","480.79999999701977","888","2721.5","480.79999999701977,888,2721.5","74","74,32,13","enter","7","null",""
"no-tradeoff-rwd","119","1381031","0.0-6.0-0.97","","","","","","","","4","8","1","img/house_3.png","img/house_2.png","1436.5","1046","","1436.5,1046","70","70,32","null","","null",""
"no-tradeoff-rwd","120","1392288","0.0-6.0-0.98","","","","","","","","4","1","8","img/house_6.png","img/house_4.png","729.0999999940395","3024","708.4000000059605","729.0999999940395,3024,708.4000000059605","70","70,13,32","null","","enter","9"
"no-tradeoff-rwd","121","1400761","0.0-6.0-0.99","","","","","","","","1","4","9","img/house_2.png","img/house_3.png","961","946.8999999910593","","961,946.8999999910593","70","70,32","null","","null",""
"no-tradeoff-rwd","122","1412253","0.0-6.0-0.100","","","","","","","","4","2","8","img/house_6.png","img/house_4.png","563.7000000029802","899.6000000089407","3067.5","563.7000000029802,899.6000000089407,3067.5","70","70,32,13","enter","1","null",""
"no-tradeoff-rwd","123","1421163","0.0-6.0-0.101","","","","","","","","4","3","9","img/house_6.png","img/house_4.png","827.7000000029802","1107.7000000029802","1392.1000000089407","827.7000000029802,1107.7000000029802,1392.1000000089407","74","74,70,32","null","","null",""
"no-tradeoff-rwd","124","1432768","0.0-6.0-0.102","","","","","","","","4","5","2","img/house_4.png","img/house_6.png","1198.5","3378.5","696.3999999910593","1198.5,3378.5,696.3999999910593","70","70,13,32","null","","enter","9"
"no-tradeoff-rwd","125","1438909","0.0-6.0-0.103","","","","","","","","1","0","","","","2631.4000000059605","","","2631.4000000059605","32","32","null","","null",""
"no-tradeoff-rwd","126","1451343","0.0-6.0-0.104","","","","","","","","1","0","3","img/house_6.png","img/house_4.png","1363.7999999970198","672.2999999970198","4246.9000000059605","1363.7999999970198,672.2999999970198,4246.9000000059605","70","70,32,13","enter","4","null",""
"no-tradeoff-rwd","127","1459912","0.0-6.0-0.105","","","","","","","","4","0","4","img/house_6.png","img/house_4.png","829.3000000119209","1049.5","","829.3000000119209,1049.5","70","70,32","null","","null",""
"no-tradeoff-rwd","128","1472161","0.0-6.0-0.106","","","","","","","","4","1","8","img/house_2.png","img/house_3.png","1030.7999999970198","4146.79999999702","586.7000000029802","1030.7999999970198,4146.79999999702,586.7000000029802","74","74,13,32","null","","enter","9"
"no-tradeoff-rwd","129","1481409","0.0-6.0-0.107","","","","","","","","1","1","8","img/house_6.png","img/house_4.png","1333.8999999910593","226.5","","1333.8999999910593,226.5","74","74,32","null","","null",""
"no-tradeoff-rwd","130","1498006","0.0-6.0-0.108","","","","","","","","4","1","8","img/house_2.png","img/house_3.png","618.7000000029802","928.2999999970198","6649.29999999702","618.7000000029802,928.2999999970198,6649.29999999702","70","70,32,13","enter","3","null",""
"no-tradeoff-rwd","131","1506156","0.0-6.0-0.109","","","","","","","","1","2","6","img/house_6.png","img/house_4.png","1072.7000000029802","635.9000000059605","","1072.7000000029802,635.9000000059605","70","70,32","null","","null",""
"no-tradeoff-rwd","132","1518117","0.0-6.0-0.110","","","","","","","","4","3","5","img/house_6.png","img/house_4.png","876.2999999970198","3728.4000000059605","716.8999999910593","876.2999999970198,3728.4000000059605,716.8999999910593","70","70,13,32","null","","enter","8"
"no-tradeoff-rwd","133","1528665","0.0-6.0-0.111","","","","","","","","4","0","","","","7042","","","7042","32","32","null","","null",""
"no-tradeoff-rwd","134","1540552","0.0-6.0-0.112","","","","","","","","4","5","3","img/house_6.png","img/house_4.png","1294.2000000029802","1074.4000000059605","2448.4000000059605","1294.2000000029802,1074.4000000059605,2448.4000000059605","74","74,32,13","enter","4","null",""
"no-tradeoff-rwd","135","1551134","0.0-6.0-0.113","","","","","","","","4","0","","","","5702.20000000298","","","5702.20000000298","32","32","null","","null",""
"no-tradeoff-rwd","136","1555847","0.0-6.0-0.114","","","","","","","","4","0","","","","1200.4000000059605","","","1200.4000000059605","32","32","null","","null",""
"no-tradeoff-rwd","137","1564010","0.0-6.0-0.115","","","","","","","","1","0","3","img/house_3.png","img/house_2.png","349.20000000298023","643.7000000029802","","349.20000000298023,643.7000000029802","74","74,32","null","","null",""
"no-tradeoff-rwd","138","1578331","0.0-6.0-0.116","","","","","","","","4","4","0","img/house_6.png","img/house_4.png","991.6000000089407","108.90000000596046","5191.20000000298","991.6000000089407,108.90000000596046,5191.20000000298","74","74,32,13","enter","3","null",""
"no-tradeoff-rwd","139","1588431","0.0-6.0-0.117","","","","","","","","4","4","3","img/house_3.png","img/house_2.png","233.1000000089407","1194.5","1076.5","233.1000000089407,1194.5,1076.5","74","74,70,32","null","","null",""
"no-tradeoff-rwd","140","1601418","0.0-6.0-0.118","","","","","","","","1","4","4","img/house_4.png","img/house_6.png","799.5","4750.9000000059605","714.0999999940395","799.5,4750.9000000059605,714.0999999940395","74","74,13,32","null","","enter","7"
"no-tradeoff-rwd","141","1609905","0.0-6.0-0.119","","","","","","","","1","5","4","img/house_2.png","img/house_3.png","368.59999999403954","972.0999999940395","","368.59999999403954,972.0999999940395","70","70,32","null","","null",""
"no-tradeoff-rwd","142","1627146","0.0-6.0-0.120","","","","","","","","1","3","9","img/house_3.png","img/house_2.png","640.7000000029802","1139.3999999910593","1223.5","640.7000000029802,1139.3999999910593,1223.5,765.2000000029802,7457","74","74,74,74,32,13","enter","4 ","null",""
"no-tradeoff-rwd","143","1636093","0.0-6.0-0.121","","","","","","","","1","9","3","img/house_2.png","img/house_3.png","576.4000000059605","1431.2999999970198","","576.4000000059605,1431.2999999970198","70","70,32","null","","null",""
"no-tradeoff-rwd","144","1649914","0.0-6.0-0.122","","","","","","","","1","9","0","img/house_6.png","img/house_4.png","989.5","5060.4000000059605","1235.1000000089407","989.5,5060.4000000059605,1235.1000000089407","70","70,13,32","null","","enter","3"
"no-tradeoff-rwd","145","1658383","0.0-6.0-0.123","","","","","","","","1","9","2","img/house_2.png","img/house_3.png","1077.7999999970198","950.9000000059605","","1077.7999999970198,950.9000000059605","74","74,32","null","","null",""
"no-tradeoff-rwd","146","1669140","0.0-6.0-0.124","","","","","","","","4","0","8","img/house_4.png","img/house_6.png","353.19999998807907","693.5","2542.7000000029802","353.19999998807907,693.5,2542.7000000029802","74","74,32,13","enter","0","null",""
"no-tradeoff-rwd","147","1677912","0.0-6.0-0.125","","","","","","","","4","1","7","img/house_4.png","img/house_6.png","683.5","1065.7000000029802","1252.1000000089407","683.5,1065.7000000029802,1252.1000000089407","74","74,70,32","null","","null",""
"no-tradeoff-rwd","148","1690190","0.0-6.0-0.126","","","","","","","","4","6","0","img/house_2.png","img/house_3.png","1025.0999999940395","3817.5","944.2999999970198","1025.0999999940395,3817.5,944.2999999970198","70","70,13,32","null","","enter","4"
"no-tradeoff-rwd","149","1698921","0.0-6.0-0.127","","","","","","","","4","3","8","img/house_4.png","img/house_6.png","442.80000001192093","1210.0999999940395","","442.80000001192093,1210.0999999940395","74","74,32","null","","null",""
"no-tradeoff-rwd","150","1711469","0.0-6.0-0.128","","","","","","","","1","5","7","img/house_3.png","img/house_2.png","540.8999999910593","1081.3999999910593","3946.5","540.8999999910593,1081.3999999910593,3946.5","74","74,32,13","enter","2","null",""
"no-tradeoff-rwd","151","1720289","0.0-6.0-0.129","","","","","","","","4","6","6","img/house_4.png","img/house_6.png","533.8999999910593","1062","1308.2000000029802","533.8999999910593,1062,1308.2000000029802","74","74,74,32","null","","null",""
"no-tradeoff-rwd","152","1734883","0.0-6.0-0.130","","","","","","","","4","5","7","img/house_2.png","img/house_3.png","767.3000000119209","6095.70000000298","974.8999999910593","767.3000000119209,6095.70000000298,974.8999999910593","74","74,13,32","null","","enter","9"
"no-tradeoff-rwd","153","1744130","0.0-6.0-0.131","","","","","","","","4","3","9","img/house_6.png","img/house_4.png","385.5","215.19999998807907","","385.5,215.19999998807907","74","74,32","null","","null",""
"no-tradeoff-rwd","154","1756508","0.0-6.0-0.132","","","","","","","","4","2","6","img/house_2.png","img/house_3.png","589.5","1071.0999999940395","3783.7999999970198","589.5,1071.0999999940395,3783.7999999970198","70","70,32,13","enter","7","null",""
"no-tradeoff-rwd","155","1767223","0.0-6.0-0.133","","","","","","","","1","0","5","img/house_6.png","img/house_4.png","443","1692.2999999970198","","443,1692.2999999970198","70","70,32","null","","null",""
