"trial_type","trial_index","time_elapsed","internal_node_id","rt","stimulus","button_pressed","responses","key_press","view_history","correct","stakes","outcome","outcome_notreceived","choice_selected","choice_not_selected","rt_choice","rt_space","rt_certainty","all_rts","key_choice","all_keys","estimate_trial","estimate_val","certainty_trial","certainty_val"
"pavlovia","0","11","0.0-0.0","","","","","","","","","","","","","","","","","","","","","",""
"html-button-response","1","3822","0.0-1.0","3807.5999999940395","<p style=""font-size:24px;font-weight:bold"">Consent</p><div class=""consent"" style=""text-align:left; border:1px solid; padding:10px; width:800px; font-size=100%, float:right""><p align=left>Thank you for signing up for this experiment!<p><p align=left>This experiment is being conducted by the California Institute of Technology (Caltech). The lead investigators are Sarah Tashjian, PhD and Dean Mobbs, PhD. This study has been approved by the Caltech Institutional Review Board for research ethics.<p><p align=left>The goal of this study is to understand learning processes. In this experiment, you will complete a task in which you will see images.<p><p align=left>At times, you will receive rewards and penalties. These earnings will determine your eligibility for a bonus payment, which will result in a real increase in your payment in this study.<p><p align=left>Your goal is to learn which images predict the most points. We will also ask how certain you are about your decisions throughout the task.<p><p align=left>This experiment will take approximately 1 hour to complete in its entirety.<p><p align=left><b>You will receive $9.00 for completing the experiment. <u>If you optimize decisions on at least 70% of trials, you will be eligible for a $100 bonus payment.</u></b><p><p align=left>This study involves minimal risk, meaning there will be no more risk than in daily life. Possible risks include physical discomfort/fatigue (eyestrain, tiredness), as well as psychological discomfort (e.g., potential boredom).<p><p align=left> Besides receiving payment, you will not benefit from this study.<p><p align=left><b>Any information that is obtained in connection with this study that can identify you will remain confidential. </b><p><p align=left>When the results of this study are reported, your identifying information will not be disclosed. Because this study is being conducted online, we are unable to fully eliminate the risk of a breach of confidentiality. However, to mitigate the chances of this occurring, we are using secure and confidential data collection systems.<p align=left>You may choose to withdraw from this study at any time and refuse to answer any questions without penalty. Also, you may choose not to participate in this study.<p><p align=left>You are <b>eligible</b> to participate if you (1) are 18-40 years old, (2) are fluent in English, (3) have healthy or corrected vision, (4) are not colorblind, and (5) have no difficulty controlling motor movements. <p><p align=left>If you do not meet these criteria, please exit the experiment now.<p><p align=center><b> If you meet these criteria and consent to participate, you must<br>indicate your consent by clicking the button below.<b></p>","0","","","","","","","","","","","","","","","","","","",""
"survey-text","2","18165","0.0-2.0-0.0","14334.5","","","{""Q0"":""6102d7eed9670d432e612300"",""Q1"":""28"",""Q2"":""Male"",""Q3"":""Male""}","","","","","","","","","","","","","","","","","",""
"html-keyboard-response","3","21711","0.0-3.0","3543","<p>Welcome to the experiment!</p><p> You will play two games and answer a few questions.</p><p>Press the space bar to begin reading the instructions for the first game.</p>","","","32","","","","","","","","","","","","","","","","",""
"instructions","4","170052","0.0-4.0","148343.20000001788","","","","","[{""page_index"":0,""viewing_time"":30326.30000001192},{""page_index"":1,""viewing_time"":12307.59999999404},{""page_index"":2,""viewing_time"":15570.40000000596},{""page_index"":3,""viewing_time"":29847.80000001192},{""page_index"":4,""viewing_time"":28023.399999976158},{""page_index"":5,""viewing_time"":14524.700000017881},{""page_index"":6,""viewing_time"":8932.299999982119},{""page_index"":7,""viewing_time"":8809.300000011921}]","","","","","","","","","","","","","","","",""
"html-keyboard-response","5","176355","0.0-5.0-0.0","6300.199999988079","<p style=""font-size:24px;font-weight:bold"">TEST QUESTION</p><p>Which letter should you press to select the red house on the left?</p><div class=group><table class=table_center><tr><td class=prompt colspan=2>Choose one</td></tr><tr style=""height: 300px;""><td style=""width: 300px;""><img id=""left"" src=img/house_1.png style=""zoom: 100%;""/></td><td style=""width: 300px;""><img id=""right"" src=img/house_5.png style=""zoom: 100%;""/></td></tr></table></div><br>","","","70","","true","","","","","","","","","","","","","","",""
"html-keyboard-response","6","179358","0.0-5.0-1.0","null","<p style=""font-size:36px;font-weight:bold"">Correct!</p><p> Remember, press ""F"" for left and ""J"" for right. </p>","","","null","","","","","","","","","","","","","","","","",""
"html-keyboard-response","7","179392","0.0-5.0-2.0","30.700000017881393","<p style=""font-size:24px;font-weight:bold"">TEST QUESTION</p><p>Which letter should you press to select the blue house on the right?</p><div class=group><table class=table_center><tr><td class=prompt colspan=2>Choose one</td></tr><tr style=""height: 300px;""><td style=""width: 300px;""><img id=""left"" src=img/house_1.png style=""zoom: 100%;""/></td><td style=""width: 300px;""><img id=""right"" src=img/house_5.png style=""zoom: 100%;""/></td></tr></table></div><br>","","","74","","true","","","","","","","","","","","","","","",""
"html-keyboard-response","8","181777","0.0-5.0-3.0","2383.800000011921","<p style=""font-size:36px;font-weight:bold"">Correct!</p><p> Remember, press ""F"" for left and ""J"" for right. </p>","","","70","","","","","","","","","","","","","","","","",""
"html-keyboard-response","9","188503","0.0-5.0-4.0","6724.299999982119","<p style=""font-size:24px;font-weight:bold"">TEST QUESTION</p><p>Type the number of the <b> maximum </b> amount of flames an elf can have</p>","","","57","","true","","","","","","","","","","","","","","",""
"html-keyboard-response","10","191505","0.0-5.0-5.0","null","<p style=""font-size:36px;font-weight:bold"">Correct!</p><p> Remember, elves can have 0 to 9 flames. </p>","","","null","","","","","","","","","","","","","","","","",""
"html-keyboard-response","11","200022","0.0-5.0-6.0","8515.300000011921","<p style=""font-size:24px;font-weight:bold"">TEST QUESTION</p><p>Remember, the same house always takes you to the same elf. </p><p>On this trial, select the house on the left by pressing ""F"".</p><div class=group><table class=table_center><tr><td class=prompt colspan=2>Choose one</td></tr><tr style=""height: 300px;""><td style=""width: 300px;""><img id=""left"" src=img/house_1.png style=""zoom: 100%;""/></td><td style=""width: 300px;""><img id=""right"" src=img/house_5.png style=""zoom: 100%;""/></td></tr></table></div><br>","","","70","","","","","","","","","","","","","","","","",""
"html-keyboard-response","12","208079","0.0-5.0-7.0","8055.5999999940395","<p style=""font-size:24px;font-weight:bold"">TEST QUESTION</p><p>The red house took you to the yellow elf. </p><p> The yellow elf attacked you with 8 flames. </p><p> The most flames an elf can have is 9, so this is a bad outcome!</p><div class=group><table class=table_center><tr><td class=prompt colspan=3>You received</td></tr><tr style=""height: 300px;""><td><img src=img/elf_yellow.png style=""zoom: 100%;""/></td><td><img src=img/flames.png style=""zoom: 30%;""/></td><td class=prompt>x 8</td></tr></table></div><br><p> Press space to continue </p>","","","32","","","","","","","","","","","","","","","","",""
"html-keyboard-response","13","211207","0.0-5.0-8.0","3124.9000000059605","<p style=""font-size:24px;font-weight:bold"">TEST QUESTION</p><p>If you wanted to visit the <b> yellow elf </b> again, which house would you select?</p><div class=group><table class=table_center><tr><td class=prompt colspan=2>Choose one</td></tr><tr style=""height: 300px;""><td style=""width: 300px;""><img id=""left"" src=img/house_1.png style=""zoom: 100%;""/></td><td style=""width: 300px;""><img id=""right"" src=img/house_5.png style=""zoom: 100%;""/></td></tr></table></div><br>","","","70","","true","","","","","","","","","","","","","","",""
"html-keyboard-response","14","212669","0.0-5.0-9.0","1460.699999988079","<p style=""font-size:36px;font-weight:bold"">Correct!</p><p> Remember, the same house goes to the same elf. </p>","","","32","","","","","","","","","","","","","","","","",""
"html-keyboard-response","15","216246","0.0-5.0-10.0","3575.0999999940395","<p style=""font-size:24px;font-weight:bold"">TEST QUESTION</p><p>On this trial, select the house on the right by pressing ""J"".</p><div class=group><table class=table_center><tr><td class=prompt colspan=2>Choose one</td></tr><tr style=""height: 300px;""><td style=""width: 300px;""><img id=""left"" src=img/house_1.png style=""zoom: 100%;""/></td><td style=""width: 300px;""><img id=""right"" src=img/house_5.png style=""zoom: 100%;""/></td></tr></table></div><br>","","","74","","","","","","","","","","","","","","","","",""
"html-keyboard-response","16","221264","0.0-5.0-11.0","5016.4000000059605","<p style=""font-size:24px;font-weight:bold"">TEST QUESTION</p><p>The blue house took you to the purple elf. </p><p> The purple elf only attacked you with 1 flame. </p><p> That is not very much and is a pretty good outcome!</p><div class=group><table class=table_center><tr><td class=prompt colspan=3>You received</td></tr><tr style=""height: 300px;""><td><img src=img/elf_purple.png style=""zoom: 100%;""/></td><td><img src=img/flames.png style=""zoom: 30%;""/></td><td class=prompt>x 1</td></tr></table></div><br><p> Press space to continue </p>","","","32","","","","","","","","","","","","","","","","",""
"html-keyboard-response","17","225990","0.0-5.0-12.0","4723.5999999940395","<p style=""font-size:24px;font-weight:bold"">TEST QUESTION</p><p>Remember the yellow elf attacked with 8 flames and the purple elf only attacked with 1 flame. </p><p> Which elf would you try to visit next? </p><div class=group><table class=table_center><tr><td class=prompt colspan=2>Choose one</td></tr><tr style=""height: 300px;""><td style=""width: 300px;""><img id=""left"" src=img/elf_yellow.png style=""zoom: 100%;""/></td><td style=""width: 300px;""><img id=""right"" src=img/elf_purple.png style=""zoom: 100%;""/></td></tr></table></div><br>","","","74","","true","","","","","","","","","","","","","","",""
"html-keyboard-response","18","228330","0.0-5.0-13.0","2338.199999988079","<p style=""font-size:36px;font-weight:bold"">Correct!</p><p> Remember, you want to select the elf who attacked with the least flames.</p>","","","32","","","","","","","","","","","","","","","","",""
"html-keyboard-response","19","229813","0.0-5.0-14.0","1481.699999988079","<p style=""font-size:24px;font-weight:bold"">TEST QUESTION</p><p>To visit the purple elf, which house should you visit? </p><div class=group><table class=table_center><tr><td class=prompt colspan=2>Choose one</td></tr><tr style=""height: 300px;""><td style=""width: 300px;""><img id=""left"" src=img/house_1.png style=""zoom: 100%;""/></td><td style=""width: 300px;""><img id=""right"" src=img/house_5.png style=""zoom: 100%;""/></td></tr></table></div><br>","","","74","","true","","","","","","","","","","","","","","",""
"html-keyboard-response","20","231029","0.0-5.0-15.0","1214.300000011921","<p style=""font-size:36px;font-weight:bold"">Correct!</p><p>Remember, the same house goes to the same elf each time.</p>","","","32","","","","","","","","","","","","","","","","",""
"html-keyboard-response","21","232426","0.0-5.0-16.0","1395.4000000059605","<p style=""font-size:36px;font-weight:bold"">You are ready to play!</p><p>The houses and elves in the actual game will be different than the practice. </p><p> Press the space bar to start the game</p>","","","32","","","","","","","","","","","","","","","","",""
"no-tradeoff-rwd","22","251071","0.0-6.0-0.0","","","","","","","","1","7","4","img/house_6.png","img/house_4.png","1052.2000000178814","858.4000000059605","8751.699999988079","1052.2000000178814,858.4000000059605,8751.699999988079","74","74,32,13","enter","4","null",""
"no-tradeoff-rwd","23","258442","0.0-6.0-0.1","","","","","","","","1","0","","","","3858.0999999940395","","","3858.0999999940395","32","32","null","","null",""
"no-tradeoff-rwd","24","286776","0.0-6.0-0.2","","","","","","","","1","8","3","img/house_2.png","img/house_3.png","644.3999999761581","18351.90000000596","944.6999999880791","644.3999999761581,18351.90000000596,944.6999999880791","74","74,13,32","null","","enter","2"
"no-tradeoff-rwd","25","296402","0.0-6.0-0.3","","","","","","","","1","2","8","img/house_3.png","img/house_2.png","887.7999999821186","606.3000000119209","","887.7999999821186,606.3000000119209","74","74,32","null","","null",""
"no-tradeoff-rwd","26","310336","0.0-6.0-0.4","","","","","","","","1","5","7","img/house_4.png","img/house_6.png","1321.800000011921","1782.9000000059605","3124.5","1321.800000011921,1782.9000000059605,3124.5","74","74,32,13","enter","3","null",""
"no-tradeoff-rwd","27","319961","0.0-6.0-0.5","","","","","","","","1","8","6","img/house_4.png","img/house_6.png","1404.2999999821186","599.4000000059605","","1404.2999999821186,599.4000000059605","74","74,32","null","","null",""
"no-tradeoff-rwd","28","332875","0.0-6.0-0.6","","","","","","","","1","8","9","img/house_6.png","img/house_4.png","1452.5999999940395","4603.699999988079","780.0999999940395","1452.5999999940395,4603.699999988079,780.0999999940395","70","70,13,32","null","","enter","2"
"no-tradeoff-rwd","29","342348","0.0-6.0-0.7","","","","","","","","1","7","5","img/house_4.png","img/house_6.png","802.2000000178814","449","","802.2000000178814,449","70","70,32","null","","null",""
"no-tradeoff-rwd","30","356952","0.0-6.0-0.8","","","","","","","","1","5","6","img/house_2.png","img/house_3.png","1274","695.4000000059605","4880.399999976158","1274,695.4000000059605,4880.399999976158","70","70,32,13","enter","7","null",""
"no-tradeoff-rwd","31","363567","0.0-6.0-0.9","","","","","","","","4","0","","","","3095.699999988079","","","3095.699999988079","32","32","null","","null",""
"no-tradeoff-rwd","32","375512","0.0-6.0-0.10","","","","","","","","4","5","7","img/house_3.png","img/house_2.png","645.9000000059605","3323.199999988079","1100.3999999761581","645.9000000059605,3323.199999988079,1100.3999999761581","70","70,13,32","null","","enter","3"
"no-tradeoff-rwd","33","384226","0.0-6.0-0.11","","","","","","","","1","2","8","img/house_3.png","img/house_2.png","1434.5999999940395","1191.5","","1434.5999999940395,1191.5","70","70,32","null","","null",""
"no-tradeoff-rwd","34","391936","0.0-6.0-0.12","","","","","","","","1","0","","","","4195.199999988079","","","4195.199999988079","32","32","null","","null",""
"no-tradeoff-rwd","35","399682","0.0-6.0-0.13","","","","","","","","1","9","7","img/house_3.png","img/house_2.png","671.5999999940395","222.5","","671.5999999940395,222.5","70","70,32","null","","null",""
"no-tradeoff-rwd","36","410575","0.0-6.0-0.14","","","","","","","","1","5","8","img/house_3.png","img/house_2.png","529.2000000178814","2692.5","673.0999999940395","529.2000000178814,2692.5,673.0999999940395","74","74,13,32","null","","enter","2"
"no-tradeoff-rwd","37","419998","0.0-6.0-0.15","","","","","","","","1","6","4","img/house_3.png","img/house_2.png","841.8000000119209","395.80000001192093","","841.8000000119209,395.80000001192093","70","70,32","null","","null",""
"no-tradeoff-rwd","38","432242","0.0-6.0-0.16","","","","","","","","4","7","5","img/house_3.png","img/house_2.png","689.5","514.5","4205.9000000059605","689.5,514.5,4205.9000000059605","70","70,32,13","enter","5","null",""
"no-tradeoff-rwd","39","442162","0.0-6.0-0.17","","","","","","","","4","6","7","img/house_2.png","img/house_3.png","838.7999999821186","888.8000000119209","","838.7999999821186,888.8000000119209","70","70,32","null","","null",""
"no-tradeoff-rwd","40","453073","0.0-6.0-0.18","","","","","","","","1","9","7","img/house_6.png","img/house_4.png","596.5","2376","1003.5999999940395","596.5,2376,1003.5999999940395","70","70,13,32","null","","enter","2"
"no-tradeoff-rwd","41","462487","0.0-6.0-0.19","","","","","","","","1","9","7","img/house_3.png","img/house_2.png","957.3000000119209","379.09999999403954","","957.3000000119209,379.09999999403954","74","74,32","null","","null",""
"no-tradeoff-rwd","42","473978","0.0-6.0-0.20","","","","","","","","4","7","4","img/house_4.png","img/house_6.png","860","909.3999999761581","3057.7000000178814","860,909.3999999761581,3057.7000000178814","74","74,32,13","enter","4","null",""
"no-tradeoff-rwd","43","482232","0.0-6.0-0.21","","","","","","","","1","8","3","img/house_4.png","img/house_6.png","932.3000000119209","730.6000000238419","","932.3000000119209,730.6000000238419","70","70,32","null","","null",""
"no-tradeoff-rwd","44","494615","0.0-6.0-0.22","","","","","","","","4","8","5","img/house_4.png","img/house_6.png","801.6999999880791","2716","633","801.6999999880791,2716,633","70","70,13,32","null","","enter","4"
"no-tradeoff-rwd","45","502803","0.0-6.0-0.23","","","","","","","","1","6","8","img/house_3.png","img/house_2.png","1041.0999999940395","661.5","","1041.0999999940395,661.5","74","74,32","null","","null",""
"no-tradeoff-rwd","46","515401","0.0-6.0-0.24","","","","","","","","1","6","6","img/house_4.png","img/house_6.png","1268.199999988079","683.5999999940395","4386.5","1268.199999988079,683.5999999940395,4386.5","74","74,32,13","enter","6","null",""
"no-tradeoff-rwd","47","524877","0.0-6.0-0.25","","","","","","","","1","8","5","img/house_4.png","img/house_6.png","799.4000000059605","443.10000002384186","","799.4000000059605,443.10000002384186","74","74,32","null","","null",""
"no-tradeoff-rwd","48","537747","0.0-6.0-0.26","","","","","","","","4","9","7","img/house_3.png","img/house_2.png","950.2000000178814","4485.700000017881","853.0999999940395","950.2000000178814,4485.700000017881,853.0999999940395","70","70,13,32","null","","enter","4"
"no-tradeoff-rwd","49","546431","0.0-6.0-0.27","","","","","","","","1","8","7","img/house_2.png","img/house_3.png","1177.6000000238419","1156.5","","1177.6000000238419,1156.5","74","74,32","null","","null",""
"no-tradeoff-rwd","50","557878","0.0-6.0-0.28","","","","","","","","4","7","5","img/house_6.png","img/house_4.png","773.4000000059605","864.1000000238419","3055.800000011921","773.4000000059605,864.1000000238419,3055.800000011921","74","74,32,13","enter","9","null",""
"no-tradeoff-rwd","51","568276","0.0-6.0-0.29","","","","","","","","4","5","5","img/house_4.png","img/house_6.png","756.5999999940395","1369.4000000059605","","756.5999999940395,1369.4000000059605","74","74,32","null","","null",""
"no-tradeoff-rwd","52","582515","0.0-6.0-0.30","","","","","","","","1","5","4","img/house_4.png","img/house_6.png","800.5","6022.5","701.5","800.5,6022.5,701.5","74","74,13,32","null","","enter","7"
"no-tradeoff-rwd","53","597436","0.0-6.0-0.31","","","","","","","","1","6","3","img/house_3.png","img/house_2.png","1006.4000000059605","5888.899999976158","","1006.4000000059605,5888.899999976158","70","70,32","null","","null",""
"no-tradeoff-rwd","54","636516","0.0-6.0-0.32","","","","","","","","1","6","0","img/house_4.png","img/house_6.png","1046.800000011921","25367.40000000596","4368.5999999940395","1046.800000011921,25367.40000000596,4368.5999999940395","70","70,32,13","enter","4","null",""
"no-tradeoff-rwd","55","644367","0.0-6.0-0.33","","","","","","","","4","4","2","img/house_4.png","img/house_6.png","824.2999999821186","333.30000001192093","","824.2999999821186,333.30000001192093","74","74,32","null","","null",""
"no-tradeoff-rwd","56","661678","0.0-6.0-0.34","","","","","","","","1","6","3","img/house_3.png","img/house_2.png","578.9000000059605","3712","4568.5999999940395","578.9000000059605,3712,4568.5999999940395","70","70,13,32","null","","enter","4"
"no-tradeoff-rwd","57","671777","0.0-6.0-0.35","","","","","","","","4","6","1","img/house_4.png","img/house_6.png","1154.5","1069.800000011921","","1154.5,1069.800000011921","70","70,32","null","","null",""
"no-tradeoff-rwd","58","682350","0.0-6.0-0.36","","","","","","","","4","4","1","img/house_4.png","img/house_6.png","890.1999999880791","690.1999999880791","2359.699999988079","890.1999999880791,690.1999999880791,2359.699999988079","74","74,32,13","enter","4","null",""
"no-tradeoff-rwd","59","690582","0.0-6.0-0.37","","","","","","","","4","6","1","img/house_4.png","img/house_6.png","800.4000000059605","712.1999999880791","","800.4000000059605,712.1999999880791","74","74,32","null","","null",""
"no-tradeoff-rwd","60","702217","0.0-6.0-0.38","","","","","","","","4","7","2","img/house_4.png","img/house_6.png","805.0999999940395","3102.199999988079","1006.2999999821186","805.0999999940395,3102.199999988079,1006.2999999821186","70","70,13,32","null","","enter","3"
"no-tradeoff-rwd","61","710206","0.0-6.0-0.39","","","","","","","","1","4","5","img/house_2.png","img/house_3.png","757.6000000238419","469.09999999403954","","757.6000000238419,469.09999999403954","74","74,32","null","","null",""
"no-tradeoff-rwd","62","721282","0.0-6.0-0.40","","","","","","","","4","7","5","img/house_6.png","img/house_4.png","979.1999999880791","778.5999999940395","2768.800000011921","979.1999999880791,778.5999999940395,2768.800000011921","74","74,32,13","enter","3","null",""
"no-tradeoff-rwd","63","729670","0.0-6.0-0.41","","","","","","","","1","9","6","img/house_6.png","img/house_4.png","972.7000000178814","864.5","","972.7000000178814,864.5","74","74,32","null","","null",""
"no-tradeoff-rwd","64","740360","0.0-6.0-0.42","","","","","","","","4","8","6","img/house_2.png","img/house_3.png","1071.4000000059605","2534.5999999940395","628.2000000178814","1071.4000000059605,2534.5999999940395,628.2000000178814","74","74,13,32","null","","enter","3"
"no-tradeoff-rwd","65","748700","0.0-6.0-0.43","","","","","","","","4","5","7","img/house_4.png","img/house_6.png","1023.4000000059605","821.1000000238419","","1023.4000000059605,821.1000000238419","74","74,32","null","","null",""
"no-tradeoff-rwd","66","759234","0.0-6.0-0.44","","","","","","","","4","5","9","img/house_3.png","img/house_2.png","758.5","560.3999999761581","2449.5999999940395","758.5,560.3999999761581,2449.5999999940395","70","70,32,13","enter","2","null",""
"no-tradeoff-rwd","67","767379","0.0-6.0-0.45","","","","","","","","1","3","9","img/house_3.png","img/house_2.png","708","620.2000000178814","","708,620.2000000178814","70","70,32","null","","null",""
"no-tradeoff-rwd","68","778294","0.0-6.0-0.46","","","","","","","","1","1","9","img/house_4.png","img/house_6.png","777.7999999821186","2645.300000011921","739.9000000059605","777.7999999821186,2645.300000011921,739.9000000059605","70","70,13,32","null","","enter","3"
"no-tradeoff-rwd","69","786573","0.0-6.0-0.47","","","","","","","","1","2","8","img/house_4.png","img/house_6.png","641.9000000059605","755.0999999940395","","641.9000000059605,755.0999999940395","74","74,32","null","","null",""
"no-tradeoff-rwd","70","806012","0.0-6.0-0.48","","","","","","","","1","5","8","img/house_3.png","img/house_2.png","732.8000000119209","2223.800000011921","8190.699999988079","732.8000000119209,2223.800000011921,8190.699999988079","70","70,32,13","enter","3","null",""
"no-tradeoff-rwd","71","815959","0.0-6.0-0.49","","","","","","","","1","5","8","img/house_4.png","img/house_6.png","891.9000000059605","916","","891.9000000059605,916","74","74,32","null","","null",""
"no-tradeoff-rwd","72","827054","0.0-6.0-0.50","","","","","","","","4","7","7","img/house_3.png","img/house_2.png","909.9000000059605","2736.5","831.2999999821186","909.9000000059605,2736.5,831.2999999821186","70","70,13,32","null","","enter","3"
"no-tradeoff-rwd","73","837044","0.0-6.0-0.51","","","","","","","","4","8","9","img/house_3.png","img/house_2.png","868.9000000059605","963.8000000119209","","868.9000000059605,963.8000000119209","74","74,32","null","","null",""
"no-tradeoff-rwd","74","847642","0.0-6.0-0.52","","","","","","","","4","8","7","img/house_3.png","img/house_2.png","750.1000000238419","846.5","2226","750.1000000238419,846.5,2226","74","74,32,13","enter","3","null",""
"no-tradeoff-rwd","75","856305","0.0-6.0-0.53","","","","","","","","1","9","5","img/house_3.png","img/house_2.png","1224.2000000178814","1135.4000000059605","","1224.2000000178814,1135.4000000059605","70","70,32","null","","null",""
"no-tradeoff-rwd","76","867261","0.0-6.0-0.54","","","","","","","","4","3","7","img/house_6.png","img/house_4.png","1155","2845.0999999940395","585.0999999940395","1155,2845.0999999940395,585.0999999940395","74","74,13,32","null","","enter","3"
"no-tradeoff-rwd","77","875294","0.0-6.0-0.55","","","","","","","","4","5","4","img/house_6.png","img/house_4.png","549","506.30000001192093","","549,506.30000001192093","74","74,32","null","","null",""
"no-tradeoff-rwd","78","885530","0.0-6.0-0.56","","","","","","","","4","4","6","img/house_6.png","img/house_4.png","958","422.59999999403954","2292.899999976158","958,422.59999999403954,2292.899999976158","74","74,32,13","enter","3","null",""
"no-tradeoff-rwd","79","893599","0.0-6.0-0.57","","","","","","","","4","6","7","img/house_6.png","img/house_4.png","821.3000000119209","553.9000000059605","","821.3000000119209,553.9000000059605","74","74,32","null","","null",""
"no-tradeoff-rwd","80","906567","0.0-6.0-0.58","","","","","","","","4","8","7","img/house_3.png","img/house_2.png","1035.0999999940395","4816.799999982119","627.9000000059605","1035.0999999940395,4816.799999982119,627.9000000059605","70","70,13,32","null","","enter","2"
"no-tradeoff-rwd","81","914619","0.0-6.0-0.59","","","","","","","","4","8","4","img/house_2.png","img/house_3.png","842.5999999940395","530","","842.5999999940395,530","74","74,32","null","","null",""
"no-tradeoff-rwd","82","925469","0.0-6.0-0.60","","","","","","","","1","4","7","img/house_3.png","img/house_2.png","870.3000000119209","604.8000000119209","2722","870.3000000119209,604.8000000119209,2722","74","74,32,13","enter","2","null",""
"no-tradeoff-rwd","83","933476","0.0-6.0-0.61","","","","","","","","1","6","5","img/house_3.png","img/house_2.png","888.4000000059605","484.09999999403954","","888.4000000059605,484.09999999403954","70","70,32","null","","null",""
"no-tradeoff-rwd","84","943219","0.0-6.0-0.62","","","","","","","","1","4","6","img/house_4.png","img/house_6.png","935.2000000178814","1505.5999999940395","714.3000000119209","935.2000000178814,1505.5999999940395,714.3000000119209","74","74,13,32","null","","enter","2"
"no-tradeoff-rwd","85","951539","0.0-6.0-0.63","","","","","","","","4","3","8","img/house_4.png","img/house_6.png","1046.699999988079","804.4000000059605","","1046.699999988079,804.4000000059605","70","70,32","null","","null",""
"no-tradeoff-rwd","86","963472","0.0-6.0-0.64","","","","","","","","4","6","8","img/house_4.png","img/house_6.png","647.1999999880791","675.7000000178814","2225.199999988079","647.1999999880791,675.7000000178814,2225.199999988079","70","70,32,13","enter","3","null",""
"no-tradeoff-rwd","87","972986","0.0-6.0-0.65","","","","","","","","1","6","6","img/house_3.png","img/house_2.png","1020.9000000059605","487.7000000178814","","1020.9000000059605,487.7000000178814","70","70,32","null","","null",""
"no-tradeoff-rwd","88","984145","0.0-6.0-0.66","","","","","","","","4","6","6","img/house_4.png","img/house_6.png","867","2870.9000000059605","764.0999999940395","867,2870.9000000059605,764.0999999940395","74","74,13,32","null","","enter","2"
"no-tradeoff-rwd","89","992496","0.0-6.0-0.67","","","","","","","","1","6","7","img/house_2.png","img/house_3.png","1160.5999999940395","827.1999999880791","","1160.5999999940395,827.1999999880791","70","70,32","null","","null",""
"no-tradeoff-rwd","90","1002715","0.0-6.0-0.68","","","","","","","","4","6","5","img/house_4.png","img/house_6.png","823","555.3000000119209","2135.699999988079","823,555.3000000119209,2135.699999988079","70","70,32,13","enter","2","null",""
"no-tradeoff-rwd","91","1010697","0.0-6.0-0.69","","","","","","","","4","6","8","img/house_6.png","img/house_4.png","976.0999999940395","460.7000000178814","","976.0999999940395,460.7000000178814","70","70,32","null","","null",""
"no-tradeoff-rwd","92","1021949","0.0-6.0-0.70","","","","","","","","1","8","8","img/house_3.png","img/house_2.png","734.9000000059605","2827.5999999940395","898.8000000119209","734.9000000059605,2827.5999999940395,898.8000000119209","74","74,13,32","null","","enter","3"
"no-tradeoff-rwd","93","1030156","0.0-6.0-0.71","","","","","","","","4","9","9","img/house_4.png","img/house_6.png","911.3000000119209","690.5","","911.3000000119209,690.5","74","74,32","null","","null",""
"no-tradeoff-rwd","94","1041166","0.0-6.0-0.72","","","","","","","","4","7","8","img/house_4.png","img/house_6.png","534.5","539.5999999940395","2944.699999988079","534.5,539.5999999940395,2944.699999988079","74","74,32,13","enter","8","null",""
"no-tradeoff-rwd","95","1056416","0.0-6.0-0.73","","","","","","","","1","9","8","img/house_4.png","img/house_6.png","1135.5999999940395","6224.699999988079","","1135.5999999940395,6224.699999988079","74","74,32","null","","null",""
"no-tradeoff-rwd","96","1068723","0.0-6.0-0.74","","","","","","","","4","8","6","img/house_3.png","img/house_2.png","956.8000000119209","3995.4000000059605","786.2000000178814","956.8000000119209,3995.4000000059605,786.2000000178814","74","74,13,32","null","","enter","4"
"no-tradeoff-rwd","97","1078674","0.0-6.0-0.75","","","","","","","","4","8","6","img/house_4.png","img/house_6.png","754.4000000059605","924.6999999880791","","754.4000000059605,924.6999999880791","74","74,32","null","","null",""
"no-tradeoff-rwd","98","1086454","0.0-6.0-0.76","","","","","","","","1","0","","","","4264","","","4264","32","32","null","","null",""
"no-tradeoff-rwd","99","1094868","0.0-6.0-0.77","","","","","","","","1","6","8","img/house_4.png","img/house_6.png","958.0999999940395","893.9000000059605","","958.0999999940395,893.9000000059605","70","70,32","null","","null",""
"no-tradeoff-rwd","100","1106844","0.0-6.0-0.78","","","","","","","","1","5","8","img/house_4.png","img/house_6.png","868.9000000059605","3346.5999999940395","1101.5999999940395","868.9000000059605,3346.5999999940395,1101.5999999940395","74","74,13,32","null","","enter","7"
"no-tradeoff-rwd","101","1115143","0.0-6.0-0.79","","","","","","","","1","6","8","img/house_4.png","img/house_6.png","550.6999999880791","777.1999999880791","","550.6999999880791,777.1999999880791","70","70,32","null","","null",""
"no-tradeoff-rwd","102","1128963","0.0-6.0-0.80","","","","","","","","1","6","7","img/house_4.png","img/house_6.png","732.5","1229.699999988079","5062.899999976158","732.5,1229.699999988079,5062.899999976158","70","70,32,13","enter","8","null",""
"no-tradeoff-rwd","103","1137335","0.0-6.0-0.81","","","","","","","","4","4","9","img/house_4.png","img/house_6.png","795.4000000059605","840.5999999940395","","795.4000000059605,840.5999999940395","74","74,32","null","","null",""
"no-tradeoff-rwd","104","1150316","0.0-6.0-0.82","","","","","","","","4","4","6","img/house_4.png","img/house_6.png","638.4000000059605","3091.5","857.9000000059605","638.4000000059605,3091.5,857.9000000059605","70","70,13,32","null","","enter","4"
"no-tradeoff-rwd","105","1158793","0.0-6.0-0.83","","","","","","","","4","3","8","img/house_4.png","img/house_6.png","730.5","956","","730.5,956","70","70,32","null","","null",""
"no-tradeoff-rwd","106","1170162","0.0-6.0-0.84","","","","","","","","4","1","8","img/house_4.png","img/house_6.png","708.3999999761581","828.5999999940395","3013.4000000059605","708.3999999761581,828.5999999940395,3013.4000000059605","70","70,32,13","enter","4","null",""
"no-tradeoff-rwd","107","1178237","0.0-6.0-0.85","","","","","","","","4","3","9","img/house_4.png","img/house_6.png","751.8000000119209","551.7999999821186","","751.8000000119209,551.7999999821186","70","70,32","null","","null",""
"no-tradeoff-rwd","108","1242179","0.0-6.0-0.86","","","","","","","","1","0","7","img/house_3.png","img/house_2.png","574.7000000178814","3814.9000000059605","51102.80000001192","574.7000000178814,3814.9000000059605,51102.80000001192","74","74,13,32","null","","enter","2"
"no-tradeoff-rwd","109","1250869","0.0-6.0-0.87","","","","","","","","1","1","6","img/house_3.png","img/house_2.png","846.4000000059605","1165.0999999940395","","846.4000000059605,1165.0999999940395","74","74,32","null","","null",""
"no-tradeoff-rwd","110","1262925","0.0-6.0-0.88","","","","","","","","1","4","6","img/house_3.png","img/house_2.png","684.1999999880791","686.2000000178814","3845.7999999821186","684.1999999880791,686.2000000178814,3845.7999999821186","70","70,32,13","enter","3","null",""
"no-tradeoff-rwd","111","1271615","0.0-6.0-0.89","","","","","","","","1","2","7","img/house_4.png","img/house_6.png","1317.199999988079","1162.9000000059605","","1317.199999988079,1162.9000000059605","70","70,32","null","","null",""
"no-tradeoff-rwd","112","1286486","0.0-6.0-0.90","","","","","","","","1","1","8","img/house_3.png","img/house_2.png","727.8999999761581","3113.5999999940395","2723.5999999940395","727.8999999761581,3113.5999999940395,2723.5999999940395","74","74,13,32","null","","enter","3"
"no-tradeoff-rwd","113","1349980","0.0-6.0-0.91","","","","","","","","1","1","8","img/house_3.png","img/house_2.png","777.2000000178814","54470.40000000596","","777.2000000178814,54470.40000000596","70","70,32","null","","null",""
"no-tradeoff-rwd","114","1362756","0.0-6.0-0.92","","","","","","","","1","1","8","img/house_4.png","img/house_6.png","891.5","713.7999999821186","3036.2999999821186","891.5,713.7999999821186,3036.2999999821186","70","70,32,13","enter","4","null",""
"no-tradeoff-rwd","115","1370815","0.0-6.0-0.93","","","","","","","","4","1","7","img/house_3.png","img/house_2.png","736.7999999821186","537.5","","736.7999999821186,537.5","74","74,32","null","","null",""
"no-tradeoff-rwd","116","1382675","0.0-6.0-0.94","","","","","","","","1","1","5","img/house_3.png","img/house_2.png","641.7999999821186","3791.5999999940395","539.5","641.7999999821186,3791.5999999940395,539.5","74","74,13,32","null","","enter","3"
"no-tradeoff-rwd","117","1393676","0.0-6.0-0.95","","","","","","","","1","1","3","img/house_3.png","img/house_2.png","662.5","1976.2000000178814","","662.5,1976.2000000178814","70","70,32","null","","null",""
"no-tradeoff-rwd","118","1407430","0.0-6.0-0.96","","","","","","","","1","4","2","img/house_3.png","img/house_2.png","554.0999999940395","621.0999999940395","5601.5","554.0999999940395,621.0999999940395,5601.5","74","74,32,13","enter"," 1","null",""
"no-tradeoff-rwd","119","1415305","0.0-6.0-0.97","","","","","","","","4","7","4","img/house_4.png","img/house_6.png","546.1000000238419","348.5","","546.1000000238419,348.5","70","70,32","null","","null",""
"no-tradeoff-rwd","120","1430755","0.0-6.0-0.98","","","","","","","","4","5","3","img/house_3.png","img/house_2.png","725.6999999880791","4441.4000000059605","1981.4000000059605","725.6999999880791,4441.4000000059605,1981.4000000059605","70","70,13,32","null","","enter","3"
"no-tradeoff-rwd","121","1438749","0.0-6.0-0.99","","","","","","","","4","6","2","img/house_4.png","img/house_6.png","551.1000000238419","466.10000002384186","","551.1000000238419,466.10000002384186","70","70,32","null","","null",""
"no-tradeoff-rwd","122","1450286","0.0-6.0-0.100","","","","","","","","4","3","5","img/house_3.png","img/house_2.png","816.5","822.2000000178814","3191.0999999940395","816.5,822.2000000178814,3191.0999999940395","74","74,32,13","enter","4","null",""
"no-tradeoff-rwd","123","1458856","0.0-6.0-0.101","","","","","","","","1","0","7","img/house_4.png","img/house_6.png","890.1999999880791","1049.800000011921","","890.1999999880791,1049.800000011921","74","74,32","null","","null",""
"no-tradeoff-rwd","124","1469992","0.0-6.0-0.102","","","","","","","","1","2","9","img/house_3.png","img/house_2.png","599.6000000238419","2900.399999976158","716","599.6000000238419,2900.399999976158,716","70","70,13,32","null","","enter","3"
"no-tradeoff-rwd","125","1478500","0.0-6.0-0.103","","","","","","","","4","2","6","img/house_3.png","img/house_2.png","758.4000000059605","984.3000000119209","","758.4000000059605,984.3000000119209","70","70,32","null","","null",""
"no-tradeoff-rwd","126","1491173","0.0-6.0-0.104","","","","","","","","4","2","5","img/house_4.png","img/house_6.png","622.1000000238419","783","2857.600000023842","622.1000000238419,783,2857.600000023842","74","74,32,13","enter","3","null",""
"no-tradeoff-rwd","127","1499450","0.0-6.0-0.105","","","","","","","","4","3","5","img/house_3.png","img/house_2.png","571.7000000178814","757.3000000119209","","571.7000000178814,757.3000000119209","70","70,32","null","","null",""
"no-tradeoff-rwd","128","1512544","0.0-6.0-0.106","","","","","","","","4","1","8","img/house_3.png","img/house_2.png","687.8999999761581","3413","650","687.8999999761581,3413,650","70","70,13,32","null","","enter","3"
"no-tradeoff-rwd","129","1520981","0.0-6.0-0.107","","","","","","","","1","1","7","img/house_3.png","img/house_2.png","869.8000000119209","914.6999999880791","","869.8000000119209,914.6999999880791","74","74,32","null","","null",""
"no-tradeoff-rwd","130","1533178","0.0-6.0-0.108","","","","","","","","1","2","7","img/house_3.png","img/house_2.png","688.7000000178814","1228.5","3442.5999999940395","688.7000000178814,1228.5,3442.5999999940395","70","70,32,13","enter","3","null",""
"no-tradeoff-rwd","131","1541427","0.0-6.0-0.109","","","","","","","","1","0","8","img/house_4.png","img/house_6.png","1316","731","","1316,731","74","74,32","null","","null",""
"no-tradeoff-rwd","132","1554422","0.0-6.0-0.110","","","","","","","","4","1","7","img/house_4.png","img/house_6.png","804.7000000178814","2899.199999988079","1062.7999999821186","804.7000000178814,2899.199999988079,1062.7999999821186","70","70,13,32","null","","enter","3"
"no-tradeoff-rwd","133","1563887","0.0-6.0-0.111","","","","","","","","1","1","8","img/house_3.png","img/house_2.png","703.0999999940395","437.7999999821186","","703.0999999940395,437.7999999821186","74","74,32","null","","null",""
"no-tradeoff-rwd","134","1579053","0.0-6.0-0.112","","","","","","","","4","2","7","img/house_4.png","img/house_6.png","755.7000000178814","625.3999999761581","5512.4000000059605","755.7000000178814,625.3999999761581,5512.4000000059605","74","74,32,13","enter","3","null",""
"no-tradeoff-rwd","135","1588753","0.0-6.0-0.113","","","","","","","","4","2","7","img/house_3.png","img/house_2.png","801.6000000238419","668.3000000119209","","801.6000000238419,668.3000000119209","70","70,32","null","","null",""
"no-tradeoff-rwd","136","1601213","0.0-6.0-0.114","","","","","","","","1","4","8","img/house_4.png","img/house_6.png","619.0999999940395","4289","649.5","619.0999999940395,4289,649.5","74","74,13,32","null","","enter","9"
"no-tradeoff-rwd","137","1609612","0.0-6.0-0.115","","","","","","","","4","4","5","img/house_4.png","img/house_6.png","646.3000000119209","876.4000000059605","","646.3000000119209,876.4000000059605","70","70,32","null","","null",""
"no-tradeoff-rwd","138","1622142","0.0-6.0-0.116","","","","","","","","1","3","6","img/house_4.png","img/house_6.png","639.5999999940395","621.0999999940395","2876.2999999821186","639.5999999940395,621.0999999940395,2876.2999999821186","70","70,32,13","enter","4","null",""
"no-tradeoff-rwd","139","1630737","0.0-6.0-0.117","","","","","","","","1","2","9","img/house_4.png","img/house_6.png","712.4000000059605","1072.1000000238419","","712.4000000059605,1072.1000000238419","74","74,32","null","","null",""
"no-tradeoff-rwd","140","1643426","0.0-6.0-0.118","","","","","","","","1","2","8","img/house_4.png","img/house_6.png","752.8000000119209","3005.2000000178814","657.9000000059605","752.8000000119209,3005.2000000178814,657.9000000059605","74","74,13,32","null","","enter","3"
"no-tradeoff-rwd","141","1651822","0.0-6.0-0.119","","","","","","","","1","1","8","img/house_3.png","img/house_2.png","1252.4000000059605","875.6000000238419","","1252.4000000059605,875.6000000238419","70","70,32","null","","null",""
"no-tradeoff-rwd","142","1663071","0.0-6.0-0.120","","","","","","","","4","1","8","img/house_3.png","img/house_2.png","641.5","642.5999999940395","3081.5999999940395","641.5,642.5999999940395,3081.5999999940395","70","70,32,13","enter","3","null",""
"no-tradeoff-rwd","143","1671386","0.0-6.0-0.121","","","","","","","","4","1","7","img/house_3.png","img/house_2.png","912.1999999880791","802","","912.1999999880791,802","74","74,32","null","","null",""
"no-tradeoff-rwd","144","1683835","0.0-6.0-0.122","","","","","","","","4","1","6","img/house_4.png","img/house_6.png","629.7000000178814","2770.5","655.5","629.7000000178814,2770.5,655.5","70","70,13,32","null","","enter","5"
"no-tradeoff-rwd","145","1693553","0.0-6.0-0.123","","","","","","","","4","4","7","img/house_4.png","img/house_6.png","869.8999999761581","691.8000000119209","","869.8999999761581,691.8000000119209","74","74,32","null","","null",""
"no-tradeoff-rwd","146","1706408","0.0-6.0-0.124","","","","","","","","4","9","5","img/house_3.png","img/house_2.png","851.5","1212.9000000059605","4115.200000017881","851.5,1212.9000000059605,4115.200000017881","70","70,32,13","enter","3","null",""
"no-tradeoff-rwd","147","1714931","0.0-6.0-0.125","","","","","","","","4","9","6","img/house_4.png","img/house_6.png","978.9000000059605","1003.4000000059605","","978.9000000059605,1003.4000000059605","74","74,32","null","","null",""
"no-tradeoff-rwd","148","1719812","0.0-6.0-0.126","","","","","","","","1","0","","","","1369.2000000178814","","","1369.2000000178814","32","32","null","","null",""
"no-tradeoff-rwd","149","1728137","0.0-6.0-0.127","","","","","","","","1","7","4","img/house_3.png","img/house_2.png","781.5","805.5","","781.5,805.5","70","70,32","null","","null",""
"no-tradeoff-rwd","150","1740332","0.0-6.0-0.128","","","","","","","","4","7","6","img/house_4.png","img/house_6.png","803.9000000059605","943.3000000119209","3732.4000000059605","803.9000000059605,943.3000000119209,3732.4000000059605","70","70,32,13","enter","3","null",""
"no-tradeoff-rwd","151","1748611","0.0-6.0-0.129","","","","","","","","4","6","5","img/house_4.png","img/house_6.png","1147.7999999821186","747.2000000178814","","1147.7999999821186,747.2000000178814","70","70,32","null","","null",""
"no-tradeoff-rwd","152","1759775","0.0-6.0-0.130","","","","","","","","4","4","6","img/house_4.png","img/house_6.png","600.5999999940395","2923.300000011921","720.1000000238419","600.5999999940395,2923.300000011921,720.1000000238419","74","74,13,32","null","","enter","4"
"no-tradeoff-rwd","153","1767988","0.0-6.0-0.131","","","","","","","","1","3","8","img/house_4.png","img/house_6.png","683.9000000059605","690.9000000059605","","683.9000000059605,690.9000000059605","70","70,32","null","","null",""
"no-tradeoff-rwd","154","1780000","0.0-6.0-0.132","","","","","","","","4","2","6","img/house_4.png","img/house_6.png","573.2999999821186","781.7000000178814","3711.7999999821186","573.2999999821186,781.7000000178814,3711.7999999821186","70","70,32,13","enter","4","null",""
"no-tradeoff-rwd","155","1788261","0.0-6.0-0.133","","","","","","","","1","3","5","img/house_3.png","img/house_2.png","759.2000000178814","737.3000000119209","","759.2000000178814,737.3000000119209","70","70,32","null","","null",""
"no-tradeoff-rwd","156","1800460","0.0-6.0-0.134","","","","","","","","1","3","6","img/house_4.png","img/house_6.png","691.4000000059605","3888.300000011921","784.5","691.4000000059605,3888.300000011921,784.5","70","70,13,32","null","","enter","4"
"no-tradeoff-rwd","157","1808873","0.0-6.0-0.135","","","","","","","","4","6","3","img/house_4.png","img/house_6.png","660","891.6000000238419","","660,891.6000000238419","70","70,32","null","","null",""
"no-tradeoff-rwd","158","1820324","0.0-6.0-0.136","","","","","","","","4","8","2","img/house_4.png","img/house_6.png","641.2999999821186","783.4000000059605","3147.0999999940395","641.2999999821186,783.4000000059605,3147.0999999940395","70","70,32,13","enter","4 ","null",""
"no-tradeoff-rwd","159","1829145","0.0-6.0-0.137","","","","","","","","1","8","3","img/house_3.png","img/house_2.png","689.4000000059605","1298.0999999940395","","689.4000000059605,1298.0999999940395","70","70,32","null","","null",""
"no-tradeoff-rwd","160","1841635","0.0-6.0-0.138","","","","","","","","1","8","3","img/house_3.png","img/house_2.png","618.9000000059605","2984.800000011921","470.69999998807907","618.9000000059605,2984.800000011921,470.69999998807907","70","70,13,32","null","","enter","4"
"no-tradeoff-rwd","161","1849804","0.0-6.0-0.139","","","","","","","","4","5","0","img/house_3.png","img/house_2.png","844","646.5999999940395","","844,646.5999999940395","74","74,32","null","","null",""
"no-tradeoff-rwd","162","1863412","0.0-6.0-0.140","","","","","","","","4","5","1","img/house_4.png","img/house_6.png","865.3000000119209","309.5","4270.700000017881","865.3000000119209,309.5,4270.700000017881","74","74,32,13","enter","5","null",""
"no-tradeoff-rwd","163","1873181","0.0-6.0-0.141","","","","","","","","4","6","2","img/house_4.png","img/house_6.png","823.1000000238419","738.5","","823.1000000238419,738.5","74","74,32","null","","null",""
"no-tradeoff-rwd","164","1884380","0.0-6.0-0.142","","","","","","","","4","2","2","img/house_2.png","img/house_3.png","1135","2755","923.6999999880791","1135,2755,923.6999999880791","70","70,13,32","null","","enter","1"
"no-tradeoff-rwd","165","1892886","0.0-6.0-0.143","","","","","","","","4","2","2","img/house_4.png","img/house_6.png","578","987","","578,987","74","74,32","null","","null",""
"no-tradeoff-rwd","166","1906881","0.0-6.0-0.144","","","","","","","","4","4","0","img/house_4.png","img/house_6.png","961","1684.6000000238419","3288.7999999821186","961,1684.6000000238419,3288.7999999821186","70","70,32,13","enter","9","null",""
"no-tradeoff-rwd","167","1917462","0.0-6.0-0.145","","","","","","","","1","5","1","img/house_4.png","img/house_6.png","710.6999999880791","1548.5","","710.6999999880791,1548.5","74","74,32","null","","null",""
"no-tradeoff-rwd","168","1930306","0.0-6.0-0.146","","","","","","","","4","4","3","img/house_4.png","img/house_6.png","843.6999999880791","3385.7999999821186","431.09999999403954","843.6999999880791,3385.7999999821186,431.09999999403954","70","70,13,32","null","","enter","4"
"no-tradeoff-rwd","169","1938542","0.0-6.0-0.147","","","","","","","","1","4","1","img/house_3.png","img/house_2.png","733.9000000059605","715.5","","733.9000000059605,715.5","74","74,32","null","","null",""
"no-tradeoff-rwd","170","1949166","0.0-6.0-0.148","","","","","","","","4","4","0","img/house_3.png","img/house_2.png","596.9000000059605","823.4000000059605","2272.0999999940395","596.9000000059605,823.4000000059605,2272.0999999940395","70","70,32,13","enter","6","null",""
"no-tradeoff-rwd","171","1959066","0.0-6.0-0.149","","","","","","","","1","2","6","img/house_3.png","img/house_2.png","660.3000000119209","872.5","","660.3000000119209,872.5","74","74,32","null","","null",""
"no-tradeoff-rwd","172","1970965","0.0-6.0-0.150","","","","","","","","1","1","7","img/house_3.png","img/house_2.png","797.0999999940395","3677.699999988079","697","797.0999999940395,3677.699999988079,697","74","74,13,32","null","","enter","4"
"no-tradeoff-rwd","173","1979156","0.0-6.0-0.151","","","","","","","","1","1","7","img/house_4.png","img/house_6.png","757.5","670.5","","757.5,670.5","74","74,32","null","","null",""
"no-tradeoff-rwd","174","1989300","0.0-6.0-0.152","","","","","","","","4","1","8","img/house_3.png","img/house_2.png","665.1999999880791","687.8000000119209","1933.199999988079","665.1999999880791,687.8000000119209,1933.199999988079","70","70,32,13","enter","7","null",""
"no-tradeoff-rwd","175","1997471","0.0-6.0-0.153","","","","","","","","4","1","8","img/house_3.png","img/house_2.png","711.8000000119209","644.6999999880791","","711.8000000119209,644.6999999880791","70","70,32","null","","null",""
"no-tradeoff-rwd","176","2008699","0.0-6.0-0.154","","","","","","","","1","1","7","img/house_4.png","img/house_6.png","819.2999999821186","2600.5999999940395","1100","819.2999999821186,2600.5999999940395,1100","70","70,13,32","null","","enter","4"
"no-tradeoff-rwd","177","2017382","0.0-6.0-0.155","","","","","","","","4","0","6","img/house_4.png","img/house_6.png","731.5","1164.1000000238419","","731.5,1164.1000000238419","74","74,32","null","","null",""
"no-tradeoff-rwd","178","2031354","0.0-6.0-0.156","","","","","","","","1","3","6","img/house_4.png","img/house_6.png","1386.9000000059605","1509.9000000059605","3442.800000011921","1386.9000000059605,1509.9000000059605,3442.800000011921","70","70,32,13","enter","7 ","null",""
"no-tradeoff-rwd","179","2039654","0.0-6.0-0.157","","","","","","","","4","6","8","img/house_4.png","img/house_6.png","621.4000000059605","777.2000000178814","","621.4000000059605,777.2000000178814","70","70,32","null","","null",""
"no-tradeoff-rwd","180","2052347","0.0-6.0-0.158","","","","","","","","1","6","8","img/house_4.png","img/house_6.png","800.5999999940395","4000.0999999940395","1169.199999988079","800.5999999940395,4000.0999999940395,1169.199999988079","74","74,13,32","null","","enter","7"
"no-tradeoff-rwd","181","2060381","0.0-6.0-0.159","","","","","","","","1","5","8","img/house_3.png","img/house_2.png","711.3000000119209","507.5","","711.3000000119209,507.5","70","70,32","null","","null",""
"no-tradeoff-rwd","182","2071982","0.0-6.0-0.160","","","","","","","","4","3","8","img/house_4.png","img/house_6.png","1114.199999988079","762.4000000059605","1818.300000011921","1114.199999988079,762.4000000059605,1818.300000011921","70","70,32,13","enter","7","null",""
"no-tradeoff-rwd","183","2189001","0.0-6.0-0.161","","","","","","","","4","4","3","img/house_3.png","img/house_2.png","560.7999999821186","108042.29999998212","","560.7999999821186,108042.29999998212","70","70,32","null","","null",""
"no-tradeoff-rwd","184","2200530","0.0-6.0-0.162","","","","","","","","4","4","3","img/house_4.png","img/house_6.png","702.9000000059605","2999.800000011921","1013","702.9000000059605,2999.800000011921,1013","74","74,13,32","null","","enter","7"
"no-tradeoff-rwd","185","2211742","0.0-6.0-0.163","","","","","","","","1","5","4","img/house_3.png","img/house_2.png","920.0999999940395","2186","","920.0999999940395,2186","70","70,32","null","","null",""
"no-tradeoff-rwd","186","2222791","0.0-6.0-0.164","","","","","","","","1","5","3","img/house_3.png","img/house_2.png","800.1999999880791","1098.699999988079","2428.5","800.1999999880791,1098.699999988079,2428.5","74","74,32,13","enter"," 6","null",""
"no-tradeoff-rwd","187","2232461","0.0-6.0-0.165","","","","","","","","1","3","1","img/house_3.png","img/house_2.png","685.5999999940395","649.1999999880791","","685.5999999940395,649.1999999880791","70","70,32","null","","null",""
"no-tradeoff-rwd","188","2248144","0.0-6.0-0.166","","","","","","","","1","6","1","img/house_4.png","img/house_6.png","870","3303.199999988079","3354","870,3303.199999988079,3354","70","70,13,32","null","","enter","2"
"no-tradeoff-rwd","189","2256991","0.0-6.0-0.167","","","","","","","","4","3","0","img/house_3.png","img/house_2.png","735.4000000059605","1320.5","","735.4000000059605,1320.5","70","70,32","null","","null",""
"no-tradeoff-rwd","190","2269831","0.0-6.0-0.168","","","","","","","","4","1","2","img/house_4.png","img/house_6.png","641.6999999880791","602.3000000119209","3212.5","641.6999999880791,602.3000000119209,3212.5","70","70,32,13","enter","9","null",""
"no-tradeoff-rwd","191","2280296","0.0-6.0-0.169","","","","","","","","4","0","","","","6954.699999988079","","","6954.699999988079","32","32","null","","null",""
"no-tradeoff-rwd","192","2292134","0.0-6.0-0.170","","","","","","","","1","7","2","img/house_4.png","img/house_6.png","871.2000000178814","3665.5999999940395","650.6000000238419","871.2000000178814,3665.5999999940395,650.6000000238419","74","74,13,32","null","","enter","8"
"no-tradeoff-rwd","193","2300392","0.0-6.0-0.171","","","","","","","","1","8","2","img/house_3.png","img/house_2.png","531.0999999940395","733.4000000059605","","531.0999999940395,733.4000000059605","70","70,32","null","","null",""
"no-tradeoff-rwd","194","2311370","0.0-6.0-0.172","","","","","","","","4","9","1","img/house_3.png","img/house_2.png","709.3000000119209","1023.9000000059605","2428.5","709.3000000119209,1023.9000000059605,2428.5","70","70,32,13","enter","4","null",""
"no-tradeoff-rwd","195","2320241","0.0-6.0-0.173","","","","","","","","1","6","2","img/house_3.png","img/house_2.png","643.3000000119209","1343.300000011921","","643.3000000119209,1343.300000011921","70","70,32","null","","null",""
"no-tradeoff-rwd","196","2330634","0.0-6.0-0.174","","","","","","","","1","5","0","img/house_4.png","img/house_6.png","662.9000000059605","1813.0999999940395","1054.9000000059605","662.9000000059605,1813.0999999940395,1054.9000000059605","74","74,13,32","null","","enter","6"
"no-tradeoff-rwd","197","2339115","0.0-6.0-0.175","","","","","","","","1","1","5","img/house_2.png","img/house_3.png","931.2999999821186","951.8000000119209","","931.2999999821186,951.8000000119209","70","70,32","null","","null",""
"no-tradeoff-rwd","198","2349217","0.0-6.0-0.176","","","","","","","","1","3","3","img/house_4.png","img/house_6.png","779.7000000178814","692.5","1887.300000011921","779.7000000178814,692.5,1887.300000011921","74","74,32,13","enter","9","null",""
"no-tradeoff-rwd","199","2357477","0.0-6.0-0.177","","","","","","","","4","1","2","img/house_4.png","img/house_6.png","550.0999999940395","731.2999999821186","","550.0999999940395,731.2999999821186","70","70,32","null","","null",""
"no-tradeoff-rwd","200","2370056","0.0-6.0-0.178","","","","","","","","4","0","3","img/house_3.png","img/house_2.png","728.5","4331.0999999940395","718.1000000238419","728.5,4331.0999999940395,718.1000000238419","70","70,13,32","null","","enter",""
"no-tradeoff-rwd","201","2378377","0.0-6.0-0.179","","","","","","","","1","2","1","img/house_4.png","img/house_6.png","774.0999999940395","802.4000000059605","","774.0999999940395,802.4000000059605","74","74,32","null","","null",""
"no-tradeoff-rwd","202","2389202","0.0-6.0-0.180","","","","","","","","1","1","1","img/house_3.png","img/house_2.png","667.3000000119209","668.5999999940395","2630.100000023842","667.3000000119209,668.5999999940395,2630.100000023842","74","74,32,13","enter","4","null",""
"no-tradeoff-rwd","203","2395363","0.0-6.0-0.181","","","","","","","","1","0","","","","2651.199999988079","","","2651.199999988079","32","32","null","","null",""
"no-tradeoff-rwd","204","2406033","0.0-6.0-0.182","","","","","","","","1","7","2","img/house_6.png","img/house_4.png","578.1000000238419","2362.9000000059605","785.5","578.1000000238419,2362.9000000059605,785.5","74","74,13,32","null","","enter","3"
"no-tradeoff-rwd","205","2414514","0.0-6.0-0.183","","","","","","","","1","0","7","img/house_3.png","img/house_2.png","911.3000000119209","956.0999999940395","","911.3000000119209,956.0999999940395","70","70,32","null","","null",""
"no-tradeoff-rwd","206","2425064","0.0-6.0-0.184","","","","","","","","4","2","6","img/house_3.png","img/house_2.png","778.6999999880791","737.9000000059605","2293.5999999940395","778.6999999880791,737.9000000059605,2293.5999999940395","74","74,32,13","enter","5","null",""
"no-tradeoff-rwd","207","2433189","0.0-6.0-0.185","","","","","","","","4","2","7","img/house_4.png","img/house_6.png","731.5999999940395","598.9000000059605","","731.5999999940395,598.9000000059605","74","74,32","null","","null",""
"no-tradeoff-rwd","208","2444033","0.0-6.0-0.186","","","","","","","","1","2","8","img/house_3.png","img/house_2.png","976.5","2330.800000011921","988.3000000119209","976.5,2330.800000011921,988.3000000119209","74","74,13,32","null","","enter","3"
"no-tradeoff-rwd","209","2452222","0.0-6.0-0.187","","","","","","","","4","5","7","img/house_4.png","img/house_6.png","687.6999999880791","666.0999999940395","","687.6999999880791,666.0999999940395","70","70,32","null","","null",""
"no-tradeoff-rwd","210","2463000","0.0-6.0-0.188","","","","","","","","4","3","8","img/house_4.png","img/house_6.png","847.2999999821186","671","2584.699999988079","847.2999999821186,671,2584.699999988079","74","74,32,13","enter","4","null",""
"no-tradeoff-rwd","211","2471375","0.0-6.0-0.189","","","","","","","","4","4","8","img/house_3.png","img/house_2.png","845.5","850","","845.5,850","74","74,32","null","","null",""
"no-tradeoff-rwd","212","2482019","0.0-6.0-0.190","","","","","","","","4","6","7","img/house_3.png","img/house_2.png","729.5","2421.4000000059605","697.5","729.5,2421.4000000059605,697.5","70","70,13,32","null","","enter","5"
"no-tradeoff-rwd","213","2490450","0.0-6.0-0.191","","","","","","","","1","8","7","img/house_3.png","img/house_2.png","1111","913.7999999821186","","1111,913.7999999821186","74","74,32","null","","null",""
"no-tradeoff-rwd","214","2501652","0.0-6.0-0.192","","","","","","","","4","9","8","img/house_3.png","img/house_2.png","894.5","717.0999999940395","2964.4000000059605","894.5,717.0999999940395,2964.4000000059605","74","74,32,13","enter","5","null",""
"no-tradeoff-rwd","215","2509801","0.0-6.0-0.193","","","","","","","","4","9","8","img/house_4.png","img/house_6.png","806.5999999940395","631.8000000119209","","806.5999999940395,631.8000000119209","70","70,32","null","","null",""
"no-tradeoff-rwd","216","2521752","0.0-6.0-0.194","","","","","","","","4","8","6","img/house_4.png","img/house_6.png","685.8999999761581","3254.4000000059605","1169.4000000059605","685.8999999761581,3254.4000000059605,1169.4000000059605","74","74,13,32","null","","enter","3"
"no-tradeoff-rwd","217","2530372","0.0-6.0-0.195","","","","","","","","1","7","7","img/house_4.png","img/house_6.png","821.7000000178814","1093.699999988079","","821.7000000178814,1093.699999988079","70","70,32","null","","null",""
"no-tradeoff-rwd","218","2540562","0.0-6.0-0.196","","","","","","","","4","6","7","img/house_4.png","img/house_6.png","978.0999999940395","753.6999999880791","1908.7000000178814","978.0999999940395,753.6999999880791,1908.7000000178814","74","74,32,13","enter","3","null",""
"no-tradeoff-rwd","219","2549509","0.0-6.0-0.197","","","","","","","","1","7","8","img/house_4.png","img/house_6.png","573.4000000059605","690.9000000059605","","573.4000000059605,690.9000000059605","70","70,32","null","","null",""
"no-tradeoff-rwd","220","2560992","0.0-6.0-0.198","","","","","","","","4","9","9","img/house_4.png","img/house_6.png","1035.3999999761581","1871.3999999761581","585.8999999761581","1035.3999999761581,1871.3999999761581,585.8999999761581","74","74,13,32","null","","enter","3"
"no-tradeoff-rwd","221","2569180","0.0-6.0-0.199","","","","","","","","4","8","7","img/house_3.png","img/house_2.png","844.0999999940395","668.2000000178814","","844.0999999940395,668.2000000178814","74","74,32","null","","null",""
"no-tradeoff-rwd","222","2581392","0.0-6.0-0.200","","","","","","","","1","6","7","img/house_6.png","img/house_4.png","799.4000000059605","827","2359.5","799.4000000059605,827,2359.5","70","70,32,13","enter","9","null",""
"no-tradeoff-rwd","223","2589633","0.0-6.0-0.201","","","","","","","","4","6","9","img/house_4.png","img/house_6.png","809.1999999880791","720.8000000119209","","809.1999999880791,720.8000000119209","74","74,32","null","","null",""
"no-tradeoff-rwd","224","2601625","0.0-6.0-0.202","","","","","","","","1","7","8","img/house_3.png","img/house_2.png","937.5","2221.600000023842","745.4000000059605","937.5,2221.600000023842,745.4000000059605","74","74,13,32","null","","enter","3"
"no-tradeoff-rwd","225","2610359","0.0-6.0-0.203","","","","","","","","4","6","7","img/house_3.png","img/house_2.png","1028","1209.199999988079","","1028,1209.199999988079","70","70,32","null","","null",""
"no-tradeoff-rwd","226","2621017","0.0-6.0-0.204","","","","","","","","1","8","9","img/house_4.png","img/house_6.png","956.6999999880791","691.1000000238419","2449","956.6999999880791,691.1000000238419,2449","74","74,32,13","enter","5","null",""
"no-tradeoff-rwd","227","2629755","0.0-6.0-0.205","","","","","","","","4","8","4","img/house_3.png","img/house_2.png","645.4000000059605","1214.2999999821186","","645.4000000059605,1214.2999999821186","70","70,32","null","","null",""
"no-tradeoff-rwd","228","2641249","0.0-6.0-0.206","","","","","","","","4","9","6","img/house_3.png","img/house_2.png","682.5","1923.6000000238419","538.7000000178814","682.5,1923.6000000238419,538.7000000178814","70","70,13,32","null","","enter","6"
"no-tradeoff-rwd","229","2650747","0.0-6.0-0.207","","","","","","","","4","6","6","img/house_4.png","img/house_6.png","822","464.80000001192093","","822,464.80000001192093","70","70,32","null","","null",""
"no-tradeoff-rwd","230","2661029","0.0-6.0-0.208","","","","","","","","4","8","6","img/house_3.png","img/house_2.png","845.6999999880791","936.1999999880791","1820.9000000059605","845.6999999880791,936.1999999880791,1820.9000000059605","74","74,32,13","enter","5","null",""
"no-tradeoff-rwd","231","2669426","0.0-6.0-0.209","","","","","","","","1","9","6","img/house_4.png","img/house_6.png","819.1999999880791","865.9000000059605","","819.1999999880791,865.9000000059605","74","74,32","null","","null",""
"no-tradeoff-rwd","232","2680018","0.0-6.0-0.210","","","","","","","","1","9","4","img/house_3.png","img/house_2.png","659.6000000238419","1922.2999999821186","1146.5","659.6000000238419,1922.2999999821186,1146.5","70","70,13,32","null","","enter","5"
"no-tradeoff-rwd","233","2688319","0.0-6.0-0.211","","","","","","","","1","1","4","img/house_2.png","img/house_3.png","688.3000000119209","780.5999999940395","","688.3000000119209,780.5999999940395","70","70,32","null","","null",""
"no-tradeoff-rwd","234","2699864","0.0-6.0-0.212","","","","","","","","4","1","5","img/house_6.png","img/house_4.png","757.4000000059605","765.4000000059605","1753.5","757.4000000059605,765.4000000059605,1753.5","74","74,32,13","enter","5","null",""
"no-tradeoff-rwd","235","2708072","0.0-6.0-0.213","","","","","","","","1","0","5","img/house_2.png","img/house_3.png","777","689.7000000178814","","777,689.7000000178814","74","74,32","null","","null",""
