"trial_type","trial_index","time_elapsed","internal_node_id","rt","stimulus","button_pressed","responses","key_press","view_history","correct","stakes","outcome","outcome_notreceived","choice_selected","choice_not_selected","rt_choice","rt_space","rt_certainty","all_rts","key_choice","all_keys","estimate_trial","estimate_val","certainty_trial","certainty_val","value","question_order"
"pavlovia","0","210","0.0-0.0","","","","","","","","","","","","","","","","","","","","","","","",""
"html-button-response","1","107880","0.0-1.0","107649.99999999418","<p style=""font-size:24px;font-weight:bold"">Consent</p><div class=""consent"" style=""text-align:left; border:1px solid; padding:10px; width:800px; font-size=100%, float:right""><p align=left>Thank you for signing up for this experiment!<p><p align=left>This experiment is being conducted by the California Institute of Technology (Caltech). The lead investigators are Sarah Tashjian, PhD and Dean Mobbs, PhD. This study has been approved by the Caltech Institutional Review Board for research ethics.<p><p align=left>The goal of this study is to understand learning processes. In this experiment, you will complete a task in which you will see images.<p><p align=left>At times, you will receive rewards and penalties. These earnings will determine your eligibility for a bonus payment, which will result in a real increase in your payment in this study.<p><p align=left>Your goal is to learn which images predict the most points. We will also ask how certain you are about your decisions throughout the task.<p><p align=left>This experiment will take approximately 1 hour to complete in its entirety.<p><p align=left><b>You will receive $9.00 for completing the experiment. <u>If you optimize decisions on at least 70% of trials, you will be eligible for a $100 bonus payment.</u></b><p><p align=left>This study involves minimal risk, meaning there will be no more risk than in daily life. Possible risks include physical discomfort/fatigue (eyestrain, tiredness), as well as psychological discomfort (e.g., potential boredom).<p><p align=left> Besides receiving payment, you will not benefit from this study.<p><p align=left><b>Any information that is obtained in connection with this study that can identify you will remain confidential. </b><p><p align=left>When the results of this study are reported, your identifying information will not be disclosed. Because this study is being conducted online, we are unable to fully eliminate the risk of a breach of confidentiality. However, to mitigate the chances of this occurring, we are using secure and confidential data collection systems.<p align=left>You may choose to withdraw from this study at any time and refuse to answer any questions without penalty. Also, you may choose not to participate in this study.<p><p align=left>You are <b>eligible</b> to participate if you (1) are 18-65 years old, (2) are fluent in English, (3) have healthy or corrected vision, (4) are not colorblind, and (5) have no difficulty controlling motor movements. <p><p align=left>If you do not meet these criteria, please exit the experiment now.<p><p align=center><b> If you meet these criteria and consent to participate, you must<br>indicate your consent by clicking the button below.<b></p>","0","","","","","","","","","","","","","","","","","","","","",""
"survey-text","2","138683","0.0-2.0-0.0","30774.00000000489","","","{""Q0"":""5a44068fe074d60001390651"",""Q1"":""27"",""Q2"":""female"",""Q3"":""female""}","","","","","","","","","","","","","","","","","","","",""
"html-keyboard-response","3","193786","0.0-3.0","55087.999999988824","<p>Welcome to the experiment!</p><p> You will play two games and answer a few questions.</p><p>Press the space bar to begin reading the instructions for the first game.</p>","","","32","","","","","","","","","","","","","","","","","","",""
"instructions","4","506505","0.0-4.0","312717.9999999935","","","","","[{""page_index"":0,""viewing_time"":55713.999999978114},{""page_index"":1,""viewing_time"":44101.000000024214},{""page_index"":2,""viewing_time"":26334.99999999185},{""page_index"":3,""viewing_time"":15635.999999998603},{""page_index"":4,""viewing_time"":54706.00000000559},{""page_index"":5,""viewing_time"":39794.9999999837},{""page_index"":6,""viewing_time"":18450.00000001164},{""page_index"":7,""viewing_time"":34500},{""page_index"":8,""viewing_time"":23480.999999999767}]","","","","","","","","","","","","","","","","","",""
"html-keyboard-response","5","522038","0.0-5.0-0.0","15533.999999985099","<p style=""font-size:24px;font-weight:bold"">TEST QUESTION</p><p>Which letter should you press to select the green house on the left?</p><div class=group><table class=table_center><tr><td class=prompt colspan=2>Choose one</td></tr><tr style=""height: 300px;""><td style=""width: 300px;""><img id=""left"" src=img/house_3.png style=""zoom: 100%;""/></td><td style=""width: 300px;""><img id=""right"" src=img/house_2.png style=""zoom: 100%;""/></td></tr></table></div><br>","","","70","","true","","","","","","","","","","","","","","","","",""
"html-keyboard-response","6","525059","0.0-5.0-1.0","null","<p style=""font-size:36px;font-weight:bold"">Correct!</p><p> Remember, press ""F"" for left and ""J"" for right. </p>","","","null","","","","","","","","","","","","","","","","","","",""
"html-keyboard-response","7","531226","0.0-5.0-2.0","6167.0000000158325","<p style=""font-size:24px;font-weight:bold"">TEST QUESTION</p><p>Which letter should you press to select the red house on the right?</p><div class=group><table class=table_center><tr><td class=prompt colspan=2>Choose one</td></tr><tr style=""height: 300px;""><td style=""width: 300px;""><img id=""left"" src=img/house_3.png style=""zoom: 100%;""/></td><td style=""width: 300px;""><img id=""right"" src=img/house_2.png style=""zoom: 100%;""/></td></tr></table></div><br>","","","74","","true","","","","","","","","","","","","","","","","",""
"html-keyboard-response","8","534240","0.0-5.0-3.0","null","<p style=""font-size:36px;font-weight:bold"">Correct!</p><p> Remember, press ""F"" for left and ""J"" for right. </p>","","","null","","","","","","","","","","","","","","","","","","",""
"html-keyboard-response","9","539563","0.0-5.0-4.0","5323.000000003958","<p style=""font-size:24px;font-weight:bold"">TEST QUESTION</p><p>Type the number of the <b> maximum </b> amount of sacks an elf can make</p>","","","57","","true","","","","","","","","","","","","","","","","",""
"html-keyboard-response","10","542572","0.0-5.0-5.0","null","<p style=""font-size:36px;font-weight:bold"">Correct!</p><p> Remember, elves can make 0 to 9 sacks. </p>","","","null","","","","","","","","","","","","","","","","","","",""
"html-keyboard-response","11","552264","0.0-5.0-6.0","9692.000000010012","<p style=""font-size:24px;font-weight:bold"">TEST QUESTION</p><p>Remember, the same house always takes you to the same elf. </p><p>On this trial, select the house on the left by pressing ""F"".</p><div class=group><table class=table_center><tr><td class=prompt colspan=2>Choose one</td></tr><tr style=""height: 300px;""><td style=""width: 300px;""><img id=""left"" src=img/house_1.png style=""zoom: 100%;""/></td><td style=""width: 300px;""><img id=""right"" src=img/house_5.png style=""zoom: 100%;""/></td></tr></table></div><br>","","","70","","","","","","","","","","","","","","","","","","",""
"html-keyboard-response","12","566869","0.0-5.0-7.0","14589.999999996508","<p style=""font-size:24px;font-weight:bold"">TEST QUESTION</p><p>The red house took you to the yellow elf. </p><p> The yellow elf gave you 8 sacks. </p><p> The most sacks an elf can make is 9 sacks, so this is a great outcome!</p><div class=group><table class=table_center><tr><td class=prompt colspan=3>You received</td></tr><tr style=""height: 300px;""><td><img src=img/elf_yellow.png style=""zoom: 100%;""/></td><td><img src=img/sack.png style=""zoom: 30%;""/></td><td class=prompt>x 8</td></tr></table></div><br><p> Press space to continue </p>","","","32","","","","","","","","","","","","","","","","","","",""
"html-keyboard-response","13","572217","0.0-5.0-8.0","5347.999999998137","<p style=""font-size:24px;font-weight:bold"">TEST QUESTION</p><p>If you wanted to visit the <b> yellow elf </b> again, which house would you select?</p><div class=group><table class=table_center><tr><td class=prompt colspan=2>Choose one</td></tr><tr style=""height: 300px;""><td style=""width: 300px;""><img id=""left"" src=img/house_1.png style=""zoom: 100%;""/></td><td style=""width: 300px;""><img id=""right"" src=img/house_5.png style=""zoom: 100%;""/></td></tr></table></div><br>","","","70","","true","","","","","","","","","","","","","","","","",""
"html-keyboard-response","14","575223","0.0-5.0-9.0","null","<p style=""font-size:36px;font-weight:bold"">Correct!</p><p> Remember, the same house goes to the same elf. </p>","","","null","","","","","","","","","","","","","","","","","","",""
"html-keyboard-response","15","580281","0.0-5.0-10.0","5057.999999989988","<p style=""font-size:24px;font-weight:bold"">TEST QUESTION</p><p>On this trial, select the house on the right by pressing ""J"".</p><div class=group><table class=table_center><tr><td class=prompt colspan=2>Choose one</td></tr><tr style=""height: 300px;""><td style=""width: 300px;""><img id=""left"" src=img/house_1.png style=""zoom: 100%;""/></td><td style=""width: 300px;""><img id=""right"" src=img/house_5.png style=""zoom: 100%;""/></td></tr></table></div><br>","","","74","","","","","","","","","","","","","","","","","","",""
"html-keyboard-response","16","587047","0.0-5.0-11.0","6766.00000000326","<p style=""font-size:24px;font-weight:bold"">TEST QUESTION</p><p>The blue house took you to the purple elf. </p><p> The purple elf only gave you 1 sack. </p><p> That is not very much and is a pretty bad outcome.</p><div class=group><table class=table_center><tr><td class=prompt colspan=3>You received</td></tr><tr style=""height: 300px;""><td><img src=img/elf_purple.png style=""zoom: 100%;""/></td><td><img src=img/sack.png style=""zoom: 30%;""/></td><td class=prompt>x 1</td></tr></table></div><br><p> Press space to continue </p>","","","32","","","","","","","","","","","","","","","","","","",""
"html-keyboard-response","17","598959","0.0-5.0-12.0","11911.999999982072","<p style=""font-size:24px;font-weight:bold"">TEST QUESTION</p><p>Remember the yellow elf gave you 8 sacks and the purple elf only gave you 1 sack. </p><p> Which elf would you try to visit next? </p><div class=group><table class=table_center><tr><td class=prompt colspan=2>Choose one</td></tr><tr style=""height: 300px;""><td style=""width: 300px;""><img id=""left"" src=img/elf_yellow.png style=""zoom: 100%;""/></td><td style=""width: 300px;""><img id=""right"" src=img/elf_purple.png style=""zoom: 100%;""/></td></tr></table></div><br>","","","70","","true","","","","","","","","","","","","","","","","",""
"html-keyboard-response","18","601970","0.0-5.0-13.0","null","<p style=""font-size:36px;font-weight:bold"">Correct!</p><p> Remember, you want to select the elf who gives you the most sacks.</p>","","","null","","","","","","","","","","","","","","","","","","",""
"html-keyboard-response","19","605355","0.0-5.0-14.0","3385.000000009313","<p style=""font-size:24px;font-weight:bold"">TEST QUESTION</p><p>To visit the yellow elf, which house should you visit? </p><div class=group><table class=table_center><tr><td class=prompt colspan=2>Choose one</td></tr><tr style=""height: 300px;""><td style=""width: 300px;""><img id=""left"" src=img/house_1.png style=""zoom: 100%;""/></td><td style=""width: 300px;""><img id=""right"" src=img/house_5.png style=""zoom: 100%;""/></td></tr></table></div><br>","","","70","","true","","","","","","","","","","","","","","","","",""
"html-keyboard-response","20","608356","0.0-5.0-15.0","null","<p style=""font-size:36px;font-weight:bold"">Correct!</p><p>Remember, the same house goes to the same elf each time.</p>","","","null","","","","","","","","","","","","","","","","","","",""
"html-keyboard-response","21","617267","0.0-5.0-16.0","8911.000000021886","<p style=""font-size:36px;font-weight:bold"">You are ready to play!</p><p>The houses and elves in the actual game will be different than the practice. </p><p> Press the space bar to start the game</p>","","","32","","","","","","","","","","","","","","","","","","",""
"no-tradeoff-rwd","22","624158","0.0-6.0-0.0","","","","","","","","4","0","","","","3338.000000017928","","","3338.000000017928","32","32","null","","null","","",""
"no-tradeoff-rwd","23","636624","0.0-6.0-0.1","","","","","","","","4","8","4","img/house_2.png","img/house_3.png","500","3402.9999999911524","","500,3402.9999999911524","70","70,32","null","","null","","",""
"no-tradeoff-rwd","24","661870","0.0-6.0-0.2","","","","","","","","1","6","7","img/house_2.png","img/house_3.png","858.9999999967404","14255.999999993946","1958.0000000132713","858.9999999967404,14255.999999993946,1958.0000000132713","70","70,13,32","null","","enter","8","",""
"no-tradeoff-rwd","25","671915","0.0-6.0-0.3","","","","","","","","4","6","5","img/house_3.png","img/house_2.png","265.00000001396984","1017.9999999818392","","265.00000001396984,1017.9999999818392","70","70,32","null","","null","","",""
"no-tradeoff-rwd","26","689754","0.0-6.0-0.4","","","","","","","","1","8","3","img/house_4.png","img/house_6.png","1422.000000020489","1141.0000000032596","7656.0000000172295","1422.000000020489,1141.0000000032596,7656.0000000172295","74","74,32,13","enter","3","null","","",""
"no-tradeoff-rwd","27","702273","0.0-6.0-0.5","","","","","","","","1","3","5","img/house_2.png","img/house_3.png","1000.9999999892898","3490.0000000197906","","1000.9999999892898,3490.0000000197906","74","74,32","null","","null","","",""
"no-tradeoff-rwd","28","717494","0.0-6.0-0.6","","","","","","","","1","4","1","img/house_4.png","img/house_6.png","1122.9999999923166","5225.000000005821","949.9999999825377","1122.9999999923166,5225.000000005821,949.9999999825377","70","70,13,32","null","","enter","8","",""
"no-tradeoff-rwd","29","728468","0.0-6.0-0.7","","","","","","","","1","2","4","img/house_2.png","img/house_3.png","875","1919.000000023516","","875,1919.000000023516","74","74,32","null","","null","","",""
"no-tradeoff-rwd","30","742728","0.0-6.0-0.8","","","","","","","","1","3","4","img/house_2.png","img/house_3.png","1143.000000010943","1263.9999999955762","3942.0000000100117","1143.000000010943,1263.9999999955762,3942.0000000100117","74","74,32,13","enter","6","null","","",""
"no-tradeoff-rwd","31","753801","0.0-6.0-0.9","","","","","","","","4","1","1","img/house_2.png","img/house_3.png","625","2028.9999999804422","","625,2028.9999999804422","70","70,32","null","","null","","",""
"no-tradeoff-rwd","32","768900","0.0-6.0-0.10","","","","","","","","4","4","2","img/house_3.png","img/house_2.png","1095.999999990454","4798.000000009779","1250","1095.999999990454,4798.000000009779,1250","74","74,13,32","null","","enter","6","",""
"no-tradeoff-rwd","33","779150","0.0-6.0-0.11","","","","","","","","1","4","1","img/house_2.png","img/house_3.png","983.0000000074506","1189.0000000130385","","983.0000000074506,1189.0000000130385","70","70,32","null","","null","","",""
"no-tradeoff-rwd","34","793683","0.0-6.0-0.12","","","","","","","","4","1","4","img/house_3.png","img/house_2.png","1247.9999999923166","408.99999998509884","5078.000000008615","1247.9999999923166,408.99999998509884,5078.000000008615","70","70,32,13","enter","3","null","","",""
"no-tradeoff-rwd","35","803550","0.0-6.0-0.13","","","","","","","","1","1","3","img/house_2.png","img/house_3.png","748.9999999816064","828.9999999979045","","748.9999999816064,828.9999999979045","74","74,32","null","","null","","",""
"no-tradeoff-rwd","36","818100","0.0-6.0-0.14","","","","","","","","1","0","3","img/house_6.png","img/house_4.png","1032.0000000065193","4397.999999986496","1094.0000000118744","1032.0000000065193,4397.999999986496,1094.0000000118744","74","74,13,32","null","","enter","4","",""
"no-tradeoff-rwd","37","827851","0.0-6.0-0.15","","","","","","","","4","2","3","img/house_2.png","img/house_3.png","937.0000000053551","702.9999999795109","","937.0000000053551,702.9999999795109","70","70,32","null","","null","","",""
"no-tradeoff-rwd","38","843415","0.0-6.0-0.16","","","","","","","","4","5","3","img/house_2.png","img/house_3.png","945.0000000069849","750","5766.00000000326","945.0000000069849,750,5766.00000000326","74","74,32,13","enter","3","null","","",""
"no-tradeoff-rwd","39","853265","0.0-6.0-0.17","","","","","","","","4","4","3","img/house_2.png","img/house_3.png","46.000000002095476","815.0000000023283","","46.000000002095476,815.0000000023283","70","70,32","null","","null","","",""
"no-tradeoff-rwd","40","867082","0.0-6.0-0.18","","","","","","","","4","1","4","img/house_4.png","img/house_6.png","875","3676.000000006752","1078.9999999979045","875,3676.000000006752,1078.9999999979045","74","74,13,32","null","","enter","0","",""
"no-tradeoff-rwd","41","876896","0.0-6.0-0.19","","","","","","","","4","0","2","img/house_2.png","img/house_3.png","595.0000000011642","734.9999999860302","","595.0000000011642,734.9999999860302","74","74,32","null","","null","","",""
"no-tradeoff-rwd","42","890662","0.0-6.0-0.20","","","","","","","","4","6","3","img/house_4.png","img/house_6.png","967.9999999934807","1171.9999999913853","3543.0000000051223","967.9999999934807,1171.9999999913853,3543.0000000051223","70","70,32,13","enter","5","null","","",""
"no-tradeoff-rwd","43","900495","0.0-6.0-0.21","","","","","","","","4","4","8","img/house_2.png","img/house_3.png","1170.0000000128057","797.999999980675","","1170.0000000128057,797.999999980675","70","70,32","null","","null","","",""
"no-tradeoff-rwd","44","920295","0.0-6.0-0.22","","","","","","","","4","4","8","img/house_2.png","img/house_3.png","1108.0000000074506","8940.000000002328","1795.0000000128057","1108.0000000074506,8940.000000002328,1795.0000000128057","74","74,13,32","null","","enter","4","",""
"no-tradeoff-rwd","45","925094","0.0-6.0-0.23","","","","","","","","1","0","","","","1266.9999999925494","","","1266.9999999925494","32","32","null","","null","","",""
"no-tradeoff-rwd","46","939927","0.0-6.0-0.24","","","","","","","","4","4","4","img/house_2.png","img/house_3.png","1206.9999999948777","1671.9999999913853","4130.000000004657","1206.9999999948777,1671.9999999913853,4130.000000004657","70","70,32,13","enter","6","null","","",""
"no-tradeoff-rwd","47","944478","0.0-6.0-0.25","","","","","","","","4","0","","","","1032.999999995809","","","1032.999999995809","32","32","null","","null","","",""
"no-tradeoff-rwd","48","959428","0.0-6.0-0.26","","","","","","","","4","9","3","img/house_4.png","img/house_6.png","657.999999995809","4825.0000000116415","1061.9999999762513","657.999999995809,4825.0000000116415,1061.9999999762513","70","70,13,32","null","","enter","3","",""
"no-tradeoff-rwd","49","968526","0.0-6.0-0.27","","","","","","","","4","6","4","img/house_4.png","img/house_6.png","888.0000000062864","64.00000001303852","","888.0000000062864,64.00000001303852","74","74,32","null","","null","","",""
"no-tradeoff-rwd","50","973643","0.0-6.0-0.28","","","","","","","","1","0","","","","1578.0000000086147","","","1578.0000000086147","32","32","null","","null","","",""
"no-tradeoff-rwd","51","983442","0.0-6.0-0.29","","","","","","","","4","0","8","img/house_4.png","img/house_6.png","471.0000000195578","736.0000000044238","","471.0000000195578,736.0000000044238","70","70,32","null","","null","","",""
"no-tradeoff-rwd","52","997758","0.0-6.0-0.30","","","","","","","","1","4","4","img/house_2.png","img/house_3.png","711.0000000102445","3415.000000008149","1841.0000000149012","711.0000000102445,3415.000000008149,1841.0000000149012","74","74,13,32","null","","enter","5","",""
"no-tradeoff-rwd","53","1007841","0.0-6.0-0.31","","","","","","","","1","7","4","img/house_2.png","img/house_3.png","657.0000000065193","1045.9999999729916","","657.0000000065193,1045.9999999729916","74","74,32","null","","null","","",""
"no-tradeoff-rwd","54","1023207","0.0-6.0-0.32","","","","","","","","4","5","3","img/house_4.png","img/house_6.png","1046.9999999913853","2009.9999999802094","4304.000000003725","1046.9999999913853,2009.9999999802094,4304.000000003725","74","74,32,13","enter","7","null","","",""
"no-tradeoff-rwd","55","1033057","0.0-6.0-0.33","","","","","","","","4","6","6","img/house_2.png","img/house_3.png","719.9999999720603","798.9999999990687","","719.9999999720603,798.9999999990687","70","70,32","null","","null","","",""
"no-tradeoff-rwd","56","1048874","0.0-6.0-0.34","","","","","","","","4","5","3","img/house_6.png","img/house_4.png","1279.9999999988358","3660.0000000034925","3073.999999993248","1279.9999999988358,3660.0000000034925,3073.999999993248","74","74,13,32","null","","enter","4","",""
"no-tradeoff-rwd","57","1058455","0.0-6.0-0.35","","","","","","","","4","6","4","img/house_2.png","img/house_3.png","827.9999999795109","516.9999999925494","","827.9999999795109,516.9999999925494","70","70,32","null","","null","","",""
"no-tradeoff-rwd","58","1063938","0.0-6.0-0.36","","","","","","","","1","0","","","","1953.0000000086147","","","1953.0000000086147","32","32","null","","null","","",""
"no-tradeoff-rwd","59","1073706","0.0-6.0-0.37","","","","","","","","1","6","5","img/house_4.png","img/house_6.png","1031.9999999774154","715.9999999857973","","1031.9999999774154,715.9999999857973","70","70,32","null","","null","","",""
"no-tradeoff-rwd","60","1086671","0.0-6.0-0.38","","","","","","","","4","5","3","img/house_3.png","img/house_2.png","1203.9999999979045","2767.999999981839","1125","1203.9999999979045,2767.999999981839,1125","74","74,13,32","null","","enter","5","",""
"no-tradeoff-rwd","61","1091023","0.0-6.0-0.39","","","","","","","","1","0","","","","830.9999999764841","","","830.9999999764841","32","32","null","","null","","",""
"no-tradeoff-rwd","62","1104505","0.0-6.0-0.40","","","","","","","","4","7","6","img/house_3.png","img/house_2.png","845.0000000011642","1029.9999999988358","3369.0000000060536","845.0000000011642,1029.9999999988358,3369.0000000060536","70","70,32,13","enter","4","null","","",""
"no-tradeoff-rwd","63","1112905","0.0-6.0-0.41","","","","","","","","1","7","8","img/house_2.png","img/house_3.png","484.99999998603016","845.0000000011642","","484.99999998603016,845.0000000011642","70","70,32","null","","null","","",""
"no-tradeoff-rwd","64","1125854","0.0-6.0-0.42","","","","","","","","4","5","7","img/house_6.png","img/house_4.png","1046.9999999913853","2861.000000004424","1032.0000000065193","1046.9999999913853,2861.000000004424,1032.0000000065193","74","74,13,32","null","","enter","6","",""
"no-tradeoff-rwd","65","1134436","0.0-6.0-0.43","","","","","","","","4","5","4","img/house_2.png","img/house_3.png","701.0000000009313","1050.0000000174623","","701.0000000009313,1050.0000000174623","74","74,32","null","","null","","",""
"no-tradeoff-rwd","66","1145959","0.0-6.0-0.44","","","","","","","","4","6","7","img/house_6.png","img/house_4.png","875","1100.9999999951106","2888.0000000062864","875,1100.9999999951106,2888.0000000062864","70","70,32,13","enter","7","null","","",""
"no-tradeoff-rwd","67","1154552","0.0-6.0-0.45","","","","","","","","4","9","4","img/house_2.png","img/house_3.png","826.9999999902211","1056.0000000114087","","826.9999999902211,1056.0000000114087","70","70,32","null","","null","","",""
"no-tradeoff-rwd","68","1166251","0.0-6.0-0.46","","","","","","","","1","9","7","img/house_2.png","img/house_3.png","1154.9999999988358","3127.0000000076834","1045.0000000128057","1154.9999999988358,3127.0000000076834,1045.0000000128057","74","74,13,32","null","","enter","8","",""
"no-tradeoff-rwd","69","1176650","0.0-6.0-0.47","","","","","","","","1","5","8","img/house_4.png","img/house_6.png","779.9999999988358","1345.0000000011642","","779.9999999988358,1345.0000000011642","70","70,32","null","","null","","",""
"no-tradeoff-rwd","70","1187282","0.0-6.0-0.48","","","","","","","","4","9","4","img/house_2.png","img/house_3.png","706.0000000055879","832.9999999841675","2241.0000000090804","706.0000000055879,832.9999999841675,2241.0000000090804","70","70,32,13","enter","8","null","","",""
"no-tradeoff-rwd","71","1195383","0.0-6.0-0.49","","","","","","","","4","8","7","img/house_6.png","img/house_4.png","875.9999999892898","556.0000000114087","","875.9999999892898,556.0000000114087","70","70,32","null","","null","","",""
"no-tradeoff-rwd","72","1207383","0.0-6.0-0.50","","","","","","","","1","6","6","img/house_6.png","img/house_4.png","730.0000000104774","2118.000000016764","815.9999999916181","730.0000000104774,2118.000000016764,815.9999999916181","74","74,13,32","null","","enter","9","",""
"no-tradeoff-rwd","73","1215698","0.0-6.0-0.51","","","","","","","","1","4","6","img/house_6.png","img/house_4.png","1294.9999999837019","791.9999999867287","","1294.9999999837019,791.9999999867287","74","74,32","null","","null","","",""
"no-tradeoff-rwd","74","1227482","0.0-6.0-0.52","","","","","","","","1","3","1","img/house_4.png","img/house_6.png","779.9999999988358","470.00000000116415","2251.9999999785796","779.9999999988358,470.00000000116415,2251.9999999785796","70","70,32,13","enter","7","null","","",""
"no-tradeoff-rwd","75","1235750","0.0-6.0-0.53","","","","","","","","4","3","6","img/house_2.png","img/house_3.png","482.99999997834675","721.0000000195578","","482.99999997834675,721.0000000195578","74","74,32","null","","null","","",""
"no-tradeoff-rwd","76","1247682","0.0-6.0-0.54","","","","","","","","4","4","5","img/house_6.png","img/house_4.png","998.0000000214204","2331.000000005588","561.9999999762513","998.0000000214204,2331.000000005588,561.9999999762513","70","70,13,32","null","","enter","6","",""
"no-tradeoff-rwd","77","1257331","0.0-6.0-0.55","","","","","","","","1","5","9","img/house_6.png","img/house_4.png","811.0000000160653","609.9999999860302","","811.0000000160653,609.9999999860302","70","70,32","null","","null","","",""
"no-tradeoff-rwd","78","1268114","0.0-6.0-0.56","","","","","","","","4","1","7","img/house_2.png","img/house_3.png","828.0000000086147","714.0000000072177","2534.0000000142027","828.0000000086147,714.0000000072177,2534.0000000142027","74","74,32,13","enter","5","null","","",""
"no-tradeoff-rwd","79","1276365","0.0-6.0-0.57","","","","","","","","1","6","4","img/house_3.png","img/house_2.png","748.9999999816064","703.9999999979045","","748.9999999816064,703.9999999979045","74","74,32","null","","null","","",""
"no-tradeoff-rwd","80","1290080","0.0-6.0-0.58","","","","","","","","1","2","8","img/house_6.png","img/house_4.png","1389.999999984866","3754.000000015367","906.0000000172295","1389.999999984866,3754.000000015367,906.0000000172295","70","70,13,32","null","","enter","4","",""
"no-tradeoff-rwd","81","1299813","0.0-6.0-0.59","","","","","","","","4","5","1","img/house_3.png","img/house_2.png","671.9999999913853","687.0000000053551","","671.9999999913853,687.0000000053551","74","74,32","null","","null","","",""
"no-tradeoff-rwd","82","1312280","0.0-6.0-0.60","","","","","","","","1","5","1","img/house_3.png","img/house_2.png","635.999999998603","915.0000000081491","4007.00000001234","635.999999998603,915.0000000081491,4007.00000001234","70","70,32,13","enter","7","null","","",""
"no-tradeoff-rwd","83","1316713","0.0-6.0-0.61","","","","","","","","1","0","","","","907.999999995809","","","907.999999995809","32","32","null","","null","","",""
"no-tradeoff-rwd","84","1329379","0.0-6.0-0.62","","","","","","","","1","2","3","img/house_6.png","img/house_4.png","750","4087.999999988824","1043.0000000051223","750,4087.999999988824,1043.0000000051223","74","74,13,32","null","","enter","6","",""
"no-tradeoff-rwd","85","1338879","0.0-6.0-0.63","","","","","","","","1","6","3","img/house_6.png","img/house_4.png","904.000000009546","455.00000001629815","","904.000000009546,455.00000001629815","70","70,32","null","","null","","",""
"no-tradeoff-rwd","86","1351078","0.0-6.0-0.64","","","","","","","","4","0","5","img/house_3.png","img/house_2.png","641.9999999925494","48.00000000977889","3088.000000017928","641.9999999925494,48.00000000977889,3088.000000017928","74","74,32,13","enter","8","null","","",""
"no-tradeoff-rwd","87","1355810","0.0-6.0-0.65","","","","","","","","1","0","","","","1204.9999999871943","","","1204.9999999871943","32","32","null","","null","","",""
"no-tradeoff-rwd","88","1369011","0.0-6.0-0.66","","","","","","","","1","2","1","img/house_2.png","img/house_3.png","468.99999998277053","3350.0000000058208","798.0000000097789","468.99999998277053,3350.0000000058208,798.0000000097789","74","74,13,32","null","","enter","9","",""
"no-tradeoff-rwd","89","1378693","0.0-6.0-0.67","","","","","","","","4","0","4","img/house_3.png","img/house_2.png","659.0000000142027","625","","659.0000000142027,625","70","70,32","null","","null","","",""
"no-tradeoff-rwd","90","1391342","0.0-6.0-0.68","","","","","","","","4","1","5","img/house_4.png","img/house_6.png","1122.9999999923166","578.9999999979045","3032.0000000065193","1122.9999999923166,578.9999999979045,3032.0000000065193","70","70,32,13","enter","2","null","","",""
"no-tradeoff-rwd","91","1400274","0.0-6.0-0.69","","","","","","","","4","6","2","img/house_2.png","img/house_3.png","872.9999999923166","1397.9999999864958","","872.9999999923166,1397.9999999864958","74","74,32","null","","null","","",""
"no-tradeoff-rwd","92","1413292","0.0-6.0-0.70","","","","","","","","4","6","1","img/house_2.png","img/house_3.png","858.0000000074506","3503.999999986263","470.00000000116415","858.0000000074506,3503.999999986263,470.00000000116415","70","70,13,32","null","","enter","9","",""
"no-tradeoff-rwd","93","1421376","0.0-6.0-0.71","","","","","","","","1","3","0","img/house_2.png","img/house_3.png","935.9999999869615","549.9999999883585","","935.9999999869615,549.9999999883585","74","74,32","null","","null","","",""
"no-tradeoff-rwd","94","1433692","0.0-6.0-0.72","","","","","","","","1","5","1","img/house_2.png","img/house_3.png","812.0000000053551","655.9999999881256","2616.0000000090804","812.0000000053551,655.9999999881256,2616.0000000090804","74","74,32,13","enter","6","null","","",""
"no-tradeoff-rwd","95","1443241","0.0-6.0-0.73","","","","","","","","1","2","1","img/house_2.png","img/house_3.png","671.0000000020955","517.0000000216532","","671.0000000020955,517.0000000216532","74","74,32","null","","null","","",""
"no-tradeoff-rwd","96","1455792","0.0-6.0-0.74","","","","","","","","4","3","0","img/house_6.png","img/house_4.png","1217.000000004191","2835.9999999811407","641.9999999925494","1217.000000004191,2835.9999999811407,641.9999999925494","70","70,13,32","null","","enter","3","",""
"no-tradeoff-rwd","97","1465240","0.0-6.0-0.75","","","","","","","","1","2","0","img/house_6.png","img/house_4.png","750","377.0000000076834","","750,377.0000000076834","70","70,32","null","","null","","",""
"no-tradeoff-rwd","98","1479023","0.0-6.0-0.76","","","","","","","","1","3","0","img/house_2.png","img/house_3.png","904.000000009546","1054.0000000037253","5199.000000022352","904.000000009546,1054.0000000037253,5199.000000022352","74","74,32,13","enter","5","null","","",""
"no-tradeoff-rwd","99","1488539","0.0-6.0-0.77","","","","","","","","1","0","3","img/house_4.png","img/house_6.png","1201.999999990221","470.00000000116415","","1201.999999990221,470.00000000116415","70","70,32","null","","null","","",""
"no-tradeoff-rwd","100","1501072","0.0-6.0-0.78","","","","","","","","4","4","2","img/house_6.png","img/house_4.png","983.0000000074506","3086.0000000102445","392.9999999818392","983.0000000074506,3086.0000000102445,392.9999999818392","70","70,13,32","null","","enter","8","",""
"no-tradeoff-rwd","101","1509923","0.0-6.0-0.79","","","","","","","","1","0","3","img/house_4.png","img/house_6.png","921.0000000020955","1317.9999999993015","","921.0000000020955,1317.9999999993015","70","70,32","null","","null","","",""
"no-tradeoff-rwd","102","1522256","0.0-6.0-0.80","","","","","","","","4","3","3","img/house_6.png","img/house_4.png","564.0000000130385","595.0000000011642","2676.000000006752","564.0000000130385,595.0000000011642,2676.000000006752","70","70,32,13","enter","7","null","","",""
"no-tradeoff-rwd","103","1531739","0.0-6.0-0.81","","","","","","","","4","5","1","img/house_2.png","img/house_3.png","968.9999999827705","438.9999999839347","","968.9999999827705,438.9999999839347","70","70,32","null","","null","","",""
"no-tradeoff-rwd","104","1543889","0.0-6.0-0.82","","","","","","","","4","2","1","img/house_2.png","img/house_3.png","577.000000019325","3260.999999998603","1344.0000000118744","577.000000019325,3260.999999998603,1344.0000000118744","74","74,13,32","null","","enter","7","",""
"no-tradeoff-rwd","105","1552871","0.0-6.0-0.83","","","","","","","","4","1","3","img/house_4.png","img/house_6.png","1446.9999999855645","1423.9999999990687","","1446.9999999855645,1423.9999999990687","70","70,32","null","","null","","",""
"no-tradeoff-rwd","106","1565905","0.0-6.0-0.84","","","","","","","","4","1","6","img/house_3.png","img/house_2.png","1053.9999999746215","705.9999999764841","3262.0000000169966","1053.9999999746215,705.9999999764841,3262.0000000169966","74","74,32,13","enter","8","null","","",""
"no-tradeoff-rwd","107","1574970","0.0-6.0-0.85","","","","","","","","4","5","3","img/house_6.png","img/house_4.png","782.0000000065193","16.00000000325963","","782.0000000065193,16.00000000325963","70","70,32","null","","null","","",""
"no-tradeoff-rwd","108","1587436","0.0-6.0-0.86","","","","","","","","1","5","2","img/house_2.png","img/house_3.png","1002.0000000076834","2815.999999991618","595.0000000011642","1002.0000000076834,2815.999999991618,595.0000000011642","74","74,13,32","null","","enter","7","",""
"no-tradeoff-rwd","109","1596603","0.0-6.0-0.87","","","","","","","","4","4","3","img/house_6.png","img/house_4.png","576.9999999902211","127.00000000768341","","576.9999999902211,127.00000000768341","74","74,32","null","","null","","",""
"no-tradeoff-rwd","110","1608469","0.0-6.0-0.88","","","","","","","","4","3","0","img/house_6.png","img/house_4.png","577.9999999795109","549.9999999883585","2239.000000001397","577.9999999795109,549.9999999883585,2239.000000001397","74","74,32,13","enter","5","null","","",""
"no-tradeoff-rwd","111","1618083","0.0-6.0-0.89","","","","","","","","1","1","2","img/house_4.png","img/house_6.png","876.0000000183936","548.0000000097789","","876.0000000183936,548.0000000097789","74","74,32","null","","null","","",""
"no-tradeoff-rwd","112","1632517","0.0-6.0-0.90","","","","","","","","1","1","0","img/house_4.png","img/house_6.png","1045.0000000128057","5013.000000006286","358.99999999674037","1045.0000000128057,5013.000000006286,358.99999999674037","70","70,13,32","null","","enter","4","",""
"no-tradeoff-rwd","113","1643602","0.0-6.0-0.91","","","","","","","","4","0","0","img/house_2.png","img/house_3.png","922.0000000204891","2046.0000000020955","","922.0000000204891,2046.0000000020955","70","70,32","null","","null","","",""
"no-tradeoff-rwd","114","1656249","0.0-6.0-0.92","","","","","","","","4","2","2","img/house_3.png","img/house_2.png","563.9999999839347","565.9999999916181","3032.999999995809","563.9999999839347,565.9999999916181,3032.999999995809","70","70,32,13","enter","9","null","","",""
"no-tradeoff-rwd","115","1661015","0.0-6.0-0.93","","","","","","","","1","0","","","","1234.9999999860302","","","1234.9999999860302","32","32","null","","null","","",""
"no-tradeoff-rwd","116","1674547","0.0-6.0-0.94","","","","","","","","1","0","2","img/house_3.png","img/house_2.png","1138.0000000062864","4125","361.0000000044238","1138.0000000062864,4125,361.0000000044238","74","74,13,32","null","","enter","6","",""
"no-tradeoff-rwd","117","1684064","0.0-6.0-0.95","","","","","","","","4","2","2","img/house_6.png","img/house_4.png","1201.0000000009313","485.000000015134","","1201.0000000009313,485.000000015134","70","70,32","null","","null","","",""
"no-tradeoff-rwd","118","1696080","0.0-6.0-0.96","","","","","","","","4","2","2","img/house_6.png","img/house_4.png","939.0000000130385","453.9999999979045","2518.000000010943","939.0000000130385,453.9999999979045,2518.000000010943","74","74,32,13","enter","6","null","","",""
"no-tradeoff-rwd","119","1705564","0.0-6.0-0.97","","","","","","","","1","1","1","img/house_3.png","img/house_2.png","951.0000000009313","421.99999999138527","","951.0000000009313,421.99999999138527","70","70,32","null","","null","","",""
"no-tradeoff-rwd","120","1717513","0.0-6.0-0.98","","","","","","","","1","1","3","img/house_6.png","img/house_4.png","1029.000000009546","3213.000000017928","1201.999999990221","1029.000000009546,3213.000000017928,1201.999999990221","70","70,13,32","null","","enter","5","",""
"no-tradeoff-rwd","121","1725762","0.0-6.0-0.99","","","","","","","","4","1","6","img/house_2.png","img/house_3.png","717.9999999934807","706.9999999948777","","717.9999999934807,706.9999999948777","70","70,32","null","","null","","",""
"no-tradeoff-rwd","122","1737112","0.0-6.0-0.100","","","","","","","","1","6","0","img/house_3.png","img/house_2.png","719.0000000118744","547.999999980675","3257.00000001234","719.0000000118744,547.999999980675,3257.00000001234","74","74,32,13","enter","6","null","","",""
"no-tradeoff-rwd","123","1746761","0.0-6.0-0.101","","","","","","","","4","2","4","img/house_6.png","img/house_4.png","1217.000000004191","595.999999990454","","1217.000000004191,595.999999990454","70","70,32","null","","null","","",""
"no-tradeoff-rwd","124","1758446","0.0-6.0-0.102","","","","","","","","1","4","1","img/house_4.png","img/house_6.png","732.0000000181608","3070.000000006985","1046.0000000020955","732.0000000181608,3070.000000006985,1046.0000000020955","74","74,13,32","null","","enter","5","",""
"no-tradeoff-rwd","125","1766646","0.0-6.0-0.103","","","","","","","","4","6","1","img/house_3.png","img/house_2.png","608.9999999967404","649.0000000048894","","608.9999999967404,649.0000000048894","74","74,32","null","","null","","",""
"no-tradeoff-rwd","126","1778813","0.0-6.0-0.104","","","","","","","","4","7","1","img/house_3.png","img/house_2.png","688.0000000237487","577.9999999795109","2510.000000009313","688.0000000237487,577.9999999795109,2510.000000009313","70","70,32,13","enter","8","null","","",""
"no-tradeoff-rwd","127","1787145","0.0-6.0-0.105","","","","","","","","4","9","0","img/house_4.png","img/house_6.png","421.99999999138527","769.0000000002328","","421.99999999138527,769.0000000002328","74","74,32","null","","null","","",""
"no-tradeoff-rwd","128","1797893","0.0-6.0-0.106","","","","","","","","4","4","2","img/house_3.png","img/house_2.png","595.0000000011642","2347.0000000088476","855.9999999997672","595.0000000011642,2347.0000000088476,855.9999999997672","74","74,13,32","null","","enter","9","",""
"no-tradeoff-rwd","129","1806008","0.0-6.0-0.107","","","","","","","","1","2","7","img/house_4.png","img/house_6.png","937.9999999946449","565.9999999916181","","937.9999999946449,565.9999999916181","74","74,32","null","","null","","",""
"no-tradeoff-rwd","130","1817877","0.0-6.0-0.108","","","","","","","","4","8","1","img/house_6.png","img/house_4.png","638.0000000062864","788.9999999897555","3535.0000000034925","638.0000000062864,788.9999999897555,3535.0000000034925","70","70,32,13","enter","8","null","","",""
"no-tradeoff-rwd","131","1826191","0.0-6.0-0.109","","","","","","","","1","8","3","img/house_2.png","img/house_3.png","562.9999999946449","762.9999999771826","","562.9999999946449,762.9999999771826","74","74,32","null","","null","","",""
"no-tradeoff-rwd","132","1839203","0.0-6.0-0.110","","","","","","","","1","8","4","img/house_2.png","img/house_3.png","515.0000000139698","2760.000000009313","1203.0000000086147","515.0000000139698,2760.000000009313,1203.0000000086147","70","70,13,32","null","","enter","9","",""
"no-tradeoff-rwd","133","1847507","0.0-6.0-0.111","","","","","","","","4","8","2","img/house_6.png","img/house_4.png","655.9999999881256","756.9999999832362","","655.9999999881256,756.9999999832362","70","70,32","null","","null","","",""
"no-tradeoff-rwd","134","1860190","0.0-6.0-0.112","","","","","","","","1","8","0","img/house_2.png","img/house_3.png","654.9999999988358","812.9999999946449","2834.999999991851","654.9999999988358,812.9999999946449,2834.999999991851","74","74,32,13","enter","7","null","","",""
"no-tradeoff-rwd","135","1869357","0.0-6.0-0.113","","","","","","","","1","8","1","img/house_6.png","img/house_4.png","826.9999999902211","111.00000000442378","","826.9999999902211,111.00000000442378","74","74,32","null","","null","","",""
"no-tradeoff-rwd","136","1880974","0.0-6.0-0.114","","","","","","","","4","4","0","img/house_6.png","img/house_4.png","763.9999999955762","2684.9999999976717","1391.9999999925494","763.9999999955762,2684.9999999976717,1391.9999999925494","74","74,13,32","null","","enter","9","",""
"no-tradeoff-rwd","137","1890006","0.0-6.0-0.115","","","","","","","","4","4","3","img/house_2.png","img/house_3.png","807.0000000006985","1495.9999999846332","","807.0000000006985,1495.9999999846332","74","74,32","null","","null","","",""
"no-tradeoff-rwd","138","1902406","0.0-6.0-0.116","","","","","","","","4","3","2","img/house_4.png","img/house_6.png","734.9999999860302","843.9999999827705","4027.0000000018626","734.9999999860302,843.9999999827705,4027.0000000018626","70","70,32,13","enter","9","null","","",""
"no-tradeoff-rwd","139","1912108","0.0-6.0-0.117","","","","","","","","1","3","6","img/house_3.png","img/house_2.png","779.9999999988358","655.9999999881256","","779.9999999988358,655.9999999881256","74","74,32","null","","null","","",""
"no-tradeoff-rwd","140","1925506","0.0-6.0-0.118","","","","","","","","4","7","2","img/house_2.png","img/house_3.png","983.9999999967404","2738.000000012107","1594.9999999720603","983.9999999967404,2738.000000012107,1594.9999999720603","74","74,13,32","null","","enter","6","",""
"no-tradeoff-rwd","141","1933988","0.0-6.0-0.119","","","","","","","","1","9","5","img/house_6.png","img/house_4.png","1012.9999999771826","951.9999999902211","","1012.9999999771826,951.9999999902211","74","74,32","null","","null","","",""
"call-function","142","1933988","0.0-7.0","","","","","","","","","","","","","","","","","","","","","","","",""
"html-keyboard-response","143","1937081","0.0-8.0","3092.9999999934807","<p>Now you will play the second game!</p><p>Press the space bar to begin reading the instructions for the second game.</p>","","","32","","","","","","","","","","","","","","","","","","",""
"instructions","144","2173522","0.0-9.0","236440.99999999185","","","","","[{""page_index"":0,""viewing_time"":53364.0000000014},{""page_index"":1,""viewing_time"":14000.99999998929},{""page_index"":2,""viewing_time"":26698.999999993248},{""page_index"":3,""viewing_time"":28216.0000000149},{""page_index"":4,""viewing_time"":28616.000000008848},{""page_index"":5,""viewing_time"":37847.99999999814},{""page_index"":6,""viewing_time"":30747.99999999255},{""page_index"":7,""viewing_time"":13932.999999989755},{""page_index"":8,""viewing_time"":3016.0000000037253}]","","","","","","","","","","","","","","","","","",""
"html-keyboard-response","145","2177353","0.0-10.0-0.0","3831.000000005588","<p style=""font-size:24px;font-weight:bold"">TEST QUESTION</p><p>Which letter should you press to select the green tree on the left?</p><div class=group><table class=table_center><tr><td class=prompt colspan=2>Choose one</td></tr><tr style=""height: 300px;""><td style=""width: 300px;""><img id=""left"" src=img/tree_3.png style=""zoom: 100%;""/></td><td style=""width: 300px;""><img id=""right"" src=img/tree_7.png style=""zoom: 100%;""/></td></tr></table></div><br>","","","70","","true","","","","","","","","","","","","","","","","",""
"html-keyboard-response","146","2180360","0.0-10.0-1.0","null","<p style=""font-size:36px;font-weight:bold"">Correct!</p><p> Remember, press ""F"" for left and ""J"" for right. </p>","","","null","","","","","","","","","","","","","","","","","","",""
"html-keyboard-response","147","2182315","0.0-10.0-2.0","1954.9999999869615","<p style=""font-size:24px;font-weight:bold"">TEST QUESTION</p><p>Which letter should you press to select the red tree on the right?</p><div class=group><table class=table_center><tr><td class=prompt colspan=2>Choose one</td></tr><tr style=""height: 300px;""><td style=""width: 300px;""><img id=""left"" src=img/tree_3.png style=""zoom: 100%;""/></td><td style=""width: 300px;""><img id=""right"" src=img/tree_7.png style=""zoom: 100%;""/></td></tr></table></div><br>","","","74","","true","","","","","","","","","","","","","","","","",""
"html-keyboard-response","148","2185324","0.0-10.0-3.0","null","<p style=""font-size:36px;font-weight:bold"">Correct!</p><p> Remember, press ""F"" for left and ""J"" for right. </p>","","","null","","","","","","","","","","","","","","","","","","",""
"html-keyboard-response","149","2191085","0.0-10.0-4.0","5760.999999998603","<p style=""font-size:24px;font-weight:bold"">TEST QUESTION</p><p>Type the number of the <b> maximum </b> amount of shields an gnome can make</p>","","","57","","true","","","","","","","","","","","","","","","","",""
"html-keyboard-response","150","2194092","0.0-10.0-5.0","null","<p style=""font-size:36px;font-weight:bold"">Correct!</p><p> Remember, gnomes can make 0 to 9 shields. </p>","","","null","","","","","","","","","","","","","","","","","","",""
"html-keyboard-response","151","2203686","0.0-10.0-6.0","9594.000000012107","<p style=""font-size:24px;font-weight:bold"">TEST QUESTION</p><p>Remember, the same tree always takes you to the same gnome. </p><p>On this trial, select the tree on the left by pressing ""F"".</p><div class=group><table class=table_center><tr><td class=prompt colspan=2>Choose one</td></tr><tr style=""height: 300px;""><td style=""width: 300px;""><img id=""left"" src=img/tree_1.png style=""zoom: 100%;""/></td><td style=""width: 300px;""><img id=""right"" src=img/tree_2.png style=""zoom: 100%;""/></td></tr></table></div><br>","","","70","","","","","","","","","","","","","","","","","","",""
"html-keyboard-response","152","2217060","0.0-10.0-7.0","13373.999999981374","<p style=""font-size:24px;font-weight:bold"">TEST QUESTION</p><p>The orange tree took you to the green gnome. </p><p> The green gnome gave you 8 shields. </p><p> The most shields a gnome can make is 9 shields, so this is a great outcome!</p><div class=group><table class=table_center><tr><td class=prompt colspan=3>You received</td></tr><tr style=""height: 300px;""><td><img src=img/gnome_green.png style=""zoom: 100%;""/></td><td><img src=img/shield.png style=""zoom: 30%;""/></td><td class=prompt>x 8</td></tr></table></div><br><p> Press space to continue </p>","","","32","","","","","","","","","","","","","","","","","","",""
"html-keyboard-response","153","2220724","0.0-10.0-8.0","3664.000000019092","<p style=""font-size:24px;font-weight:bold"">TEST QUESTION</p><p>If you wanted to visit the <b> green gnome </b> again, which tree would you select?</p><div class=group><table class=table_center><tr><td class=prompt colspan=2>Choose one</td></tr><tr style=""height: 300px;""><td style=""width: 300px;""><img id=""left"" src=img/tree_1.png style=""zoom: 100%;""/></td><td style=""width: 300px;""><img id=""right"" src=img/tree_2.png style=""zoom: 100%;""/></td></tr></table></div><br>","","","70","","true","","","","","","","","","","","","","","","","",""
"html-keyboard-response","154","2223740","0.0-10.0-9.0","null","<p style=""font-size:36px;font-weight:bold"">Correct!</p><p> Remember, the same tree goes to the same gnome. </p>","","","null","","","","","","","","","","","","","","","","","","",""
"html-keyboard-response","155","2227052","0.0-10.0-10.0","3312.0000000051223","<p style=""font-size:24px;font-weight:bold"">TEST QUESTION</p><p>On this trial, select the tree on the right by pressing ""J"".</p><div class=group><table class=table_center><tr><td class=prompt colspan=2>Choose one</td></tr><tr style=""height: 300px;""><td style=""width: 300px;""><img id=""left"" src=img/tree_1.png style=""zoom: 100%;""/></td><td style=""width: 300px;""><img id=""right"" src=img/tree_2.png style=""zoom: 100%;""/></td></tr></table></div><br>","","","74","","","","","","","","","","","","","","","","","","",""
"html-keyboard-response","156","2236397","0.0-10.0-11.0","9345.000000001397","<p style=""font-size:24px;font-weight:bold"">TEST QUESTION</p><p>The blue tree took you to the purple gnome. </p><p> The purple gnome only gave you 1 shield. </p><p> That is not very much and is a pretty bad outcome.</p><div class=group><table class=table_center><tr><td class=prompt colspan=3>You received</td></tr><tr style=""height: 300px;""><td><img src=img/gnome_purple.png style=""zoom: 100%;""/></td><td><img src=img/shield.png style=""zoom: 30%;""/></td><td class=prompt>x 1</td></tr></table></div><br><p> Press space to continue </p>","","","32","","","","","","","","","","","","","","","","","","",""
"html-keyboard-response","157","2239330","0.0-10.0-12.0","2933.0000000186265","<p style=""font-size:24px;font-weight:bold"">TEST QUESTION</p><p>Remember the green gnome gave you 8 shields and the purple gnome only gave you 1 shield. </p><p> Which gnome would you try to visit next? </p><div class=group><table class=table_center><tr><td class=prompt colspan=2>Choose one</td></tr><tr style=""height: 300px;""><td style=""width: 300px;""><img id=""left"" src=img/gnome_green.png style=""zoom: 100%;""/></td><td style=""width: 300px;""><img id=""right"" src=img/gnome_purple.png style=""zoom: 100%;""/></td></tr></table></div><br>","","","70","","true","","","","","","","","","","","","","","","","",""
"html-keyboard-response","158","2242342","0.0-10.0-13.0","null","<p style=""font-size:36px;font-weight:bold"">Correct!</p><p> Remember, you want to select the gnome who gives you the most shields.</p>","","","null","","","","","","","","","","","","","","","","","","",""
"html-keyboard-response","159","2246213","0.0-10.0-14.0","3872.0000000032596","<p style=""font-size:24px;font-weight:bold"">TEST QUESTION</p><p>To visit the green gnome, which tree should you visit? </p><div class=group><table class=table_center><tr><td class=prompt colspan=2>Choose one</td></tr><tr style=""height: 300px;""><td style=""width: 300px;""><img id=""left"" src=img/tree_1.png style=""zoom: 100%;""/></td><td style=""width: 300px;""><img id=""right"" src=img/tree_2.png style=""zoom: 100%;""/></td></tr></table></div><br>","","","70","","true","","","","","","","","","","","","","","","","",""
"html-keyboard-response","160","2249221","0.0-10.0-15.0","null","<p style=""font-size:36px;font-weight:bold"">Correct!</p><p>Remember, the same tree goes to the same gnome each time.</p>","","","null","","","","","","","","","","","","","","","","","","",""
"html-keyboard-response","161","2250520","0.0-10.0-16.0","1298.9999999990687","<p style=""font-size:36px;font-weight:bold"">You are ready to play!</p><p>The trees and gnomes in the actual game will be different than the practice. </p><p> Press space to start the game</p>","","","32","","","","","","","","","","","","","","","","","","",""
"no-tradeoff","162","2270858","0.0-11.0-0.0","","","","","","","","4","5","9","img/tree_3.png","img/tree_7.png","1341.0000000149012","1186.9999999757856","10110.000000015367","1341.0000000149012,1186.9999999757856,10110.000000015367","74","74,32,13","enter","8","null","","",""
"no-tradeoff","163","2281805","0.0-11.0-0.1","","","","","","","","4","7","5","img/tree_7.png","img/tree_3.png","1277.0000000018626","1896.0000000074506","","1277.0000000018626,1896.0000000074506","70","70,32","null","","null","","",""
"no-tradeoff","164","2286826","0.0-11.0-0.2","","","","","","","","4","0","","","","1509.0000000195578","","","1509.0000000195578","32","32","null","","null","","",""
"no-tradeoff","165","2296456","0.0-11.0-0.3","","","","","","","","1","3","8","img/tree_7.png","img/tree_3.png","875.9999999892898","578.0000000083819","","875.9999999892898,578.0000000083819","70","70,32","null","","null","","",""
"no-tradeoff","166","2312354","0.0-11.0-0.4","","","","","","","","4","3","8","img/tree_8.png","img/tree_9.png","969.0000000116415","611.0000000046566","6203.999999997672","969.0000000116415,611.0000000046566,6203.999999997672","74","74,32,13","enter","6","null","","",""
"no-tradeoff","167","2322270","0.0-11.0-0.5","","","","","","","","4","0","5","img/tree_8.png","img/tree_9.png","1385.9999999990687","872.9999999925494","","1385.9999999990687,872.9999999925494","70","70,32","null","","null","","",""
"no-tradeoff","168","2334286","0.0-11.0-0.6","","","","","","","","4","3","2","img/tree_9.png","img/tree_8.png","811.9999999762513","2871.00000001397","76.99999998975545","811.9999999762513,2871.00000001397,76.99999998975545","70","70,13,32","null","","enter","9","",""
"no-tradeoff","169","2344754","0.0-11.0-0.7","","","","","","","","4","1","6","img/tree_8.png","img/tree_9.png","1188.000000023283","1426.000000006985","","1188.000000023283,1426.000000006985","70","70,32","null","","null","","",""
"no-tradeoff","170","2357290","0.0-11.0-0.8","","","","","","","","1","5","3","img/tree_9.png","img/tree_8.png","1013.999999995809","535.0000000037253","2975.9999999948777","1013.999999995809,535.0000000037253,2975.9999999948777","74","74,32,13","enter","8","null","","",""
"no-tradeoff","171","2368536","0.0-11.0-0.9","","","","","","","","1","4","2","img/tree_7.png","img/tree_3.png","1179.0000000037253","2182.0000000009313","","1179.0000000037253,2182.0000000009313","70","70,32","null","","null","","",""
"no-tradeoff","172","2381202","0.0-11.0-0.10","","","","","","","","1","0","0","img/tree_9.png","img/tree_8.png","1154.0000000093132","2769.0000000004657","861.0000000046566","1154.0000000093132,2769.0000000004657,861.0000000046566","74","74,13,32","null","","enter","7","",""
"no-tradeoff","173","2390202","0.0-11.0-0.11","","","","","","","","1","0","2","img/tree_8.png","img/tree_9.png","1124.0000000107102","1459.0000000023283","","1124.0000000107102,1459.0000000023283","74","74,32","null","","null","","",""
"no-tradeoff","174","2394704","0.0-11.0-0.12","","","","","","","","1","0","","","","986.9999999939464","","","986.9999999939464","32","32","null","","null","","",""
"no-tradeoff","175","2403900","0.0-11.0-0.13","","","","","","","","4","2","2","img/tree_9.png","img/tree_8.png","690.0000000023283","140.00000001396984","","690.0000000023283,140.00000001396984","70","70,32","null","","null","","",""
"no-tradeoff","176","2417351","0.0-11.0-0.14","","","","","","","","4","1","3","img/tree_7.png","img/tree_3.png","1043.0000000046566","3984.0000000256114","392.99999998137355","1043.0000000046566,3984.0000000256114,392.99999998137355","70","70,13,32","null","","enter","5","",""
"no-tradeoff","177","2425702","0.0-11.0-0.15","","","","","","","","1","4","3","img/tree_9.png","img/tree_8.png","655.9999999878928","820.0000000069849","","655.9999999878928,820.0000000069849","74","74,32","null","","null","","",""
"no-tradeoff","178","2430286","0.0-11.0-0.16","","","","","","","","1","0","","","","1047.000000020489","","","1047.000000020489","32","32","null","","null","","",""
"no-tradeoff","179","2438500","0.0-11.0-0.17","","","","","","","","1","6","6","img/tree_9.png","img/tree_8.png","703.9999999981374","660.0000000037253","","703.9999999981374,660.0000000037253","70","70,32","null","","null","","",""
"no-tradeoff","180","2450149","0.0-11.0-0.18","","","","","","","","4","9","5","img/tree_3.png","img/tree_7.png","561.0000000162981","2796.0000000018626","1326.0000000009313","561.0000000162981,2796.0000000018626,1326.0000000009313","74","74,13,32","null","","enter","7","",""
"no-tradeoff","181","2458565","0.0-11.0-0.19","","","","","","","","4","4","8","img/tree_8.png","img/tree_9.png","764.0000000251457","858.999999997206","","764.0000000251457,858.999999997206","74","74,32","null","","null","","",""
"no-tradeoff","182","2471549","0.0-11.0-0.20","","","","","","","","4","3","7","img/tree_7.png","img/tree_3.png","1106.9999999888241","1186.9999999762513","2762.0000000172295","1106.9999999888241,1186.9999999762513,2762.0000000172295","70","70,32,13","enter","9","null","","",""
"no-tradeoff","183","2479699","0.0-11.0-0.21","","","","","","","","4","4","8","img/tree_8.png","img/tree_9.png","972.0000000093132","608.0000000074506","","972.0000000093132,608.0000000074506","74","74,32","null","","null","","",""
"no-tradeoff","184","2490483","0.0-11.0-0.22","","","","","","","","4","8","6","img/tree_9.png","img/tree_8.png","562.0000000051223","2453.9999999976717","804.0000000037253","562.0000000051223,2453.9999999976717,804.0000000037253","70","70,13,32","null","","enter","7","",""
"no-tradeoff","185","2498482","0.0-11.0-0.23","","","","","","","","4","8","7","img/tree_9.png","img/tree_8.png","483.99999999720603","455.00000001629815","","483.99999999720603,455.00000001629815","70","70,32","null","","null","","",""
"no-tradeoff","186","2509630","0.0-11.0-0.24","","","","","","","","1","7","6","img/tree_3.png","img/tree_7.png","732.0000000186265","579.9999999869615","3021.0000000074506","732.0000000186265,579.9999999869615,3021.0000000074506","74","74,32,13","enter","6","null","","",""
"no-tradeoff","187","2519264","0.0-11.0-0.25","","","","","","","","1","5","7","img/tree_8.png","img/tree_9.png","921.0000000018626","577.9999999795109","","921.0000000018626,577.9999999795109","70","70,32","null","","null","","",""
"no-tradeoff","188","2531264","0.0-11.0-0.26","","","","","","","","1","7","6","img/tree_3.png","img/tree_7.png","904.9999999990687","3211.0000000102445","1261.9999999878928","904.9999999990687,3211.0000000102445,1261.9999999878928","74","74,13,32","null","","enter","8","",""
"no-tradeoff","189","2539664","0.0-11.0-0.27","","","","","","","","4","7","4","img/tree_9.png","img/tree_8.png","981.9999999888241","845.9999999902211","","981.9999999888241,845.9999999902211","74","74,32","null","","null","","",""
"no-tradeoff","190","2544032","0.0-11.0-0.28","","","","","","","","4","0","","","","846.9999999799766","","","846.9999999799766","32","32","null","","null","","",""
"no-tradeoff","191","2552229","0.0-11.0-0.29","","","","","","","","4","8","4","img/tree_3.png","img/tree_7.png","578.0000000088476","635.0000000093132","","578.0000000088476,635.0000000093132","74","74,32","null","","null","","",""
"no-tradeoff","192","2564646","0.0-11.0-0.30","","","","","","","","1","7","4","img/tree_9.png","img/tree_8.png","747.9999999920838","2589.000000006985","782.999999995809","747.9999999920838,2589.000000006985,782.999999995809","70","70,13,32","null","","enter","5","",""
"no-tradeoff","193","2572812","0.0-11.0-0.31","","","","","","","","4","9","4","img/tree_3.png","img/tree_7.png","779.999999998603","636.9999999878928","","779.999999998603,636.9999999878928","74","74,32","null","","null","","",""
"no-tradeoff","194","2584844","0.0-11.0-0.32","","","","","","","","1","8","5","img/tree_9.png","img/tree_8.png","1029.999999998603","1174.9999999878928","1236.000000004191","1029.999999998603,1174.9999999878928,1236.000000004191,3255.9999999939464","70","70,74,32,13","enter","6","null","","",""
"no-tradeoff","195","2593278","0.0-11.0-0.33","","","","","","","","1","7","5","img/tree_9.png","img/tree_8.png","453.00000000884756","895.0000000186265","","453.00000000884756,895.0000000186265","74","74,32","null","","null","","",""
"no-tradeoff","196","2603927","0.0-11.0-0.34","","","","","","","","4","8","7","img/tree_3.png","img/tree_7.png","763.999999995809","2359.99999998603","771.0000000083819","763.999999995809,2359.99999998603,771.0000000083819","70","70,13,32","null","","enter","8","",""
"no-tradeoff","197","2612745","0.0-11.0-0.35","","","","","","","","4","7","5","img/tree_9.png","img/tree_8.png","935.9999999869615","1269.0000000004657","","935.9999999869615,1269.0000000004657","70","70,32","null","","null","","",""
"no-tradeoff","198","2625194","0.0-11.0-0.36","","","","","","","","4","7","3","img/tree_3.png","img/tree_7.png","874.0000000102445","531.0000000176951","2881.999999983236","874.0000000102445,531.0000000176951,2881.999999983236","70","70,32,13","enter","7","null","","",""
"no-tradeoff","199","2634710","0.0-11.0-0.37","","","","","","","","1","8","2","img/tree_3.png","img/tree_7.png","845.000000001397","470.0000000009313","","845.000000001397,470.0000000009313","70","70,32","null","","null","","",""
"no-tradeoff","200","2645844","0.0-11.0-0.38","","","","","","","","1","4","6","img/tree_7.png","img/tree_3.png","1184.9999999981374","2841.000000014901","762.9999999767169","1184.9999999981374,2841.000000014901,762.9999999767169","74","74,13,32","null","","enter","5","",""
"no-tradeoff","201","2654977","0.0-11.0-0.39","","","","","","","","4","4","7","img/tree_9.png","img/tree_8.png","997.000000002794","95.99999999022111","","997.000000002794,95.99999999022111","70","70,32","null","","null","","",""
"no-tradeoff","202","2666476","0.0-11.0-0.40","","","","","","","","1","3","5","img/tree_9.png","img/tree_8.png","966.99999997532","737.0000000223517","3213.9999999785796","966.99999997532,737.0000000223517,3213.9999999785796","70","70,32,13","enter","7","null","","",""
"no-tradeoff","203","2674591","0.0-11.0-0.41","","","","","","","","1","6","5","img/tree_3.png","img/tree_7.png","844.0000000116415","589.0000000069849","","844.0000000116415,589.0000000069849","74","74,32","null","","null","","",""
"no-tradeoff","204","2685225","0.0-11.0-0.42","","","","","","","","4","9","5","img/tree_3.png","img/tree_7.png","719.0000000116415","2418.999999994412","673.0000000097789","719.0000000116415,2418.999999994412,673.0000000097789","74","74,13,32","null","","enter","8","",""
"no-tradeoff","205","2693524","0.0-11.0-0.43","","","","","","","","1","6","5","img/tree_9.png","img/tree_8.png","736.000000004191","765.0000000139698","","736.000000004191,765.0000000139698","70","70,32","null","","null","","",""
"no-tradeoff","206","2704172","0.0-11.0-0.44","","","","","","","","4","6","6","img/tree_3.png","img/tree_7.png","701.9999999906868","691.9999999804422","2393.000000011176","701.9999999906868,691.9999999804422,2393.000000011176","74","74,32,13","enter","9","null","","",""
"no-tradeoff","207","2713889","0.0-11.0-0.45","","","","","","","","1","8","5","img/tree_3.png","img/tree_7.png","655.0000000279397","671.9999999916181","","655.0000000279397,671.9999999916181","70","70,32","null","","null","","",""
"no-tradeoff","208","2724940","0.0-11.0-0.46","","","","","","","","4","5","6","img/tree_9.png","img/tree_8.png","685.9999999869615","2654.000000009313","847.0000000083819","685.9999999869615,2654.000000009313,847.0000000083819","74","74,13,32","null","","enter","7","",""
"no-tradeoff","209","2734556","0.0-11.0-0.47","","","","","","","","1","4","4","img/tree_9.png","img/tree_8.png","641.9999999925494","564.0000000130385","","641.9999999925494,564.0000000130385","70","70,32","null","","null","","",""
"no-tradeoff","210","2745355","0.0-11.0-0.48","","","","","","","","4","2","3","img/tree_7.png","img/tree_3.png","795.0000000125729","387.00000001722947","2879.99999997532","795.0000000125729,387.00000001722947,2879.99999997532","70","70,32,13","enter","5","null","","",""
"no-tradeoff","211","2753490","0.0-11.0-0.49","","","","","","","","1","7","1","img/tree_3.png","img/tree_7.png","764.00000002468","608.0000000074506","","764.00000002468,608.0000000074506","74","74,32","null","","null","","",""
"no-tradeoff","212","2764122","0.0-11.0-0.50","","","","","","","","1","3","1","img/tree_9.png","img/tree_8.png","921.9999999911524","2429.0000000037253","651.0000000121072","921.9999999911524,2429.0000000037253,651.0000000121072","70","70,13,32","null","","enter","8","",""
"no-tradeoff","213","2772588","0.0-11.0-0.51","","","","","","","","4","4","1","img/tree_9.png","img/tree_8.png","844.0000000121072","933.9999999795109","","844.0000000121072,933.9999999795109","74","74,32","null","","null","","",""
"no-tradeoff","214","2783454","0.0-11.0-0.52","","","","","","","","1","4","1","img/tree_3.png","img/tree_7.png","720.000000001397","940.000000002794","2375.999999988824","720.000000001397,940.000000002794,2375.999999988824","70","70,32,13","enter","7","null","","",""
"no-tradeoff","215","2791521","0.0-11.0-0.53","","","","","","","","4","0","3","img/tree_8.png","img/tree_9.png","1046.0000000023283","542.9999999757856","","1046.0000000023283,542.9999999757856","70","70,32","null","","null","","",""
"no-tradeoff","216","2803120","0.0-11.0-0.54","","","","","","","","1","3","2","img/tree_9.png","img/tree_8.png","592.9999999934807","2685.9999999869615","1375","592.9999999934807,2685.9999999869615,1375","74","74,13,32","null","","enter","9","",""
"no-tradeoff","217","2812437","0.0-11.0-0.55","","","","","","","","1","0","1","img/tree_9.png","img/tree_8.png","1232.999999978114","267.99999998230487","","1232.999999978114,267.99999998230487","70","70,32","null","","null","","",""
"no-tradeoff","218","2823135","0.0-11.0-0.56","","","","","","","","1","1","1","img/tree_8.png","img/tree_9.png","654.0000000093132","664.0000000186265","2483.9999999967404","654.0000000093132,664.0000000186265,2483.9999999967404","70","70,32,13","enter","6","null","","",""
"no-tradeoff","219","2831769","0.0-11.0-0.57","","","","","","","","1","1","2","img/tree_7.png","img/tree_3.png","1185.9999999869615","1097.0000000088476","","1185.9999999869615,1097.0000000088476","70","70,32","null","","null","","",""
"no-tradeoff","220","2842501","0.0-11.0-0.58","","","","","","","","1","2","3","img/tree_3.png","img/tree_7.png","1186.0000000162981","2428.000000014901","728.000000002794","1186.0000000162981,2428.000000014901,728.000000002794","70","70,13,32","null","","enter","6","",""
"no-tradeoff","221","2850852","0.0-11.0-0.59","","","","","","","","4","4","2","img/tree_8.png","img/tree_9.png","779.9999999990687","827.0000000190921","","779.9999999990687,827.0000000190921","74","74,32","null","","null","","",""
"no-tradeoff","222","2862667","0.0-11.0-0.60","","","","","","","","1","3","2","img/tree_3.png","img/tree_7.png","1513.999999995809","1252.0000000079162","3035.9999999925494","1513.999999995809,1252.0000000079162,3035.9999999925494","70","70,32,13","enter","4","null","","",""
"no-tradeoff","223","2870717","0.0-11.0-0.61","","","","","","","","4","3","3","img/tree_9.png","img/tree_8.png","1062.000000005588","527.0000000018626","","1062.000000005588,527.0000000018626","70","70,32","null","","null","","",""
"no-tradeoff","224","2882399","0.0-11.0-0.62","","","","","","","","4","2","3","img/tree_9.png","img/tree_8.png","1230.9999999995343","2973.9999999869615","1165.999999997206","1230.9999999995343,2973.9999999869615,1165.999999997206","70","70,13,32","null","","enter","5","",""
"no-tradeoff","225","2890749","0.0-11.0-0.63","","","","","","","","4","3","4","img/tree_8.png","img/tree_9.png","842.0000000046566","823.000000004191","","842.0000000046566,823.000000004191","74","74,32","null","","null","","",""
"no-tradeoff","226","2903265","0.0-11.0-0.64","","","","","","","","4","5","6","img/tree_7.png","img/tree_3.png","1399.0000000046566","722.9999999981374","4259.999999980442","1399.0000000046566,722.9999999981374,4259.999999980442","70","70,32,13","enter","4","null","","",""
"no-tradeoff","227","2913581","0.0-11.0-0.65","","","","","","","","4","8","2","img/tree_3.png","img/tree_7.png","1061.0000000158325","1282.999999995809","","1061.0000000158325,1282.999999995809","74","74,32","null","","null","","",""
"no-tradeoff","228","2924482","0.0-11.0-0.66","","","","","","","","4","1","7","img/tree_7.png","img/tree_3.png","1152.9999999911524","2567.000000009779","802.9999999855645","1152.9999999911524,2567.000000009779,802.9999999855645","74","74,13,32","null","","enter","6","",""
"no-tradeoff","229","2932932","0.0-11.0-0.67","","","","","","","","4","0","7","img/tree_8.png","img/tree_9.png","828.0000000083819","922.9999999804422","","828.0000000083819,922.9999999804422","70","70,32","null","","null","","",""
"no-tradeoff","230","2945898","0.0-11.0-0.68","","","","","","","","4","8","2","img/tree_9.png","img/tree_8.png","610.0000000153668","500","3404.9999999990687","610.0000000153668,500,3404.9999999990687","74","74,32,13","enter","9","null","","",""
"no-tradeoff","231","2954047","0.0-11.0-0.69","","","","","","","","1","7","3","img/tree_3.png","img/tree_7.png","772.9999999860302","606.9999999888241","","772.9999999860302,606.9999999888241","70","70,32","null","","null","","",""
"no-tradeoff","232","2964948","0.0-11.0-0.70","","","","","","","","4","8","6","img/tree_9.png","img/tree_8.png","951.0000000009313","2496.00000001397","867.9999999878928","951.0000000009313,2496.00000001397,867.9999999878928","74","74,13,32","null","","enter","9","",""
"no-tradeoff","233","2974581","0.0-11.0-0.71","","","","","","","","4","8","3","img/tree_3.png","img/tree_7.png","1048.0000000093132","565.9999999916181","","1048.0000000093132,565.9999999916181","74","74,32","null","","null","","",""
"no-tradeoff","234","2987245","0.0-11.0-0.72","","","","","","","","4","7","3","img/tree_3.png","img/tree_7.png","972.0000000088476","565.0000000023283","3057.0000000009313","972.0000000088476,565.0000000023283,3057.0000000009313","74","74,32,13","enter","9","null","","",""
"no-tradeoff","235","2997511","0.0-11.0-0.73","","","","","","","","4","8","1","img/tree_3.png","img/tree_7.png","873.0000000214204","1218.9999999827705","","873.0000000214204,1218.9999999827705","70","70,32","null","","null","","",""
"no-tradeoff","236","3009761","0.0-11.0-0.74","","","","","","","","1","5","2","img/tree_9.png","img/tree_8.png","968.9999999827705","3926.9999999962747","744.9999999953434","968.9999999827705,3926.9999999962747,744.9999999953434","70","70,13,32","null","","enter","7","",""
"no-tradeoff","237","3019262","0.0-11.0-0.75","","","","","","","","1","6","1","img/tree_9.png","img/tree_8.png","717.9999999934807","453.9999999976717","","717.9999999934807,453.9999999976717","74","74,32","null","","null","","",""
"no-tradeoff","238","3030177","0.0-11.0-0.76","","","","","","","","1","6","1","img/tree_9.png","img/tree_8.png","813.0000000242144","589.0000000074506","2769.99999998929","813.0000000242144,589.0000000074506,2769.99999998929","74","74,32,13","enter","8","null","","",""
"no-tradeoff","239","3039876","0.0-11.0-0.77","","","","","","","","1","7","1","img/tree_9.png","img/tree_8.png","783.9999999850988","642.9999999818392","","783.9999999850988,642.9999999818392","70","70,32","null","","null","","",""
"no-tradeoff","240","3052043","0.0-11.0-0.78","","","","","","","","1","5","2","img/tree_9.png","img/tree_8.png","668.9999999944121","3493.000000016764","1119.9999999953434","668.9999999944121,3493.000000016764,1119.9999999953434","70","70,13,32","null","","enter","7","",""
"no-tradeoff","241","3061659","0.0-11.0-0.79","","","","","","","","4","7","1","img/tree_9.png","img/tree_8.png","703.0000000083819","580.0000000162981","","703.0000000083819,580.0000000162981","74","74,32","null","","null","","",""
"no-tradeoff","242","3074842","0.0-11.0-0.80","","","","","","","","4","9","2","img/tree_3.png","img/tree_7.png","764.9999999846332","595.0000000009313","3535.0000000037253","764.9999999846332,595.0000000009313,3535.0000000037253","74","74,32,13","enter","7","null","","",""
"no-tradeoff","243","3084941","0.0-11.0-0.81","","","","","","","","4","8","3","img/tree_9.png","img/tree_8.png","703.0000000088476","1030.0000000279397","","703.0000000088476,1030.0000000279397","74","74,32","null","","null","","",""
"no-tradeoff","244","3096625","0.0-11.0-0.82","","","","","","","","1","4","1","img/tree_9.png","img/tree_8.png","671.0000000018626","3093.9999999827705","1027.0000000018626","671.0000000018626,3093.9999999827705,1027.0000000018626","74","74,13,32","null","","enter","8","",""
"no-tradeoff","245","3104825","0.0-11.0-0.83","","","","","","","","4","2","3","img/tree_3.png","img/tree_7.png","953.9999999981374","659.0000000144355","","953.9999999981374,659.0000000144355","74","74,32","null","","null","","",""
"no-tradeoff","246","3115824","0.0-11.0-0.84","","","","","","","","1","0","2","img/tree_9.png","img/tree_8.png","1201.0000000009313","690.0000000018626","2769.0000000004657","1201.0000000009313,690.0000000018626,2769.0000000004657","70","70,32,13","enter","6","null","","",""
"no-tradeoff","247","3124324","0.0-11.0-0.85","","","","","","","","1","1","1","img/tree_8.png","img/tree_9.png","1089.000000006985","948.000000004191","","1089.000000006985,948.000000004191","70","70,32","null","","null","","",""
"no-tradeoff","248","3135191","0.0-11.0-0.86","","","","","","","","4","1","3","img/tree_8.png","img/tree_9.png","1044.9999999841675","2567.000000009779","745.9999999841675","1044.9999999841675,2567.000000009779,745.9999999841675","74","74,13,32","null","","enter","7","",""
"no-tradeoff","249","3144857","0.0-11.0-0.87","","","","","","","","1","2","1","img/tree_9.png","img/tree_8.png","686.0000000158325","626.9999999785796","","686.0000000158325,626.9999999785796","74","74,32","null","","null","","",""
"no-tradeoff","250","3155939","0.0-11.0-0.88","","","","","","","","4","4","6","img/tree_7.png","img/tree_3.png","1186.0000000158325","1067.9999999990687","2471.999999979511","1186.0000000158325,1067.9999999990687,2471.999999979511","70","70,32,13","enter","9","null","","",""
"no-tradeoff","251","3165472","0.0-11.0-0.89","","","","","","","","1","3","3","img/tree_9.png","img/tree_8.png","1170.0000000130385","502.00000000791624","","1170.0000000130385,502.00000000791624","70","70,32","null","","null","","",""
"no-tradeoff","252","3176339","0.0-11.0-0.90","","","","","","","","4","1","3","img/tree_9.png","img/tree_8.png","842.0000000037253","2541.9999999869615","782.0000000065193","842.0000000037253,2541.9999999869615,782.0000000065193","74","74,13,32","null","","enter","7","",""
"no-tradeoff","253","3184539","0.0-11.0-0.91","","","","","","","","4","2","0","img/tree_3.png","img/tree_7.png","953.0000000088476","644.9999999892898","","953.0000000088476,644.9999999892898","74","74,32","null","","null","","",""
"no-tradeoff","254","3197188","0.0-11.0-0.92","","","","","","","","4","1","0","img/tree_3.png","img/tree_7.png","749.0000000102445","676.0000000069849","2942.9999999990687","749.0000000102445,676.0000000069849,2942.9999999990687","74","74,32,13","enter","4","null","","",""
"no-tradeoff","255","3206088","0.0-11.0-0.93","","","","","","","","4","3","2","img/tree_8.png","img/tree_9.png","1092.9999999934807","1353.000000002794","","1092.9999999934807,1353.000000002794","70","70,32","null","","null","","",""
"no-tradeoff","256","3219170","0.0-11.0-0.94","","","","","","","","4","3","0","img/tree_7.png","img/tree_3.png","998.0000000214204","3417.9999999762513","623.9999999818392","998.0000000214204,3417.9999999762513,623.9999999818392","74","74,13,32","null","","enter","5","",""
"no-tradeoff","257","3227485","0.0-11.0-0.95","","","","","","","","1","2","0","img/tree_8.png","img/tree_9.png","810.9999999869615","775.9999999832362","","810.9999999869615,775.9999999832362","70","70,32","null","","null","","",""
"no-tradeoff","258","3239403","0.0-11.0-0.96","","","","","","","","4","4","2","img/tree_9.png","img/tree_8.png","779.9999999990687","659.0000000139698","2197.0000000144355","779.9999999990687,659.0000000139698,2197.0000000144355","70","70,32,13","enter","3","null","","",""
"no-tradeoff","259","3247752","0.0-11.0-0.97","","","","","","","","1","6","6","img/tree_9.png","img/tree_8.png","715.9999999860302","814.9999999729916","","715.9999999860302,814.9999999729916","70","70,32","null","","null","","",""
"no-tradeoff","260","3258902","0.0-11.0-0.98","","","","","","","","4","6","4","img/tree_9.png","img/tree_8.png","685.9999999869615","2792.0000000158325","826.0000000009313","685.9999999869615,2792.0000000158325,826.0000000009313","70","70,13,32","null","","enter","5","",""
"no-tradeoff","261","3267185","0.0-11.0-0.99","","","","","","","","4","3","4","img/tree_3.png","img/tree_7.png","983.0000000074506","750","","983.0000000074506,750","70","70,32","null","","null","","",""
"no-tradeoff","262","3278585","0.0-11.0-0.100","","","","","","","","4","3","7","img/tree_9.png","img/tree_8.png","779.9999999990687","604.9999999813735","3254.000000014901","779.9999999990687,604.9999999813735,3254.000000014901","74","74,32,13","enter","7","null","","",""
"no-tradeoff","263","3286851","0.0-11.0-0.101","","","","","","","","4","6","8","img/tree_9.png","img/tree_8.png","733.9999999967404","735.99999997532","","733.9999999967404,735.99999997532","74","74,32","null","","null","","",""
"no-tradeoff","264","3298684","0.0-11.0-0.102","","","","","","","","1","3","9","img/tree_3.png","img/tree_7.png","641.0000000032596","2894.99999998929","1415.9999999976717","641.0000000032596,2894.99999998929,1415.9999999976717","70","70,13,32","null","","enter","6","",""
"no-tradeoff","265","3306800","0.0-11.0-0.103","","","","","","","","1","4","7","img/tree_9.png","img/tree_8.png","608.999999997206","571.9999999855645","","608.999999997206,571.9999999855645","74","74,32","null","","null","","",""
"no-tradeoff","266","3317016","0.0-11.0-0.104","","","","","","","","4","2","9","img/tree_9.png","img/tree_8.png","671.0000000018626","599.9999999767169","2073.0000000037253","671.0000000018626,599.9999999767169,2073.0000000037253","70","70,32,13","enter","6","null","","",""
"no-tradeoff","267","3325516","0.0-11.0-0.105","","","","","","","","4","3","7","img/tree_9.png","img/tree_8.png","779.0000000093132","964.9999999962747","","779.0000000093132,964.9999999962747","70","70,32","null","","null","","",""
"no-tradeoff","268","3337482","0.0-11.0-0.106","","","","","","","","4","5","2","img/tree_7.png","img/tree_3.png","796.0000000023283","3366.0000000088476","1076.0000000009313","796.0000000023283,3366.0000000088476,1076.0000000009313","74","74,13,32","null","","enter","5","",""
"no-tradeoff","269","3345731","0.0-11.0-0.107","","","","","","","","4","2","7","img/tree_9.png","img/tree_8.png","1123.9999999813735","695.0000000069849","","1123.9999999813735,695.0000000069849","70","70,32","null","","null","","",""
"no-tradeoff","270","3355914","0.0-11.0-0.108","","","","","","","","1","1","3","img/tree_9.png","img/tree_8.png","560.9999999869615","590.9999999860302","2054.9999999925494","560.9999999869615,590.9999999860302,2054.9999999925494","70","70,32,13","enter","y","null","","",""
"no-tradeoff","271","3365897","0.0-11.0-0.109","","","","","","","","1","3","0","img/tree_7.png","img/tree_3.png","875","912.0000000111759","","875,912.0000000111759","70","70,32","null","","null","","",""
"no-tradeoff","272","3380479","0.0-11.0-0.110","","","","","","","","4","4","1","img/tree_9.png","img/tree_8.png","769.0000000004657","3920.0000000130385","1626.0000000181608","769.0000000004657,3920.0000000130385,1626.0000000181608","74","74,13,32","null","","enter","6","",""
"no-tradeoff","273","3390296","0.0-11.0-0.111","","","","","","","","4","6","2","img/tree_9.png","img/tree_8.png","749.0000000107102","783.9999999850988","","749.0000000107102,783.9999999850988","70","70,32","null","","null","","",""
"no-tradeoff","274","3401280","0.0-11.0-0.112","","","","","","","","1","3","6","img/tree_7.png","img/tree_3.png","1122.9999999925494","741.9999999981374","2673.9999999990687","1122.9999999925494,741.9999999981374,2673.9999999990687","74","74,32,13","enter","6","null","","",""
"no-tradeoff","275","3409512","0.0-11.0-0.113","","","","","","","","1","5","2","img/tree_3.png","img/tree_7.png","1125","680.9999999823049","","1125,680.9999999823049","70","70,32","null","","null","","",""
"no-tradeoff","276","3420626","0.0-11.0-0.114","","","","","","","","4","3","0","img/tree_3.png","img/tree_7.png","515.0000000139698","2879.000000015367","706.0000000055879","515.0000000139698,2879.000000015367,706.0000000055879","74","74,13,32","null","","enter","8","",""
"no-tradeoff","277","3428977","0.0-11.0-0.115","","","","","","","","1","3","2","img/tree_3.png","img/tree_7.png","1138.999999995809","789.0000000186265","","1138.999999995809,789.0000000186265","70","70,32","null","","null","","",""
"no-tradeoff","278","3439545","0.0-11.0-0.116","","","","","","","","1","1","4","img/tree_7.png","img/tree_3.png","795.0000000130385","574.0000000223517","2467.9999999934807","795.0000000130385,574.0000000223517,2467.9999999934807","74","74,32,13","enter","8","null","","",""
"no-tradeoff","279","3447810","0.0-11.0-0.117","","","","","","","","1","3","1","img/tree_3.png","img/tree_7.png","936.9999999762513","708.0000000130385","","936.9999999762513,708.0000000130385","74","74,32","null","","null","","",""
"no-tradeoff","280","3461110","0.0-11.0-0.118","","","","","","","","4","3","2","img/tree_9.png","img/tree_8.png","764.9999999846332","4457.9999999841675","1319.0000000176951","764.9999999846332,4457.9999999841675,1319.0000000176951","74","74,13,32","null","","enter","5","",""
"no-tradeoff","281","3469443","0.0-11.0-0.119","","","","","","","","1","0","1","img/tree_9.png","img/tree_8.png","654.9999999990687","803.9999999743886","","654.9999999990687,803.9999999743886","70","70,32","null","","null","","",""
"call-function","282","3469443","0.0-12.0","","","","","","","","","","","","","","","","","","","","","","","",""
"html-keyboard-response","283","3474032","0.0-13.0-0.0","4589.000000006985","<p><b> Now you will answer a few questionnaires</b></p><br> The following are statements that a person may either agree with or disagree with.</br><p>For each item, indicate how much you agree or disagree with what the item says by clicking your response. </p><p> Choose only one response and be as accurate and honest as you can. Do not worry about being consistent in your responses. </p><p> Press the space bar to start </p>","","","32","","","","","","","","","","","","","","","","","","",""
"survey-likert","284","3682328","0.0-13.0-1.0","208228.0000000028","","","{""BISBAS1"":0,""BISBAS2"":3,""BISBAS3"":2,""BISBAS4"":0,""BISBAS5"":0,""BISBAS6"":1,""BISBAS7"":0,""BISBAS8"":1,""BISBAS9"":1,""BISBAS10"":1,""BISBAS11"":1,""BISBAS12"":0,""BISBAS13"":0,""BISBAS14"":0,""BISBAS15"":1,""BISBAS16"":0,""BISBAS17"":0,""BISBAS18"":0,""BISBAS19"":0,""BISBAS20"":0,""BISBAS21"":1,""BISBAS22"":2,""BISBAS23"":0,""BISBAS24"":0}","","","","","","","","","","","","","","","","","","","","[0,1,2,3,4,5,6,7,8,9,10,11,12,13,14,15,16,17,18,19,20,21,22,23]"
"html-keyboard-response","285","3684911","0.0-14.0-0.0","2575.000000012107","<p>Please indicate for each statement the degree to which each statement is descriptive of your mood <b> at this  moment </b>. </p><p> Press the space bar to start </p>","","","32","","","","","","","","","","","","","","","","","","",""
"survey-likert","286","3861365","0.0-14.0-1.0","176418.9999999944","","","{""STICSAS1"":0,""STICSAS2"":2,""STICSAS3"":3,""STICSAS4"":1,""STICSAS5"":3,""STICSAS6"":0,""STICSAS7"":2,""STICSAS8"":0,""STICSAS9"":2,""STICSAS10"":3,""STICSAS11"":2,""STICSAS12"":1,""STICSAS13"":2,""STICSAS14"":2,""STICSAS15"":2,""STICSAS16"":3,""STICSAS17"":2,""STICSAS18"":3,""STICSAS19"":3,""STICSAS20"":0,""STICSAS21"":3,""STICSAS22"":3}","","","","","","","","","","","","","","","","","","","","[0,1,2,3,4,5,6,7,8,9,10,11,12,13,14,15,16,17,18,19,20,21]"
"html-keyboard-response","287","3865030","0.0-15.0-0.0","3657.999999995809","<p>Please indicate for each statement how often <b> in general </b> the statement is true for you. </p><p> Press the space bar to start </p>","","","32","","","","","","","","","","","","","","","","","","",""
"survey-likert","288","3950507","0.0-15.0-1.0","85425.99999997765","","","{""STICSAT1"":0,""STICSAT2"":1,""STICSAT3"":3,""STICSAT4"":3,""STICSAT5"":3,""STICSAT6"":0,""STICSAT7"":2,""STICSAT8"":1,""STICSAT9"":3,""STICSAT10"":3,""STICSAT11"":3,""STICSAT12"":2,""STICSAT13"":2,""STICSAT14"":2,""STICSAT15"":2,""STICSAT16"":3,""STICSAT17"":3,""STICSAT18"":2,""STICSAT19"":3,""STICSAT20"":1,""STICSAT21"":3}","","","","","","","","","","","","","","","","","","","","[0,1,2,3,4,5,6,7,8,9,10,11,12,13,14,15,16,17,18,19,20]"
"html-keyboard-response","289","3952195","0.0-16.0-0.0","1681.0000000111759","<p>Please indicate for each statement how much you agree. </p><p> Press the space bar to start </p>","","","32","","","","","","","","","","","","","","","","","","",""
"survey-likert","290","4051379","0.0-16.0-1.0","99153.99999998044","","","{""IUS1"":2,""IUS2"":3,""IUS3"":4,""IUS4"":3,""IUS5"":3,""IUS6"":4,""IUS7"":4,""IUS8"":4,""IUS9"":3,""IUS10"":4,""IUS11"":3,""IUS12"":3,""IUS13"":4}","","","","","","","","","","","","","","","","","","","","[0,1,2,3,4,5,6,7,8,9,10,11,12]"
"html-keyboard-response","291","4053011","0.0-17.0-0.0","1625","<p>Please indicate for each statement how you <b> generally </b> feel. </p><p> Press the space bar to start </p>","","","32","","","","","","","","","","","","","","","","","","",""
"survey-likert","292","4173080","0.0-17.0-1.0","120019","","","{""STAIT1"":1,""STAIT2"":2,""STAIT3"":0,""STAIT4"":3,""STAIT5"":2,""STAIT6"":0,""STAIT7"":1,""STAIT8"":2,""STAIT9"":2,""STAIT10"":0,""STAIT11"":3,""STAIT12"":2,""STAIT13"":0,""STAIT14"":0,""STAIT15"":2,""STAIT16"":1,""STAIT17"":1,""STAIT18"":3,""STAIT19"":0,""STAIT20"":2}","","","","","","","","","","","","","","","","","","","","[0,1,2,3,4,5,6,7,8,9,10,11,12,13,14,15,16,17,18,19]"
"html-keyboard-response","293","4174396","0.0-18.0-0.0","1288.9999999897555","<p>Please indicate for each statement how much you think each statement is typical of you. </p><p> Press the space bar to start </p>","","","32","","","","","","","","","","","","","","","","","","",""
"survey-likert","294","4466632","0.0-18.0-1.0","292163.99999998976","","","{""ACQ1"":2,""ACQ2"":3,""ACQ3"":4,""ACQ4"":0,""ACQ5"":4,""ACQ6"":5,""ACQ7"":4,""ACQ8"":4,""ACQ9"":4,""ACQ10"":0,""ACQ11"":1,""ACQ12"":2,""ACQ13"":0,""ACQ14"":3,""ACQ15"":3,""ACQ16"":4,""ACQ17"":0,""ACQ18"":5,""ACQ19"":2,""ACQ20"":4,""ACQ21"":4,""ACQ22"":1,""ACQ23"":3,""ACQ24"":4,""ACQ25"":3,""ACQ26"":5,""ACQ27"":0,""ACQ28"":4,""ACQ29"":3,""ACQ30"":4}","","","","","","","","","","","","","","","","","","","","[0,1,2,3,4,5,6,7,8,9,10,11,12,13,14,15,16,17,18,19,20,21,22,23,24,25,26,27,28,29]"
"html-keyboard-response","295","4467872","0.0-19.0-0.0","1231","<p> For the following questions, indicate <b> how often </b> you felt or thought a certain way <b> during the last month </b>.</p><p> Press space to start </p>","","","32","","","","","","","","","","","","","","","","","","",""
"survey-likert","296","4553745","0.0-19.0-1.0","85858.00000000745","","","{""Stress1"":3,""Stress2"":4,""Stress3"":4,""Stress4"":1,""Stress5"":1,""Stress6"":3,""Stress7"":2,""Stress8"":1,""Stress9"":3,""Stress10"":4}","","","","","","","","","","","","","","","","","","","","[0,1,2,3,4,5,6,7,8,9]"
