"trial_type","trial_index","time_elapsed","internal_node_id","rt","stimulus","button_pressed","responses","key_press","view_history","correct","stakes","outcome","outcome_notreceived","choice_selected","choice_not_selected","rt_choice","rt_space","rt_certainty","all_rts","key_choice","all_keys","estimate_trial","estimate_val","certainty_trial","certainty_val","value","question_order"
"pavlovia","0","86","0.0-0.0","","","","","","","","","","","","","","","","","","","","","","","",""
"html-button-response","1","168882","0.0-1.0","168789.3449999392","<p style=""font-size:24px;font-weight:bold"">Consent</p><div class=""consent"" style=""text-align:left; border:1px solid; padding:10px; width:800px; font-size=100%, float:right""><p align=left>Thank you for signing up for this experiment!<p><p align=left>This experiment is being conducted by the California Institute of Technology (Caltech). The lead investigators are Sarah Tashjian, PhD and Dean Mobbs, PhD. This study has been approved by the Caltech Institutional Review Board for research ethics.<p><p align=left>The goal of this study is to understand learning processes. In this experiment, you will complete a task in which you will see images.<p><p align=left>At times, you will receive rewards and penalties. These earnings will determine your eligibility for a bonus payment, which will result in a real increase in your payment in this study.<p><p align=left>Your goal is to learn which images predict the most points. We will also ask how certain you are about your decisions throughout the task.<p><p align=left>This experiment will take approximately 1 hour to complete in its entirety.<p><p align=left><b>You will receive $9.00 for completing the experiment. <u>If you optimize decisions on at least 70% of trials, you will be eligible for a $100 bonus payment.</u></b><p><p align=left>This study involves minimal risk, meaning there will be no more risk than in daily life. Possible risks include physical discomfort/fatigue (eyestrain, tiredness), as well as psychological discomfort (e.g., potential boredom).<p><p align=left> Besides receiving payment, you will not benefit from this study.<p><p align=left><b>Any information that is obtained in connection with this study that can identify you will remain confidential. </b><p><p align=left>When the results of this study are reported, your identifying information will not be disclosed. Because this study is being conducted online, we are unable to fully eliminate the risk of a breach of confidentiality. However, to mitigate the chances of this occurring, we are using secure and confidential data collection systems.<p align=left>You may choose to withdraw from this study at any time and refuse to answer any questions without penalty. Also, you may choose not to participate in this study.<p><p align=left>You are <b>eligible</b> to participate if you (1) are 18-65 years old, (2) are fluent in English, (3) have healthy or corrected vision, (4) are not colorblind, and (5) have no difficulty controlling motor movements. <p><p align=left>If you do not meet these criteria, please exit the experiment now.<p><p align=center><b> If you meet these criteria and consent to participate, you must<br>indicate your consent by clicking the button below.<b></p>","0","","","","","","","","","","","","","","","","","","","","",""
"survey-text","2","186030","0.0-2.0-0.0","17135.29000012204","","","{""Q0"":""604dfdb4cbc22ea42280e20b"",""Q1"":""25"",""Q2"":""female"",""Q3"":""female""}","","","","","","","","","","","","","","","","","","","",""
"html-keyboard-response","3","191721","0.0-3.0","5684.229999780655","<p>Welcome to the experiment!</p><p> You will play two games and answer a few questions.</p><p>Press the space bar to begin reading the instructions for the first game.</p>","","","32","","","","","","","","","","","","","","","","","","",""
"instructions","4","443387","0.0-4.0","251666.35500034317","","","","","[{""page_index"":0,""viewing_time"":33931.63000000641},{""page_index"":1,""viewing_time"":54589.70500016585},{""page_index"":2,""viewing_time"":25476.615000050515},{""page_index"":3,""viewing_time"":23865.354999899864},{""page_index"":4,""viewing_time"":40072.209999896586},{""page_index"":5,""viewing_time"":30752.420000266284},{""page_index"":6,""viewing_time"":19445.934999734163},{""page_index"":7,""viewing_time"":11025.305000133812},{""page_index"":8,""viewing_time"":12506.194999907166}]","","","","","","","","","","","","","","","","","",""
"html-keyboard-response","5","447990","0.0-5.0-0.0","4600.010000169277","<p style=""font-size:24px;font-weight:bold"">TEST QUESTION</p><p>Which letter should you press to select the green house on the left?</p><div class=group><table class=table_center><tr><td class=prompt colspan=2>Choose one</td></tr><tr style=""height: 300px;""><td style=""width: 300px;""><img id=""left"" src=img/house_3.png style=""zoom: 100%;""/></td><td style=""width: 300px;""><img id=""right"" src=img/house_2.png style=""zoom: 100%;""/></td></tr></table></div><br>","","","70","","true","","","","","","","","","","","","","","","","",""
"html-keyboard-response","6","450996","0.0-5.0-1.0","null","<p style=""font-size:36px;font-weight:bold"">Correct!</p><p> Remember, press ""F"" for left and ""J"" for right. </p>","","","null","","","","","","","","","","","","","","","","","","",""
"html-keyboard-response","7","454184","0.0-5.0-2.0","3185.649999883026","<p style=""font-size:24px;font-weight:bold"">TEST QUESTION</p><p>Which letter should you press to select the red house on the right?</p><div class=group><table class=table_center><tr><td class=prompt colspan=2>Choose one</td></tr><tr style=""height: 300px;""><td style=""width: 300px;""><img id=""left"" src=img/house_3.png style=""zoom: 100%;""/></td><td style=""width: 300px;""><img id=""right"" src=img/house_2.png style=""zoom: 100%;""/></td></tr></table></div><br>","","","74","","true","","","","","","","","","","","","","","","","",""
"html-keyboard-response","8","457191","0.0-5.0-3.0","null","<p style=""font-size:36px;font-weight:bold"">Correct!</p><p> Remember, press ""F"" for left and ""J"" for right. </p>","","","null","","","","","","","","","","","","","","","","","","",""
"html-keyboard-response","9","461750","0.0-5.0-4.0","4556.369999889284","<p style=""font-size:24px;font-weight:bold"">TEST QUESTION</p><p>Type the number of the <b> maximum </b> amount of sacks an elf can make</p>","","","57","","true","","","","","","","","","","","","","","","","",""
"html-keyboard-response","10","464764","0.0-5.0-5.0","null","<p style=""font-size:36px;font-weight:bold"">Correct!</p><p> Remember, elves can make 0 to 9 sacks. </p>","","","null","","","","","","","","","","","","","","","","","","",""
"html-keyboard-response","11","473867","0.0-5.0-6.0","9101.044999901205","<p style=""font-size:24px;font-weight:bold"">TEST QUESTION</p><p>Remember, the same house always takes you to the same elf. </p><p>On this trial, select the house on the left by pressing ""F"".</p><div class=group><table class=table_center><tr><td class=prompt colspan=2>Choose one</td></tr><tr style=""height: 300px;""><td style=""width: 300px;""><img id=""left"" src=img/house_1.png style=""zoom: 100%;""/></td><td style=""width: 300px;""><img id=""right"" src=img/house_5.png style=""zoom: 100%;""/></td></tr></table></div><br>","","","70","","","","","","","","","","","","","","","","","","",""
"html-keyboard-response","12","489731","0.0-5.0-7.0","15861.424999777228","<p style=""font-size:24px;font-weight:bold"">TEST QUESTION</p><p>The red house took you to the yellow elf. </p><p> The yellow elf gave you 8 sacks. </p><p> The most sacks an elf can make is 9 sacks, so this is a great outcome!</p><div class=group><table class=table_center><tr><td class=prompt colspan=3>You received</td></tr><tr style=""height: 300px;""><td><img src=img/elf_yellow.png style=""zoom: 100%;""/></td><td><img src=img/sack.png style=""zoom: 30%;""/></td><td class=prompt>x 8</td></tr></table></div><br><p> Press space to continue </p>","","","32","","","","","","","","","","","","","","","","","","",""
"html-keyboard-response","13","494530","0.0-5.0-8.0","4796.4950003661215","<p style=""font-size:24px;font-weight:bold"">TEST QUESTION</p><p>If you wanted to visit the <b> yellow elf </b> again, which house would you select?</p><div class=group><table class=table_center><tr><td class=prompt colspan=2>Choose one</td></tr><tr style=""height: 300px;""><td style=""width: 300px;""><img id=""left"" src=img/house_1.png style=""zoom: 100%;""/></td><td style=""width: 300px;""><img id=""right"" src=img/house_5.png style=""zoom: 100%;""/></td></tr></table></div><br>","","","70","","true","","","","","","","","","","","","","","","","",""
"html-keyboard-response","14","497532","0.0-5.0-9.0","null","<p style=""font-size:36px;font-weight:bold"">Correct!</p><p> Remember, the same house goes to the same elf. </p>","","","null","","","","","","","","","","","","","","","","","","",""
"html-keyboard-response","15","501508","0.0-5.0-10.0","3973.414999898523","<p style=""font-size:24px;font-weight:bold"">TEST QUESTION</p><p>On this trial, select the house on the right by pressing ""J"".</p><div class=group><table class=table_center><tr><td class=prompt colspan=2>Choose one</td></tr><tr style=""height: 300px;""><td style=""width: 300px;""><img id=""left"" src=img/house_1.png style=""zoom: 100%;""/></td><td style=""width: 300px;""><img id=""right"" src=img/house_5.png style=""zoom: 100%;""/></td></tr></table></div><br>","","","74","","","","","","","","","","","","","","","","","","",""
"html-keyboard-response","16","512153","0.0-5.0-11.0","10643.559999763966","<p style=""font-size:24px;font-weight:bold"">TEST QUESTION</p><p>The blue house took you to the purple elf. </p><p> The purple elf only gave you 1 sack. </p><p> That is not very much and is a pretty bad outcome.</p><div class=group><table class=table_center><tr><td class=prompt colspan=3>You received</td></tr><tr style=""height: 300px;""><td><img src=img/elf_purple.png style=""zoom: 100%;""/></td><td><img src=img/sack.png style=""zoom: 30%;""/></td><td class=prompt>x 1</td></tr></table></div><br><p> Press space to continue </p>","","","32","","","","","","","","","","","","","","","","","","",""
"html-keyboard-response","17","525211","0.0-5.0-12.0","13055.784999858588","<p style=""font-size:24px;font-weight:bold"">TEST QUESTION</p><p>Remember the yellow elf gave you 8 sacks and the purple elf only gave you 1 sack. </p><p> Which elf would you try to visit next? </p><div class=group><table class=table_center><tr><td class=prompt colspan=2>Choose one</td></tr><tr style=""height: 300px;""><td style=""width: 300px;""><img id=""left"" src=img/elf_yellow.png style=""zoom: 100%;""/></td><td style=""width: 300px;""><img id=""right"" src=img/elf_purple.png style=""zoom: 100%;""/></td></tr></table></div><br>","","","70","","true","","","","","","","","","","","","","","","","",""
"html-keyboard-response","18","528224","0.0-5.0-13.0","null","<p style=""font-size:36px;font-weight:bold"">Correct!</p><p> Remember, you want to select the elf who gives you the most sacks.</p>","","","null","","","","","","","","","","","","","","","","","","",""
"html-keyboard-response","19","534060","0.0-5.0-14.0","5834.515000227839","<p style=""font-size:24px;font-weight:bold"">TEST QUESTION</p><p>To visit the yellow elf, which house should you visit? </p><div class=group><table class=table_center><tr><td class=prompt colspan=2>Choose one</td></tr><tr style=""height: 300px;""><td style=""width: 300px;""><img id=""left"" src=img/house_1.png style=""zoom: 100%;""/></td><td style=""width: 300px;""><img id=""right"" src=img/house_5.png style=""zoom: 100%;""/></td></tr></table></div><br>","","","70","","true","","","","","","","","","","","","","","","","",""
"html-keyboard-response","20","537079","0.0-5.0-15.0","null","<p style=""font-size:36px;font-weight:bold"">Correct!</p><p>Remember, the same house goes to the same elf each time.</p>","","","null","","","","","","","","","","","","","","","","","","",""
"html-keyboard-response","21","545304","0.0-5.0-16.0","8222.829999867827","<p style=""font-size:36px;font-weight:bold"">You are ready to play!</p><p>The houses and elves in the actual game will be different than the practice. </p><p> Press the space bar to start the game</p>","","","32","","","","","","","","","","","","","","","","","","",""
"no-tradeoff-rwd","22","553584","0.0-6.0-0.0","","","","","","","","4","0","","","","4748.794999904931","","","4748.794999904931","32","32","null","","null","","",""
"no-tradeoff-rwd","23","564378","0.0-6.0-0.1","","","","","","","","1","2","3","img/house_6.png","img/house_4.png","382.34000001102686","1730.33000016585","","382.34000001102686,1730.33000016585","70","70,32","null","","null","","",""
"no-tradeoff-rwd","24","586761","0.0-6.0-0.2","","","","","","","","1","1","3","img/house_2.png","img/house_3.png","920.1349997892976","12251.054999884218","1080.6450000964105","920.1349997892976,12251.054999884218,1080.6450000964105","70","70,13,32","null","","enter","","",""
"no-tradeoff-rwd","25","596433","0.0-6.0-0.3","","","","","","","","1","2","1","img/house_6.png","img/house_4.png","1440.5349995940924","623.5099998302758","","1440.5349995940924,623.5099998302758","70","70,32","null","","null","","",""
"no-tradeoff-rwd","26","614398","0.0-6.0-0.4","","","","","","","","1","4","4","img/house_3.png","img/house_2.png","1241.7449997738004","1180.535000283271","7719.890000298619","1241.7449997738004,1180.535000283271,7719.890000298619","70","70,32,13","enter","","null","","",""
"no-tradeoff-rwd","27","624859","0.0-6.0-0.5","","","","","","","","4","2","6","img/house_3.png","img/house_2.png","676.2549998238683","1412.4350002966821","","676.2549998238683,1412.4350002966821","70","70,32","null","","null","","",""
"no-tradeoff-rwd","28","641099","0.0-6.0-0.6","","","","","","","","4","4","1","img/house_6.png","img/house_4.png","1098.9649998955429","6604.465000331402","575.1749998889863","1098.9649998955429,6604.465000331402,575.1749998889863","74","74,13,32","null","","enter","","",""
"no-tradeoff-rwd","29","650729","0.0-6.0-0.7","","","","","","","","4","2","6","img/house_3.png","img/house_2.png","721.1449998430908","573.5400002449751","","721.1449998430908,573.5400002449751","70","70,32","null","","null","","",""
"no-tradeoff-rwd","30","665523","0.0-6.0-0.8","","","","","","","","1","9","4","img/house_2.png","img/house_3.png","924.6350000612438","425.5699999630451","5317.319999914616","924.6350000612438,425.5699999630451,5317.319999914616","70","70,32,13","enter","","null","","",""
"no-tradeoff-rwd","31","676933","0.0-6.0-0.9","","","","","","","","1","2","8","img/house_4.png","img/house_6.png","1082.9999996349216","2341.3450000807643","","1082.9999996349216,2341.3450000807643","70","70,32","null","","null","","",""
"no-tradeoff-rwd","32","691793","0.0-6.0-0.10","","","","","","","","4","9","2","img/house_6.png","img/house_4.png","1098.340000025928","4906.88499994576","885.1700001396239","1098.340000025928,4906.88499994576,885.1700001396239","74","74,13,32","null","","enter","","",""
"no-tradeoff-rwd","33","701745","0.0-6.0-0.11","","","","","","","","1","9","0","img/house_2.png","img/house_3.png","1346.2000000290573","876.589999999851","","1346.2000000290573,876.589999999851","74","74,32","null","","null","","",""
"no-tradeoff-rwd","34","716722","0.0-6.0-0.12","","","","","","","","4","9","2","img/house_2.png","img/house_3.png","640.2249997481704","614.3499999307096","5280.690000392497","640.2249997481704,614.3499999307096,5280.690000392497","70","70,32,13","enter","","null","","",""
"no-tradeoff-rwd","35","726597","0.0-6.0-0.13","","","","","","","","1","7","2","img/house_6.png","img/house_4.png","616.3699999451637","809.2800001613796","","616.3699999451637,809.2800001613796","74","74,32","null","","null","","",""
"no-tradeoff-rwd","36","739835","0.0-6.0-0.14","","","","","","","","4","6","1","img/house_2.png","img/house_3.png","604.9050004221499","3498.854999896139","668.3450001291931","604.9050004221499,3498.854999896139,668.3450001291931","70","70,13,32","null","","enter","","",""
"no-tradeoff-rwd","37","750558","0.0-6.0-0.15","","","","","","","","1","2","6","img/house_4.png","img/house_6.png","866.9350002892315","1670.2700001187623","","866.9350002892315,1670.2700001187623","70","70,32","null","","null","","",""
"no-tradeoff-rwd","38","766649","0.0-6.0-0.16","","","","","","","","4","5","1","img/house_2.png","img/house_3.png","515.3300003148615","676.644999999553","6336.519999895245","515.3300003148615,676.644999999553,6336.519999895245","70","70,32,13","enter","","null","","",""
"no-tradeoff-rwd","39","776253","0.0-6.0-0.17","","","","","","","","1","3","2","img/house_2.png","img/house_3.png","853.6849999800324","563.3149999193847","","853.6849999800324,563.3149999193847","70","70,32","null","","null","","",""
"no-tradeoff-rwd","40","793158","0.0-6.0-0.18","","","","","","","","1","1","1","img/house_3.png","img/house_2.png","647.0800000242889","7001.994999591261","824.8149999417365","647.0800000242889,7001.994999591261,824.8149999417365","74","74,13,32","null","","enter","","",""
"no-tradeoff-rwd","41","803432","0.0-6.0-0.19","","","","","","","","4","0","2","img/house_6.png","img/house_4.png","1489.1200000420213","1210.8700000680983","","1489.1200000420213,1210.8700000680983","74","74,32","null","","null","","",""
"no-tradeoff-rwd","42","816892","0.0-6.0-0.20","","","","","","","","1","2","1","img/house_4.png","img/house_6.png","900.7100001908839","457.11000030860305","3940.8249999396503","900.7100001908839,457.11000030860305,3940.8249999396503","70","70,32,13","enter","","null","","",""
"no-tradeoff-rwd","43","827266","0.0-6.0-0.21","","","","","","","","4","2","0","img/house_2.png","img/house_3.png","946.4650000445545","1311.2349999137223","","946.4650000445545,1311.2349999137223","70","70,32","null","","null","","",""
"no-tradeoff-rwd","44","831985","0.0-6.0-0.22","","","","","","","","4","0","","","","1198.270000051707","","","1198.270000051707","32","32","null","","null","","",""
"no-tradeoff-rwd","45","841454","0.0-6.0-0.23","","","","","","","","4","1","2","img/house_6.png","img/house_4.png","976.5300001017749","429.14999974891543","","976.5300001017749,429.14999974891543","74","74,32","null","","null","","",""
"no-tradeoff-rwd","46","855386","0.0-6.0-0.24","","","","","","","","4","1","2","img/house_3.png","img/house_2.png","1223.849999718368","353.1999997794628","4520.950000267476","1223.849999718368,353.1999997794628,4520.950000267476","74","74,32,13","enter","","null","","",""
"no-tradeoff-rwd","47","865787","0.0-6.0-0.25","","","","","","","","4","0","5","img/house_4.png","img/house_6.png","997.9650001041591","1338.915000203997","","997.9650001041591,1338.915000203997","70","70,32","null","","null","","",""
"no-tradeoff-rwd","48","880080","0.0-6.0-0.26","","","","","","","","4","0","0","img/house_6.png","img/house_4.png","855.1850002259016","4761.91999996081","461.9900002144277","855.1850002259016,4761.91999996081,461.9900002144277","70","70,13,32","null","","enter","","",""
"no-tradeoff-rwd","49","890768","0.0-6.0-0.27","","","","","","","","4","0","1","img/house_3.png","img/house_2.png","1463.8299997895956","1643.9549997448921","","1463.8299997895956,1643.9549997448921","70","70,32","null","","null","","",""
"no-tradeoff-rwd","50","904231","0.0-6.0-0.28","","","","","","","","4","1","1","img/house_6.png","img/house_4.png","1461.0899998806417","1332.630000077188","3080.1400002092123","1461.0899998806417,1332.630000077188,3080.1400002092123","74","74,32,13","enter","","null","","",""
"no-tradeoff-rwd","51","914392","0.0-6.0-0.29","","","","","","","","1","0","1","img/house_4.png","img/house_6.png","1148.6900001764297","1092.1799996867776","","1148.6900001764297,1092.1799996867776","70","70,32","null","","null","","",""
"no-tradeoff-rwd","52","926597","0.0-6.0-0.30","","","","","","","","1","1","1","img/house_2.png","img/house_3.png","850.0950001180172","2576.080000028014","555.8449998497963","850.0950001180172,2576.080000028014,555.8449998497963","74","74,13,32","null","","enter","","",""
"no-tradeoff-rwd","53","936123","0.0-6.0-0.31","","","","","","","","4","1","3","img/house_2.png","img/house_3.png","726.4499999582767","465.0099999271333","","726.4499999582767,465.0099999271333","74","74,32","null","","null","","",""
"no-tradeoff-rwd","54","948531","0.0-6.0-0.32","","","","","","","","1","3","4","img/house_2.png","img/house_3.png","364.6199996583164","916.9399999082088","2433.8449998758733","364.6199996583164,916.9399999082088,2433.8449998758733","74","74,32,13","enter","","null","","",""
"no-tradeoff-rwd","55","959873","0.0-6.0-0.33","","","","","","","","4","3","2","img/house_6.png","img/house_4.png","1032.405000180006","2270.9550000727177","","1032.405000180006,2270.9550000727177","70","70,32","null","","null","","",""
"no-tradeoff-rwd","56","972798","0.0-6.0-0.34","","","","","","","","4","7","3","img/house_6.png","img/house_4.png","524.4550001807511","3318.3699999935925","546.9500003382564","524.4550001807511,3318.3699999935925,546.9500003382564","74","74,13,32","null","","enter","","",""
"no-tradeoff-rwd","57","980868","0.0-6.0-0.35","","","","","","","","4","2","3","img/house_6.png","img/house_4.png","524.9450001865625","524.9250000342727","","524.9450001865625,524.9250000342727","70","70,32","null","","null","","",""
"no-tradeoff-rwd","58","994017","0.0-6.0-0.36","","","","","","","","1","2","3","img/house_4.png","img/house_6.png","1086.3749999552965","555.7049997150898","3546.4949999004602","1086.3749999552965,555.7049997150898,3546.4949999004602","74","74,32,13","enter","","null","","",""
"no-tradeoff-rwd","59","1003597","0.0-6.0-0.37","","","","","","","","4","3","1","img/house_6.png","img/house_4.png","1200.9550002403557","517.199999652803","","1200.9550002403557,517.199999652803","70","70,32","null","","null","","",""
"no-tradeoff-rwd","60","1016560","0.0-6.0-0.38","","","","","","","","1","2","1","img/house_2.png","img/house_3.png","836.1849999055266","3349.390000104904","551.6699999570847","836.1849999055266,3349.390000104904,551.6699999570847","74","74,13,32","null","","enter","","",""
"no-tradeoff-rwd","61","1026172","0.0-6.0-0.39","","","","","","","","1","2","2","img/house_6.png","img/house_4.png","997.5700001232326","532.4599999003112","","997.5700001232326,532.4599999003112","70","70,32","null","","null","","",""
"no-tradeoff-rwd","62","1037941","0.0-6.0-0.40","","","","","","","","4","1","2","img/house_3.png","img/house_2.png","1127.8099999763072","449.2950001731515","2260.054999962449","1127.8099999763072,449.2950001731515,2260.054999962449","70","70,32,13","enter","","null","","",""
"no-tradeoff-rwd","63","1047985","0.0-6.0-0.41","","","","","","","","4","1","0","img/house_6.png","img/house_4.png","1254.2150001972914","968.0400001816452","","1254.2150001972914,968.0400001816452","74","74,32","null","","null","","",""
"no-tradeoff-rwd","64","1059787","0.0-6.0-0.42","","","","","","","","1","1","2","img/house_6.png","img/house_4.png","438.29499976709485","2331.290000118315","407.19000017270446","438.29499976709485,2331.290000118315,407.19000017270446","70","70,13,32","null","","enter","","",""
"no-tradeoff-rwd","65","1069393","0.0-6.0-0.43","","","","","","","","4","2","5","img/house_6.png","img/house_4.png","518.8600001856685","532.9800001345575","","518.8600001856685,532.9800001345575","74","74,32","null","","null","","",""
"no-tradeoff-rwd","66","1083353","0.0-6.0-0.44","","","","","","","","1","6","2","img/house_4.png","img/house_6.png","291.80500004440546","977.2699996829033","3926.370000001043","291.80500004440546,977.2699996829033,3926.370000001043","74","74,32,13","enter","","null","","",""
"no-tradeoff-rwd","67","1092969","0.0-6.0-0.45","","","","","","","","4","1","5","img/house_2.png","img/house_3.png","1259.4599998556077","550.1450002193451","","1259.4599998556077,550.1450002193451","74","74,32","null","","null","","",""
"no-tradeoff-rwd","68","1105956","0.0-6.0-0.46","","","","","","","","4","8","3","img/house_4.png","img/house_6.png","390.4349999502301","3493.904999922961","451.1150000616908","390.4349999502301,3493.904999922961,451.1150000616908","70","70,13,32","null","","enter","","",""
"no-tradeoff-rwd","69","1115470","0.0-6.0-0.47","","","","","","","","1","6","2","img/house_4.png","img/house_6.png","380.38499979302287","464.8600001819432","","380.38499979302287,464.8600001819432","74","74,32","null","","null","","",""
"no-tradeoff-rwd","70","1127365","0.0-6.0-0.48","","","","","","","","1","5","2","img/house_4.png","img/house_6.png","287.00000001117587","542.8399997763336","2294.5099999196827","287.00000001117587,542.8399997763336,2294.5099999196827","74","74,32,13","enter","","null","","",""
"no-tradeoff-rwd","71","1136956","0.0-6.0-0.49","","","","","","","","1","0","6","img/house_2.png","img/house_3.png","410.6100001372397","526.9900001585484","","410.6100001372397,526.9900001585484","70","70,32","null","","null","","",""
"no-tradeoff-rwd","72","1147926","0.0-6.0-0.50","","","","","","","","4","6","5","img/house_4.png","img/house_6.png","939.089999999851","1403.6199999973178","503.885000012815","939.089999999851,1403.6199999973178,503.885000012815","74","74,13,32","null","","enter","","",""
"no-tradeoff-rwd","73","1157308","0.0-6.0-0.51","","","","","","","","4","6","5","img/house_4.png","img/house_6.png","790.8550002612174","338.8000000268221","","790.8550002612174,338.8000000268221","74","74,32","null","","null","","",""
"no-tradeoff-rwd","74","1168548","0.0-6.0-0.52","","","","","","","","1","1","5","img/house_2.png","img/house_3.png","258.1400000490248","502.7600000612438","1648.6200001090765","258.1400000490248,502.7600000612438,1648.6200001090765","74","74,32,13","enter","","null","","",""
"no-tradeoff-rwd","75","1178165","0.0-6.0-0.53","","","","","","","","1","3","1","img/house_4.png","img/house_6.png","321.32000010460615","587.1500000357628","","321.32000010460615,587.1500000357628","74","74,32","null","","null","","",""
"no-tradeoff-rwd","76","1189068","0.0-6.0-0.54","","","","","","","","4","3","1","img/house_4.png","img/house_6.png","259.6699995920062","1262.2449998743832","569.5050000213087","259.6699995920062,1262.2449998743832,569.5050000213087","74","74,13,32","null","","enter","","",""
"no-tradeoff-rwd","77","1197118","0.0-6.0-0.55","","","","","","","","1","2","1","img/house_4.png","img/house_6.png","362.3450002633035","486.62000009790063","","362.3450002633035,486.62000009790063","74","74,32","null","","null","","",""
"no-tradeoff-rwd","78","1207039","0.0-6.0-0.56","","","","","","","","4","1","6","img/house_6.png","img/house_4.png","368.2900001294911","701.5800001099706","1654.4949999079108","368.2900001294911,701.5800001099706,1654.4949999079108","74","74,32,13","enter","","null","","",""
"no-tradeoff-rwd","79","1215299","0.0-6.0-0.57","","","","","","","","4","1","4","img/house_2.png","img/house_3.png","432.3499999009073","699.494999833405","","432.3499999009073,699.494999833405","74","74,32","null","","null","","",""
"no-tradeoff-rwd","80","1228796","0.0-6.0-0.58","","","","","","","","4","3","0","img/house_3.png","img/house_2.png","436.0750000923872","3973.8199999555945","454.1050000116229","436.0750000923872,3973.8199999555945,454.1050000116229","70","70,13,32","null","","enter","","",""
"no-tradeoff-rwd","81","1239846","0.0-6.0-0.59","","","","","","","","1","2","1","img/house_3.png","img/house_2.png","869.5900002494454","1987.4749998562038","","869.5900002494454,1987.4749998562038","74","74,32","null","","null","","",""
"no-tradeoff-rwd","82","1252458","0.0-6.0-0.60","","","","","","","","1","4","0","img/house_4.png","img/house_6.png","325.9800001978874","552.2850002162158","3008.920000400394","325.9800001978874,552.2850002162158,3008.920000400394","74","74,32,13","enter","","null","","",""
"no-tradeoff-rwd","83","1262041","0.0-6.0-0.61","","","","","","","","1","3","3","img/house_6.png","img/house_4.png","1067.0549999922514","519.9049999937415","","1067.0549999922514,519.9049999937415","70","70,32","null","","null","","",""
"no-tradeoff-rwd","84","1275379","0.0-6.0-0.62","","","","","","","","4","1","4","img/house_6.png","img/house_4.png","861.4949998445809","3793.870000168681","479.27000001072884","861.4949998445809,3793.870000168681,479.27000001072884","70","70,13,32","null","","enter","","",""
"no-tradeoff-rwd","85","1279942","0.0-6.0-0.63","","","","","","","","1","0","","","","1039.6900000050664","","","1039.6900000050664","32","32","null","","null","","",""
"no-tradeoff-rwd","86","1293747","0.0-6.0-0.64","","","","","","","","4","6","2","img/house_6.png","img/house_4.png","362.72000009194016","870.4049997031689","3884.624999947846","362.72000009194016,870.4049997031689,3884.624999947846","74","74,32,13","enter","","null","","",""
"no-tradeoff-rwd","87","1303304","0.0-6.0-0.65","","","","","","","","4","7","2","img/house_6.png","img/house_4.png","1287.6399997621775","494.27999975159764","","1287.6399997621775,494.27999975159764","74","74,32","null","","null","","",""
"no-tradeoff-rwd","88","1314660","0.0-6.0-0.66","","","","","","","","4","5","2","img/house_6.png","img/house_4.png","797.2349999472499","1845.1299997977912","436.58499978482723","797.2349999472499,1845.1299997977912,436.58499978482723","70","70,13,32","null","","enter","","",""
"no-tradeoff-rwd","89","1324190","0.0-6.0-0.67","","","","","","","","4","3","1","img/house_2.png","img/house_3.png","817.4700001254678","449.64500004425645","","817.4700001254678,449.64500004425645","74","74,32","null","","null","","",""
"no-tradeoff-rwd","90","1335359","0.0-6.0-0.68","","","","","","","","1","3","5","img/house_2.png","img/house_3.png","388.66000017151237","317.8100003860891","1798.1199999339879","388.66000017151237,317.8100003860891,1798.1199999339879","70","70,32,13","enter","","null","","",""
"no-tradeoff-rwd","91","1344918","0.0-6.0-0.69","","","","","","","","4","4","5","img/house_3.png","img/house_2.png","1144.5999997667968","490.6099997460842","","1144.5999997667968,490.6099997460842","74","74,32","null","","null","","",""
"no-tradeoff-rwd","92","1356675","0.0-6.0-0.70","","","","","","","","4","4","5","img/house_3.png","img/house_2.png","420.85999995470047","1840.485000051558","827.2449998185039","420.85999995470047,1840.485000051558,827.2449998185039","74","74,13,32","null","","enter","","",""
"no-tradeoff-rwd","93","1366212","0.0-6.0-0.71","","","","","","","","1","1","8","img/house_4.png","img/house_6.png","1442.1500000171363","457.65999983996153","","1442.1500000171363,457.65999983996153","74","74,32","null","","null","","",""
"no-tradeoff-rwd","94","1379342","0.0-6.0-0.72","","","","","","","","1","9","2","img/house_6.png","img/house_4.png","516.3000002503395","529.490000102669","3520.485000219196","516.3000002503395,529.490000102669,3520.485000219196","74","74,32,13","enter","","null","","",""
"no-tradeoff-rwd","95","1387535","0.0-6.0-0.73","","","","","","","","1","3","8","img/house_3.png","img/house_2.png","1408.9750000275671","646.1350000463426","","1408.9750000275671,646.1350000463426","70","70,32","null","","null","","",""
"no-tradeoff-rwd","96","1400458","0.0-6.0-0.74","","","","","","","","4","5","7","img/house_3.png","img/house_2.png","383.6699998937547","3095.705000218004","754.2300000786781","383.6699998937547,3095.705000218004,754.2300000786781","70","70,13,32","null","","enter","","",""
"no-tradeoff-rwd","97","1409797","0.0-6.0-0.75","","","","","","","","1","8","6","img/house_3.png","img/house_2.png","1234.8000002093613","269.0849998034537","","1234.8000002093613,269.0849998034537","74","74,32","null","","null","","",""
"no-tradeoff-rwd","98","1426412","0.0-6.0-0.76","","","","","","","","1","5","6","img/house_6.png","img/house_4.png","563.4649996645749","543.5650004073977","7014.3450000323355","563.4649996645749,543.5650004073977,7014.3450000323355","74","74,32,13","enter","","null","","",""
"no-tradeoff-rwd","99","1436010","0.0-6.0-0.77","","","","","","","","4","8","3","img/house_3.png","img/house_2.png","411.2199996598065","559.1199998743832","","411.2199996598065,559.1199998743832","74","74,32","null","","null","","",""
"no-tradeoff-rwd","100","1448737","0.0-6.0-0.78","","","","","","","","1","5","6","img/house_6.png","img/house_4.png","664.205000270158","1750.4250002093613","1898.8700001500547","664.205000270158,1750.4250002093613,1898.8700001500547","70","70,13,32","null","","enter","","",""
"no-tradeoff-rwd","101","1457214","0.0-6.0-0.79","","","","","","","","1","6","7","img/house_3.png","img/house_2.png","383.1650000065565","905.6500000879169","","383.1650000065565,905.6500000879169","70","70,32","null","","null","","",""
"no-tradeoff-rwd","102","1469166","0.0-6.0-0.80","","","","","","","","4","8","8","img/house_6.png","img/house_4.png","446.8400003388524","539.9049995467067","2337.309999857098","446.8400003388524,539.9049995467067,2337.309999857098","74","74,32,13","enter","","null","","",""
"no-tradeoff-rwd","103","1478803","0.0-6.0-0.81","","","","","","","","1","7","8","img/house_3.png","img/house_2.png","877.7499999850988","559.744999743998","","877.7499999850988,559.744999743998","70","70,32","null","","null","","",""
"no-tradeoff-rwd","104","1489672","0.0-6.0-0.82","","","","","","","","1","8","7","img/house_6.png","img/house_4.png","807.9200000502169","1403.3849998377264","408.4049998782575","807.9200000502169,1403.3849998377264,408.4049998782575","70","70,13,32","null","","enter","","",""
"no-tradeoff-rwd","105","1498901","0.0-6.0-0.83","","","","","","","","1","8","6","img/house_6.png","img/house_4.png","398.1200000271201","175.54999981075525","","398.1200000271201,175.54999981075525","74","74,32","null","","null","","",""
"no-tradeoff-rwd","106","1511183","0.0-6.0-0.84","","","","","","","","1","9","6","img/house_3.png","img/house_2.png","467.5999996252358","538.9049998484552","2680.960000026971","467.5999996252358,538.9049998484552,2680.960000026971","70","70,32,13","enter","","null","","",""
"no-tradeoff-rwd","107","1520792","0.0-6.0-0.85","","","","","","","","1","7","8","img/house_6.png","img/house_4.png","493.0349998176098","556.1850001104176","","493.0349998176098,556.1850001104176","70","70,32","null","","null","","",""
"no-tradeoff-rwd","108","1531643","0.0-6.0-0.86","","","","","","","","1","7","8","img/house_3.png","img/house_2.png","352.43000043556094","2023.0700001120567","1283.5850003175437","352.43000043556094,2023.0700001120567,1283.5850003175437","74","74,13,32","null","","enter","","",""
"no-tradeoff-rwd","109","1541358","0.0-6.0-0.87","","","","","","","","1","6","7","img/house_6.png","img/house_4.png","857.3799999430776","661.8599998764694","","857.3799999430776,661.8599998764694","74","74,32","null","","null","","",""
"no-tradeoff-rwd","110","1552701","0.0-6.0-0.88","","","","","","","","4","7","5","img/house_3.png","img/house_2.png","388.3549999445677","528.4850001335144","1752.4600001052022","388.3549999445677,528.4850001335144,1752.4600001052022","74","74,32,13","enter","","null","","",""
"no-tradeoff-rwd","111","1562185","0.0-6.0-0.89","","","","","","","","1","5","4","img/house_3.png","img/house_2.png","495.6899997778237","426.6800000332296","","495.6899997778237,426.6800000332296","70","70,32","null","","null","","",""
"no-tradeoff-rwd","112","1574197","0.0-6.0-0.90","","","","","","","","1","3","6","img/house_6.png","img/house_4.png","400.0499998219311","2329.6050000935793","644.5550001226366","400.0499998219311,2329.6050000935793,644.5550001226366","74","74,13,32","null","","enter","","",""
"no-tradeoff-rwd","113","1582244","0.0-6.0-0.91","","","","","","","","4","3","8","img/house_6.png","img/house_4.png","508.3299996331334","506.7699998617172","","508.3299996331334,506.7699998617172","70","70,32","null","","null","","",""
"no-tradeoff-rwd","114","1594174","0.0-6.0-0.92","","","","","","","","1","8","1","img/house_3.png","img/house_2.png","547.2699999809265","613.9749996364117","2234.174999874085","547.2699999809265,613.9749996364117,2234.174999874085","70","70,32,13","enter","","null","","",""
"no-tradeoff-rwd","115","1602116","0.0-6.0-0.93","","","","","","","","4","7","1","img/house_3.png","img/house_2.png","699.9249998480082","399.0950002335012","","699.9249998480082,399.0950002335012","74","74,32","null","","null","","",""
"no-tradeoff-rwd","116","1614577","0.0-6.0-0.94","","","","","","","","4","4","4","img/house_3.png","img/house_2.png","686.7499998770654","2927.499999757856","471.1850001476705","686.7499998770654,2927.499999757856,471.1850001476705","70","70,13,32","null","","enter","","",""
"no-tradeoff-rwd","117","1622585","0.0-6.0-0.95","","","","","","","","1","7","3","img/house_3.png","img/house_2.png","401.0000000707805","466.7699998244643","","401.0000000707805,466.7699998244643","70","70,32","null","","null","","",""
"no-tradeoff-rwd","118","1633896","0.0-6.0-0.96","","","","","","","","1","5","3","img/house_3.png","img/house_2.png","787.1399996802211","383.34499998018146","1874.9950001947582","787.1399996802211,383.34499998018146,1874.9950001947582","74","74,32,13","enter","","null","","",""
"no-tradeoff-rwd","119","1643392","0.0-6.0-0.97","","","","","","","","1","5","5","img/house_6.png","img/house_4.png","820.8949998952448","420.7500000484288","","820.8949998952448,420.7500000484288","70","70,32","null","","null","","",""
"no-tradeoff-rwd","120","1655970","0.0-6.0-0.98","","","","","","","","1","4","2","img/house_6.png","img/house_4.png","470.8800003863871","2991.4699997752905","533.0750001594424","470.8800003863871,2991.4699997752905,533.0750001594424","74","74,13,32","null","","enter","","",""
"no-tradeoff-rwd","121","1665107","0.0-6.0-0.99","","","","","","","","1","5","3","img/house_6.png","img/house_4.png","518.7550000846386","81.28499984741211","","518.7550000846386,81.28499984741211","70","70,32","null","","null","","",""
"no-tradeoff-rwd","122","1683805","0.0-6.0-0.100","","","","","","","","1","4","3","img/house_2.png","img/house_3.png","584.739999845624","653.7949997000396","8977.985000237823","584.739999845624,653.7949997000396,8977.985000237823","74","74,32,13","enter","","null","","",""
"no-tradeoff-rwd","123","1693798","0.0-6.0-0.101","","","","","","","","1","6","1","img/house_3.png","img/house_2.png","967.975000385195","933.2600003108382","","967.975000385195,933.2600003108382","70","70,32","null","","null","","",""
"no-tradeoff-rwd","124","1705400","0.0-6.0-0.102","","","","","","","","4","5","0","img/house_4.png","img/house_6.png","464.91500036790967","2064.364999998361","454.5149998739362","464.91500036790967,2064.364999998361,454.5149998739362","70","70,13,32","null","","enter","","",""
"no-tradeoff-rwd","125","1715022","0.0-6.0-0.103","","","","","","","","4","2","0","img/house_4.png","img/house_6.png","439.93999995291233","543.8999999314547","","439.93999995291233,543.8999999314547","74","74,32","null","","null","","",""
"no-tradeoff-rwd","126","1728534","0.0-6.0-0.104","","","","","","","","4","1","1","img/house_3.png","img/house_2.png","846.9950002618134","1457.3899996466935","2998.314999975264","846.9950002618134,1457.3899996466935,2998.314999975264","74","74,32,13","enter","","null","","",""
"no-tradeoff-rwd","127","1738092","0.0-6.0-0.105","","","","","","","","4","1","2","img/house_6.png","img/house_4.png","1227.1349998191","506.869999691844","","1227.1349998191,506.869999691844","74","74,32","null","","null","","",""
"no-tradeoff-rwd","128","1749789","0.0-6.0-0.106","","","","","","","","1","0","2","img/house_4.png","img/house_6.png","809.7200002521276","2022.1750000491738","603.8399999961257","809.7200002521276,2022.1750000491738,603.8399999961257","74","74,13,32","null","","enter","","",""
"no-tradeoff-rwd","129","1757963","0.0-6.0-0.107","","","","","","","","4","1","2","img/house_6.png","img/house_4.png","857.3050000704825","614.9949999526143","","857.3050000704825,614.9949999526143","70","70,32","null","","null","","",""
"no-tradeoff-rwd","130","1762421","0.0-6.0-0.108","","","","","","","","1","0","","","","904.3349996209145","","","904.3349996209145","32","32","null","","null","","",""
"no-tradeoff-rwd","131","1772181","0.0-6.0-0.109","","","","","","","","4","4","1","img/house_4.png","img/house_6.png","892.5049998797476","691.7699999175966","","892.5049998797476,691.7699999175966","70","70,32","null","","null","","",""
"no-tradeoff-rwd","132","1784105","0.0-6.0-0.110","","","","","","","","4","2","0","img/house_6.png","img/house_4.png","1448.8750002346933","2380.845000036061","480.6300001218915","1448.8750002346933,2380.845000036061,480.6300001218915","70","70,13,32","null","","enter","","",""
"no-tradeoff-rwd","133","1793705","0.0-6.0-0.111","","","","","","","","4","2","3","img/house_6.png","img/house_4.png","1098.9299998618662","562.3750002123415","","1098.9299998618662,562.3750002123415","70","70,32","null","","null","","",""
"no-tradeoff-rwd","134","1804823","0.0-6.0-0.112","","","","","","","","1","5","5","img/house_3.png","img/house_2.png","1243.9250000752509","501.71499978750944","1573.609999846667","1243.9250000752509,501.71499978750944,1573.609999846667","70","70,32,13","enter","","null","","",""
"no-tradeoff-rwd","135","1813198","0.0-6.0-0.113","","","","","","","","4","2","5","img/house_3.png","img/house_2.png","800.6449998356402","814.4300002604723","","800.6449998356402,814.4300002604723","70","70,32","null","","null","","",""
"no-tradeoff-rwd","136","1827906","0.0-6.0-0.114","","","","","","","","4","7","1","img/house_6.png","img/house_4.png","954.9300000071526","5150.110000278801","497.620000038296","954.9300000071526,5150.110000278801,497.620000038296","74","74,13,32","null","","enter","","",""
"no-tradeoff-rwd","137","1837416","0.0-6.0-0.115","","","","","","","","4","1","7","img/house_3.png","img/house_2.png","1453.3349997363985","436.66999973356724","","1453.3349997363985,436.66999973356724","74","74,32","null","","null","","",""
"no-tradeoff-rwd","138","1848769","0.0-6.0-0.116","","","","","","","","4","8","2","img/house_6.png","img/house_4.png","878.3800001256168","492.7850002422929","1795.709999743849","878.3800001256168,492.7850002422929,1795.709999743849","70","70,32,13","enter","","null","","",""
"no-tradeoff-rwd","139","1858222","0.0-6.0-0.117","","","","","","","","4","3","9","img/house_3.png","img/house_2.png","738.1000001914799","387.5699997879565","","738.1000001914799,387.5699997879565","70","70,32","null","","null","","",""
"no-tradeoff-rwd","140","1869437","0.0-6.0-0.118","","","","","","","","4","8","3","img/house_6.png","img/house_4.png","400.9099998511374","1750","409.28500005975366","400.9099998511374,1750,409.28500005975366","74","74,13,32","null","","enter","","",""
"no-tradeoff-rwd","141","1879005","0.0-6.0-0.119","","","","","","","","1","7","5","img/house_2.png","img/house_3.png","893.8349997624755","513.2900001481175","","893.8349997624755,513.2900001481175","74","74,32","null","","null","","",""
"call-function","142","1879006","0.0-7.0","","","","","","","","","","","","","","","","","","","","","","","",""
"html-keyboard-response","143","1883959","0.0-8.0","4952.21500005573","<p>Now you will play the second game!</p><p>Press the space bar to begin reading the instructions for the second game.</p>","","","32","","","","","","","","","","","","","","","","","","",""
"instructions","144","2188804","0.0-9.0","304844.45999981835","","","","","[{""page_index"":0,""viewing_time"":24837.499999906868},{""page_index"":1,""viewing_time"":28119.70499996096},{""page_index"":2,""viewing_time"":57790.874999947846},{""page_index"":3,""viewing_time"":8051.725000143051},{""page_index"":4,""viewing_time"":27631.67000003159},{""page_index"":5,""viewing_time"":44600.045000202954},{""page_index"":4,""viewing_time"":4329.004999715835},{""page_index"":3,""viewing_time"":2455.7350003160536},{""page_index"":2,""viewing_time"":2992.214999627322},{""page_index"":1,""viewing_time"":1948.6800003796816},{""page_index"":2,""viewing_time"":1945.8299996331334},{""page_index"":3,""viewing_time"":1312.6050001010299},{""page_index"":4,""viewing_time"":1820.5699999816716},{""page_index"":5,""viewing_time"":23360.72999984026},{""page_index"":6,""viewing_time"":35082.410000264645},{""page_index"":5,""viewing_time"":20247.620000038296},{""page_index"":6,""viewing_time"":677.1350000053644},{""page_index"":7,""viewing_time"":5289.469999726862},{""page_index"":8,""viewing_time"":12350.095000118017}]","","","","","","","","","","","","","","","","","",""
"html-keyboard-response","145","2197087","0.0-10.0-0.0","8280.365000013262","<p style=""font-size:24px;font-weight:bold"">TEST QUESTION</p><p>Which letter should you press to select the green tree on the left?</p><div class=group><table class=table_center><tr><td class=prompt colspan=2>Choose one</td></tr><tr style=""height: 300px;""><td style=""width: 300px;""><img id=""left"" src=img/tree_3.png style=""zoom: 100%;""/></td><td style=""width: 300px;""><img id=""right"" src=img/tree_7.png style=""zoom: 100%;""/></td></tr></table></div><br>","","","70","","true","","","","","","","","","","","","","","","","",""
"html-keyboard-response","146","2200091","0.0-10.0-1.0","null","<p style=""font-size:36px;font-weight:bold"">Correct!</p><p> Remember, press ""F"" for left and ""J"" for right. </p>","","","null","","","","","","","","","","","","","","","","","","",""
"html-keyboard-response","147","2202756","0.0-10.0-2.0","2662.8200002014637","<p style=""font-size:24px;font-weight:bold"">TEST QUESTION</p><p>Which letter should you press to select the red tree on the right?</p><div class=group><table class=table_center><tr><td class=prompt colspan=2>Choose one</td></tr><tr style=""height: 300px;""><td style=""width: 300px;""><img id=""left"" src=img/tree_3.png style=""zoom: 100%;""/></td><td style=""width: 300px;""><img id=""right"" src=img/tree_7.png style=""zoom: 100%;""/></td></tr></table></div><br>","","","74","","true","","","","","","","","","","","","","","","","",""
"html-keyboard-response","148","2205770","0.0-10.0-3.0","null","<p style=""font-size:36px;font-weight:bold"">Correct!</p><p> Remember, press ""F"" for left and ""J"" for right. </p>","","","null","","","","","","","","","","","","","","","","","","",""
"html-keyboard-response","149","2209058","0.0-10.0-4.0","3286.104999948293","<p style=""font-size:24px;font-weight:bold"">TEST QUESTION</p><p>Type the number of the <b> maximum </b> amount of shields an gnome can make</p>","","","57","","true","","","","","","","","","","","","","","","","",""
"html-keyboard-response","150","2212061","0.0-10.0-5.0","null","<p style=""font-size:36px;font-weight:bold"">Correct!</p><p> Remember, gnomes can make 0 to 9 shields. </p>","","","null","","","","","","","","","","","","","","","","","","",""
"html-keyboard-response","151","2219541","0.0-10.0-6.0","7477.265000343323","<p style=""font-size:24px;font-weight:bold"">TEST QUESTION</p><p>Remember, the same tree always takes you to the same gnome. </p><p>On this trial, select the tree on the left by pressing ""F"".</p><div class=group><table class=table_center><tr><td class=prompt colspan=2>Choose one</td></tr><tr style=""height: 300px;""><td style=""width: 300px;""><img id=""left"" src=img/tree_1.png style=""zoom: 100%;""/></td><td style=""width: 300px;""><img id=""right"" src=img/tree_2.png style=""zoom: 100%;""/></td></tr></table></div><br>","","","70","","","","","","","","","","","","","","","","","","",""
"html-keyboard-response","152","2225818","0.0-10.0-7.0","6275.535000022501","<p style=""font-size:24px;font-weight:bold"">TEST QUESTION</p><p>The orange tree took you to the green gnome. </p><p> The green gnome gave you 8 shields. </p><p> The most shields a gnome can make is 9 shields, so this is a great outcome!</p><div class=group><table class=table_center><tr><td class=prompt colspan=3>You received</td></tr><tr style=""height: 300px;""><td><img src=img/gnome_green.png style=""zoom: 100%;""/></td><td><img src=img/shield.png style=""zoom: 30%;""/></td><td class=prompt>x 8</td></tr></table></div><br><p> Press space to continue </p>","","","32","","","","","","","","","","","","","","","","","","",""
"html-keyboard-response","153","2231089","0.0-10.0-8.0","5268.890000414103","<p style=""font-size:24px;font-weight:bold"">TEST QUESTION</p><p>If you wanted to visit the <b> green gnome </b> again, which tree would you select?</p><div class=group><table class=table_center><tr><td class=prompt colspan=2>Choose one</td></tr><tr style=""height: 300px;""><td style=""width: 300px;""><img id=""left"" src=img/tree_1.png style=""zoom: 100%;""/></td><td style=""width: 300px;""><img id=""right"" src=img/tree_2.png style=""zoom: 100%;""/></td></tr></table></div><br>","","","74","","false","","","","","","","","","","","","","","","","",""
"html-keyboard-response","154","2234098","0.0-10.0-9.0","null","<p style=""font-size:36px;font-weight:bold"">Wrong answer.</p><p> Remember, the same tree goes to the same gnome. You would select the orange tree to visit the green gnome.</p>","","","null","","","","","","","","","","","","","","","","","","",""
"html-keyboard-response","155","2237299","0.0-10.0-10.0","3198.9650004543364","<p style=""font-size:24px;font-weight:bold"">TEST QUESTION</p><p>On this trial, select the tree on the right by pressing ""J"".</p><div class=group><table class=table_center><tr><td class=prompt colspan=2>Choose one</td></tr><tr style=""height: 300px;""><td style=""width: 300px;""><img id=""left"" src=img/tree_1.png style=""zoom: 100%;""/></td><td style=""width: 300px;""><img id=""right"" src=img/tree_2.png style=""zoom: 100%;""/></td></tr></table></div><br>","","","74","","","","","","","","","","","","","","","","","","",""
"html-keyboard-response","156","2245354","0.0-10.0-11.0","8053.630000445992","<p style=""font-size:24px;font-weight:bold"">TEST QUESTION</p><p>The blue tree took you to the purple gnome. </p><p> The purple gnome only gave you 1 shield. </p><p> That is not very much and is a pretty bad outcome.</p><div class=group><table class=table_center><tr><td class=prompt colspan=3>You received</td></tr><tr style=""height: 300px;""><td><img src=img/gnome_purple.png style=""zoom: 100%;""/></td><td><img src=img/shield.png style=""zoom: 30%;""/></td><td class=prompt>x 1</td></tr></table></div><br><p> Press space to continue </p>","","","32","","","","","","","","","","","","","","","","","","",""
"html-keyboard-response","157","2251625","0.0-10.0-12.0","6268.71500024572","<p style=""font-size:24px;font-weight:bold"">TEST QUESTION</p><p>Remember the green gnome gave you 8 shields and the purple gnome only gave you 1 shield. </p><p> Which gnome would you try to visit next? </p><div class=group><table class=table_center><tr><td class=prompt colspan=2>Choose one</td></tr><tr style=""height: 300px;""><td style=""width: 300px;""><img id=""left"" src=img/gnome_green.png style=""zoom: 100%;""/></td><td style=""width: 300px;""><img id=""right"" src=img/gnome_purple.png style=""zoom: 100%;""/></td></tr></table></div><br>","","","70","","true","","","","","","","","","","","","","","","","",""
"html-keyboard-response","158","2253477","0.0-10.0-13.0","1850.879999808967","<p style=""font-size:36px;font-weight:bold"">Correct!</p><p> Remember, you want to select the gnome who gives you the most shields.</p>","","","32","","","","","","","","","","","","","","","","","","",""
"html-keyboard-response","159","2259948","0.0-10.0-14.0","6468.98499969393","<p style=""font-size:24px;font-weight:bold"">TEST QUESTION</p><p>To visit the green gnome, which tree should you visit? </p><div class=group><table class=table_center><tr><td class=prompt colspan=2>Choose one</td></tr><tr style=""height: 300px;""><td style=""width: 300px;""><img id=""left"" src=img/tree_1.png style=""zoom: 100%;""/></td><td style=""width: 300px;""><img id=""right"" src=img/tree_2.png style=""zoom: 100%;""/></td></tr></table></div><br>","","","74","","false","","","","","","","","","","","","","","","","",""
"html-keyboard-response","160","2262958","0.0-10.0-15.0","null","<p style=""font-size:36px;font-weight:bold"">Wrong answer.</p><p>Remember, the same tree goes to the same gnome each time.</p>","","","null","","","","","","","","","","","","","","","","","","",""
"html-keyboard-response","161","2267189","0.0-10.0-16.0","4229.470000136644","<p style=""font-size:36px;font-weight:bold"">You are ready to play!</p><p>The trees and gnomes in the actual game will be different than the practice. </p><p> Press space to start the game</p>","","","32","","","","","","","","","","","","","","","","","","",""
"no-tradeoff","162","2282218","0.0-11.0-0.0","","","","","","","","1","4","9","img/tree_9.png","img/tree_8.png","1164.18999992311","1347.6449996232986","4603.575000073761","1164.18999992311,1347.6449996232986,4603.575000073761","70","70,32,13","enter","","null","","",""
"no-tradeoff","163","2291786","0.0-11.0-0.1","","","","","","","","1","4","8","img/tree_3.png","img/tree_7.png","1424.7249998152256","510.950000025332","","1424.7249998152256,510.950000025332","70","70,32","null","","null","","",""
"no-tradeoff","164","2304683","0.0-11.0-0.2","","","","","","","","4","9","5","img/tree_7.png","img/tree_3.png","679.9399997107685","3309.330000076443","515.9300002269447","679.9399997107685,3309.330000076443,515.9300002269447","70","70,13,32","null","","enter","","",""
"no-tradeoff","165","2313660","0.0-11.0-0.3","","","","","","","","4","8","6","img/tree_7.png","img/tree_3.png","714.5499996840954","1424.535000231117","","714.5499996840954,1424.535000231117","70","70,32","null","","null","","",""
"no-tradeoff","166","2324010","0.0-11.0-0.4","","","","","","","","1","9","3","img/tree_7.png","img/tree_3.png","446.76500000059605","520.4499997198582","2282.469999976456","446.76500000059605,520.4499997198582,2282.469999976456","74","74,32,13","enter","","null","","",""
"no-tradeoff","167","2332219","0.0-11.0-0.5","","","","","","","","1","8","7","img/tree_7.png","img/tree_3.png","374.04000014066696","661.8899996392429","","374.04000014066696,661.8899996392429","74","74,32","null","","null","","",""
"no-tradeoff","168","2343700","0.0-11.0-0.6","","","","","","","","4","8","5","img/tree_8.png","img/tree_9.png","1094.5450002327561","1972.2400000318885","449.579999782145","1094.5450002327561,1972.2400000318885,449.579999782145","70","70,13,32","null","","enter","","",""
"no-tradeoff","169","2351775","0.0-11.0-0.7","","","","","","","","4","8","4","img/tree_7.png","img/tree_3.png","722.9400002397597","510.99500013515353","","722.9400002397597,510.99500013515353","70","70,32","null","","null","","",""
"no-tradeoff","170","2362413","0.0-11.0-0.8","","","","","","","","4","9","4","img/tree_7.png","img/tree_3.png","402.6150000281632","521.3899998925626","2566.3450001738966","402.6150000281632,521.3899998925626,2566.3450001738966","70","70,32,13","enter","","null","","",""
"no-tradeoff","171","2370300","0.0-11.0-0.9","","","","","","","","4","8","4","img/tree_7.png","img/tree_3.png","460.7600001618266","357.275000307709","","460.7600001618266,357.275000307709","74","74,32","null","","null","","",""
"no-tradeoff","172","2385429","0.0-11.0-0.10","","","","","","","","4","7","5","img/tree_8.png","img/tree_9.png","536.9049999862909","5217.360000126064","838.359999936074","536.9049999862909,5217.360000126064,838.359999936074","70","70,13,32","null","","enter","","",""
"no-tradeoff","173","2393393","0.0-11.0-0.11","","","","","","","","4","7","7","img/tree_7.png","img/tree_3.png","414.59499998018146","426.0650002397597","","414.59499998018146,426.0650002397597","70","70,32","null","","null","","",""
"no-tradeoff","174","2404907","0.0-11.0-0.12","","","","","","","","4","7","8","img/tree_7.png","img/tree_3.png","590.1950001716614","509.3900002539158","1928.9700002409518","590.1950001716614,509.3900002539158,1928.9700002409518","74","74,32,13","enter","","null","","",""
"no-tradeoff","175","2414286","0.0-11.0-0.13","","","","","","","","4","8","8","img/tree_7.png","img/tree_3.png","384.6250004135072","319.18999971821904","","384.6250004135072,319.18999971821904","74","74,32","null","","null","","",""
"no-tradeoff","176","2425578","0.0-11.0-0.14","","","","","","","","4","8","4","img/tree_8.png","img/tree_9.png","500.0599999912083","1791.9850000180304","415.3650002554059","500.0599999912083,1791.9850000180304,415.3650002554059","74","74,13,32","null","","enter","","",""
"no-tradeoff","177","2433209","0.0-11.0-0.15","","","","","","","","4","6","4","img/tree_8.png","img/tree_9.png","383.01500026136637","80.51500003784895","","383.01500026136637,80.51500003784895","70","70,32","null","","null","","",""
"no-tradeoff","178","2444875","0.0-11.0-0.16","","","","","","","","4","7","3","img/tree_8.png","img/tree_9.png","394.7600000537932","446.409999858588","2176.9399996846914","394.7600000537932,446.409999858588,2176.9399996846914","74","74,32,13","enter","","null","","",""
"no-tradeoff","179","2454210","0.0-11.0-0.17","","","","","","","","4","5","5","img/tree_7.png","img/tree_3.png","406.0300001874566","298.29000029712915","","406.0300001874566,298.29000029712915","74","74,32","null","","null","","",""
"no-tradeoff","180","2468390","0.0-11.0-0.18","","","","","","","","4","2","7","img/tree_7.png","img/tree_3.png","446.03500002995133","4723.705000244081","406.2250000424683","446.03500002995133,4723.705000244081,406.2250000424683","74","74,13,32","null","","enter","","",""
"no-tradeoff","181","2478022","0.0-11.0-0.19","","","","","","","","4","9","2","img/tree_3.png","img/tree_7.png","595.0200003571808","569.0249996259809","","595.0200003571808,569.0249996259809","74","74,32","null","","null","","",""
"no-tradeoff","182","2490661","0.0-11.0-0.20","","","","","","","","1","8","2","img/tree_9.png","img/tree_8.png","663.4300001896918","437.8599999472499","3145.645000040531","663.4300001896918,437.8599999472499,3145.645000040531","70","70,32,13","enter","","null","","",""
"no-tradeoff","183","2500368","0.0-11.0-0.21","","","","","","","","4","8","4","img/tree_3.png","img/tree_7.png","756.3400003127754","659.795000217855","","756.3400003127754,659.795000217855","74","74,32","null","","null","","",""
"no-tradeoff","184","2511570","0.0-11.0-0.22","","","","","","","","1","7","1","img/tree_3.png","img/tree_7.png","478.0799997970462","1760.5599998496473","370.9800001233816","478.0799997970462,1760.5599998496473,370.9800001233816","74","74,13,32","null","","enter","","",""
"no-tradeoff","185","2521339","0.0-11.0-0.23","","","","","","","","4","9","1","img/tree_9.png","img/tree_8.png","690.9499997273088","713.9650001190603","","690.9499997273088,713.9650001190603","70","70,32","null","","null","","",""
"no-tradeoff","186","2532552","0.0-11.0-0.24","","","","","","","","4","9","0","img/tree_9.png","img/tree_8.png","416.35000007227063","476.12000023946166","1681.4350001513958","416.35000007227063,476.12000023946166,1681.4350001513958","74","74,32,13","enter","","null","","",""
"no-tradeoff","187","2542080","0.0-11.0-0.25","","","","","","","","4","7","0","img/tree_9.png","img/tree_8.png","675.3800003789365","470.9049998782575","","675.3800003789365,470.9049998782575","74","74,32","null","","null","","",""
"no-tradeoff","188","2553465","0.0-11.0-0.26","","","","","","","","4","9","2","img/tree_3.png","img/tree_7.png","420.85500014945865","1926.560000050813","391.25500014051795","420.85500014945865,1926.560000050813,391.25500014051795","70","70,13,32","null","","enter","","",""
"no-tradeoff","189","2562863","0.0-11.0-0.27","","","","","","","","4","8","2","img/tree_9.png","img/tree_8.png","403.5400003194809","344.45999981835485","","403.5400003194809,344.45999981835485","70","70,32","null","","null","","",""
"no-tradeoff","190","2574648","0.0-11.0-0.28","","","","","","","","1","9","1","img/tree_9.png","img/tree_8.png","602.7199998497963","500.65999990329146","2231.5799999050796","602.7199998497963,500.65999990329146,2231.5799999050796","74","74,32,13","enter","","null","","",""
"no-tradeoff","191","2584115","0.0-11.0-0.29","","","","","","","","1","8","1","img/tree_9.png","img/tree_8.png","371.30000023171306","404.52999994158745","","371.30000023171306,404.52999994158745","74","74,32","null","","null","","",""
"no-tradeoff","192","2596085","0.0-11.0-0.30","","","","","","","","1","8","4","img/tree_3.png","img/tree_7.png","427.67000012099743","2526.0000000707805","389.01500031352043","427.67000012099743,2526.0000000707805,389.01500031352043","70","70,13,32","null","","enter","","",""
"no-tradeoff","193","2605662","0.0-11.0-0.31","","","","","","","","1","5","6","img/tree_3.png","img/tree_7.png","367.2599997371435","512.3749999329448","","367.2599997371435,512.3749999329448","74","74,32","null","","null","","",""
"no-tradeoff","194","2617275","0.0-11.0-0.32","","","","","","","","4","3","6","img/tree_7.png","img/tree_3.png","638.3849997073412","420.85999995470047","2126.8150000832975","638.3849997073412,420.85999995470047,2126.8150000832975","74","74,32,13","enter","","null","","",""
"no-tradeoff","195","2626737","0.0-11.0-0.33","","","","","","","","4","6","3","img/tree_9.png","img/tree_8.png","474.03999976813793","407.6499999500811","","474.03999976813793,407.6499999500811","70","70,32","null","","null","","",""
"no-tradeoff","196","2638287","0.0-11.0-0.34","","","","","","","","4","5","5","img/tree_9.png","img/tree_8.png","479.51999958604574","2123.9050002768636","348.03499979898334","479.51999958604574,2123.9050002768636,348.03499979898334","74","74,13,32","null","","enter","","",""
"no-tradeoff","197","2647728","0.0-11.0-0.35","","","","","","","","1","4","6","img/tree_8.png","img/tree_9.png","1026.750000193715","389.71999986097217","","1026.750000193715,389.71999986097217","70","70,32","null","","null","","",""
"no-tradeoff","198","2658595","0.0-11.0-0.36","","","","","","","","4","8","1","img/tree_3.png","img/tree_7.png","349.7849996201694","235.599999781698","1536.9099997915328","349.7849996201694,235.599999781698,1536.9099997915328","74","74,32,13","enter","","null","","",""
"no-tradeoff","199","2668179","0.0-11.0-0.37","","","","","","","","4","8","1","img/tree_3.png","img/tree_7.png","623.6199997365475","513.4350000880659","","623.6199997365475,513.4350000880659","74","74,32","null","","null","","",""
"no-tradeoff","200","2679533","0.0-11.0-0.38","","","","","","","","1","7","1","img/tree_9.png","img/tree_8.png","491.1950002424419","1634.5549998804927","652.3850001394749","491.1950002424419,1634.5549998804927,652.3850001394749","74","74,13,32","null","","enter","","",""
"no-tradeoff","201","2688976","0.0-11.0-0.39","","","","","","","","1","5","0","img/tree_3.png","img/tree_7.png","351.970000192523","393.32500007003546","","351.970000192523,393.32500007003546","74","74,32","null","","null","","",""
"no-tradeoff","202","2700809","0.0-11.0-0.40","","","","","","","","1","0","9","img/tree_7.png","img/tree_3.png","866.2399998866022","462.6500001177192","2314.269999973476","866.2399998866022,462.6500001177192,2314.269999973476","74","74,32,13","enter","","null","","",""
"no-tradeoff","203","2708664","0.0-11.0-0.41","","","","","","","","1","7","1","img/tree_3.png","img/tree_7.png","351.6499996185303","317.2999997623265","","351.6499996185303,317.2999997623265","74","74,32","null","","null","","",""
"no-tradeoff","204","2719421","0.0-11.0-0.42","","","","","","","","4","6","1","img/tree_9.png","img/tree_8.png","578.2550000585616","1261.7000001482666","449.6600003913045","578.2550000585616,1261.7000001482666,449.6600003913045","74","74,13,32","null","","enter","","",""
"no-tradeoff","205","2728864","0.0-11.0-0.43","","","","","","","","4","8","1","img/tree_9.png","img/tree_8.png","490.71000004187226","403.9000002667308","","490.71000004187226,403.9000002667308","70","70,32","null","","null","","",""
"no-tradeoff","206","2739806","0.0-11.0-0.44","","","","","","","","4","7","4","img/tree_3.png","img/tree_7.png","338.7500001117587","533.7200001813471","1363.7749999761581","338.7500001117587,533.7200001813471,1363.7749999761581","70","70,32,13","enter","","null","","",""
"no-tradeoff","207","2747963","0.0-11.0-0.45","","","","","","","","4","9","2","img/tree_3.png","img/tree_7.png","554.6500002965331","608.0749998800457","","554.6500002965331,608.0749998800457","70","70,32","null","","null","","",""
"no-tradeoff","208","2758864","0.0-11.0-0.46","","","","","","","","1","7","1","img/tree_3.png","img/tree_7.png","471.69499984011054","1803.6150000989437","51.79499974474311","471.69499984011054,1803.6150000989437,51.79499974474311","70","70,13,32","null","","enter","","",""
"no-tradeoff","209","2768322","0.0-11.0-0.47","","","","","","","","4","7","1","img/tree_9.png","img/tree_8.png","351.4600000344217","393.9249999821186","","351.4600000344217,393.9249999821186","74","74,32","null","","null","","",""
"no-tradeoff","210","2780341","0.0-11.0-0.48","","","","","","","","1","2","8","img/tree_7.png","img/tree_3.png","932.0050003007054","381.0899998061359","2572.6999999023974","932.0050003007054,381.0899998061359,2572.6999999023974","74","74,32,13","enter","","null","","",""
"no-tradeoff","211","2789834","0.0-11.0-0.49","","","","","","","","1","8","2","img/tree_9.png","img/tree_8.png","554.9350003711879","438.82999988272786","","554.9350003711879,438.82999988272786","74","74,32","null","","null","","",""
"no-tradeoff","212","2801579","0.0-11.0-0.50","","","","","","","","1","5","2","img/tree_9.png","img/tree_8.png","402.4300002492964","2418.4950003400445","280.15000000596046","402.4300002492964,2418.4950003400445,280.15000000596046","74","74,13,32","null","","enter","","",""
"no-tradeoff","213","2811089","0.0-11.0-0.51","","","","","","","","1","4","5","img/tree_3.png","img/tree_7.png","571.1149997077882","448.0549995787442","","571.1149997077882,448.0549995787442","74","74,32","null","","null","","",""
"no-tradeoff","214","2821871","0.0-11.0-0.52","","","","","","","","1","2","6","img/tree_9.png","img/tree_8.png","550.8949998766184","396.39999996870756","1335.5600000359118","550.8949998766184,396.39999996870756,1335.5600000359118","70","70,32,13","enter","","null","","",""
"no-tradeoff","215","2830080","0.0-11.0-0.53","","","","","","","","1","7","3","img/tree_8.png","img/tree_9.png","704.545000102371","652.9149999842048","","704.545000102371,652.9149999842048","74","74,32","null","","null","","",""
"no-tradeoff","216","2841125","0.0-11.0-0.54","","","","","","","","1","5","6","img/tree_7.png","img/tree_3.png","373.4049997292459","1737.5000002793968","268.71499978005886","373.4049997292459,1737.5000002793968,268.71499978005886","74","74,13,32","null","","enter","","",""
"no-tradeoff","217","2850642","0.0-11.0-0.55","","","","","","","","1","9","7","img/tree_8.png","img/tree_9.png","341.25000005587935","472.28999994695187","","341.25000005587935,472.28999994695187","74","74,32","null","","null","","",""
"no-tradeoff","218","2861510","0.0-11.0-0.56","","","","","","","","1","7","8","img/tree_7.png","img/tree_3.png","369.04000025242567","200.73499996215105","1595.0299999676645","369.04000025242567,200.73499996215105,1595.0299999676645","70","70,32,13","enter","","null","","",""
"no-tradeoff","219","2870894","0.0-11.0-0.57","","","","","","","","1","8","5","img/tree_9.png","img/tree_8.png","1063.564999960363","306.84000020846725","","1063.564999960363,306.84000020846725","70","70,32","null","","null","","",""
"no-tradeoff","220","2881228","0.0-11.0-0.58","","","","","","","","1","8","4","img/tree_3.png","img/tree_7.png","357.360000256449","1539.0449999831617","1233.5999999195337","357.360000256449,1539.0449999831617,1233.5999999195337","74","74,13,32","null","","enter","","",""
"no-tradeoff","221","2890538","0.0-11.0-0.59","","","","","","","","4","7","5","img/tree_9.png","img/tree_8.png","614.060000050813","243.90999972820282","","614.060000050813,243.90999972820282","70","70,32","null","","null","","",""
"no-tradeoff","222","2901425","0.0-11.0-0.60","","","","","","","","1","6","2","img/tree_3.png","img/tree_7.png","692.514999769628","114.00500033050776","1710.0050002336502","692.514999769628,114.00500033050776,1710.0050002336502","74","74,32,13","enter","","null","","",""
"no-tradeoff","223","2910589","0.0-11.0-0.61","","","","","","","","1","5","5","img/tree_7.png","img/tree_3.png","608.235000167042","90.64000006765127","","608.235000167042,90.64000006765127","74","74,32","null","","null","","",""
"no-tradeoff","224","2922083","0.0-11.0-0.62","","","","","","","","4","4","2","img/tree_3.png","img/tree_7.png","1038.670000154525","1799.499999731779","638.245000038296","1038.670000154525,1799.499999731779,638.245000038296","74","74,13,32","null","","enter","","",""
"no-tradeoff","225","2931508","0.0-11.0-0.63","","","","","","","","4","6","4","img/tree_3.png","img/tree_7.png","1144.3749996833503","377.6000002399087","","1144.3749996833503,377.6000002399087","74","74,32","null","","null","","",""
"no-tradeoff","226","2941487","0.0-11.0-0.64","","","","","","","","4","4","6","img/tree_9.png","img/tree_8.png","454.36999993398786","453.44999991357327","1954.4649999588728","454.36999993398786,453.44999991357327,1954.4649999588728","74","74,32,13","enter","","null","","",""
"no-tradeoff","227","2950979","0.0-11.0-0.65","","","","","","","","1","4","2","img/tree_7.png","img/tree_3.png","390.5949997715652","426.3250003568828","","390.5949997715652,426.3250003568828","74","74,32","null","","null","","",""
"no-tradeoff","228","2963525","0.0-11.0-0.66","","","","","","","","1","3","3","img/tree_9.png","img/tree_8.png","325.18000015988946","3211.8950001895428","281.48500015959144","325.18000015988946,3211.8950001895428,281.48500015959144","74","74,13,32","null","","enter","","",""
"no-tradeoff","229","2971410","0.0-11.0-0.67","","","","","","","","4","2","4","img/tree_8.png","img/tree_9.png","409.3599999323487","336.27500012516975","","409.3599999323487,336.27500012516975","74","74,32","null","","null","","",""
"no-tradeoff","230","2975692","0.0-11.0-0.68","","","","","","","","1","0","","","","757.054999936372","","","757.054999936372","32","32","null","","null","","",""
"no-tradeoff","231","2985186","0.0-11.0-0.69","","","","","","","","4","2","5","img/tree_3.png","img/tree_7.png","374.17999980971217","420.030000153929","","374.17999980971217,420.030000153929","74","74,32","null","","null","","",""
"no-tradeoff","232","2996497","0.0-11.0-0.70","","","","","","","","4","9","1","img/tree_8.png","img/tree_9.png","684.2500003986061","1792.5599999725819","431.7100001499057","684.2500003986061,1792.5599999725819,431.7100001499057","74","74,13,32","null","","enter","","",""
"no-tradeoff","233","3006199","0.0-11.0-0.71","","","","","","","","4","7","0","img/tree_8.png","img/tree_9.png","473.90999970957637","617.7199999801815","","473.90999970957637,617.7199999801815","70","70,32","null","","null","","",""
"no-tradeoff","234","3018480","0.0-11.0-0.72","","","","","","","","1","5","1","img/tree_7.png","img/tree_3.png","357.52000007778406","400.72500007227063","2812.705000396818","357.52000007778406,400.72500007227063,2812.705000396818","70","70,32,13","enter","","null","","",""
"no-tradeoff","235","3026429","0.0-11.0-0.73","","","","","","","","1","7","1","img/tree_8.png","img/tree_9.png","458.73000007122755","384.18500032275915","","458.73000007122755,384.18500032275915","74","74,32","null","","null","","",""
"no-tradeoff","236","3038428","0.0-11.0-0.74","","","","","","","","4","7","0","img/tree_8.png","img/tree_9.png","332.47500006109476","2659.3900001607835","276.93000016734004","332.47500006109476,2659.3900001607835,276.93000016734004","74","74,13,32","null","","enter","","",""
"no-tradeoff","237","3047799","0.0-11.0-0.75","","","","","","","","4","7","1","img/tree_8.png","img/tree_9.png","466.05500020086765","314.9799997918308","","466.05500020086765,314.9799997918308","70","70,32","null","","null","","",""
"no-tradeoff","238","3061470","0.0-11.0-0.76","","","","","","","","4","6","0","img/tree_8.png","img/tree_9.png","346.14000003784895","1144.2950000055134","3445.4950001090765","346.14000003784895,1144.2950000055134,3445.4950001090765","74","74,32,13","enter","","null","","",""
"no-tradeoff","239","3070934","0.0-11.0-0.77","","","","","","","","1","7","4","img/tree_7.png","img/tree_3.png","632.4849999509752","426.94999976083636","","632.4849999509752,426.94999976083636","74","74,32","null","","null","","",""
"no-tradeoff","240","3082244","0.0-11.0-0.78","","","","","","","","1","8","4","img/tree_8.png","img/tree_9.png","382.9600000753999","1984.54499989748","257.3149995878339","382.9600000753999,1984.54499989748,257.3149995878339","74","74,13,32","null","","enter","","",""
"no-tradeoff","241","3091694","0.0-11.0-0.79","","","","","","","","1","5","7","img/tree_8.png","img/tree_9.png","405.0549999810755","387.93000020086765","","405.0549999810755,387.93000020086765","74","74,32","null","","null","","",""
"no-tradeoff","242","3103212","0.0-11.0-0.80","","","","","","","","1","5","5","img/tree_8.png","img/tree_9.png","467.8350002504885","224.46999978274107","2234.6649998798966","467.8350002504885,224.46999978274107,2234.6649998798966","70","70,32,13","enter","","null","","",""
"no-tradeoff","243","3111793","0.0-11.0-0.81","","","","","","","","1","7","2","img/tree_8.png","img/tree_9.png","378.58499959111214","1029.0250000543892","","378.58499959111214,1029.0250000543892","74","74,32","null","","null","","",""
"no-tradeoff","244","3122692","0.0-11.0-0.82","","","","","","","","4","8","2","img/tree_7.png","img/tree_3.png","449.25000006332994","1737.0699997991323","106.54499987140298","449.25000006332994,1737.0699997991323,106.54499987140298","70","70,13,32","null","","enter","","",""
"no-tradeoff","245","3132114","0.0-11.0-0.83","","","","","","","","1","7","1","img/tree_8.png","img/tree_9.png","383.8100000284612","358.2250000908971","","383.8100000284612,358.2250000908971","70","70,32","null","","null","","",""
"no-tradeoff","246","3143815","0.0-11.0-0.84","","","","","","","","1","6","2","img/tree_7.png","img/tree_3.png","456.1999998986721","453.5950003191829","2202.9200000688434","456.1999998986721,453.5950003191829,2202.9200000688434","74","74,32,13","enter","","null","","",""
"no-tradeoff","247","3153204","0.0-11.0-0.85","","","","","","","","1","6","0","img/tree_7.png","img/tree_3.png","356.18000011891127","315.13499980792403","","356.18000011891127,315.13499980792403","74","74,32","null","","null","","",""
"no-tradeoff","248","3164208","0.0-11.0-0.86","","","","","","","","4","8","1","img/tree_7.png","img/tree_3.png","438.4800000116229","1520.294999703765","438.6999998241663","438.4800000116229,1520.294999703765,438.6999998241663","70","70,13,32","null","","enter","","",""
"no-tradeoff","249","3173305","0.0-11.0-0.87","","","","","","","","1","8","1","img/tree_7.png","img/tree_3.png","333.0400004051626","28.27499993145466","","333.0400004051626,28.27499993145466","74","74,32","null","","null","","",""
"no-tradeoff","250","3184436","0.0-11.0-0.88","","","","","","","","1","8","0","img/tree_8.png","img/tree_9.png","365.4049998149276","625.604999717325","1435.9999997541308","365.4049998149276,625.604999717325,1435.9999997541308","70","70,32,13","enter","","null","","",""
"no-tradeoff","251","3193899","0.0-11.0-0.89","","","","","","","","4","6","6","img/tree_8.png","img/tree_9.png","542.905000038445","408.44499971717596","","542.905000038445,408.44499971717596","74","74,32","null","","null","","",""
"no-tradeoff","252","3204799","0.0-11.0-0.90","","","","","","","","4","5","4","img/tree_8.png","img/tree_9.png","421.99499998241663","1881.1149997636676","1459.8099999129772","421.99499998241663,1881.1149997636676,1459.8099999129772","74","74,13,32","null","","enter","","",""
"no-tradeoff","253","3213304","0.0-11.0-0.91","","","","","","","","4","9","5","img/tree_8.png","img/tree_9.png","519.3099998869002","973.265000153333","","519.3099998869002,973.265000153333","70","70,32","null","","null","","",""
"no-tradeoff","254","3224269","0.0-11.0-0.92","","","","","","","","4","7","6","img/tree_8.png","img/tree_9.png","360.2200001478195","458.0149999819696","1453.830000013113","360.2200001478195,458.0149999819696,1453.830000013113","74","74,32,13","enter","","null","","",""
"no-tradeoff","255","3233723","0.0-11.0-0.93","","","","","","","","1","4","7","img/tree_7.png","img/tree_3.png","336.30000008270144","388.0500001832843","","336.30000008270144,388.0500001832843","74","74,32","null","","null","","",""
"no-tradeoff","256","3244979","0.0-11.0-0.94","","","","","","","","1","6","9","img/tree_7.png","img/tree_3.png","492.46500013396144","1843.1100002489984","354.64000003412366","492.46500013396144,1843.1100002489984,354.64000003412366","74","74,13,32","null","","enter","","",""
"no-tradeoff","257","3254587","0.0-11.0-0.95","","","","","","","","4","9","6","img/tree_7.png","img/tree_3.png","414.9500001221895","550.139999948442","","414.9500001221895,550.139999948442","74","74,32","null","","null","","",""
"no-tradeoff","258","3265409","0.0-11.0-0.96","","","","","","","","4","6","7","img/tree_8.png","img/tree_9.png","331.3750000670552","13.45500024035573","1759.1849998570979","331.3750000670552,13.45500024035573,1759.1849998570979","74","74,32,13","enter","","null","","",""
"no-tradeoff","259","3274941","0.0-11.0-0.97","","","","","","","","1","7","7","img/tree_7.png","img/tree_3.png","595.4300002194941","429.49000000953674","","595.4300002194941,429.49000000953674","74","74,32","null","","null","","",""
"no-tradeoff","260","3286068","0.0-11.0-0.98","","","","","","","","1","5","7","img/tree_8.png","img/tree_9.png","423.1650000438094","1717.0299999415874","347.08500001579523","423.1650000438094,1717.0299999415874,347.08500001579523","74","74,13,32","null","","enter","","",""
"no-tradeoff","261","3295476","0.0-11.0-0.99","","","","","","","","4","6","3","img/tree_9.png","img/tree_8.png","972.6849999278784","355.28000025078654","","972.6849999278784,355.28000025078654","70","70,32","null","","null","","",""
"no-tradeoff","262","3307966","0.0-11.0-0.100","","","","","","","","1","4","5","img/tree_3.png","img/tree_7.png","1139.204999897629","288.7049997225404","3129.9049998633564","1139.204999897629,288.7049997225404,3129.9049998633564","74","74,32,13","enter","","null","","",""
"no-tradeoff","263","3317357","0.0-11.0-0.101","","","","","","","","1","4","4","img/tree_7.png","img/tree_3.png","361.1300000920892","330.13000013306737","","361.1300000920892,330.13000013306737","74","74,32","null","","null","","",""
"no-tradeoff","264","3328183","0.0-11.0-0.102","","","","","","","","1","1","3","img/tree_9.png","img/tree_8.png","372.66500014811754","1384.964999742806","384.59999999031425","372.66500014811754,1384.964999742806,384.59999999031425","74","74,13,32","null","","enter","","",""
"no-tradeoff","265","3337605","0.0-11.0-0.103","","","","","","","","1","4","4","img/tree_7.png","img/tree_3.png","460.46500001102686","353.38000021874905","","460.46500001102686,353.38000021874905","70","70,32","null","","null","","",""
"no-tradeoff","266","3348531","0.0-11.0-0.104","","","","","","","","1","4","3","img/tree_7.png","img/tree_3.png","673.6200000159442","355.5200002156198","1493.2499998249114","673.6200000159442,355.5200002156198,1493.2499998249114","74","74,32,13","enter","","null","","",""
"no-tradeoff","267","3357961","0.0-11.0-0.105","","","","","","","","1","3","3","img/tree_8.png","img/tree_9.png","681.3300000503659","376.69500010088086","","681.3300000503659,376.69500010088086","74","74,32","null","","null","","",""
"no-tradeoff","268","3369136","0.0-11.0-0.106","","","","","","","","1","3","4","img/tree_9.png","img/tree_8.png","322.1700000576675","1722.2350002266467","392.15000020340085","322.1700000576675,1722.2350002266467,392.15000020340085","74","74,13,32","null","","enter","","",""
"no-tradeoff","269","3377065","0.0-11.0-0.107","","","","","","","","4","2","2","img/tree_3.png","img/tree_7.png","356.3849995844066","377.3449999280274","","356.3849995844066,377.3449999280274","74","74,32","null","","null","","",""
"no-tradeoff","270","3388258","0.0-11.0-0.108","","","","","","","","1","2","2","img/tree_7.png","img/tree_3.png","734.8299999721348","554.3499998748302","1556.1849996447563","734.8299999721348,554.3499998748302,1556.1849996447563","70","70,32,13","enter","","null","","",""
"no-tradeoff","271","3397517","0.0-11.0-0.109","","","","","","","","1","1","1","img/tree_3.png","img/tree_7.png","365.6950001604855","202.99999974668026","","365.6950001604855,202.99999974668026","74","74,32","null","","null","","",""
"no-tradeoff","272","3408473","0.0-11.0-0.110","","","","","","","","1","1","0","img/tree_7.png","img/tree_3.png","670.9799999371171","1836.1349999904633","54.090000223368406","670.9799999371171,1836.1349999904633,54.090000223368406","74","74,13,32","null","","enter","","",""
"no-tradeoff","273","3417869","0.0-11.0-0.111","","","","","","","","4","2","2","img/tree_7.png","img/tree_3.png","910.6649998575449","312.90500005707145","","910.6649998575449,312.90500005707145","70","70,32","null","","null","","",""
"no-tradeoff","274","3428940","0.0-11.0-0.112","","","","","","","","1","2","1","img/tree_3.png","img/tree_7.png","386.7750000208616","400.4150000400841","1587.8699999302626","386.7750000208616,400.4150000400841,1587.8699999302626","70","70,32,13","enter","","null","","",""
"no-tradeoff","275","3438345","0.0-11.0-0.113","","","","","","","","1","1","4","img/tree_8.png","img/tree_9.png","517.3349999822676","353.94500009715557","","517.3349999822676,353.94500009715557","74","74,32","null","","null","","",""
"no-tradeoff","276","3450479","0.0-11.0-0.114","","","","","","","","4","3","2","img/tree_9.png","img/tree_8.png","313.02000023424625","2771.2500002235174","292.2049998305738","313.02000023424625,2771.2500002235174,292.2049998305738","74","74,13,32","null","","enter","","",""
"no-tradeoff","277","3459321","0.0-11.0-0.115","","","","","","","","4","6","3","img/tree_9.png","img/tree_8.png","313.9849998988211","1307.4950003065169","","313.9849998988211,1307.4950003065169","70","70,32","null","","null","","",""
"no-tradeoff","278","3470285","0.0-11.0-0.116","","","","","","","","4","6","0","img/tree_9.png","img/tree_8.png","364.98000007122755","385.600000154227","1504.1899997740984","364.98000007122755,385.600000154227,1504.1899997740984","70","70,32,13","enter","","null","","",""
"no-tradeoff","279","3478510","0.0-11.0-0.117","","","","","","","","4","5","0","img/tree_9.png","img/tree_8.png","335.63499990850687","676.6899996437132","","335.63499990850687,676.6899996437132","70","70,32","null","","null","","",""
"no-tradeoff","280","3490224","0.0-11.0-0.118","","","","","","","","1","8","5","img/tree_3.png","img/tree_7.png","332.08499988541007","2298.739999998361","350.2599997445941","332.08499988541007,2298.739999998361,350.2599997445941","70","70,13,32","null","","enter","","",""
"no-tradeoff","281","3499625","0.0-11.0-0.119","","","","","","","","1","7","4","img/tree_3.png","img/tree_7.png","356.4100000075996","338.53999990969896","","356.4100000075996,338.53999990969896","70","70,32","null","","null","","",""
"call-function","282","3499626","0.0-12.0","","","","","","","","","","","","","","","","","","","","","","","",""
"html-keyboard-response","283","3513590","0.0-13.0-0.0","13962.979999836534","<p><b> Now you will answer a few questionnaires</b></p><br> The following are statements that a person may either agree with or disagree with.</br><p>For each item, indicate how much you agree or disagree with what the item says by clicking your response. </p><p> Choose only one response and be as accurate and honest as you can. Do not worry about being consistent in your responses. </p><p> Press the space bar to start </p>","","","32","","","","","","","","","","","","","","","","","","",""
"survey-likert","284","3691056","0.0-13.0-1.0","177455.38000017405","","","{""BISBAS1"":1,""BISBAS2"":3,""BISBAS3"":1,""BISBAS4"":1,""BISBAS5"":1,""BISBAS6"":2,""BISBAS7"":0,""BISBAS8"":2,""BISBAS9"":2,""BISBAS10"":2,""BISBAS11"":2,""BISBAS12"":2,""BISBAS13"":0,""BISBAS14"":1,""BISBAS15"":2,""BISBAS16"":0,""BISBAS17"":1,""BISBAS18"":1,""BISBAS19"":0,""BISBAS20"":2,""BISBAS21"":2,""BISBAS22"":3,""BISBAS23"":0,""BISBAS24"":0}","","","","","","","","","","","","","","","","","","","","[0,1,2,3,4,5,6,7,8,9,10,11,12,13,14,15,16,17,18,19,20,21,22,23]"
"html-keyboard-response","285","3697385","0.0-14.0-0.0","6326.3949998654425","<p>Please indicate for each statement the degree to which each statement is descriptive of your mood <b> at this  moment </b>. </p><p> Press the space bar to start </p>","","","32","","","","","","","","","","","","","","","","","","",""
"survey-likert","286","3802378","0.0-14.0-1.0","104981.37000016868","","","{""STICSAS1"":1,""STICSAS2"":1,""STICSAS3"":1,""STICSAS4"":1,""STICSAS5"":0,""STICSAS6"":2,""STICSAS7"":1,""STICSAS8"":1,""STICSAS9"":1,""STICSAS10"":2,""STICSAS11"":0,""STICSAS12"":1,""STICSAS13"":1,""STICSAS14"":1,""STICSAS15"":1,""STICSAS16"":1,""STICSAS17"":1,""STICSAS18"":0,""STICSAS19"":1,""STICSAS20"":0,""STICSAS21"":1,""STICSAS22"":3}","","","","","","","","","","","","","","","","","","","","[0,1,2,3,4,5,6,7,8,9,10,11,12,13,14,15,16,17,18,19,20,21]"
"html-keyboard-response","287","3806006","0.0-15.0-0.0","3625.4699998535216","<p>Please indicate for each statement how often <b> in general </b> the statement is true for you. </p><p> Press the space bar to start </p>","","","32","","","","","","","","","","","","","","","","","","",""
"survey-likert","288","3874483","0.0-15.0-1.0","68467.6600000821","","","{""STICSAT1"":1,""STICSAT2"":1,""STICSAT3"":1,""STICSAT4"":2,""STICSAT5"":0,""STICSAT6"":1,""STICSAT7"":1,""STICSAT8"":0,""STICSAT9"":2,""STICSAT10"":2,""STICSAT11"":0,""STICSAT12"":1,""STICSAT13"":3,""STICSAT14"":0,""STICSAT15"":0,""STICSAT16"":2,""STICSAT17"":1,""STICSAT18"":0,""STICSAT19"":2,""STICSAT20"":1,""STICSAT21"":0}","","","","","","","","","","","","","","","","","","","","[0,1,2,3,4,5,6,7,8,9,10,11,12,13,14,15,16,17,18,19,20]"
"html-keyboard-response","289","3877556","0.0-16.0-0.0","3071.2300003506243","<p>Please indicate for each statement how much you agree. </p><p> Press the space bar to start </p>","","","32","","","","","","","","","","","","","","","","","","",""
"survey-likert","290","3954607","0.0-16.0-1.0","77043.52500010282","","","{""IUS1"":3,""IUS2"":4,""IUS3"":3,""IUS4"":2,""IUS5"":2,""IUS6"":1,""IUS7"":4,""IUS8"":2,""IUS9"":1,""IUS10"":3,""IUS11"":3,""IUS12"":3,""IUS13"":4}","","","","","","","","","","","","","","","","","","","","[0,1,2,3,4,5,6,7,8,9,10,11,12]"
"html-keyboard-response","291","3957396","0.0-17.0-0.0","2786.7050003260374","<p>Please indicate for each statement how you <b> generally </b> feel. </p><p> Press the space bar to start </p>","","","32","","","","","","","","","","","","","","","","","","",""
"survey-likert","292","4032900","0.0-17.0-1.0","75493.30999981612","","","{""STAIT1"":3,""STAIT2"":3,""STAIT3"":1,""STAIT4"":3,""STAIT5"":2,""STAIT6"":1,""STAIT7"":3,""STAIT8"":1,""STAIT9"":3,""STAIT10"":2,""STAIT11"":3,""STAIT12"":2,""STAIT13"":2,""STAIT14"":2,""STAIT15"":2,""STAIT16"":2,""STAIT17"":3,""STAIT18"":2,""STAIT19"":2,""STAIT20"":2}","","","","","","","","","","","","","","","","","","","","[0,1,2,3,4,5,6,7,8,9,10,11,12,13,14,15,16,17,18,19]"
"html-keyboard-response","293","4036477","0.0-18.0-0.0","3574.1300000809133","<p>Please indicate for each statement how much you think each statement is typical of you. </p><p> Press the space bar to start </p>","","","32","","","","","","","","","","","","","","","","","","",""
"survey-likert","294","4198188","0.0-18.0-1.0","161694.1550001502","","","{""ACQ1"":4,""ACQ2"":1,""ACQ3"":"""",""ACQ4"":2,""ACQ5"":4,""ACQ6"":4,""ACQ7"":1,""ACQ8"":4,""ACQ9"":4,""ACQ10"":1,""ACQ11"":4,""ACQ12"":2,""ACQ13"":5,""ACQ14"":3,""ACQ15"":2,""ACQ16"":1,""ACQ17"":4,""ACQ18"":1,""ACQ19"":4,""ACQ20"":5,""ACQ21"":1,""ACQ22"":4,""ACQ23"":4,""ACQ24"":1,""ACQ25"":1,""ACQ26"":3,""ACQ27"":4,""ACQ28"":1,""ACQ29"":4,""ACQ30"":1}","","","","","","","","","","","","","","","","","","","","[0,1,2,3,4,5,6,7,8,9,10,11,12,13,14,15,16,17,18,19,20,21,22,23,24,25,26,27,28,29]"
"html-keyboard-response","295","4204061","0.0-19.0-0.0","5869.254999794066","<p> For the following questions, indicate <b> how often </b> you felt or thought a certain way <b> during the last month </b>.</p><p> Press space to start </p>","","","32","","","","","","","","","","","","","","","","","","",""
"survey-likert","296","4262697","0.0-19.0-1.0","58630.005000159144","","","{""Stress1"":3,""Stress2"":4,""Stress3"":4,""Stress4"":2,""Stress5"":1,""Stress6"":4,""Stress7"":2,""Stress8"":2,""Stress9"":4,""Stress10"":3}","","","","","","","","","","","","","","","","","","","","[0,1,2,3,4,5,6,7,8,9]"
