"trial_type","trial_index","time_elapsed","internal_node_id","rt","stimulus","button_pressed","responses","key_press","view_history","correct","stakes","outcome","outcome_notreceived","choice_selected","choice_not_selected","rt_choice","rt_space","rt_certainty","all_rts","key_choice","all_keys","estimate_trial","estimate_val","certainty_trial","certainty_val","value","question_order"
"pavlovia","0","37","0.0-0.0","","","","","","","","","","","","","","","","","","","","","","","",""
"html-button-response","1","77395","0.0-1.0","77361.62500001956","<p style=""font-size:24px;font-weight:bold"">Consent</p><div class=""consent"" style=""text-align:left; border:1px solid; padding:10px; width:800px; font-size=100%, float:right""><p align=left>Thank you for signing up for this experiment!<p><p align=left>This experiment is being conducted by the California Institute of Technology (Caltech). The lead investigators are Sarah Tashjian, PhD and Dean Mobbs, PhD. This study has been approved by the Caltech Institutional Review Board for research ethics.<p><p align=left>The goal of this study is to understand learning processes. In this experiment, you will complete a task in which you will see images.<p><p align=left>At times, you will receive rewards and penalties. These earnings will determine your eligibility for a bonus payment, which will result in a real increase in your payment in this study.<p><p align=left>Your goal is to learn which images predict the most points. We will also ask how certain you are about your decisions throughout the task.<p><p align=left>This experiment will take approximately 1 hour to complete in its entirety.<p><p align=left><b>You will receive $9.00 for completing the experiment. <u>If you optimize decisions on at least 70% of trials, you will be eligible for a $100 bonus payment.</u></b><p><p align=left>This study involves minimal risk, meaning there will be no more risk than in daily life. Possible risks include physical discomfort/fatigue (eyestrain, tiredness), as well as psychological discomfort (e.g., potential boredom).<p><p align=left> Besides receiving payment, you will not benefit from this study.<p><p align=left><b>Any information that is obtained in connection with this study that can identify you will remain confidential. </b><p><p align=left>When the results of this study are reported, your identifying information will not be disclosed. Because this study is being conducted online, we are unable to fully eliminate the risk of a breach of confidentiality. However, to mitigate the chances of this occurring, we are using secure and confidential data collection systems.<p align=left>You may choose to withdraw from this study at any time and refuse to answer any questions without penalty. Also, you may choose not to participate in this study.<p><p align=left>You are <b>eligible</b> to participate if you (1) are 18-65 years old, (2) are fluent in English, (3) have healthy or corrected vision, (4) are not colorblind, and (5) have no difficulty controlling motor movements. <p><p align=left>If you do not meet these criteria, please exit the experiment now.<p><p align=center><b> If you meet these criteria and consent to participate, you must<br>indicate your consent by clicking the button below.<b></p>","0","","","","","","","","","","","","","","","","","","","","",""
"survey-text","2","129021","0.0-2.0-0.0","51621.86000001384","","","{""Q0"":""5ee623674afa60375e30eec3"",""Q1"":""23"",""Q2"":""Female "",""Q3"":""Female""}","","","","","","","","","","","","","","","","","","","",""
"html-keyboard-response","3","137933","0.0-3.0","8907.89499998209","<p>Welcome to the experiment!</p><p> You will play two games and answer a few questions.</p><p>Press the space bar to begin reading the instructions for the first game.</p>","","","32","","","","","","","","","","","","","","","","","","",""
"instructions","4","331885","0.0-4.0","193982.0400000026","","","","","[{""page_index"":0,""viewing_time"":32115.37500002305},{""page_index"":1,""viewing_time"":24414.89499999443},{""page_index"":2,""viewing_time"":12502.134999987902},{""page_index"":3,""viewing_time"":20601.22500002035},{""page_index"":4,""viewing_time"":34231.16499997559},{""page_index"":5,""viewing_time"":9040.45000000042},{""page_index"":6,""viewing_time"":14563.795000023674},{""page_index"":7,""viewing_time"":9687.274999974761},{""page_index"":6,""viewing_time"":1034.3750000174623},{""page_index"":5,""viewing_time"":3449.659999983851},{""page_index"":6,""viewing_time"":751.4800000062678},{""page_index"":7,""viewing_time"":25943.87000001734},{""page_index"":8,""viewing_time"":5645.019999996293}]","","","","","","","","","","","","","","","","","",""
"html-keyboard-response","5","335229","0.0-5.0-0.0","3340.1600000215694","<p style=""font-size:24px;font-weight:bold"">TEST QUESTION</p><p>Which letter should you press to select the green house on the left?</p><div class=group><table class=table_center><tr><td class=prompt colspan=2>Choose one</td></tr><tr style=""height: 300px;""><td style=""width: 300px;""><img id=""left"" src=img/house_3.png style=""zoom: 100%;""/></td><td style=""width: 300px;""><img id=""right"" src=img/house_2.png style=""zoom: 100%;""/></td></tr></table></div><br>","","","74","","false","","","","","","","","","","","","","","","","",""
"html-keyboard-response","6","338243","0.0-5.0-1.0","null","<p style=""font-size:36px;font-weight:bold"">Wrong answer.</p><p> Remember, press ""F"" for left and ""J"" for right.</p>","","","null","","","","","","","","","","","","","","","","","","",""
"html-keyboard-response","7","342209","0.0-5.0-2.0","3963.710000010906","<p style=""font-size:24px;font-weight:bold"">TEST QUESTION</p><p>Which letter should you press to select the red house on the right?</p><div class=group><table class=table_center><tr><td class=prompt colspan=2>Choose one</td></tr><tr style=""height: 300px;""><td style=""width: 300px;""><img id=""left"" src=img/house_3.png style=""zoom: 100%;""/></td><td style=""width: 300px;""><img id=""right"" src=img/house_2.png style=""zoom: 100%;""/></td></tr></table></div><br>","","","70","","false","","","","","","","","","","","","","","","","",""
"html-keyboard-response","8","345217","0.0-5.0-3.0","null","<p style=""font-size:36px;font-weight:bold"">Wrong answer.</p><p> Remember, press ""F"" for left and ""J"" for right.</p>","","","null","","","","","","","","","","","","","","","","","","",""
"html-keyboard-response","9","357052","0.0-5.0-4.0","11832.735000003595","<p style=""font-size:24px;font-weight:bold"">TEST QUESTION</p><p>Type the number of the <b> maximum </b> amount of sacks an elf can make</p>","","","57","","true","","","","","","","","","","","","","","","","",""
"html-keyboard-response","10","360057","0.0-5.0-5.0","null","<p style=""font-size:36px;font-weight:bold"">Correct!</p><p> Remember, elves can make 0 to 9 sacks. </p>","","","null","","","","","","","","","","","","","","","","","","",""
"html-keyboard-response","11","369695","0.0-5.0-6.0","9635.04500000272","<p style=""font-size:24px;font-weight:bold"">TEST QUESTION</p><p>Remember, the same house always takes you to the same elf. </p><p>On this trial, select the house on the left by pressing ""F"".</p><div class=group><table class=table_center><tr><td class=prompt colspan=2>Choose one</td></tr><tr style=""height: 300px;""><td style=""width: 300px;""><img id=""left"" src=img/house_1.png style=""zoom: 100%;""/></td><td style=""width: 300px;""><img id=""right"" src=img/house_5.png style=""zoom: 100%;""/></td></tr></table></div><br>","","","70","","","","","","","","","","","","","","","","","","",""
"html-keyboard-response","12","379066","0.0-5.0-7.0","9368.480000004638","<p style=""font-size:24px;font-weight:bold"">TEST QUESTION</p><p>The red house took you to the yellow elf. </p><p> The yellow elf gave you 8 sacks. </p><p> The most sacks an elf can make is 9 sacks, so this is a great outcome!</p><div class=group><table class=table_center><tr><td class=prompt colspan=3>You received</td></tr><tr style=""height: 300px;""><td><img src=img/elf_yellow.png style=""zoom: 100%;""/></td><td><img src=img/sack.png style=""zoom: 30%;""/></td><td class=prompt>x 8</td></tr></table></div><br><p> Press space to continue </p>","","","32","","","","","","","","","","","","","","","","","","",""
"html-keyboard-response","13","384149","0.0-5.0-8.0","5089.784999989206","<p style=""font-size:24px;font-weight:bold"">TEST QUESTION</p><p>If you wanted to visit the <b> yellow elf </b> again, which house would you select?</p><div class=group><table class=table_center><tr><td class=prompt colspan=2>Choose one</td></tr><tr style=""height: 300px;""><td style=""width: 300px;""><img id=""left"" src=img/house_1.png style=""zoom: 100%;""/></td><td style=""width: 300px;""><img id=""right"" src=img/house_5.png style=""zoom: 100%;""/></td></tr></table></div><br>","","","70","","true","","","","","","","","","","","","","","","","",""
"html-keyboard-response","14","387154","0.0-5.0-9.0","null","<p style=""font-size:36px;font-weight:bold"">Correct!</p><p> Remember, the same house goes to the same elf. </p>","","","null","","","","","","","","","","","","","","","","","","",""
"html-keyboard-response","15","389412","0.0-5.0-10.0","2255.730000004405","<p style=""font-size:24px;font-weight:bold"">TEST QUESTION</p><p>On this trial, select the house on the right by pressing ""J"".</p><div class=group><table class=table_center><tr><td class=prompt colspan=2>Choose one</td></tr><tr style=""height: 300px;""><td style=""width: 300px;""><img id=""left"" src=img/house_1.png style=""zoom: 100%;""/></td><td style=""width: 300px;""><img id=""right"" src=img/house_5.png style=""zoom: 100%;""/></td></tr></table></div><br>","","","74","","","","","","","","","","","","","","","","","","",""
"html-keyboard-response","16","395648","0.0-5.0-11.0","6233.000000007451","<p style=""font-size:24px;font-weight:bold"">TEST QUESTION</p><p>The blue house took you to the purple elf. </p><p> The purple elf only gave you 1 sack. </p><p> That is not very much and is a pretty bad outcome.</p><div class=group><table class=table_center><tr><td class=prompt colspan=3>You received</td></tr><tr style=""height: 300px;""><td><img src=img/elf_purple.png style=""zoom: 100%;""/></td><td><img src=img/sack.png style=""zoom: 30%;""/></td><td class=prompt>x 1</td></tr></table></div><br><p> Press space to continue </p>","","","32","","","","","","","","","","","","","","","","","","",""
"html-keyboard-response","17","401757","0.0-5.0-12.0","6106.5400000079535","<p style=""font-size:24px;font-weight:bold"">TEST QUESTION</p><p>Remember the yellow elf gave you 8 sacks and the purple elf only gave you 1 sack. </p><p> Which elf would you try to visit next? </p><div class=group><table class=table_center><tr><td class=prompt colspan=2>Choose one</td></tr><tr style=""height: 300px;""><td style=""width: 300px;""><img id=""left"" src=img/elf_yellow.png style=""zoom: 100%;""/></td><td style=""width: 300px;""><img id=""right"" src=img/elf_purple.png style=""zoom: 100%;""/></td></tr></table></div><br>","","","70","","true","","","","","","","","","","","","","","","","",""
"html-keyboard-response","18","404761","0.0-5.0-13.0","null","<p style=""font-size:36px;font-weight:bold"">Correct!</p><p> Remember, you want to select the elf who gives you the most sacks.</p>","","","null","","","","","","","","","","","","","","","","","","",""
"html-keyboard-response","19","407886","0.0-5.0-14.0","3122.2450000059325","<p style=""font-size:24px;font-weight:bold"">TEST QUESTION</p><p>To visit the yellow elf, which house should you visit? </p><div class=group><table class=table_center><tr><td class=prompt colspan=2>Choose one</td></tr><tr style=""height: 300px;""><td style=""width: 300px;""><img id=""left"" src=img/house_1.png style=""zoom: 100%;""/></td><td style=""width: 300px;""><img id=""right"" src=img/house_5.png style=""zoom: 100%;""/></td></tr></table></div><br>","","","74","","false","","","","","","","","","","","","","","","","",""
"html-keyboard-response","20","410889","0.0-5.0-15.0","null","<p style=""font-size:36px;font-weight:bold"">Wrong answer.</p><p>Remember, the same house goes to the same elf each time.</p>","","","null","","","","","","","","","","","","","","","","","","",""
"html-keyboard-response","21","414827","0.0-5.0-16.0","3936.8649999960326","<p style=""font-size:36px;font-weight:bold"">You are ready to play!</p><p>The houses and elves in the actual game will be different than the practice. </p><p> Press the space bar to start the game</p>","","","32","","","","","","","","","","","","","","","","","","",""
"no-tradeoff-rwd","22","421480","0.0-6.0-0.0","","","","","","","","1","0","","","","3130.234999989625","","","3130.234999989625","32","32","null","","null","","",""
"no-tradeoff-rwd","23","431714","0.0-6.0-0.1","","","","","","","","4","7","4","img/house_2.png","img/house_3.png","592.9550000000745","1152.700000006007","","592.9550000000745,1152.700000006007","70","70,32","null","","null","","",""
"no-tradeoff-rwd","24","453045","0.0-6.0-0.2","","","","","","","","4","8","3","img/house_2.png","img/house_3.png","453.1149999820627","10779.939999978524","1496.610000001965","453.1149999820627,10779.939999978524,1496.610000001965","74","74,13,32","null","","enter","9","",""
"no-tradeoff-rwd","25","462303","0.0-6.0-0.3","","","","","","","","1","6","4","img/house_2.png","img/house_3.png","805.9700000158045","187.8900000010617","","805.9700000158045,187.8900000010617","74","74,32","null","","null","","",""
"no-tradeoff-rwd","26","476718","0.0-6.0-0.4","","","","","","","","1","5","6","img/house_2.png","img/house_3.png","895.5200000200421","340.02000000327826","5010.994999989634","895.5200000200421,340.02000000327826,5010.994999989634","74","74,32,13","enter","9","null","","",""
"no-tradeoff-rwd","27","484428","0.0-6.0-0.5","","","","","","","","4","7","1","img/house_3.png","img/house_2.png","940.759999997681","144.2899999965448","","940.759999997681,144.2899999965448","70","70,32","null","","null","","",""
"no-tradeoff-rwd","28","495755","0.0-6.0-0.6","","","","","","","","1","8","3","img/house_3.png","img/house_2.png","766.5949999936856","2709.819999989122","1059.4100000162143","766.5949999936856,2709.819999989122,1059.4100000162143","70","70,13,32","null","","enter","9","",""
"no-tradeoff-rwd","29","500237","0.0-6.0-0.7","","","","","","","","4","0","","","","950.6399999954738","","","950.6399999954738","32","32","null","","null","","",""
"no-tradeoff-rwd","30","512700","0.0-6.0-0.8","","","","","","","","1","3","8","img/house_2.png","img/house_3.png","763.7950000062119","852.6150000107009","4056.0350000159815","763.7950000062119,852.6150000107009,4056.0350000159815","74","74,32,13","enter","9","null","","",""
"no-tradeoff-rwd","31","521256","0.0-6.0-0.9","","","","","","","","4","1","8","img/house_6.png","img/house_4.png","655.6449999916367","998.1700000062119","","655.6449999916367,998.1700000062119","70","70,32","null","","null","","",""
"no-tradeoff-rwd","32","535671","0.0-6.0-0.10","","","","","","","","1","6","2","img/house_3.png","img/house_2.png","1300.3700000117533","6104.270000010729","750.5549999768846","1300.3700000117533,6104.270000010729,750.5549999768846","74","74,13,32","null","","enter","8","",""
"no-tradeoff-rwd","33","543944","0.0-6.0-0.11","","","","","","","","1","1","7","img/house_6.png","img/house_4.png","1024.5449999929406","732.2950000234414","","1024.5449999929406,732.2950000234414","74","74,32","null","","null","","",""
"no-tradeoff-rwd","34","548221","0.0-6.0-0.12","","","","","","","","4","0","","","","747.2399999969639","","","747.2399999969639","32","32","null","","null","","",""
"no-tradeoff-rwd","35","552798","0.0-6.0-0.13","","","","","","","","1","0","","","","1043.084999982966","","","1043.084999982966","32","32","null","","null","","",""
"no-tradeoff-rwd","36","566966","0.0-6.0-0.14","","","","","","","","1","4","4","img/house_6.png","img/house_4.png","519.3149999831803","5909.794999985024","725.0200000125915","519.3149999831803,5909.794999985024,725.0200000125915","70","70,13,32","null","","enter","8","",""
"no-tradeoff-rwd","37","575179","0.0-6.0-0.15","","","","","","","","4","6","5","img/house_6.png","img/house_4.png","1030.1450000260957","649.3449999834411","","1030.1450000260957,649.3449999834411","74","74,32","null","","null","","",""
"no-tradeoff-rwd","38","586678","0.0-6.0-0.16","","","","","","","","1","6","5","img/house_3.png","img/house_2.png","1085.8350000053179","666.769999981625","3286.389999993844","1085.8350000053179,666.769999981625,3286.389999993844","74","74,32,13","enter","8","null","","",""
"no-tradeoff-rwd","39","594745","0.0-6.0-0.17","","","","","","","","1","1","9","img/house_2.png","img/house_3.png","850.6449999986216","515.3249999857508","","850.6449999986216,515.3249999857508","70","70,32","null","","null","","",""
"no-tradeoff-rwd","40","605571","0.0-6.0-0.18","","","","","","","","1","2","8","img/house_6.png","img/house_4.png","847.5000000034925","2632.6350000163075","648.4199999831617","847.5000000034925,2632.6350000163075,648.4199999831617","74","74,13,32","null","","enter","8","",""
"no-tradeoff-rwd","41","613958","0.0-6.0-0.19","","","","","","","","1","1","4","img/house_6.png","img/house_4.png","1093.75","835.0199999986216","","1093.75,835.0199999986216","74","74,32","null","","null","","",""
"no-tradeoff-rwd","42","624546","0.0-6.0-0.20","","","","","","","","1","6","1","img/house_4.png","img/house_6.png","586.6050000186078","209.76500000688247","2814.3700000073295","586.6050000186078,209.76500000688247,2814.3700000073295","70","70,32,13","enter","8","null","","",""
"no-tradeoff-rwd","43","632731","0.0-6.0-0.21","","","","","","","","4","5","2","img/house_3.png","img/house_2.png","944.2000000271946","643.355000007432","","944.2000000271946,643.355000007432","70","70,32","null","","null","","",""
"no-tradeoff-rwd","44","643528","0.0-6.0-0.22","","","","","","","","4","3","1","img/house_3.png","img/house_2.png","967.5750000169501","2404.1650000144728","852.9549999802839","967.5750000169501,2404.1650000144728,852.9549999802839","74","74,13,32","null","","enter","","",""
"no-tradeoff-rwd","45","651739","0.0-6.0-0.23","","","","","","","","4","3","6","img/house_6.png","img/house_4.png","987.890000018524","653.7149999930989","","987.890000018524,653.7149999930989","74","74,32","null","","null","","",""
"no-tradeoff-rwd","46","665478","0.0-6.0-0.24","","","","","","","","1","6","2","img/house_4.png","img/house_6.png","552.270000014687","872.7999999828171","5316.175000014482","552.270000014687,872.7999999828171,5316.175000014482","74","74,32,13","enter","7","null","","",""
"no-tradeoff-rwd","47","673831","0.0-6.0-0.25","","","","","","","","1","9","1","img/house_4.png","img/house_6.png","686.1549999739509","785.7249999942724","","686.1549999739509,785.7249999942724","74","74,32","null","","null","","",""
"no-tradeoff-rwd","48","686270","0.0-6.0-0.26","","","","","","","","1","1","5","img/house_2.png","img/house_3.png","900.7200000050943","4191.075000009732","698.0350000085309","900.7200000050943,4191.075000009732,698.0350000085309","70","70,13,32","null","","enter","7","",""
"no-tradeoff-rwd","49","694424","0.0-6.0-0.27","","","","","","","","4","5","2","img/house_3.png","img/house_2.png","912.2650000208523","581.095000001369","","912.2650000208523,581.095000001369","74","74,32","null","","null","","",""
"no-tradeoff-rwd","50","705299","0.0-6.0-0.28","","","","","","","","4","3","0","img/house_3.png","img/house_2.png","785.1100000261795","679.2649999842979","2621.8099999823608","785.1100000261795,679.2649999842979,2621.8099999823608","74","74,32,13","enter","6","null","","",""
"no-tradeoff-rwd","51","709748","0.0-6.0-0.29","","","","","","","","4","0","","","","915.4799999960233","","","915.4799999960233","32","32","null","","null","","",""
"no-tradeoff-rwd","52","722534","0.0-6.0-0.30","","","","","","","","4","0","3","img/house_4.png","img/house_6.png","527.3349999915808","4364.804999990156","874.5350000099279","527.3349999915808,4364.804999990156,874.5350000099279","70","70,13,32","null","","enter","6","",""
"no-tradeoff-rwd","53","730902","0.0-6.0-0.31","","","","","","","","4","0","5","img/house_4.png","img/house_6.png","1064.1649999888614","832.4799999827519","","1064.1649999888614,832.4799999827519","70","70,32","null","","null","","",""
"no-tradeoff-rwd","54","741199","0.0-6.0-0.32","","","","","","","","1","4","1","img/house_6.png","img/house_4.png","449.4849999900907","348.6399999819696","2391.9300000125077","449.4849999900907,348.6399999819696,2391.9300000125077","74","74,32,13","enter","7","null","","",""
"no-tradeoff-rwd","55","748754","0.0-6.0-0.33","","","","","","","","1","2","3","img/house_6.png","img/house_4.png","677.2750000236556","3.555000002961606","","677.2750000236556,3.555000002961606","70","70,32","null","","null","","",""
"no-tradeoff-rwd","56","760770","0.0-6.0-0.34","","","","","","","","4","4","2","img/house_4.png","img/house_6.png","432.78999999165535","2828.8199999951757","108.27500000596046","432.78999999165535,2828.8199999951757,108.27500000596046","74","74,13,32","null","","enter","8","",""
"no-tradeoff-rwd","57","768951","0.0-6.0-0.35","","","","","","","","4","4","4","img/house_4.png","img/house_6.png","720.3799999842886","614.0700000105426","","720.3799999842886,614.0700000105426","74","74,32","null","","null","","",""
"no-tradeoff-rwd","58","779326","0.0-6.0-0.36","","","","","","","","4","4","6","img/house_3.png","img/house_2.png","970.3449999797158","619.9649999907706","2202.720000001136","970.3449999797158,619.9649999907706,2202.720000001136","70","70,32,13","enter","7","null","","",""
"no-tradeoff-rwd","59","786914","0.0-6.0-0.37","","","","","","","","4","3","5","img/house_4.png","img/house_6.png","1184.0399999928195","36.52000002330169","","1184.0399999928195,36.52000002330169","70","70,32","null","","null","","",""
"no-tradeoff-rwd","60","797647","0.0-6.0-0.38","","","","","","","","1","1","5","img/house_3.png","img/house_2.png","928.1949999858625","2514.824999991106","663.8950000051409","928.1949999858625,2514.824999991106,663.8950000051409","70","70,13,32","null","","enter","6","",""
"no-tradeoff-rwd","61","805786","0.0-6.0-0.39","","","","","","","","4","4","1","img/house_4.png","img/house_6.png","440.5200000037439","606.9350000179838","","440.5200000037439,606.9350000179838","74","74,32","null","","null","","",""
"no-tradeoff-rwd","62","817311","0.0-6.0-0.40","","","","","","","","4","3","2","img/house_2.png","img/house_3.png","483.185000019148","618.9700000104494","3380.6949999998324","483.185000019148,618.9700000104494,3380.6949999998324","70","70,32,13","enter","6 ","null","","",""
"no-tradeoff-rwd","63","825426","0.0-6.0-0.41","","","","","","","","4","5","0","img/house_2.png","img/house_3.png","665.3200000000652","551.8799999845214","","665.3200000000652,551.8799999845214","74","74,32","null","","null","","",""
"no-tradeoff-rwd","64","839795","0.0-6.0-0.42","","","","","","","","4","3","1","img/house_6.png","img/house_4.png","1071.6350000002421","6040.479999996023","789.7149999917019","1071.6350000002421,6040.479999996023,789.7149999917019","70","70,13,32","null","","enter","5","",""
"no-tradeoff-rwd","65","847939","0.0-6.0-0.43","","","","","","","","1","1","2","img/house_3.png","img/house_2.png","280.510000011418","591.3449999934528","","280.510000011418,591.3449999934528","74","74,32","null","","null","","",""
"no-tradeoff-rwd","66","860302","0.0-6.0-0.44","","","","","","","","4","5","3","img/house_3.png","img/house_2.png","434.30999998236075","555.9849999845028","4257.109999976819","434.30999998236075,555.9849999845028,4257.109999976819","70","70,32,13","enter"," 4","null","","",""
"no-tradeoff-rwd","67","864756","0.0-6.0-0.45","","","","","","","","4","0","","","","942.7699999941979","","","942.7699999941979","32","32","null","","null","","",""
"no-tradeoff-rwd","68","880413","0.0-6.0-0.46","","","","","","","","4","4","2","img/house_4.png","img/house_6.png","650.8350000076462","7321.664999995846","782.8300000110175","650.8350000076462,7321.664999995846,782.8300000110175","74","74,13,32","null","","enter","6","",""
"no-tradeoff-rwd","69","888719","0.0-6.0-0.47","","","","","","","","4","2","1","img/house_2.png","img/house_3.png","399.0349999803584","764.7399999841582","","399.0349999803584,764.7399999841582","70","70,32","null","","null","","",""
"no-tradeoff-rwd","70","900113","0.0-6.0-0.48","","","","","","","","4","1","3","img/house_3.png","img/house_2.png","413.96000000531785","735.6250000011642","3111.8600000045262","413.96000000531785,735.6250000011642,3111.8600000045262","74","74,32,13","enter","7","null","","",""
"no-tradeoff-rwd","71","908117","0.0-6.0-0.49","","","","","","","","4","4","1","img/house_6.png","img/house_4.png","570.0400000205263","455.9749999898486","","570.0400000205263,455.9749999898486","74","74,32","null","","null","","",""
"no-tradeoff-rwd","72","919029","0.0-6.0-0.50","","","","","","","","4","2","4","img/house_4.png","img/house_6.png","790.614999976242","2287.465000001248","1069.2350000026636","790.614999976242,2287.465000001248,1069.2350000026636","70","70,13,32","null","","enter","7","",""
"no-tradeoff-rwd","73","928407","0.0-6.0-0.51","","","","","","","","4","4","1","img/house_6.png","img/house_4.png","439.5550000190269","313.52500000502914","","439.5550000190269,313.52500000502914","74","74,32","null","","null","","",""
"no-tradeoff-rwd","74","939497","0.0-6.0-0.52","","","","","","","","1","4","4","img/house_4.png","img/house_6.png","531.5600000030827","674.6400000120047","2876.2649999989662","531.5600000030827,674.6400000120047,2876.2649999989662","70","70,32,13","enter","7","null","","",""
"no-tradeoff-rwd","75","947100","0.0-6.0-0.53","","","","","","","","4","1","6","img/house_3.png","img/house_2.png","1204.5299999881536","47.510000003967434","","1204.5299999881536,47.510000003967434","70","70,32","null","","null","","",""
"no-tradeoff-rwd","76","957889","0.0-6.0-0.54","","","","","","","","1","0","4","img/house_4.png","img/house_6.png","404.7900000005029","2464.3550000037067","755.6749999930616","404.7900000005029,2464.3550000037067,755.6749999930616","74","74,13,32","null","","enter","9","",""
"no-tradeoff-rwd","77","966054","0.0-6.0-0.55","","","","","","","","4","6","0","img/house_6.png","img/house_4.png","439.73000001278706","605.1399999996647","","439.73000001278706,605.1399999996647","70","70,32","null","","null","","",""
"no-tradeoff-rwd","78","978663","0.0-6.0-0.56","","","","","","","","1","1","5","img/house_4.png","img/house_6.png","1141.2799999816343","76.15999999688938","4974.765000020852","1141.2799999816343,76.15999999688938,4974.765000020852","70","70,32,13","enter","6","null","","",""
"no-tradeoff-rwd","79","986781","0.0-6.0-0.57","","","","","","","","4","3","3","img/house_2.png","img/house_3.png","483.635000011418","577.2550000110641","","483.635000011418,577.2550000110641","74","74,32","null","","null","","",""
"no-tradeoff-rwd","80","1002443","0.0-6.0-0.58","","","","","","","","4","4","3","img/house_4.png","img/house_6.png","792.4049999855924","7404.815000016242","696.4099999750033","792.4049999855924,7404.815000016242,696.4099999750033","74","74,13,32","null","","enter","4","",""
"no-tradeoff-rwd","81","1010514","0.0-6.0-0.59","","","","","","","","4","3","2","img/house_3.png","img/house_2.png","759.1149999934714","522.224999993341","","759.1149999934714,522.224999993341","70","70,32","null","","null","","",""
"no-tradeoff-rwd","82","1021214","0.0-6.0-0.60","","","","","","","","4","5","2","img/house_2.png","img/house_3.png","654.9400000076275","606.7650000040885","2530.1350000081584","654.9400000076275,606.7650000040885,2530.1350000081584","74","74,32,13","enter","7","null","","",""
"no-tradeoff-rwd","83","1029360","0.0-6.0-0.61","","","","","","","","4","3","5","img/house_6.png","img/house_4.png","663.059999991674","587.6949999947101","","663.059999991674,587.6949999947101","70","70,32","null","","null","","",""
"no-tradeoff-rwd","84","1041487","0.0-6.0-0.62","","","","","","","","4","4","0","img/house_3.png","img/house_2.png","615.6750000081956","4008.9849999931175","575.4299999971408","615.6750000081956,4008.9849999931175,575.4299999971408","70","70,13,32","null","","enter","6","",""
"no-tradeoff-rwd","85","1049587","0.0-6.0-0.63","","","","","","","","4","1","1","img/house_4.png","img/house_6.png","834.3950000125915","576.1599999968894","","834.3950000125915,576.1599999968894","74","74,32","null","","null","","",""
"no-tradeoff-rwd","86","1061047","0.0-6.0-0.64","","","","","","","","4","1","0","img/house_4.png","img/house_6.png","1041.5799999900628","549.2099999974016","3339.1150000097696","1041.5799999900628,549.2099999974016,3339.1150000097696","70","70,32,13","enter","4","null","","",""
"no-tradeoff-rwd","87","1068696","0.0-6.0-0.65","","","","","","","","1","1","0","img/house_6.png","img/house_4.png","1251.4000000082888","82.65500000561588","","1251.4000000082888,82.65500000561588","74","74,32","null","","null","","",""
"no-tradeoff-rwd","88","1080121","0.0-6.0-0.66","","","","","","","","4","1","1","img/house_3.png","img/house_2.png","808.7449999875389","3165.1049999927636","729.6349999960512","808.7449999875389,3165.1049999927636,729.6349999960512","74","74,13,32","null","","enter","5","",""
"no-tradeoff-rwd","89","1087854","0.0-6.0-0.67","","","","","","","","4","3","3","img/house_6.png","img/house_4.png","1355.1499999884982","176.12499999813735","","1355.1499999884982,176.12499999813735","70","70,32","null","","null","","",""
"no-tradeoff-rwd","90","1100741","0.0-6.0-0.68","","","","","","","","4","3","5","img/house_6.png","img/house_4.png","546.9650000159163","599.7100000095088","4744.714999978896","546.9650000159163,599.7100000095088,4744.714999978896","74","74,32,13","enter","6","null","","",""
"no-tradeoff-rwd","91","1110992","0.0-6.0-0.69","","","","","","","","1","2","2","img/house_3.png","img/house_2.png","500.4400000034366","1186.2399999808986","","500.4400000034366,1186.2399999808986","70","70,32","null","","null","","",""
"no-tradeoff-rwd","92","1121854","0.0-6.0-0.70","","","","","","","","4","5","1","img/house_6.png","img/house_4.png","793.950000021141","2584.1549999895506","723.1200000096578","793.950000021141,2584.1549999895506,723.1200000096578","74","74,13,32","null","","enter","6","",""
"no-tradeoff-rwd","93","1129890","0.0-6.0-0.71","","","","","","","","4","8","0","img/house_6.png","img/house_4.png","661.3800000050105","487.2600000235252","","661.3800000050105,487.2600000235252","74","74,32","null","","null","","",""
"no-tradeoff-rwd","94","1140466","0.0-6.0-0.72","","","","","","","","4","0","6","img/house_3.png","img/house_2.png","781.9450000242796","708.8949999888428","2319.4950000033714","781.9450000242796,708.8949999888428,2319.4950000033714","74","74,32,13","enter","6","null","","",""
"no-tradeoff-rwd","95","1148073","0.0-6.0-0.73","","","","","","","","1","3","6","img/house_4.png","img/house_6.png","1244.21999999322","53.87000000337139","","1244.21999999322,53.87000000337139","70","70,32","null","","null","","",""
"no-tradeoff-rwd","96","1160807","0.0-6.0-0.74","","","","","","","","1","7","5","img/house_6.png","img/house_4.png","1044.6150000207126","3674.26999998861","8.334999991348013","1044.6150000207126,3674.26999998861,8.334999991348013","70","70,13,32","null","","enter","7","",""
"no-tradeoff-rwd","97","1168399","0.0-6.0-0.75","","","","","","","","1","9","6","img/house_6.png","img/house_4.png","689.4850000098813","45.38999998476356","","689.4850000098813,45.38999998476356","74","74,32","null","","null","","",""
"no-tradeoff-rwd","98","1179508","0.0-6.0-0.76","","","","","","","","1","5","7","img/house_6.png","img/house_4.png","415.64000002108514","545.8499999949709","3022.2500000090804","415.64000002108514,545.8499999949709,3022.2500000090804","74","74,32,13","enter","9","null","","",""
"no-tradeoff-rwd","99","1187716","0.0-6.0-0.77","","","","","","","","1","3","3","img/house_3.png","img/house_2.png","932.3049999948125","646.0550000192598","","932.3049999948125,646.0550000192598","70","70,32","null","","null","","",""
"no-tradeoff-rwd","100","1198950","0.0-6.0-0.78","","","","","","","","4","2","3","img/house_6.png","img/house_4.png","572.5249999959487","3028.3199999830686","654.964999994263","572.5249999959487,3028.3199999830686,654.964999994263","70","70,13,32","null","","enter","7","",""
"no-tradeoff-rwd","101","1207522","0.0-6.0-0.79","","","","","","","","1","4","4","img/house_2.png","img/house_3.png","680.3950000030454","1024.3749999790452","","680.3950000030454,1024.3749999790452","74","74,32","null","","null","","",""
"no-tradeoff-rwd","102","1211785","0.0-6.0-0.80","","","","","","","","4","0","","","","730.9900000109337","","","730.9900000109337","32","32","null","","null","","",""
"no-tradeoff-rwd","103","1219916","0.0-6.0-0.81","","","","","","","","4","8","0","img/house_6.png","img/house_4.png","499.2999999958556","589.349999994738","","499.2999999958556,589.349999994738","74","74,32","null","","null","","",""
"no-tradeoff-rwd","104","1231490","0.0-6.0-0.82","","","","","","","","1","5","2","img/house_6.png","img/house_4.png","654.4949999952223","3336.509999993723","698.5200000053737","654.4949999952223,3336.509999993723,698.5200000053737","74","74,13,32","null","","enter","8","",""
"no-tradeoff-rwd","105","1239636","0.0-6.0-0.83","","","","","","","","1","4","0","img/house_6.png","img/house_4.png","684.4850000052247","621.2100000120699","","684.4850000052247,621.2100000120699","70","70,32","null","","null","","",""
"no-tradeoff-rwd","106","1250462","0.0-6.0-0.84","","","","","","","","4","5","3","img/house_6.png","img/house_4.png","645.7999999984168","855.7549999968614","2406.214999995427","645.7999999984168,855.7549999968614,2406.214999995427","70","70,32,13","enter","7","null","","",""
"no-tradeoff-rwd","107","1258625","0.0-6.0-0.85","","","","","","","","4","5","5","img/house_6.png","img/house_4.png","408.3399999944959","597.3200000007637","","408.3399999944959,597.3200000007637","70","70,32","null","","null","","",""
"no-tradeoff-rwd","108","1270962","0.0-6.0-0.86","","","","","","","","1","3","2","img/house_4.png","img/house_6.png","475.1749999995809","4134.775000013178","647.6350000011735","475.1749999995809,4134.775000013178,647.6350000011735","74","74,13,32","null","","enter","5","",""
"no-tradeoff-rwd","109","1279229","0.0-6.0-0.87","","","","","","","","1","4","1","img/house_2.png","img/house_3.png","713.370000012219","706.8600000056904","","713.370000012219,706.8600000056904","70","70,32","null","","null","","",""
"no-tradeoff-rwd","110","1291320","0.0-6.0-0.88","","","","","","","","1","4","1","img/house_2.png","img/house_3.png","1047.099999996135","736.6849999816623","3793.5949999955483","1047.099999996135,736.6849999816623,3793.5949999955483","74","74,32,13","enter","4","null","","",""
"no-tradeoff-rwd","111","1299467","0.0-6.0-0.89","","","","","","","","1","2","0","img/house_2.png","img/house_3.png","602.8900000092108","585.8049999806099","","602.8900000092108,585.8049999806099","70","70,32","null","","null","","",""
"no-tradeoff-rwd","112","1310875","0.0-6.0-0.90","","","","","","","","4","8","5","img/house_2.png","img/house_3.png","727.7950000134297","3170.37999999593","709.0049999824259","727.7950000134297,3170.37999999593,709.0049999824259","74","74,13,32","null","","enter","7","",""
"no-tradeoff-rwd","113","1318850","0.0-6.0-0.91","","","","","","","","4","6","2","img/house_6.png","img/house_4.png","529.9900000100024","389.6649999951478","","529.9900000100024,389.6649999951478","74","74,32","null","","null","","",""
"no-tradeoff-rwd","114","1329795","0.0-6.0-0.92","","","","","","","","4","8","4","img/house_6.png","img/house_4.png","741.9250000093598","562.579999997979","2814.16999999783","741.9250000093598,562.579999997979,2814.16999999783","70","70,32,13","enter","8","null","","",""
"no-tradeoff-rwd","115","1337823","0.0-6.0-0.93","","","","","","","","1","7","6","img/house_2.png","img/house_3.png","790.3449999867007","492.6700000069104","","790.3449999867007,492.6700000069104","70","70,32","null","","null","","",""
"no-tradeoff-rwd","116","1348745","0.0-6.0-0.94","","","","","","","","1","8","3","img/house_2.png","img/house_3.png","688.3100000268314","2720.7950000010896","665.6749999965541","688.3100000268314,2720.7950000010896,665.6749999965541","74","74,13,32","null","","enter","6","",""
"no-tradeoff-rwd","117","1357188","0.0-6.0-0.95","","","","","","","","1","7","2","img/house_6.png","img/house_4.png","674.8099999967963","885.3999999992084","","674.8099999967963,885.3999999992084","70","70,32","null","","null","","",""
"no-tradeoff-rwd","118","1369396","0.0-6.0-0.96","","","","","","","","4","9","2","img/house_2.png","img/house_3.png","735.1049999997485","935.4699999967124","3730.5950000009034","735.1049999997485,935.4699999967124,3730.5950000009034","74","74,32,13","enter","7","null","","",""
"no-tradeoff-rwd","119","1377528","0.0-6.0-0.97","","","","","","","","1","4","3","img/house_6.png","img/house_4.png","625.3900000010617","568.5799999919254","","625.3900000010617,568.5799999919254","74","74,32","null","","null","","",""
"no-tradeoff-rwd","120","1388784","0.0-6.0-0.98","","","","","","","","4","6","2","img/house_2.png","img/house_3.png","756.9000000075903","3113.7499999895226","587.8150000062305","756.9000000075903,3113.7499999895226,587.8150000062305","74","74,13,32","null","","enter","4","",""
"no-tradeoff-rwd","121","1396819","0.0-6.0-0.99","","","","","","","","1","5","1","img/house_2.png","img/house_3.png","492.13999998755753","499.6899999969173","","492.13999998755753,499.6899999969173","74","74,32","null","","null","","",""
"no-tradeoff-rwd","122","1408128","0.0-6.0-0.100","","","","","","","","1","5","2","img/house_2.png","img/house_3.png","729.0000000211876","541.6850000037812","3208.104999997886","729.0000000211876,541.6850000037812,3208.104999997886","70","70,32,13","enter","5","null","","",""
"no-tradeoff-rwd","123","1416290","0.0-6.0-0.101","","","","","","","","4","5","4","img/house_2.png","img/house_3.png","620.0750000134576","612.1599999896716","","620.0750000134576,612.1599999896716","74","74,32","null","","null","","",""
"no-tradeoff-rwd","124","1427008","0.0-6.0-0.102","","","","","","","","1","0","2","img/house_6.png","img/house_4.png","622.0249999896623","2622.819999989588","536.9249999930616","622.0249999896623,2622.819999989588,536.9249999930616","74","74,13,32","null","","enter","9","",""
"no-tradeoff-rwd","125","1434985","0.0-6.0-0.103","","","","","","","","1","4","3","img/house_3.png","img/house_2.png","596.6699999989942","431.49000001722015","","596.6699999989942,431.49000001722015","74","74,32","null","","null","","",""
"no-tradeoff-rwd","126","1445496","0.0-6.0-0.104","","","","","","","","4","6","3","img/house_2.png","img/house_3.png","606.7450000264216","325.13499999186024","2632.834999996703","606.7450000264216,325.13499999186024,2632.834999996703","74","74,32,13","enter","5","null","","",""
"no-tradeoff-rwd","127","1453555","0.0-6.0-0.105","","","","","","","","4","7","2","img/house_6.png","img/house_4.png","674.76500000339","518.2199999981094","","674.76500000339,518.2199999981094","74","74,32","null","","null","","",""
"no-tradeoff-rwd","128","1464986","0.0-6.0-0.106","","","","","","","","4","8","3","img/house_6.png","img/house_4.png","653.5250000015367","3171.5299999923445","693.1299999996554","653.5250000015367,3171.5299999923445,693.1299999996554","70","70,13,32","null","","enter","8","",""
"no-tradeoff-rwd","129","1473597","0.0-6.0-0.107","","","","","","","","1","6","2","img/house_2.png","img/house_3.png","438.0349999992177","1052.815000002738","","438.0349999992177,1052.815000002738","74","74,32","null","","null","","",""
"no-tradeoff-rwd","130","1485118","0.0-6.0-0.108","","","","","","","","1","5","3","img/house_6.png","img/house_4.png","462.75999999488704","592.6699999836273","3386.4700000267476","462.75999999488704,592.6699999836273,3386.4700000267476","74","74,32,13","enter","7","null","","",""
"no-tradeoff-rwd","131","1493011","0.0-6.0-0.109","","","","","","","","1","5","5","img/house_6.png","img/house_4.png","672.3000000056345","333.95000000018626","","672.3000000056345,333.95000000018626","70","70,32","null","","null","","",""
"no-tradeoff-rwd","132","1503813","0.0-6.0-0.110","","","","","","","","4","6","4","img/house_6.png","img/house_4.png","412.57499999483116","961.5899999917019","2498.9800000039395","412.57499999483116,961.5899999917019,2498.9800000039395,731.2249999959022","74","74,70,13,32","null","","enter","6","",""
"no-tradeoff-rwd","133","1512253","0.0-6.0-0.111","","","","","","","","1","3","1","img/house_6.png","img/house_4.png","672.4449999746867","873.4199999889825","","672.4449999746867,873.4199999889825","70","70,32","null","","null","","",""
"no-tradeoff-rwd","134","1523190","0.0-6.0-0.112","","","","","","","","4","2","3","img/house_6.png","img/house_4.png","479.23500000615604","580.7199999981094","2808.1999999994878","479.23500000615604,580.7199999981094,2808.1999999994878","74","74,32,13","enter","7","null","","",""
"no-tradeoff-rwd","135","1531411","0.0-6.0-0.113","","","","","","","","4","5","4","img/house_2.png","img/house_3.png","429.58999998518266","1272.1249999885913","683.2249999861233","429.58999998518266,1272.1249999885913,683.2249999861233","74","74,70,32","null","","null","","",""
"no-tradeoff-rwd","136","1541818","0.0-6.0-0.114","","","","","","","","4","7","3","img/house_6.png","img/house_4.png","506.9849999854341","2188.6999999987893","665.7999999879394","506.9849999854341,2188.6999999987893,665.7999999879394","74","74,13,32","null","","enter","7","",""
"no-tradeoff-rwd","137","1550056","0.0-6.0-0.115","","","","","","","","4","8","0","img/house_2.png","img/house_3.png","381.0499999963213","686.535000015283","","381.0499999963213,686.535000015283","70","70,32","null","","null","","",""
"no-tradeoff-rwd","138","1560888","0.0-6.0-0.116","","","","","","","","1","9","3","img/house_6.png","img/house_4.png","796.42500000773","921.5200000035111","2370.0250000110827","796.42500000773,921.5200000035111,2370.0250000110827","70","70,32,13","enter","7","null","","",""
"no-tradeoff-rwd","139","1568923","0.0-6.0-0.117","","","","","","","","4","6","3","img/house_2.png","img/house_3.png","579.1350000072271","488.5000000067521","","579.1350000072271,488.5000000067521","70","70,32","null","","null","","",""
"no-tradeoff-rwd","140","1580594","0.0-6.0-0.118","","","","","","","","1","8","5","img/house_6.png","img/house_4.png","856.4550000010058","3586.8200000259094","512.1999999973923","856.4550000010058,3586.8200000259094,512.1999999973923","70","70,13,32","null","","enter","9","",""
"no-tradeoff-rwd","141","1589201","0.0-6.0-0.119","","","","","","","","4","8","4","img/house_6.png","img/house_4.png","679.680000001099","1046.5550000080839","","679.680000001099,1046.5550000080839","70","70,32","null","","null","","",""
"call-function","142","1589203","0.0-7.0","","","","","","","","","","","","","","","","","","","","","","","",""
"html-keyboard-response","143","1592897","0.0-8.0","3692.369999975199","<p>Now you will play the second game!</p><p>Press the space bar to begin reading the instructions for the second game.</p>","","","32","","","","","","","","","","","","","","","","","","",""
"instructions","144","1662119","0.0-9.0","69227.76000000886","","","","","[{""page_index"":0,""viewing_time"":15980.139999999665},{""page_index"":1,""viewing_time"":18457.010000012815},{""page_index"":2,""viewing_time"":5639.729999995325},{""page_index"":3,""viewing_time"":5998.094999988098},{""page_index"":4,""viewing_time"":7147.340000024997},{""page_index"":5,""viewing_time"":4596.754999976838},{""page_index"":6,""viewing_time"":5853.19000002346},{""page_index"":7,""viewing_time"":3555.709999985993},{""page_index"":8,""viewing_time"":1998.5999999917112}]","","","","","","","","","","","","","","","","","",""
"html-keyboard-response","145","1671231","0.0-10.0-0.0","9114.709999994375","<p style=""font-size:24px;font-weight:bold"">TEST QUESTION</p><p>Which letter should you press to select the green tree on the left?</p><div class=group><table class=table_center><tr><td class=prompt colspan=2>Choose one</td></tr><tr style=""height: 300px;""><td style=""width: 300px;""><img id=""left"" src=img/tree_3.png style=""zoom: 100%;""/></td><td style=""width: 300px;""><img id=""right"" src=img/tree_7.png style=""zoom: 100%;""/></td></tr></table></div><br>","","","70","","true","","","","","","","","","","","","","","","","",""
"html-keyboard-response","146","1674245","0.0-10.0-1.0","null","<p style=""font-size:36px;font-weight:bold"">Correct!</p><p> Remember, press ""F"" for left and ""J"" for right. </p>","","","null","","","","","","","","","","","","","","","","","","",""
"html-keyboard-response","147","1675798","0.0-10.0-2.0","1550.3000000026077","<p style=""font-size:24px;font-weight:bold"">TEST QUESTION</p><p>Which letter should you press to select the red tree on the right?</p><div class=group><table class=table_center><tr><td class=prompt colspan=2>Choose one</td></tr><tr style=""height: 300px;""><td style=""width: 300px;""><img id=""left"" src=img/tree_3.png style=""zoom: 100%;""/></td><td style=""width: 300px;""><img id=""right"" src=img/tree_7.png style=""zoom: 100%;""/></td></tr></table></div><br>","","","74","","true","","","","","","","","","","","","","","","","",""
"html-keyboard-response","148","1678805","0.0-10.0-3.0","null","<p style=""font-size:36px;font-weight:bold"">Correct!</p><p> Remember, press ""F"" for left and ""J"" for right. </p>","","","null","","","","","","","","","","","","","","","","","","",""
"html-keyboard-response","149","1682629","0.0-10.0-4.0","3823.050000006333","<p style=""font-size:24px;font-weight:bold"">TEST QUESTION</p><p>Type the number of the <b> maximum </b> amount of shields an gnome can make</p>","","","57","","true","","","","","","","","","","","","","","","","",""
"html-keyboard-response","150","1685635","0.0-10.0-5.0","null","<p style=""font-size:36px;font-weight:bold"">Correct!</p><p> Remember, gnomes can make 0 to 9 shields. </p>","","","null","","","","","","","","","","","","","","","","","","",""
"html-keyboard-response","151","1689464","0.0-10.0-6.0","3826.934999990044","<p style=""font-size:24px;font-weight:bold"">TEST QUESTION</p><p>Remember, the same tree always takes you to the same gnome. </p><p>On this trial, select the tree on the left by pressing ""F"".</p><div class=group><table class=table_center><tr><td class=prompt colspan=2>Choose one</td></tr><tr style=""height: 300px;""><td style=""width: 300px;""><img id=""left"" src=img/tree_1.png style=""zoom: 100%;""/></td><td style=""width: 300px;""><img id=""right"" src=img/tree_2.png style=""zoom: 100%;""/></td></tr></table></div><br>","","","70","","","","","","","","","","","","","","","","","","",""
"html-keyboard-response","152","1696425","0.0-10.0-7.0","6958.870000002207","<p style=""font-size:24px;font-weight:bold"">TEST QUESTION</p><p>The orange tree took you to the green gnome. </p><p> The green gnome gave you 8 shields. </p><p> The most shields a gnome can make is 9 shields, so this is a great outcome!</p><div class=group><table class=table_center><tr><td class=prompt colspan=3>You received</td></tr><tr style=""height: 300px;""><td><img src=img/gnome_green.png style=""zoom: 100%;""/></td><td><img src=img/shield.png style=""zoom: 30%;""/></td><td class=prompt>x 8</td></tr></table></div><br><p> Press space to continue </p>","","","32","","","","","","","","","","","","","","","","","","",""
"html-keyboard-response","153","1700717","0.0-10.0-8.0","4288.715000002412","<p style=""font-size:24px;font-weight:bold"">TEST QUESTION</p><p>If you wanted to visit the <b> green gnome </b> again, which tree would you select?</p><div class=group><table class=table_center><tr><td class=prompt colspan=2>Choose one</td></tr><tr style=""height: 300px;""><td style=""width: 300px;""><img id=""left"" src=img/tree_1.png style=""zoom: 100%;""/></td><td style=""width: 300px;""><img id=""right"" src=img/tree_2.png style=""zoom: 100%;""/></td></tr></table></div><br>","","","74","","false","","","","","","","","","","","","","","","","",""
"html-keyboard-response","154","1703731","0.0-10.0-9.0","null","<p style=""font-size:36px;font-weight:bold"">Wrong answer.</p><p> Remember, the same tree goes to the same gnome. You would select the orange tree to visit the green gnome.</p>","","","null","","","","","","","","","","","","","","","","","","",""
"html-keyboard-response","155","1705975","0.0-10.0-10.0","2241.5449999971315","<p style=""font-size:24px;font-weight:bold"">TEST QUESTION</p><p>On this trial, select the tree on the right by pressing ""J"".</p><div class=group><table class=table_center><tr><td class=prompt colspan=2>Choose one</td></tr><tr style=""height: 300px;""><td style=""width: 300px;""><img id=""left"" src=img/tree_1.png style=""zoom: 100%;""/></td><td style=""width: 300px;""><img id=""right"" src=img/tree_2.png style=""zoom: 100%;""/></td></tr></table></div><br>","","","74","","","","","","","","","","","","","","","","","","",""
"html-keyboard-response","156","1710280","0.0-10.0-11.0","4301.139999995939","<p style=""font-size:24px;font-weight:bold"">TEST QUESTION</p><p>The blue tree took you to the purple gnome. </p><p> The purple gnome only gave you 1 shield. </p><p> That is not very much and is a pretty bad outcome.</p><div class=group><table class=table_center><tr><td class=prompt colspan=3>You received</td></tr><tr style=""height: 300px;""><td><img src=img/gnome_purple.png style=""zoom: 100%;""/></td><td><img src=img/shield.png style=""zoom: 30%;""/></td><td class=prompt>x 1</td></tr></table></div><br><p> Press space to continue </p>","","","32","","","","","","","","","","","","","","","","","","",""
"html-keyboard-response","157","1713750","0.0-10.0-12.0","3467.4400000076275","<p style=""font-size:24px;font-weight:bold"">TEST QUESTION</p><p>Remember the green gnome gave you 8 shields and the purple gnome only gave you 1 shield. </p><p> Which gnome would you try to visit next? </p><div class=group><table class=table_center><tr><td class=prompt colspan=2>Choose one</td></tr><tr style=""height: 300px;""><td style=""width: 300px;""><img id=""left"" src=img/gnome_green.png style=""zoom: 100%;""/></td><td style=""width: 300px;""><img id=""right"" src=img/gnome_purple.png style=""zoom: 100%;""/></td></tr></table></div><br>","","","70","","true","","","","","","","","","","","","","","","","",""
"html-keyboard-response","158","1716755","0.0-10.0-13.0","null","<p style=""font-size:36px;font-weight:bold"">Correct!</p><p> Remember, you want to select the gnome who gives you the most shields.</p>","","","null","","","","","","","","","","","","","","","","","","",""
"html-keyboard-response","159","1718150","0.0-10.0-14.0","1392.374999995809","<p style=""font-size:24px;font-weight:bold"">TEST QUESTION</p><p>To visit the green gnome, which tree should you visit? </p><div class=group><table class=table_center><tr><td class=prompt colspan=2>Choose one</td></tr><tr style=""height: 300px;""><td style=""width: 300px;""><img id=""left"" src=img/tree_1.png style=""zoom: 100%;""/></td><td style=""width: 300px;""><img id=""right"" src=img/tree_2.png style=""zoom: 100%;""/></td></tr></table></div><br>","","","70","","true","","","","","","","","","","","","","","","","",""
"html-keyboard-response","160","1721168","0.0-10.0-15.0","null","<p style=""font-size:36px;font-weight:bold"">Correct!</p><p>Remember, the same tree goes to the same gnome each time.</p>","","","null","","","","","","","","","","","","","","","","","","",""
"html-keyboard-response","161","1727946","0.0-10.0-16.0","6775.794999994105","<p style=""font-size:36px;font-weight:bold"">You are ready to play!</p><p>The trees and gnomes in the actual game will be different than the practice. </p><p> Press space to start the game</p>","","","32","","","","","","","","","","","","","","","","","","",""
"no-tradeoff","162","1740642","0.0-11.0-0.0","","","","","","","","4","8","3","img/tree_7.png","img/tree_3.png","990.9350000089034","442.4400000134483","3187.214999983553","990.9350000089034,442.4400000134483,3187.214999983553","70","70,32,13","enter","9","null","","",""
"no-tradeoff","163","1749117","0.0-11.0-0.1","","","","","","","","1","6","6","img/tree_9.png","img/tree_8.png","890.4099999926984","917.3650000011548","","890.4099999926984,917.3650000011548","70","70,32","null","","null","","",""
"no-tradeoff","164","1759789","0.0-11.0-0.2","","","","","","","","4","6","8","img/tree_9.png","img/tree_8.png","1444.4900000235066","2332.0349999994505","780.3600000042934","1444.4900000235066,2332.0349999994505,780.3600000042934","74","74,13,32","null","","enter","","",""
"no-tradeoff","165","1768023","0.0-11.0-0.3","","","","","","","","1","8","8","img/tree_3.png","img/tree_7.png","1221.7400000081398","658.3649999811314","","1221.7400000081398,658.3649999811314","74","74,32","null","","null","","",""
"no-tradeoff","166","1778840","0.0-11.0-0.4","","","","","","","","4","8","8","img/tree_3.png","img/tree_7.png","455.904999980703","587.8450000018347","2676.194999978179","455.904999980703,587.8450000018347,2676.194999978179","74","74,32,13","enter","8","null","","",""
"no-tradeoff","167","1787083","0.0-11.0-0.5","","","","","","","","1","8","9","img/tree_3.png","img/tree_7.png","603.6949999979697","694.9700000113808","","603.6949999979697,694.9700000113808","70","70,32","null","","null","","",""
"no-tradeoff","168","1801765","0.0-11.0-0.6","","","","","","","","4","8","4","img/tree_3.png","img/tree_7.png","704.6100000152364","6149.84500000719","1008.6549999832641","704.6100000152364,6149.84500000719,1008.6549999832641","74","74,13,32","null","","enter","8","",""
"no-tradeoff","169","1809807","0.0-11.0-0.7","","","","","","","","4","8","2","img/tree_3.png","img/tree_7.png","449.7949999931734","478.930000012042","","449.7949999931734,478.930000012042","74","74,32","null","","null","","",""
"no-tradeoff","170","1820527","0.0-11.0-0.8","","","","","","","","4","7","1","img/tree_3.png","img/tree_7.png","666.1000000021886","579.5950000174344","2602.004999993369","666.1000000021886,579.5950000174344,2602.004999993369","74","74,32,13","enter","8","null","","",""
"no-tradeoff","171","1828690","0.0-11.0-0.9","","","","","","","","1","7","1","img/tree_9.png","img/tree_8.png","380.8549999957904","610.1699999999255","","380.8549999957904,610.1699999999255","74","74,32","null","","null","","",""
"no-tradeoff","172","1839563","0.0-11.0-0.10","","","","","","","","4","5","2","img/tree_3.png","img/tree_7.png","863.6849999893457","2446.349999983795","868.5349999868777","863.6849999893457,2446.349999983795,868.5349999868777","74","74,13,32","null","","enter","","",""
"no-tradeoff","173","1847759","0.0-11.0-0.11","","","","","","","","1","4","2","img/tree_9.png","img/tree_8.png","424.76500000339","663.2850000169128","","424.76500000339,663.2850000169128","74","74,32","null","","null","","",""
"no-tradeoff","174","1859128","0.0-11.0-0.12","","","","","","","","4","7","1","img/tree_9.png","img/tree_8.png","1223.1899999896996","728.2499999855645","3098.5900000086986","1223.1899999896996,728.2499999855645,3098.5900000086986","70","70,32,13","enter","5","null","","",""
"no-tradeoff","175","1866826","0.0-11.0-0.13","","","","","","","","4","6","2","img/tree_3.png","img/tree_7.png","890.3099999879487","159.07000002334826","","890.3099999879487,159.07000002334826","70","70,32","null","","null","","",""
"no-tradeoff","176","1877381","0.0-11.0-0.14","","","","","","","","1","1","4","img/tree_8.png","img/tree_9.png","687.0449999987613","2416.109999991022","593.1500000006054","687.0449999987613,2416.109999991022,593.1500000006054","74","74,13,32","null","","enter","5","",""
"no-tradeoff","177","1885482","0.0-11.0-0.15","","","","","","","","1","1","2","img/tree_9.png","img/tree_8.png","744.1450000042096","565.0299999979325","","744.1450000042096,565.0299999979325","74","74,32","null","","null","","",""
"no-tradeoff","178","1896262","0.0-11.0-0.16","","","","","","","","1","1","1","img/tree_9.png","img/tree_8.png","715.0000000256114","642.4849999893922","2601.8800000019837","715.0000000256114,642.4849999893922,2601.8800000019837","70","70,32,13","enter","8","null","","",""
"no-tradeoff","179","1903942","0.0-11.0-0.17","","","","","","","","4","1","1","img/tree_8.png","img/tree_9.png","1265.7750000071246","129.23500000033528","","1265.7750000071246,129.23500000033528","74","74,32","null","","null","","",""
"no-tradeoff","180","1917220","0.0-11.0-0.18","","","","","","","","4","1","1","img/tree_3.png","img/tree_7.png","646.4749999868218","4877.134999987902","861.5400000126101","646.4749999868218,4877.134999987902,861.5400000126101","70","70,13,32","null","","enter","8","",""
"no-tradeoff","181","1925146","0.0-11.0-0.19","","","","","","","","1","0","2","img/tree_3.png","img/tree_7.png","674.3199999909848","370.0750000134576","","674.3199999909848,370.0750000134576","70","70,32","null","","null","","",""
"no-tradeoff","182","1935719","0.0-11.0-0.20","","","","","","","","1","4","0","img/tree_9.png","img/tree_8.png","754.1649999911897","421.7599999974482","2620.9550000203308","754.1649999911897,421.7599999974482,2620.9550000203308","70","70,32,13","enter","8","null","","",""
"no-tradeoff","183","1943644","0.0-11.0-0.21","","","","","","","","1","3","0","img/tree_9.png","img/tree_8.png","659.8299999895971","381.9599999987986","","659.8299999895971,381.9599999987986","74","74,32","null","","null","","",""
"no-tradeoff","184","1954195","0.0-11.0-0.22","","","","","","","","1","0","1","img/tree_7.png","img/tree_3.png","643.2050000003073","2356.904999993276","647.3750000004657","643.2050000003073,2356.904999993276,647.3750000004657","74","74,13,32","null","","enter","7","",""
"no-tradeoff","185","1962285","0.0-11.0-0.23","","","","","","","","4","4","1","img/tree_9.png","img/tree_8.png","549.1050000127871","550.3800000005867","","549.1050000127871,550.3800000005867","70","70,32","null","","null","","",""
"no-tradeoff","186","1973025","0.0-11.0-0.24","","","","","","","","1","6","3","img/tree_3.png","img/tree_7.png","764.7349999751896","459.1000000073109","2714.0000000072177","764.7349999751896,459.1000000073109,2714.0000000072177","70","70,32,13","enter","6","null","","",""
"no-tradeoff","187","1981047","0.0-11.0-0.25","","","","","","","","4","7","3","img/tree_3.png","img/tree_7.png","660.440000006929","479.38500001328066","","660.440000006929,479.38500001328066","70","70,32","null","","null","","",""
"no-tradeoff","188","1994364","0.0-11.0-0.26","","","","","","","","1","7","3","img/tree_3.png","img/tree_7.png","723.6749999865424","5143.670000019483","631.1799999966752","723.6749999865424,5143.670000019483,631.1799999966752","74","74,13,32","null","","enter","7","",""
"no-tradeoff","189","2002325","0.0-11.0-0.27","","","","","","","","1","8","2","img/tree_9.png","img/tree_8.png","636.2199999857694","404.37499998370185","","636.2199999857694,404.37499998370185","74","74,32","null","","null","","",""
"no-tradeoff","190","2012788","0.0-11.0-0.28","","","","","","","","4","7","4","img/tree_3.png","img/tree_7.png","469.37000000616536","434.52999999863096","2458.8999999978114","469.37000000616536,434.52999999863096,2458.8999999978114","74","74,32,13","enter","7","null","","",""
"no-tradeoff","191","2020798","0.0-11.0-0.29","","","","","","","","1","9","5","img/tree_3.png","img/tree_7.png","529.500000004191","471.42499999608845","","529.500000004191,471.42499999608845","74","74,32","null","","null","","",""
"no-tradeoff","192","2031829","0.0-11.0-0.30","","","","","","","","1","7","3","img/tree_3.png","img/tree_7.png","343.79499999340624","2661.4649999828544","820.3750000102445","343.79499999340624,2661.4649999828544,820.3750000102445","74","74,13,32","null","","enter","","",""
"no-tradeoff","193","2040112","0.0-11.0-0.31","","","","","","","","1","5","5","img/tree_9.png","img/tree_8.png","984.05499997898","747.3300000128802","","984.05499997898,747.3300000128802","70","70,32","null","","null","","",""
"no-tradeoff","194","2051156","0.0-11.0-0.32","","","","","","","","4","5","4","img/tree_3.png","img/tree_7.png","679.535000002943","581.0650000057649","2904.095000005327","679.535000002943,581.0650000057649,2904.095000005327","70","70,32,13","enter","8","null","","",""
"no-tradeoff","195","2060218","0.0-11.0-0.33","","","","","","","","1","3","3","img/tree_9.png","img/tree_8.png","661.6349999967497","25.009999983012676","","661.6349999967497,25.009999983012676","70","70,32","null","","null","","",""
"no-tradeoff","196","2073405","0.0-11.0-0.34","","","","","","","","4","3","5","img/tree_3.png","img/tree_7.png","554.5149999961723","5082.864999974845","548.464999999851","554.5149999961723,5082.864999974845,548.464999999851","70","70,13,32","null","","enter","8","",""
"no-tradeoff","197","2081441","0.0-11.0-0.35","","","","","","","","4","4","1","img/tree_7.png","img/tree_3.png","842.1450000023469","477.6350000174716","","842.1450000023469,477.6350000174716","70","70,32","null","","null","","",""
"no-tradeoff","198","2091615","0.0-11.0-0.36","","","","","","","","1","2","4","img/tree_3.png","img/tree_7.png","696.1799999990035","414.05500000109896","2191.949999978533","696.1799999990035,414.05500000109896,2191.949999978533","70","70,32,13","enter","8","null","","",""
"no-tradeoff","199","2099581","0.0-11.0-0.37","","","","","","","","1","4","4","img/tree_7.png","img/tree_3.png","807.0750000188127","394.425000006333","","807.0750000188127,394.425000006333","70","70,32","null","","null","","",""
"no-tradeoff","200","2110205","0.0-11.0-0.38","","","","","","","","1","6","5","img/tree_7.png","img/tree_3.png","871.4350000079721","2533.7949999962","533.0599999865517","871.4350000079721,2533.7949999962,533.0599999865517","74","74,13,32","null","","enter","6","",""
"no-tradeoff","201","2118070","0.0-11.0-0.39","","","","","","","","1","9","5","img/tree_7.png","img/tree_3.png","636.6200000047684","316.0750000094995","","636.6200000047684,316.0750000094995","70","70,32","null","","null","","",""
"no-tradeoff","202","2128692","0.0-11.0-0.40","","","","","","","","1","6","7","img/tree_7.png","img/tree_3.png","637.5499999849126","353.21000000135973","2732.8899999847636","637.5499999849126,353.21000000135973,2732.8899999847636","74","74,32,13","enter","9","null","","",""
"no-tradeoff","203","2136632","0.0-11.0-0.41","","","","","","","","4","6","5","img/tree_7.png","img/tree_3.png","645.1900000101887","400.56999999750406","","645.1900000101887,400.56999999750406","74","74,32","null","","null","","",""
"no-tradeoff","204","2147572","0.0-11.0-0.42","","","","","","","","4","6","5","img/tree_7.png","img/tree_3.png","594.8800000189804","2840.7049999805167","548.6749999979511","594.8800000189804,2840.7049999805167,548.6749999979511","70","70,13,32","null","","enter","8","",""
"no-tradeoff","205","2155479","0.0-11.0-0.43","","","","","","","","1","5","1","img/tree_3.png","img/tree_7.png","393.0699999909848","364.7900000214577","","393.0699999909848,364.7900000214577","74","74,32","null","","null","","",""
"no-tradeoff","206","2166146","0.0-11.0-0.44","","","","","","","","4","7","1","img/tree_9.png","img/tree_8.png","456.6150000030175","370.78499997779727","2758.1850000130944","456.6150000030175,370.78499997779727,2758.1850000130944","70","70,32,13","enter","8","null","","",""
"no-tradeoff","207","2174102","0.0-11.0-0.45","","","","","","","","1","8","2","img/tree_9.png","img/tree_8.png","574.5750000062399","423.9999999990687","","574.5750000062399,423.9999999990687","74","74,32","null","","null","","",""
"no-tradeoff","208","2186975","0.0-11.0-0.46","","","","","","","","4","7","3","img/tree_9.png","img/tree_8.png","997.0700000124052","4580.999999976251","758.6749999900348","997.0700000124052,4580.999999976251,758.6749999900348","70","70,13,32","null","","enter","7","",""
"no-tradeoff","209","2195074","0.0-11.0-0.47","","","","","","","","1","8","5","img/tree_3.png","img/tree_7.png","695.9299999866635","555.0550000043586","","695.9299999866635,555.0550000043586","70","70,32","null","","null","","",""
"no-tradeoff","210","2205367","0.0-11.0-0.48","","","","","","","","4","7","7","img/tree_9.png","img/tree_8.png","866.0349999843165","489.63999998476356","2250.3500000163913","866.0349999843165,489.63999998476356,2250.3500000163913","70","70,32,13","enter","8","null","","",""
"no-tradeoff","211","2213500","0.0-11.0-0.49","","","","","","","","1","4","7","img/tree_3.png","img/tree_7.png","514.8599999956787","592.9100000066683","","514.8599999956787,592.9100000066683","70","70,32","null","","null","","",""
"no-tradeoff","212","2224381","0.0-11.0-0.50","","","","","","","","1","7","7","img/tree_8.png","img/tree_9.png","920.6399999964051","2778.775000013411","553.8050000034273","920.6399999964051,2778.775000013411,553.8050000034273","74","74,13,32","null","","enter","6","",""
"no-tradeoff","213","2232404","0.0-11.0-0.51","","","","","","","","1","7","8","img/tree_8.png","img/tree_9.png","980.3949999911711","459.34500001044944","","980.3949999911711,459.34500001044944","70","70,32","null","","null","","",""
"no-tradeoff","214","2243109","0.0-11.0-0.52","","","","","","","","4","9","8","img/tree_7.png","img/tree_3.png","935.9899999978952","1320.3449999853037","729.8500000033528","935.9899999978952,1320.3449999853037,729.8500000033528,2433.2049999791197","70","70,74,32,13","enter","7","null","","",""
"no-tradeoff","215","2251268","0.0-11.0-0.53","","","","","","","","1","7","8","img/tree_7.png","img/tree_3.png","583.7400000020862","600.1999999862164","","583.7400000020862,600.1999999862164","74","74,32","null","","null","","",""
"no-tradeoff","216","2261978","0.0-11.0-0.54","","","","","","","","4","7","8","img/tree_8.png","img/tree_9.png","993.6800000136718","2617.2499999813735","542.8650000253692","993.6800000136718,2617.2499999813735,542.8650000253692","70","70,13,32","null","","enter","8","",""
"no-tradeoff","217","2270089","0.0-11.0-0.55","","","","","","","","1","5","3","img/tree_9.png","img/tree_8.png","815.7200000132434","576.3549999971874","","815.7200000132434,576.3549999971874","70","70,32","null","","null","","",""
"no-tradeoff","218","2280311","0.0-11.0-0.56","","","","","","","","1","2","6","img/tree_8.png","img/tree_9.png","1066.6449999841861","99.77499998081475","2560.4349999921396","1066.6449999841861,99.77499998081475,2560.4349999921396","70","70,32,13","enter","7","null","","",""
"no-tradeoff","219","2288348","0.0-11.0-0.57","","","","","","","","1","5","2","img/tree_9.png","img/tree_8.png","646.7950000078417","484.7550000124611","","646.7950000078417,484.7550000124611","74","74,32","null","","null","","",""
"no-tradeoff","220","2301155","0.0-11.0-0.58","","","","","","","","4","6","2","img/tree_3.png","img/tree_7.png","679.5949999941513","4690.379999985918","557.6850000070408","679.5949999941513,4690.379999985918,557.6850000070408","74","74,13,32","null","","enter","7","",""
"no-tradeoff","221","2309233","0.0-11.0-0.59","","","","","","","","1","2","3","img/tree_9.png","img/tree_8.png","709.1849999851547","548.0749999983236","","709.1849999851547,548.0749999983236","74","74,32","null","","null","","",""
"no-tradeoff","222","2323650","0.0-11.0-0.60","","","","","","","","4","4","2","img/tree_8.png","img/tree_9.png","758.4400000050664","516.0800000014715","6354.59499998251","758.4400000050664,516.0800000014715,6354.59499998251","74","74,32,13","enter","7","null","","",""
"no-tradeoff","223","2331703","0.0-11.0-0.61","","","","","","","","1","5","4","img/tree_9.png","img/tree_8.png","967.7049999879673","509.20000000018626","","967.7049999879673,509.20000000018626","74","74,32","null","","null","","",""
"no-tradeoff","224","2343557","0.0-11.0-0.62","","","","","","","","1","5","7","img/tree_8.png","img/tree_9.png","816.9399999896996","3717.6050000125542","590.4999999911524","816.9399999896996,3717.6050000125542,590.4999999911524","74","74,13,32","null","","enter","6","",""
"no-tradeoff","225","2352394","0.0-11.0-0.63","","","","","","","","4","5","4","img/tree_9.png","img/tree_8.png","1291.9049999909475","1261.3600000040606","","1291.9049999909475,1261.3600000040606","70","70,32","null","","null","","",""
"no-tradeoff","226","2363298","0.0-11.0-0.64","","","","","","","","4","4","5","img/tree_3.png","img/tree_7.png","735.1950000156648","403.38000000314787","2934.4199999761768","735.1950000156648,403.38000000314787,2934.4199999761768","70","70,32,13","enter","7","null","","",""
"no-tradeoff","227","2371353","0.0-11.0-0.65","","","","","","","","4","3","5","img/tree_8.png","img/tree_9.png","739.8149999789894","497.960000007879","","739.8149999789894,497.960000007879","74","74,32","null","","null","","",""
"no-tradeoff","228","2381999","0.0-11.0-0.66","","","","","","","","1","4","0","img/tree_9.png","img/tree_8.png","672.2299999967217","2506.695000018459","591.054999996908","672.2299999967217,2506.695000018459,591.054999996908","70","70,13,32","null","","enter","5","",""
"no-tradeoff","229","2389971","0.0-11.0-0.67","","","","","","","","4","2","1","img/tree_8.png","img/tree_9.png","402.06500000180677","417.99500002525747","","402.06500000180677,417.99500002525747","74","74,32","null","","null","","",""
"no-tradeoff","230","2402066","0.0-11.0-0.68","","","","","","","","1","4","2","img/tree_7.png","img/tree_3.png","730.5800000033341","472.1750000026077","4083.024999999907","730.5800000033341,472.1750000026077,4083.024999999907","70","70,32,13","enter","5","null","","",""
"no-tradeoff","231","2410078","0.0-11.0-0.69","","","","","","","","4","9","2","img/tree_8.png","img/tree_9.png","1009.5100000035018","476.30999999819323","","1009.5100000035018,476.30999999819323","70","70,32","null","","null","","",""
"no-tradeoff","232","2420890","0.0-11.0-0.70","","","","","","","","4","6","3","img/tree_7.png","img/tree_3.png","986.4899999815971","2652.6700000106357","633.3150000134483","986.4899999815971,2652.6700000106357,633.3150000134483","74","74,13,32","null","","enter","7","",""
"no-tradeoff","233","2428891","0.0-11.0-0.71","","","","","","","","4","5","2","img/tree_7.png","img/tree_3.png","567.635000014212","457.18500000657514","","567.635000014212,457.18500000657514","70","70,32","null","","null","","",""
"no-tradeoff","234","2439722","0.0-11.0-0.72","","","","","","","","4","5","2","img/tree_8.png","img/tree_9.png","692.2899999772198","421.7099999948405","2854.549999988638","692.2899999772198,421.7099999948405,2854.549999988638","70","70,32,13","enter","6","null","","",""
"no-tradeoff","235","2447704","0.0-11.0-0.73","","","","","","","","4","2","3","img/tree_7.png","img/tree_3.png","980.4249999872409","434.464999998454","","980.4249999872409,434.464999998454","70","70,32","null","","null","","",""
"no-tradeoff","236","2458079","0.0-11.0-0.74","","","","","","","","1","1","2","img/tree_9.png","img/tree_8.png","362.96499997843057","2305.2850000094622","525.9300000034273","362.96499997843057,2305.2850000094622,525.9300000034273","74","74,13,32","null","","enter","7","",""
"no-tradeoff","237","2466094","0.0-11.0-0.75","","","","","","","","1","3","2","img/tree_3.png","img/tree_7.png","609.6149999941699","454.72999999765307","","609.6149999941699,454.72999999765307","70","70,32","null","","null","","",""
"no-tradeoff","238","2477304","0.0-11.0-0.76","","","","","","","","4","2","1","img/tree_3.png","img/tree_7.png","882.7499999897555","596.5450000073761","3063.3850000160746","882.7499999897555,596.5450000073761,3063.3850000160746","74","74,32,13","enter","7","null","","",""
"no-tradeoff","239","2486142","0.0-11.0-0.77","","","","","","","","1","1","1","img/tree_7.png","img/tree_3.png","829.8249999932013","1298.784999991767","","829.8249999932013,1298.784999991767","70","70,32","null","","null","","",""
"no-tradeoff","240","2498066","0.0-11.0-0.78","","","","","","","","1","4","0","img/tree_8.png","img/tree_9.png","717.3300000140443","3614.2950000069104","786.6949999877252","717.3300000140443,3614.2950000069104,786.6949999877252","74","74,13,32","null","","enter","7","",""
"no-tradeoff","241","2506558","0.0-11.0-0.79","","","","","","","","4","2","1","img/tree_7.png","img/tree_3.png","516.6800000006333","945.38999997871","","516.6800000006333,945.38999997871","74","74,32","null","","null","","",""
"no-tradeoff","242","2517023","0.0-11.0-0.80","","","","","","","","4","1","2","img/tree_7.png","img/tree_3.png","590.9899999974295","530.5850000004284","2387.7500000237487","590.9899999974295,530.5850000004284,2387.7500000237487","70","70,32,13","enter","7","null","","",""
"no-tradeoff","243","2525181","0.0-11.0-0.81","","","","","","","","1","2","2","img/tree_8.png","img/tree_9.png","782.2400000002235","623.6499999943189","","782.2400000002235,623.6499999943189","74","74,32","null","","null","","",""
"no-tradeoff","244","2538125","0.0-11.0-0.82","","","","","","","","1","2","2","img/tree_9.png","img/tree_8.png","649.2699999948964","4713.300000003539","682.8300000051968","649.2699999948964,4713.300000003539,682.8300000051968","74","74,13,32","null","","enter","7","",""
"no-tradeoff","245","2546766","0.0-11.0-0.83","","","","","","","","4","7","2","img/tree_3.png","img/tree_7.png","843.4049999923445","1092.349999992177","","843.4049999923445,1092.349999992177","74","74,32","null","","null","","",""
"no-tradeoff","246","2557743","0.0-11.0-0.84","","","","","","","","1","7","5","img/tree_3.png","img/tree_7.png","1244.1799999796785","806.7849999936298","2613.3350000018254","1244.1799999796785,806.7849999936298,2613.3350000018254","70","70,32,13","enter","7","null","","",""
"no-tradeoff","247","2566957","0.0-11.0-0.85","","","","","","","","1","6","5","img/tree_9.png","img/tree_8.png","881.8399999868125","166.8749999953434","","881.8399999868125,166.8749999953434","74","74,32","null","","null","","",""
"no-tradeoff","248","2578057","0.0-11.0-0.86","","","","","","","","4","6","3","img/tree_3.png","img/tree_7.png","508.8450000034645","2867.935000016354","672.4800000083633","508.8450000034645,2867.935000016354,672.4800000083633","70","70,13,32","null","","enter","8","",""
"no-tradeoff","249","2586250","0.0-11.0-0.87","","","","","","","","4","6","3","img/tree_3.png","img/tree_7.png","701.0050000101328","637.2799999956042","","701.0050000101328,637.2799999956042","70","70,32","null","","null","","",""
"no-tradeoff","250","2596638","0.0-11.0-0.88","","","","","","","","1","5","4","img/tree_3.png","img/tree_7.png","594.1799999852665","516.3600000087172","2329.3549999943934","594.1799999852665,516.3600000087172,2329.3549999943934","70","70,32,13","enter","7","null","","",""
"no-tradeoff","251","2604844","0.0-11.0-0.89","","","","","","","","1","3","4","img/tree_9.png","img/tree_8.png","1191.005000000354","648.8100000130944","","1191.005000000354,648.8100000130944","70","70,32","null","","null","","",""
"no-tradeoff","252","2618370","0.0-11.0-0.90","","","","","","","","1","3","4","img/tree_8.png","img/tree_9.png","802.6950000203215","5393.379999993835","595.7000000053085","802.6950000203215,5393.379999993835,595.7000000053085","70","70,13,32","null","","enter","8","",""
"no-tradeoff","253","2626440","0.0-11.0-0.91","","","","","","","","4","0","2","img/tree_8.png","img/tree_9.png","815.6000000019558","531.8149999948218","","815.6000000019558,531.8149999948218","74","74,32","null","","null","","",""
"no-tradeoff","254","2638462","0.0-11.0-0.92","","","","","","","","1","4","1","img/tree_9.png","img/tree_8.png","674.6700000078417","403.385000012815","4070.130000007339","674.6700000078417,403.385000012815,4070.130000007339","74","74,32,13","enter","8","null","","",""
"no-tradeoff","255","2646430","0.0-11.0-0.93","","","","","","","","1","7","1","img/tree_3.png","img/tree_7.png","832.809999993071","428.0049999943003","","832.809999993071,428.0049999943003","74","74,32","null","","null","","",""
"no-tradeoff","256","2659854","0.0-11.0-0.94","","","","","","","","1","8","2","img/tree_3.png","img/tree_7.png","572.004999994766","5476.704999979585","402.3350000209175","572.004999994766,5476.704999979585,402.3350000209175","74","74,13,32","null","","enter","9","",""
"no-tradeoff","257","2670249","0.0-11.0-0.95","","","","","","","","1","8","6","img/tree_3.png","img/tree_7.png","980.2900000065565","1316.6149999890476","","980.2900000065565,1316.6149999890476","70","70,32","null","","null","","",""
"no-tradeoff","258","2681900","0.0-11.0-0.96","","","","","","","","1","8","6","img/tree_9.png","img/tree_8.png","1247.6249999892898","664.3650000039488","3414.989999989979","1247.6249999892898,664.3650000039488,3414.989999989979","70","70,32,13","enter","8","null","","",""
"no-tradeoff","259","2689937","0.0-11.0-0.97","","","","","","","","1","8","6","img/tree_9.png","img/tree_8.png","616.9849999714643","488.2749999812804","","616.9849999714643,488.2749999812804","74","74,32","null","","null","","",""
"no-tradeoff","260","2702783","0.0-11.0-0.98","","","","","","","","4","5","7","img/tree_7.png","img/tree_3.png","644.9550000252202","4754.710000008345","531.8550000078976","644.9550000252202,4754.710000008345,531.8550000078976","70","70,13,32","null","","enter","5","",""
"no-tradeoff","261","2710685","0.0-11.0-0.99","","","","","","","","4","6","4","img/tree_3.png","img/tree_7.png","593.4499999857508","354.9150000032969","","593.4499999857508,354.9150000032969","70","70,32","null","","null","","",""
"no-tradeoff","262","2722569","0.0-11.0-0.100","","","","","","","","1","6","7","img/tree_9.png","img/tree_8.png","1009.1149999932386","328.2500000204891","4008.9700000239536","1009.1149999932386,328.2500000204891,4008.9700000239536","70","70,32,13","enter","7","null","","",""
"no-tradeoff","263","2730607","0.0-11.0-0.101","","","","","","","","4","3","8","img/tree_3.png","img/tree_7.png","845.9900000011548","501.07500000763685","","845.9900000011548,501.07500000763685","74","74,32","null","","null","","",""
"no-tradeoff","264","2741864","0.0-11.0-0.102","","","","","","","","4","2","5","img/tree_3.png","img/tree_7.png","871.7349999928847","3029.5850000111386","668.8100000028498","871.7349999928847,3029.5850000111386,668.8100000028498","70","70,13,32","null","","enter","5","",""
"no-tradeoff","265","2750050","0.0-11.0-0.103","","","","","","","","1","7","2","img/tree_7.png","img/tree_3.png","575.9250000119209","635.8449999825098","","575.9250000119209,635.8449999825098","74","74,32","null","","null","","",""
"no-tradeoff","266","2760908","0.0-11.0-0.104","","","","","","","","4","5","2","img/tree_7.png","img/tree_3.png","644.1550000165589","704.9500000141561","2619.3350000251085","644.1550000165589,704.9500000141561,2619.3350000251085","70","70,32,13","enter","7","null","","",""
"no-tradeoff","267","2768827","0.0-11.0-0.105","","","","","","","","4","5","1","img/tree_8.png","img/tree_9.png","745.494999980554","391.6949999984354","","745.494999980554,391.6949999984354","70","70,32","null","","null","","",""
"no-tradeoff","268","2780159","0.0-11.0-0.106","","","","","","","","4","1","1","img/tree_8.png","img/tree_9.png","1293.3099999791011","3155.4999999934807","626.5199999907054","1293.3099999791011,3155.4999999934807,626.5199999907054","70","70,13,32","null","","enter","5","",""
"no-tradeoff","269","2787748","0.0-11.0-0.107","","","","","","","","4","3","1","img/tree_9.png","img/tree_8.png","908.6049999753013","30.17000001296401","","908.6049999753013,30.17000001296401","70","70,32","null","","null","","",""
"no-tradeoff","270","2798490","0.0-11.0-0.108","","","","","","","","1","1","2","img/tree_7.png","img/tree_3.png","602.5249999947846","630.814999982249","2550.0950000132434","602.5249999947846,630.814999982249,2550.0950000132434","74","74,32,13","enter","6","null","","",""
"no-tradeoff","271","2806247","0.0-11.0-0.109","","","","","","","","1","1","0","img/tree_9.png","img/tree_8.png","1043.9550000010058","212.8000000086613","","1043.9550000010058,212.8000000086613","74","74,32","null","","null","","",""
"no-tradeoff","272","2818326","0.0-11.0-0.110","","","","","","","","1","3","1","img/tree_3.png","img/tree_7.png","506.3950000042096","3947.469999984838","563.3699999889359","506.3950000042096,3947.469999984838,563.3699999889359","70","70,13,32","null","","enter","7","",""
"no-tradeoff","273","2826467","0.0-11.0-0.111","","","","","","","","1","5","3","img/tree_3.png","img/tree_7.png","653.8000000002794","596.1649999953806","","653.8000000002794,596.1649999953806","70","70,32","null","","null","","",""
"no-tradeoff","274","2837343","0.0-11.0-0.112","","","","","","","","1","2","0","img/tree_3.png","img/tree_7.png","1396.0149999763817","561.2649999964051","2769.150000006892","1396.0149999763817,561.2649999964051,2769.150000006892","70","70,32,13","enter","5","null","","",""
"no-tradeoff","275","2844950","0.0-11.0-0.113","","","","","","","","1","4","0","img/tree_9.png","img/tree_8.png","732.2649999987334","45.40999999176711","","732.2649999987334,45.40999999176711","70","70,32","null","","null","","",""
"no-tradeoff","276","2856535","0.0-11.0-0.114","","","","","","","","4","3","3","img/tree_9.png","img/tree_8.png","359.0050000054762","3424.445000011474","619.6250000214204","359.0050000054762,3424.445000011474,619.6250000214204","70","70,13,32","null","","enter","5","",""
"no-tradeoff","277","2864526","0.0-11.0-0.115","","","","","","","","4","2","1","img/tree_8.png","img/tree_9.png","864.6200000075623","430.22999999765307","","864.6200000075623,430.22999999765307","74","74,32","null","","null","","",""
"no-tradeoff","278","2874830","0.0-11.0-0.116","","","","","","","","1","3","3","img/tree_3.png","img/tree_7.png","598.1850000098348","492.60499997716397","2278.8200000068173","598.1850000098348,492.60499997716397,2278.8200000068173","74","74,32,13","enter","7","null","","",""
"no-tradeoff","279","2882798","0.0-11.0-0.117","","","","","","","","4","2","1","img/tree_3.png","img/tree_7.png","557.4650000198744","409.76999999862164","","557.4650000198744,409.76999999862164","70","70,32","null","","null","","",""
"no-tradeoff","280","2894374","0.0-11.0-0.118","","","","","","","","1","1","0","img/tree_9.png","img/tree_8.png","970.1449999990873","3493.4449999998324","546.2349999872968","970.1449999990873,3493.4449999998324,546.2349999872968","70","70,13,32","null","","enter","5","",""
"no-tradeoff","281","2902500","0.0-11.0-0.119","","","","","","","","4","0","0","img/tree_9.png","img/tree_8.png","805.3450000006706","532.730000006035","","805.3450000006706,532.730000006035","74","74,32","null","","null","","",""
"call-function","282","2902502","0.0-12.0","","","","","","","","","","","","","","","","","","","","","","","",""
"html-keyboard-response","283","2913763","0.0-13.0-0.0","11259.079999988899","<p><b> Now you will answer a few questionnaires</b></p><br> The following are statements that a person may either agree with or disagree with.</br><p>For each item, indicate how much you agree or disagree with what the item says by clicking your response. </p><p> Choose only one response and be as accurate and honest as you can. Do not worry about being consistent in your responses. </p><p> Press the space bar to start </p>","","","32","","","","","","","","","","","","","","","","","","",""
"survey-likert","284","3041369","0.0-13.0-1.0","127597.63000000361","","","{""BISBAS1"":0,""BISBAS2"":2,""BISBAS3"":2,""BISBAS4"":1,""BISBAS5"":0,""BISBAS6"":1,""BISBAS7"":0,""BISBAS8"":1,""BISBAS9"":2,""BISBAS10"":0,""BISBAS11"":1,""BISBAS12"":2,""BISBAS13"":0,""BISBAS14"":1,""BISBAS15"":1,""BISBAS16"":1,""BISBAS17"":1,""BISBAS18"":1,""BISBAS19"":0,""BISBAS20"":0,""BISBAS21"":1,""BISBAS22"":2,""BISBAS23"":1,""BISBAS24"":1}","","","","","","","","","","","","","","","","","","","","[0,1,2,3,4,5,6,7,8,9,10,11,12,13,14,15,16,17,18,19,20,21,22,23]"
"html-keyboard-response","285","3045861","0.0-14.0-0.0","4489.484999998473","<p>Please indicate for each statement the degree to which each statement is descriptive of your mood <b> at this  moment </b>. </p><p> Press the space bar to start </p>","","","32","","","","","","","","","","","","","","","","","","",""
"survey-likert","286","3115452","0.0-14.0-1.0","69588.10999998264","","","{""STICSAS1"":1,""STICSAS2"":0,""STICSAS3"":1,""STICSAS4"":1,""STICSAS5"":2,""STICSAS6"":0,""STICSAS7"":0,""STICSAS8"":0,""STICSAS9"":2,""STICSAS10"":1,""STICSAS11"":0,""STICSAS12"":0,""STICSAS13"":1,""STICSAS14"":0,""STICSAS15"":0,""STICSAS16"":1,""STICSAS17"":1,""STICSAS18"":0,""STICSAS19"":1,""STICSAS20"":0,""STICSAS21"":0,""STICSAS22"":2}","","","","","","","","","","","","","","","","","","","","[0,1,2,3,4,5,6,7,8,9,10,11,12,13,14,15,16,17,18,19,20,21]"
"html-keyboard-response","287","3117527","0.0-15.0-0.0","2072.8900000099093","<p>Please indicate for each statement how often <b> in general </b> the statement is true for you. </p><p> Press the space bar to start </p>","","","32","","","","","","","","","","","","","","","","","","",""
"survey-likert","288","3168172","0.0-15.0-1.0","50643.10000001546","","","{""STICSAT1"":0,""STICSAT2"":0,""STICSAT3"":1,""STICSAT4"":1,""STICSAT5"":2,""STICSAT6"":0,""STICSAT7"":0,""STICSAT8"":0,""STICSAT9"":1,""STICSAT10"":1,""STICSAT11"":0,""STICSAT12"":0,""STICSAT13"":1,""STICSAT14"":0,""STICSAT15"":0,""STICSAT16"":1,""STICSAT17"":1,""STICSAT18"":0,""STICSAT19"":1,""STICSAT20"":0,""STICSAT21"":0}","","","","","","","","","","","","","","","","","","","","[0,1,2,3,4,5,6,7,8,9,10,11,12,13,14,15,16,17,18,19,20]"
"html-keyboard-response","289","3170536","0.0-16.0-0.0","2362.5799999861047","<p>Please indicate for each statement how much you agree. </p><p> Press the space bar to start </p>","","","32","","","","","","","","","","","","","","","","","","",""
"survey-likert","290","3231923","0.0-16.0-1.0","61380.70000000857","","","{""IUS1"":1,""IUS2"":2,""IUS3"":3,""IUS4"":2,""IUS5"":3,""IUS6"":2,""IUS7"":3,""IUS8"":2,""IUS9"":1,""IUS10"":3,""IUS11"":1,""IUS12"":3,""IUS13"":3}","","","","","","","","","","","","","","","","","","","","[0,1,2,3,4,5,6,7,8,9,10,11,12]"
"html-keyboard-response","291","3233474","0.0-17.0-0.0","1549.205000017304","<p>Please indicate for each statement how you <b> generally </b> feel. </p><p> Press the space bar to start </p>","","","32","","","","","","","","","","","","","","","","","","",""
"survey-likert","292","3298212","0.0-17.0-1.0","64733.240000001155","","","{""STAIT1"":1,""STAIT2"":2,""STAIT3"":1,""STAIT4"":2,""STAIT5"":2,""STAIT6"":2,""STAIT7"":2,""STAIT8"":1,""STAIT9"":0,""STAIT10"":1,""STAIT11"":"""",""STAIT12"":1,""STAIT13"":1,""STAIT14"":0,""STAIT15"":1,""STAIT16"":1,""STAIT17"":2,""STAIT18"":2,""STAIT19"":1,""STAIT20"":1}","","","","","","","","","","","","","","","","","","","","[0,1,2,3,4,5,6,7,8,9,10,11,12,13,14,15,16,17,18,19]"
"html-keyboard-response","293","3299857","0.0-18.0-0.0","1643.3649999960326","<p>Please indicate for each statement how much you think each statement is typical of you. </p><p> Press the space bar to start </p>","","","32","","","","","","","","","","","","","","","","","","",""
"survey-likert","294","3604467","0.0-18.0-1.0","304614.9900000021","","","{""ACQ1"":3,""ACQ2"":3,""ACQ3"":2,""ACQ4"":2,""ACQ5"":3,""ACQ6"":3,""ACQ7"":1,""ACQ8"":3,""ACQ9"":0,""ACQ10"":3,""ACQ11"":4,""ACQ12"":4,""ACQ13"":2,""ACQ14"":3,""ACQ15"":2,""ACQ16"":3,""ACQ17"":3,""ACQ18"":3,""ACQ19"":2,""ACQ20"":2,""ACQ21"":2,""ACQ22"":2,""ACQ23"":3,""ACQ24"":3,""ACQ25"":1,""ACQ26"":3,""ACQ27"":3,""ACQ28"":3,""ACQ29"":3,""ACQ30"":3}","","","","","","","","","","","","","","","","","","","","[0,1,2,3,4,5,6,7,8,9,10,11,12,13,14,15,16,17,18,19,20,21,22,23,24,25,26,27,28,29]"
"html-keyboard-response","295","3606997","0.0-19.0-0.0","2527.654999983497","<p> For the following questions, indicate <b> how often </b> you felt or thought a certain way <b> during the last month </b>.</p><p> Press space to start </p>","","","32","","","","","","","","","","","","","","","","","","",""
"survey-likert","296","3648853","0.0-19.0-1.0","41850.695000000764","","","{""Stress1"":2,""Stress2"":3,""Stress3"":3,""Stress4"":1,""Stress5"":2,""Stress6"":3,""Stress7"":2,""Stress8"":1,""Stress9"":3,""Stress10"":3}","","","","","","","","","","","","","","","","","","","","[0,1,2,3,4,5,6,7,8,9]"
