"trial_type","trial_index","time_elapsed","internal_node_id","rt","stimulus","button_pressed","responses","key_press","view_history","correct","stakes","outcome","outcome_notreceived","choice_selected","choice_not_selected","rt_choice","rt_space","rt_certainty","all_rts","key_choice","all_keys","estimate_trial","estimate_val","certainty_trial","certainty_val","value","question_order"
"pavlovia","0","87","0.0-0.0","","","","","","","","","","","","","","","","","","","","","","","",""
"html-button-response","1","217138","0.0-1.0","217044.64999999618","<p style=""font-size:24px;font-weight:bold"">Consent</p><div class=""consent"" style=""text-align:left; border:1px solid; padding:10px; width:800px; font-size=100%, float:right""><p align=left>Thank you for signing up for this experiment!<p><p align=left>This experiment is being conducted by the California Institute of Technology (Caltech). The lead investigators are Sarah Tashjian, PhD and Dean Mobbs, PhD. This study has been approved by the Caltech Institutional Review Board for research ethics.<p><p align=left>The goal of this study is to understand learning processes. In this experiment, you will complete a task in which you will see images.<p><p align=left>At times, you will receive rewards and penalties. These earnings will determine your eligibility for a bonus payment, which will result in a real increase in your payment in this study.<p><p align=left>Your goal is to learn which images predict the most points. We will also ask how certain you are about your decisions throughout the task.<p><p align=left>This experiment will take approximately 1 hour to complete in its entirety.<p><p align=left><b>You will receive $9.00 for completing the experiment. <u>If you optimize decisions on at least 70% of trials, you will be eligible for a $100 bonus payment.</u></b><p><p align=left>This study involves minimal risk, meaning there will be no more risk than in daily life. Possible risks include physical discomfort/fatigue (eyestrain, tiredness), as well as psychological discomfort (e.g., potential boredom).<p><p align=left> Besides receiving payment, you will not benefit from this study.<p><p align=left><b>Any information that is obtained in connection with this study that can identify you will remain confidential. </b><p><p align=left>When the results of this study are reported, your identifying information will not be disclosed. Because this study is being conducted online, we are unable to fully eliminate the risk of a breach of confidentiality. However, to mitigate the chances of this occurring, we are using secure and confidential data collection systems.<p align=left>You may choose to withdraw from this study at any time and refuse to answer any questions without penalty. Also, you may choose not to participate in this study.<p><p align=left>You are <b>eligible</b> to participate if you (1) are 18-65 years old, (2) are fluent in English, (3) have healthy or corrected vision, (4) are not colorblind, and (5) have no difficulty controlling motor movements. <p><p align=left>If you do not meet these criteria, please exit the experiment now.<p><p align=center><b> If you meet these criteria and consent to participate, you must<br>indicate your consent by clicking the button below.<b></p>","0","","","","","","","","","","","","","","","","","","","","",""
"survey-text","2","242245","0.0-2.0-0.0","25022.84000001964","","","{""Q0"":""5e80370d48b5f47170e30e5c"",""Q1"":""31"",""Q2"":""Female"",""Q3"":""Female""}","","","","","","","","","","","","","","","","","","","",""
"html-keyboard-response","3","245743","0.0-3.0","3490.7700000039767","<p>Welcome to the experiment!</p><p> You will play two games and answer a few questions.</p><p>Press the space bar to begin reading the instructions for the first game.</p>","","","32","","","","","","","","","","","","","","","","","","",""
"instructions","4","408711","0.0-4.0","162966.03999999934","","","","","[{""page_index"":0,""viewing_time"":11844.425000017509},{""page_index"":1,""viewing_time"":36992.599999997765},{""page_index"":2,""viewing_time"":17082.91499997722},{""page_index"":3,""viewing_time"":9396.195000008447},{""page_index"":4,""viewing_time"":33817.67499999842},{""page_index"":5,""viewing_time"":14020.38500001072},{""page_index"":6,""viewing_time"":8507.849999994505},{""page_index"":7,""viewing_time"":22214.2950000125},{""page_index"":8,""viewing_time"":9088.739999977406}]","","","","","","","","","","","","","","","","","",""
"html-keyboard-response","5","412333","0.0-5.0-0.0","3618.610000004992","<p style=""font-size:24px;font-weight:bold"">TEST QUESTION</p><p>Which letter should you press to select the green house on the left?</p><div class=group><table class=table_center><tr><td class=prompt colspan=2>Choose one</td></tr><tr style=""height: 300px;""><td style=""width: 300px;""><img id=""left"" src=img/house_3.png style=""zoom: 100%;""/></td><td style=""width: 300px;""><img id=""right"" src=img/house_2.png style=""zoom: 100%;""/></td></tr></table></div><br>","","","70","","true","","","","","","","","","","","","","","","","",""
"html-keyboard-response","6","415337","0.0-5.0-1.0","null","<p style=""font-size:36px;font-weight:bold"">Correct!</p><p> Remember, press ""F"" for left and ""J"" for right. </p>","","","null","","","","","","","","","","","","","","","","","","",""
"html-keyboard-response","7","416437","0.0-5.0-2.0","1095.980000012787","<p style=""font-size:24px;font-weight:bold"">TEST QUESTION</p><p>Which letter should you press to select the red house on the right?</p><div class=group><table class=table_center><tr><td class=prompt colspan=2>Choose one</td></tr><tr style=""height: 300px;""><td style=""width: 300px;""><img id=""left"" src=img/house_3.png style=""zoom: 100%;""/></td><td style=""width: 300px;""><img id=""right"" src=img/house_2.png style=""zoom: 100%;""/></td></tr></table></div><br>","","","74","","true","","","","","","","","","","","","","","","","",""
"html-keyboard-response","8","419448","0.0-5.0-3.0","null","<p style=""font-size:36px;font-weight:bold"">Correct!</p><p> Remember, press ""F"" for left and ""J"" for right. </p>","","","null","","","","","","","","","","","","","","","","","","",""
"html-keyboard-response","9","423529","0.0-5.0-4.0","4079.2899999942165","<p style=""font-size:24px;font-weight:bold"">TEST QUESTION</p><p>Type the number of the <b> maximum </b> amount of sacks an elf can make</p>","","","57","","true","","","","","","","","","","","","","","","","",""
"html-keyboard-response","10","426549","0.0-5.0-5.0","null","<p style=""font-size:36px;font-weight:bold"">Correct!</p><p> Remember, elves can make 0 to 9 sacks. </p>","","","null","","","","","","","","","","","","","","","","","","",""
"html-keyboard-response","11","430133","0.0-5.0-6.0","3582.9999999841675","<p style=""font-size:24px;font-weight:bold"">TEST QUESTION</p><p>Remember, the same house always takes you to the same elf. </p><p>On this trial, select the house on the left by pressing ""F"".</p><div class=group><table class=table_center><tr><td class=prompt colspan=2>Choose one</td></tr><tr style=""height: 300px;""><td style=""width: 300px;""><img id=""left"" src=img/house_1.png style=""zoom: 100%;""/></td><td style=""width: 300px;""><img id=""right"" src=img/house_5.png style=""zoom: 100%;""/></td></tr></table></div><br>","","","70","","","","","","","","","","","","","","","","","","",""
"html-keyboard-response","12","436345","0.0-5.0-7.0","6208.435000007739","<p style=""font-size:24px;font-weight:bold"">TEST QUESTION</p><p>The red house took you to the yellow elf. </p><p> The yellow elf gave you 8 sacks. </p><p> The most sacks an elf can make is 9 sacks, so this is a great outcome!</p><div class=group><table class=table_center><tr><td class=prompt colspan=3>You received</td></tr><tr style=""height: 300px;""><td><img src=img/elf_yellow.png style=""zoom: 100%;""/></td><td><img src=img/sack.png style=""zoom: 30%;""/></td><td class=prompt>x 8</td></tr></table></div><br><p> Press space to continue </p>","","","32","","","","","","","","","","","","","","","","","","",""
"html-keyboard-response","13","438859","0.0-5.0-8.0","2511.5899999800604","<p style=""font-size:24px;font-weight:bold"">TEST QUESTION</p><p>If you wanted to visit the <b> yellow elf </b> again, which house would you select?</p><div class=group><table class=table_center><tr><td class=prompt colspan=2>Choose one</td></tr><tr style=""height: 300px;""><td style=""width: 300px;""><img id=""left"" src=img/house_1.png style=""zoom: 100%;""/></td><td style=""width: 300px;""><img id=""right"" src=img/house_5.png style=""zoom: 100%;""/></td></tr></table></div><br>","","","70","","true","","","","","","","","","","","","","","","","",""
"html-keyboard-response","14","441876","0.0-5.0-9.0","null","<p style=""font-size:36px;font-weight:bold"">Correct!</p><p> Remember, the same house goes to the same elf. </p>","","","null","","","","","","","","","","","","","","","","","","",""
"html-keyboard-response","15","445023","0.0-5.0-10.0","3144.399999990128","<p style=""font-size:24px;font-weight:bold"">TEST QUESTION</p><p>On this trial, select the house on the right by pressing ""J"".</p><div class=group><table class=table_center><tr><td class=prompt colspan=2>Choose one</td></tr><tr style=""height: 300px;""><td style=""width: 300px;""><img id=""left"" src=img/house_1.png style=""zoom: 100%;""/></td><td style=""width: 300px;""><img id=""right"" src=img/house_5.png style=""zoom: 100%;""/></td></tr></table></div><br>","","","74","","","","","","","","","","","","","","","","","","",""
"html-keyboard-response","16","453522","0.0-5.0-11.0","8497.464999993099","<p style=""font-size:24px;font-weight:bold"">TEST QUESTION</p><p>The blue house took you to the purple elf. </p><p> The purple elf only gave you 1 sack. </p><p> That is not very much and is a pretty bad outcome.</p><div class=group><table class=table_center><tr><td class=prompt colspan=3>You received</td></tr><tr style=""height: 300px;""><td><img src=img/elf_purple.png style=""zoom: 100%;""/></td><td><img src=img/sack.png style=""zoom: 30%;""/></td><td class=prompt>x 1</td></tr></table></div><br><p> Press space to continue </p>","","","32","","","","","","","","","","","","","","","","","","",""
"html-keyboard-response","17","458455","0.0-5.0-12.0","4930.480000009993","<p style=""font-size:24px;font-weight:bold"">TEST QUESTION</p><p>Remember the yellow elf gave you 8 sacks and the purple elf only gave you 1 sack. </p><p> Which elf would you try to visit next? </p><div class=group><table class=table_center><tr><td class=prompt colspan=2>Choose one</td></tr><tr style=""height: 300px;""><td style=""width: 300px;""><img id=""left"" src=img/elf_yellow.png style=""zoom: 100%;""/></td><td style=""width: 300px;""><img id=""right"" src=img/elf_purple.png style=""zoom: 100%;""/></td></tr></table></div><br>","","","70","","true","","","","","","","","","","","","","","","","",""
"html-keyboard-response","18","461465","0.0-5.0-13.0","null","<p style=""font-size:36px;font-weight:bold"">Correct!</p><p> Remember, you want to select the elf who gives you the most sacks.</p>","","","null","","","","","","","","","","","","","","","","","","",""
"html-keyboard-response","19","466363","0.0-5.0-14.0","4894.874999998137","<p style=""font-size:24px;font-weight:bold"">TEST QUESTION</p><p>To visit the yellow elf, which house should you visit? </p><div class=group><table class=table_center><tr><td class=prompt colspan=2>Choose one</td></tr><tr style=""height: 300px;""><td style=""width: 300px;""><img id=""left"" src=img/house_1.png style=""zoom: 100%;""/></td><td style=""width: 300px;""><img id=""right"" src=img/house_5.png style=""zoom: 100%;""/></td></tr></table></div><br>","","","70","","true","","","","","","","","","","","","","","","","",""
"html-keyboard-response","20","469366","0.0-5.0-15.0","null","<p style=""font-size:36px;font-weight:bold"">Correct!</p><p>Remember, the same house goes to the same elf each time.</p>","","","null","","","","","","","","","","","","","","","","","","",""
"html-keyboard-response","21","475765","0.0-5.0-16.0","6397.354999993695","<p style=""font-size:36px;font-weight:bold"">You are ready to play!</p><p>The houses and elves in the actual game will be different than the practice. </p><p> Press the space bar to start the game</p>","","","32","","","","","","","","","","","","","","","","","","",""
"no-tradeoff-rwd","22","483607","0.0-6.0-0.0","","","","","","","","1","0","","","","4321.12499998766","","","4321.12499998766","32","32","null","","null","","",""
"no-tradeoff-rwd","23","493985","0.0-6.0-0.1","","","","","","","","1","1","8","img/house_4.png","img/house_6.png","615.3549999871757","1313.4850000205915","","615.3549999871757,1313.4850000205915","70","70,32","null","","null","","",""
"no-tradeoff-rwd","24","534132","0.0-6.0-0.2","","","","","","","","4","5","3","img/house_6.png","img/house_4.png","913.9699999941513","22106.919999991078","8973.494999983814","913.9699999941513,22106.919999991078,8973.494999983814","70","70,13,32","null","","enter","4","",""
"no-tradeoff-rwd","25","543990","0.0-6.0-0.3","","","","","","","","1","5","1","img/house_6.png","img/house_4.png","458.6050000216346","807.3649999860208","","458.6050000216346,807.3649999860208","74","74,32","null","","null","","",""
"no-tradeoff-rwd","26","565678","0.0-6.0-0.4","","","","","","","","4","6","3","img/house_6.png","img/house_4.png","572.6549999963026","2597.074999997858","10016.675000020768","572.6549999963026,2597.074999997858,10016.675000020768","74","74,32,13","enter","5","null","","",""
"no-tradeoff-rwd","27","575999","0.0-6.0-0.5","","","","","","","","4","5","7","img/house_3.png","img/house_2.png","1251.605000026757","1260.7350000180304","","1251.605000026757,1260.7350000180304","70","70,32","null","","null","","",""
"no-tradeoff-rwd","28","593692","0.0-6.0-0.6","","","","","","","","1","7","8","img/house_3.png","img/house_2.png","758.6650000012014","7556.7449999798555","1093.6400000064168","758.6650000012014,7556.7449999798555,1093.6400000064168","74","74,13,32","null","","enter","6","",""
"no-tradeoff-rwd","29","604161","0.0-6.0-0.7","","","","","","","","4","8","8","img/house_3.png","img/house_2.png","798.3099999837577","1401.499999978114","","798.3099999837577,1401.499999978114","74","74,32","null","","null","","",""
"no-tradeoff-rwd","30","624541","0.0-6.0-0.8","","","","","","","","4","5","7","img/house_4.png","img/house_6.png","1185.4199999943376","2657.7849999885075","8664.194999990286","1185.4199999943376,2657.7849999885075,8664.194999990286","70","70,32,13","enter","5","null","","",""
"no-tradeoff-rwd","31","634725","0.0-6.0-0.9","","","","","","","","4","6","4","img/house_4.png","img/house_6.png","1306.4899999881163","1120.9399999934249","","1306.4899999881163,1120.9399999934249","70","70,32","null","","null","","",""
"no-tradeoff-rwd","32","650317","0.0-6.0-0.10","","","","","","","","4","9","8","img/house_4.png","img/house_6.png","1443.1800000020303","4368.589999998221","2166.36999999173","1443.1800000020303,4368.589999998221,2166.36999999173","70","70,13,32","null","","enter","7","",""
"no-tradeoff-rwd","33","662231","0.0-6.0-0.11","","","","","","","","4","7","8","img/house_3.png","img/house_2.png","1264.2199999827426","2854.3850000132807","","1264.2199999827426,2854.3850000132807","74","74,32","null","","null","","",""
"no-tradeoff-rwd","34","667231","0.0-6.0-0.12","","","","","","","","1","0","","","","1478.545000019949","","","1478.545000019949","32","32","null","","null","","",""
"no-tradeoff-rwd","35","677481","0.0-6.0-0.13","","","","","","","","1","7","3","img/house_6.png","img/house_4.png","841.374999989057","1199.285000009695","","841.374999989057,1199.285000009695","70","70,32","null","","null","","",""
"no-tradeoff-rwd","36","692664","0.0-6.0-0.14","","","","","","","","4","5","6","img/house_3.png","img/house_2.png","735.7149999879766","3615.829999995185","2501.490000024205","735.7149999879766,3615.829999995185,2501.490000024205","70","70,13,32","null","","enter","7","",""
"no-tradeoff-rwd","37","704323","0.0-6.0-0.15","","","","","","","","1","6","7","img/house_4.png","img/house_6.png","973.9300000073854","2616.8999999936204","","973.9300000073854,2616.8999999936204","70","70,32","null","","null","","",""
"no-tradeoff-rwd","38","724774","0.0-6.0-0.16","","","","","","","","4","6","6","img/house_6.png","img/house_4.png","1241.5500000061002","2955.259999987902","8448.504999978468","1241.5500000061002,2955.259999987902,8448.504999978468","74","74,32,13","enter","7","null","","",""
"no-tradeoff-rwd","39","735206","0.0-6.0-0.17","","","","","","","","1","2","8","img/house_4.png","img/house_6.png","936.4250000216998","1389.1299999959301","","936.4250000216998,1389.1299999959301","70","70,32","null","","null","","",""
"no-tradeoff-rwd","40","753480","0.0-6.0-0.18","","","","","","","","4","9","7","img/house_6.png","img/house_4.png","576.614999998128","6133.340000000317","3084.754999988945","576.614999998128,6133.340000000317,3084.754999988945","74","74,13,32","null","","enter","7","",""
"no-tradeoff-rwd","41","765325","0.0-6.0-0.19","","","","","","","","4","6","8","img/house_6.png","img/house_4.png","945.464999997057","2786.2700000114273","","945.464999997057,2786.2700000114273","70","70,32","null","","null","","",""
"no-tradeoff-rwd","42","779793","0.0-6.0-0.20","","","","","","","","4","5","9","img/house_6.png","img/house_4.png","1069.6250000037253","1205.7999999960884","4214.160000003176","1069.6250000037253,1205.7999999960884,4214.160000003176","74","74,32,13","enter","7","null","","",""
"no-tradeoff-rwd","43","791917","0.0-6.0-0.21","","","","","","","","4","6","5","img/house_6.png","img/house_4.png","763.4750000142958","3067.9200000013225","","763.4750000142958,3067.9200000013225","74","74,32","null","","null","","",""
"no-tradeoff-rwd","44","799986","0.0-6.0-0.22","","","","","","","","1","0","","","","4544.469999993453","","","4544.469999993453","32","32","null","","null","","",""
"no-tradeoff-rwd","45","811965","0.0-6.0-0.23","","","","","","","","4","9","1","img/house_2.png","img/house_3.png","541.3150000094902","2934.0899999951944","","541.3150000094902,2934.0899999951944","74","74,32","null","","null","","",""
"no-tradeoff-rwd","46","828881","0.0-6.0-0.24","","","","","","","","4","9","0","img/house_2.png","img/house_3.png","704.79499999783","2232.6049999974202","5621.095000009518","704.79499999783,2232.6049999974202,5621.095000009518","70","70,32,13","enter","6","null","","",""
"no-tradeoff-rwd","47","839164","0.0-6.0-0.25","","","","","","","","1","8","1","img/house_6.png","img/house_4.png","1144.2149999784306","1220.2349999861326","","1144.2149999784306,1220.2349999861326","74","74,32","null","","null","","",""
"no-tradeoff-rwd","48","854964","0.0-6.0-0.26","","","","","","","","4","6","2","img/house_2.png","img/house_3.png","1306.6149999795016","4439.06999999308","2290.399999998044","1306.6149999795016,4439.06999999308,2290.399999998044","70","70,13,32","null","","enter","7","",""
"no-tradeoff-rwd","49","869057","0.0-6.0-0.27","","","","","","","","4","3","0","img/house_2.png","img/house_3.png","822.8249999810942","5047.454999992624","","822.8249999810942,5047.454999992624","70","70,32","null","","null","","",""
"no-tradeoff-rwd","50","884517","0.0-6.0-0.28","","","","","","","","4","2","0","img/house_2.png","img/house_3.png","1099.3999999773223","1469.6500000136439","4935.824999993201","1099.3999999773223,1469.6500000136439,4935.824999993201","70","70,32,13","enter","5","null","","",""
"no-tradeoff-rwd","51","896601","0.0-6.0-0.29","","","","","","","","1","2","4","img/house_3.png","img/house_2.png","1217.3299999849405","3040.9900000086054","","1217.3299999849405,3040.9900000086054","74","74,32","null","","null","","",""
"no-tradeoff-rwd","52","910088","0.0-6.0-0.30","","","","","","","","1","6","2","img/house_6.png","img/house_4.png","974.1799999901559","3524.4200000015553","885.5249999905936","974.1799999901559,3524.4200000015553,885.5249999905936","70","70,13,32","null","","enter","7","",""
"no-tradeoff-rwd","53","921784","0.0-6.0-0.31","","","","","","","","4","5","1","img/house_6.png","img/house_4.png","652.1199999842793","2644.754999986617","","652.1199999842793,2644.754999986617","70","70,32","null","","null","","",""
"no-tradeoff-rwd","54","928141","0.0-6.0-0.32","","","","","","","","4","0","","","","2835.6499999936204","","","2835.6499999936204","32","32","null","","null","","",""
"no-tradeoff-rwd","55","938216","0.0-6.0-0.33","","","","","","","","4","1","4","img/house_6.png","img/house_4.png","1056.414999999106","1025.3299999749288","","1056.414999999106,1025.3299999749288","74","74,32","null","","null","","",""
"no-tradeoff-rwd","56","952302","0.0-6.0-0.34","","","","","","","","1","2","5","img/house_6.png","img/house_4.png","859.5349999959581","4194.129999988945","845.195000001695","859.5349999959581,4194.129999988945,845.195000001695","74","74,13,32","null","","enter","7","",""
"no-tradeoff-rwd","57","962513","0.0-6.0-0.35","","","","","","","","4","5","7","img/house_2.png","img/house_3.png","847.2100000071805","1151.769999996759","","847.2100000071805,1151.769999996759","70","70,32","null","","null","","",""
"no-tradeoff-rwd","58","978864","0.0-6.0-0.36","","","","","","","","1","4","7","img/house_2.png","img/house_3.png","642.6849999988917","2157.724999997299","5151.545000000624","642.6849999988917,2157.724999997299,5151.545000000624","70","70,32,13","enter","5","null","","",""
"no-tradeoff-rwd","59","989474","0.0-6.0-0.37","","","","","","","","1","5","6","img/house_6.png","img/house_4.png","1237.7550000092015","1565.7399999909103","","1237.7550000092015,1565.7399999909103","70","70,32","null","","null","","",""
"no-tradeoff-rwd","60","1004712","0.0-6.0-0.38","","","","","","","","1","3","5","img/house_2.png","img/house_3.png","1223.375000001397","4476.05499997735","1710.2900000172667","1223.375000001397,4476.05499997735,1710.2900000172667","74","74,13,32","null","","enter","4","",""
"no-tradeoff-rwd","61","1014917","0.0-6.0-0.39","","","","","","","","1","1","6","img/house_2.png","img/house_3.png","662.9649999958929","1155.3450000064913","","662.9649999958929,1155.3450000064913","74","74,32","null","","null","","",""
"no-tradeoff-rwd","62","1031222","0.0-6.0-0.40","","","","","","","","4","3","8","img/house_2.png","img/house_3.png","840.8899999922141","2082.0349999994505","5168.730000004871","840.8899999922141,2082.0349999994505,5168.730000004871","74","74,32,13","enter","6","null","","",""
"no-tradeoff-rwd","63","1041496","0.0-6.0-0.41","","","","","","","","4","0","8","img/house_2.png","img/house_3.png","752.9949999880046","1196.5149999887217","","752.9949999880046,1196.5149999887217","70","70,32","null","","null","","",""
"no-tradeoff-rwd","64","1054954","0.0-6.0-0.42","","","","","","","","1","3","8","img/house_6.png","img/house_4.png","965.3349999862257","3294.1099999879953","1115.2099999890197","965.3349999862257,3294.1099999879953,1115.2099999890197","70","70,13,32","null","","enter","7","",""
"no-tradeoff-rwd","65","1065032","0.0-6.0-0.43","","","","","","","","4","2","7","img/house_6.png","img/house_4.png","806.4200000080746","1001.3949999993201","","806.4200000080746,1001.3949999993201","74","74,32","null","","null","","",""
"no-tradeoff-rwd","66","1078207","0.0-6.0-0.44","","","","","","","","4","4","3","img/house_6.png","img/house_4.png","631.7749999871012","796.345000009751","3318.360000004759","631.7749999871012,796.345000009751,3318.360000004759","70","70,32,13","enter","5","null","","",""
"no-tradeoff-rwd","67","1089089","0.0-6.0-0.45","","","","","","","","4","1","4","img/house_2.png","img/house_3.png","832.5299999851268","1822.2400000086054","","832.5299999851268,1822.2400000086054","70","70,32","null","","null","","",""
"no-tradeoff-rwd","68","1104310","0.0-6.0-0.46","","","","","","","","1","0","9","img/house_2.png","img/house_3.png","785.4949999891687","5143.824999977369","1037.9150000226218","785.4949999891687,5143.824999977369,1037.9150000226218","74","74,13,32","null","","enter","4","",""
"no-tradeoff-rwd","69","1115428","0.0-6.0-0.47","","","","","","","","1","9","1","img/house_3.png","img/house_2.png","905.5549999757204","2075.7299999822862","","905.5549999757204,2075.7299999822862","74","74,32","null","","null","","",""
"no-tradeoff-rwd","70","1131145","0.0-6.0-0.48","","","","","","","","1","3","8","img/house_2.png","img/house_3.png","1071.8250000209082","1751.285000005737","4912.574999994831","1071.8250000209082,1751.285000005737,4912.574999994831","70","70,32,13","enter","3","null","","",""
"no-tradeoff-rwd","71","1141105","0.0-6.0-0.49","","","","","","","","1","0","7","img/house_2.png","img/house_3.png","728.8349999871571","897.6700000057463","","728.8349999871571,897.6700000057463","74","74,32","null","","null","","",""
"no-tradeoff-rwd","72","1154644","0.0-6.0-0.50","","","","","","","","4","1","9","img/house_6.png","img/house_4.png","979.6099999803118","3645.5950000090525","833.1250000046566","979.6099999803118,3645.5950000090525,833.1250000046566","74","74,13,32","null","","enter","5","",""
"no-tradeoff-rwd","73","1164484","0.0-6.0-0.51","","","","","","","","1","0","8","img/house_6.png","img/house_4.png","759.1899999824818","795.2550000045449","","759.1899999824818,795.2550000045449","70","70,32","null","","null","","",""
"no-tradeoff-rwd","74","1177970","0.0-6.0-0.52","","","","","","","","1","3","7","img/house_2.png","img/house_3.png","974.1750000102911","844.9899999832269","3595.6700000097044","974.1750000102911,844.9899999832269,3595.6700000097044","70","70,32,13","enter","3","null","","",""
"no-tradeoff-rwd","75","1188087","0.0-6.0-0.53","","","","","","","","1","7","3","img/house_3.png","img/house_2.png","1186.3799999991897","1055.2299999981187","","1186.3799999991897,1055.2299999981187","70","70,32","null","","null","","",""
"no-tradeoff-rwd","76","1202807","0.0-6.0-0.54","","","","","","","","4","7","5","img/house_3.png","img/house_2.png","835.8750000188593","4644.860000000335","1014.5849999971688","835.8750000188593,4644.860000000335,1014.5849999971688","70","70,13,32","null","","enter","6","",""
"no-tradeoff-rwd","77","1214478","0.0-6.0-0.55","","","","","","","","1","6","4","img/house_6.png","img/house_4.png","1147.274999995716","2612.2250000189524","","1147.274999995716,2612.2250000189524","70","70,32","null","","null","","",""
"no-tradeoff-rwd","78","1227938","0.0-6.0-0.56","","","","","","","","4","5","6","img/house_6.png","img/house_4.png","893.5000000055879","1288.1650000053924","3117.454999999609","893.5000000055879,1288.1650000053924,3117.454999999609","70","70,32,13","enter"," 3","null","","",""
"no-tradeoff-rwd","79","1239416","0.0-6.0-0.57","","","","","","","","4","4","6","img/house_6.png","img/house_4.png","734.9899999971967","2406.140000006417","","734.9899999971967,2406.140000006417","70","70,32","null","","null","","",""
"no-tradeoff-rwd","80","1255328","0.0-6.0-0.58","","","","","","","","4","8","1","img/house_3.png","img/house_2.png","1192.4050000088755","5873.410000000149","973.9300000073854","1192.4050000088755,5873.410000000149,973.9300000073854","74","74,13,32","null","","enter","5","",""
"no-tradeoff-rwd","81","1265369","0.0-6.0-0.59","","","","","","","","4","3","7","img/house_6.png","img/house_4.png","1087.4999999941792","990.4200000164565","","1087.4999999941792,990.4200000164565","74","74,32","null","","null","","",""
"no-tradeoff-rwd","82","1280373","0.0-6.0-0.60","","","","","","","","1","7","3","img/house_3.png","img/house_2.png","953.3349999983329","2305.480000009993","3647.6050000055693","953.3349999983329,2305.480000009993,3647.6050000055693","74","74,32,13","enter","4","null","","",""
"no-tradeoff-rwd","83","1290403","0.0-6.0-0.61","","","","","","","","1","2","7","img/house_3.png","img/house_2.png","1154.1349999897648","971.6949999856297","","1154.1349999897648,971.6949999856297","70","70,32","null","","null","","",""
"no-tradeoff-rwd","84","1304821","0.0-6.0-0.62","","","","","","","","1","7","7","img/house_6.png","img/house_4.png","994.105000019772","3818.0750000174157","1526.8599999835715","994.105000019772,3818.0750000174157,1526.8599999835715","74","74,13,32","null","","enter","5","",""
"no-tradeoff-rwd","85","1315890","0.0-6.0-0.63","","","","","","","","4","6","4","img/house_3.png","img/house_2.png","592.0599999953993","2002.3900000087451","","592.0599999953993,2002.3900000087451","70","70,32","null","","null","","",""
"no-tradeoff-rwd","86","1330904","0.0-6.0-0.64","","","","","","","","1","9","0","img/house_3.png","img/house_2.png","981.1400000180583","1441.9500000076368","4530.110000021523","981.1400000180583,1441.9500000076368,4530.110000021523","70","70,32,13","enter","3","null","","",""
"no-tradeoff-rwd","87","1342082","0.0-6.0-0.65","","","","","","","","4","9","1","img/house_3.png","img/house_2.png","892.5000000162981","2123.2550000131596","","892.5000000162981,2123.2550000131596","74","74,32","null","","null","","",""
"no-tradeoff-rwd","88","1355050","0.0-6.0-0.66","","","","","","","","1","7","2","img/house_3.png","img/house_2.png","672.0849999983329","2982.190000009723","936.8850000028033","672.0849999983329,2982.190000009723,936.8850000028033","74","74,13,32","null","","enter","5","",""
"no-tradeoff-rwd","89","1364988","0.0-6.0-0.67","","","","","","","","4","2","4","img/house_6.png","img/house_4.png","919.5550000004005","895.5349999887403","","919.5550000004005,895.5349999887403","74","74,32","null","","null","","",""
"no-tradeoff-rwd","90","1379376","0.0-6.0-0.68","","","","","","","","1","4","4","img/house_3.png","img/house_2.png","451.41499998862855","1666.5499999944586","3666.7100000195205","451.41499998862855,1666.5499999944586,3666.7100000195205","70","70,32,13","enter","4","null","","",""
"no-tradeoff-rwd","91","1389506","0.0-6.0-0.69","","","","","","","","4","0","2","img/house_3.png","img/house_2.png","479.2449999949895","1071.414999983972","","479.2449999949895,1071.414999983972","70","70,32","null","","null","","",""
"no-tradeoff-rwd","92","1402938","0.0-6.0-0.70","","","","","","","","4","3","0","img/house_2.png","img/house_3.png","949.9249999935273","3614.6500000031665","773.1599999824539","949.9249999935273,3614.6500000031665,773.1599999824539","70","70,13,32","null","","enter","5","",""
"no-tradeoff-rwd","93","1413178","0.0-6.0-0.71","","","","","","","","1","4","2","img/house_6.png","img/house_4.png","1080.275000014808","1198.8750000018626","","1080.275000014808,1198.8750000018626","70","70,32","null","","null","","",""
"no-tradeoff-rwd","94","1426304","0.0-6.0-0.72","","","","","","","","1","5","3","img/house_6.png","img/house_4.png","900.1249999855645","571.89500000095","3517.4349999870174","900.1249999855645,571.89500000095,3517.4349999870174","70","70,32,13","enter","7","null","","",""
"no-tradeoff-rwd","95","1436108","0.0-6.0-0.73","","","","","","","","1","1","7","img/house_3.png","img/house_2.png","443.13999998848885","749.0050000196788","","443.13999998848885,749.0050000196788","70","70,32","null","","null","","",""
"no-tradeoff-rwd","96","1449567","0.0-6.0-0.74","","","","","","","","1","6","1","img/house_6.png","img/house_4.png","1145.2799999970011","3268.3599999872968","1144.6199999772944","1145.2799999970011,3268.3599999872968,1144.6199999772944","74","74,13,32","null","","enter","6","",""
"no-tradeoff-rwd","97","1459288","0.0-6.0-0.75","","","","","","","","1","1","5","img/house_3.png","img/house_2.png","581.1999999859836","658.4549999970477","","581.1999999859836,658.4549999970477","70","70,32","null","","null","","",""
"no-tradeoff-rwd","98","1472375","0.0-6.0-0.76","","","","","","","","1","5","2","img/house_6.png","img/house_4.png","742.6249999844003","1380.315000016708","2653.790000011213","742.6249999844003,1380.315000016708,2653.790000011213","74","74,32,13","enter","5","null","","",""
"no-tradeoff-rwd","99","1485429","0.0-6.0-0.77","","","","","","","","4","4","9","img/house_3.png","img/house_2.png","551.9900000072084","3997.300000017276","","551.9900000072084,3997.300000017276","70","70,32","null","","null","","",""
"no-tradeoff-rwd","100","1503499","0.0-6.0-0.78","","","","","","","","4","8","1","img/house_6.png","img/house_4.png","952.3150000022724","8223.92500002752","800.9749999910127","952.3150000022724,8223.92500002752,800.9749999910127","70","70,13,32","null","","enter","5","",""
"no-tradeoff-rwd","101","1513746","0.0-6.0-0.79","","","","","","","","4","8","3","img/house_6.png","img/house_4.png","804.7500000102445","1186.245000018971","","804.7500000102445,1186.245000018971","74","74,32","null","","null","","",""
"no-tradeoff-rwd","102","1528719","0.0-6.0-0.80","","","","","","","","1","5","4","img/house_6.png","img/house_4.png","840.85999999661","1381.0499999963213","4537.760000006529","840.85999999661,1381.0499999963213,4537.760000006529","74","74,32,13","enter","4","null","","",""
"no-tradeoff-rwd","103","1538720","0.0-6.0-0.81","","","","","","","","1","5","3","img/house_6.png","img/house_4.png","978.2600000035018","960.8049999806099","","978.2600000035018,960.8049999806099","70","70,32","null","","null","","",""
"no-tradeoff-rwd","104","1551397","0.0-6.0-0.82","","","","","","","","1","6","6","img/house_3.png","img/house_2.png","1042.105000000447","2680.015000019921","941.194999992149","1042.105000000447,2680.015000019921,941.194999992149","70","70,13,32","null","","enter","5","",""
"no-tradeoff-rwd","105","1561290","0.0-6.0-0.83","","","","","","","","1","8","8","img/house_3.png","img/house_2.png","547.9050000139978","838.0249999754597","","547.9050000139978,838.0249999754597","70","70,32","null","","null","","",""
"no-tradeoff-rwd","106","1577168","0.0-6.0-0.84","","","","","","","","1","9","7","img/house_3.png","img/house_2.png","704.0500000002794","1391.7749999964144","5431.654999993043","704.0500000002794,1391.7749999964144,5431.654999993043","74","74,32,13","enter","3","null","","",""
"no-tradeoff-rwd","107","1587377","0.0-6.0-0.85","","","","","","","","4","8","4","img/house_3.png","img/house_2.png","509.33500000974163","1148.010000004433","","509.33500000974163,1148.010000004433","74","74,32","null","","null","","",""
"no-tradeoff-rwd","108","1600882","0.0-6.0-0.86","","","","","","","","1","9","7","img/house_4.png","img/house_6.png","769.2399999941699","3535.0000000034925","927.0100000139792","769.2399999941699,3535.0000000034925,927.0100000139792","74","74,13,32","null","","enter","4","",""
"no-tradeoff-rwd","109","1610713","0.0-6.0-0.87","","","","","","","","1","6","8","img/house_6.png","img/house_4.png","989.7899999923538","769.2399999941699","","989.7899999923538,769.2399999941699","70","70,32","null","","null","","",""
"no-tradeoff-rwd","110","1623904","0.0-6.0-0.88","","","","","","","","1","9","3","img/house_3.png","img/house_2.png","456.94500001263805","1180.0949999887962","2937.770000018645","456.94500001263805,1180.0949999887962,2937.770000018645","70","70,32,13","enter","5","null","","",""
"no-tradeoff-rwd","111","1633923","0.0-6.0-0.89","","","","","","","","4","8","3","img/house_3.png","img/house_2.png","478.6900000181049","952.1999999997206","","478.6900000181049,952.1999999997206","74","74,32","null","","null","","",""
"no-tradeoff-rwd","112","1648724","0.0-6.0-0.90","","","","","","","","1","4","7","img/house_6.png","img/house_4.png","828.5200000100303","3700.4700000106823","2031.1600000131875","828.5200000100303,3700.4700000106823,2031.1600000131875","70","70,13,32","null","","enter","4","",""
"no-tradeoff-rwd","113","1658530","0.0-6.0-0.91","","","","","","","","1","4","5","img/house_3.png","img/house_2.png","457.35499999136664","750.8399999933317","","457.35499999136664,750.8399999933317","70","70,32","null","","null","","",""
"no-tradeoff-rwd","114","1671285","0.0-6.0-0.92","","","","","","","","4","4","2","img/house_3.png","img/house_2.png","687.3900000064168","933.3150000020396","2764.8199999821372","687.3900000064168,933.3150000020396,2764.8199999821372","74","74,32,13","enter","5","null","","",""
"no-tradeoff-rwd","115","1681972","0.0-6.0-0.93","","","","","","","","4","2","6","img/house_6.png","img/house_4.png","930.5100000055972","1633.1800000043586","","930.5100000055972,1633.1800000043586","70","70,32","null","","null","","",""
"no-tradeoff-rwd","116","1695537","0.0-6.0-0.94","","","","","","","","4","4","6","img/house_6.png","img/house_4.png","910.2450000063982","3279.5749999932013","1222.8100000065751","910.2450000063982,3279.5749999932013,1222.8100000065751","74","74,13,32","null","","enter","6","",""
"no-tradeoff-rwd","117","1707072","0.0-6.0-0.95","","","","","","","","4","5","4","img/house_6.png","img/house_4.png","1016.2399999971967","2463.4749999968335","","1016.2399999971967,2463.4749999968335","70","70,32","null","","null","","",""
"no-tradeoff-rwd","118","1719460","0.0-6.0-0.96","","","","","","","","1","1","9","img/house_4.png","img/house_6.png","710.5400000000373","753.3300000068266","2583.2999999984168","710.5400000000373,753.3300000068266,2583.2999999984168","74","74,32,13","enter","5","null","","",""
"no-tradeoff-rwd","119","1730118","0.0-6.0-0.97","","","","","","","","4","1","7","img/house_4.png","img/house_6.png","912.5050000147894","1590.635000000475","","912.5050000147894,1590.635000000475","70","70,32","null","","null","","",""
"no-tradeoff-rwd","120","1746776","0.0-6.0-0.98","","","","","","","","4","8","2","img/house_6.png","img/house_4.png","783.579999988433","7028.424999996787","570.5899999884423","783.579999988433,7028.424999996787,570.5899999884423","70","70,13,32","null","","enter","6","",""
"no-tradeoff-rwd","121","1757600","0.0-6.0-0.99","","","","","","","","1","6","1","img/house_2.png","img/house_3.png","991.3100000121631","1739.6149999985937","","991.3100000121631,1739.6149999985937","70","70,32","null","","null","","",""
"no-tradeoff-rwd","122","1772115","0.0-6.0-0.100","","","","","","","","1","6","2","img/house_6.png","img/house_4.png","941.4850000175647","1080.8250000118278","4379.93500000448","941.4850000175647,1080.8250000118278,4379.93500000448","70","70,32,13","enter","4","null","","",""
"no-tradeoff-rwd","123","1782639","0.0-6.0-0.101","","","","","","","","1","2","6","img/house_3.png","img/house_2.png","811.4449999993667","1450.5999999819323","","811.4449999993667,1450.5999999819323","70","70,32","null","","null","","",""
"no-tradeoff-rwd","124","1796050","0.0-6.0-0.102","","","","","","","","1","3","5","img/house_3.png","img/house_2.png","755.8549999957904","3619.765000010375","741.3149999920279","755.8549999957904,3619.765000010375,741.3149999920279","74","74,13,32","null","","enter","6","",""
"no-tradeoff-rwd","125","1807570","0.0-6.0-0.103","","","","","","","","4","1","4","img/house_3.png","img/house_2.png","639.484999992419","2445.980000018608","","639.484999992419,2445.980000018608","70","70,32","null","","null","","",""
"no-tradeoff-rwd","126","1826521","0.0-6.0-0.104","","","","","","","","1","1","6","img/house_3.png","img/house_2.png","988.004999991972","3403.4650000103284","6481.405000027735","988.004999991972,3403.4650000103284,6481.405000027735","74","74,32,13","enter","5","null","","",""
"no-tradeoff-rwd","127","1836501","0.0-6.0-0.105","","","","","","","","4","7","0","img/house_6.png","img/house_4.png","886.3000000128523","931.1500000185333","","886.3000000128523,931.1500000185333","74","74,32","null","","null","","",""
"no-tradeoff-rwd","128","1851334","0.0-6.0-0.106","","","","","","","","4","2","6","img/house_3.png","img/house_2.png","814.4199999806006","4699.530000012601","1078.6099999968428","814.4199999806006,4699.530000012601,1078.6099999968428","70","70,13,32","null","","enter","6","",""
"no-tradeoff-rwd","129","1861606","0.0-6.0-0.107","","","","","","","","4","3","0","img/house_6.png","img/house_4.png","917.3850000079256","1196.0950000211596","","917.3850000079256,1196.0950000211596","74","74,32","null","","null","","",""
"no-tradeoff-rwd","130","1877160","0.0-6.0-0.108","","","","","","","","1","2","2","img/house_3.png","img/house_2.png","491.2099999783095","509.39500000094995","5997.810000000754","491.2099999783095,509.39500000094995,5997.810000000754","70","70,32,13","enter","5","null","","",""
"no-tradeoff-rwd","131","1887149","0.0-6.0-0.109","","","","","","","","1","3","3","img/house_6.png","img/house_4.png","1030.1049999834504","930.1599999889731","","1030.1049999834504,930.1599999889731","70","70,32","null","","null","","",""
"no-tradeoff-rwd","132","1902069","0.0-6.0-0.110","","","","","","","","4","1","2","img/house_2.png","img/house_3.png","800.9700000111479","4870.374999998603","987.7549999800976","800.9700000111479,4870.374999998603,987.7549999800976","70","70,13,32","null","","enter","5","",""
"no-tradeoff-rwd","133","1913400","0.0-6.0-0.111","","","","","","","","1","2","0","img/house_3.png","img/house_2.png","621.9899999850895","2262.924999988172","","621.9899999850895,2262.924999988172","70","70,32","null","","null","","",""
"no-tradeoff-rwd","134","1927141","0.0-6.0-0.112","","","","","","","","1","4","3","img/house_3.png","img/house_2.png","681.2300000165123","769.8350000136998","3909.700000018347","681.2300000165123,769.8350000136998,3909.700000018347","74","74,32,13","enter","4","null","","",""
"no-tradeoff-rwd","135","1937049","0.0-6.0-0.113","","","","","","","","1","2","4","img/house_6.png","img/house_4.png","772.9049999907147","842.5700000079814","","772.9049999907147,842.5700000079814","74","74,32","null","","null","","",""
"no-tradeoff-rwd","136","1950876","0.0-6.0-0.114","","","","","","","","4","7","5","img/house_2.png","img/house_3.png","628.8000000058673","3935.410000005504","842.7249999949709","628.8000000058673,3935.410000005504,842.7249999949709","70","70,13,32","null","","enter","5","",""
"no-tradeoff-rwd","137","1961197","0.0-6.0-0.115","","","","","","","","1","5","5","img/house_6.png","img/house_4.png","993.8750000146683","1269.3950000102632","","993.8750000146683,1269.3950000102632","70","70,32","null","","null","","",""
"no-tradeoff-rwd","138","1967964","0.0-6.0-0.116","","","","","","","","4","0","","","","3229.9500000081025","","","3229.9500000081025","32","32","null","","null","","",""
"no-tradeoff-rwd","139","1978630","0.0-6.0-0.117","","","","","","","","4","4","3","img/house_3.png","img/house_2.png","766.7300000030082","1604.3449999997392","","766.7300000030082,1604.3449999997392","70","70,32","null","","null","","",""
"no-tradeoff-rwd","140","1992289","0.0-6.0-0.118","","","","","","","","1","3","5","img/house_6.png","img/house_4.png","664.3800000019837","3988.43999998644","593.974999996135","664.3800000019837,3988.43999998644,593.974999996135","70","70,13,32","null","","enter","5","",""
"no-tradeoff-rwd","141","2002007","0.0-6.0-0.119","","","","","","","","1","2","3","img/house_6.png","img/house_4.png","504.80999998399056","642.1149999951012","","504.80999998399056,642.1149999951012","70","70,32","null","","null","","",""
"call-function","142","2002010","0.0-7.0","","","","","","","","","","","","","","","","","","","","","","","",""
"html-keyboard-response","143","2042766","0.0-8.0","40749.1399999999","<p>Now you will play the second game!</p><p>Press the space bar to begin reading the instructions for the second game.</p>","","","32","","","","","","","","","","","","","","","","","","",""
"instructions","144","2186859","0.0-9.0","144091.10999997938","","","","","[{""page_index"":0,""viewing_time"":12764.999999984866},{""page_index"":1,""viewing_time"":20499.689999996917},{""page_index"":2,""viewing_time"":7996.030000009341},{""page_index"":3,""viewing_time"":7836.539999989327},{""page_index"":4,""viewing_time"":13969.490000017686},{""page_index"":5,""viewing_time"":55991.149999987334},{""page_index"":6,""viewing_time"":15140.455000014976},{""page_index"":7,""viewing_time"":4282.779999979772},{""page_index"":8,""viewing_time"":5609.215000003576}]","","","","","","","","","","","","","","","","","",""
"html-keyboard-response","145","2188810","0.0-10.0-0.0","1948.574999988079","<p style=""font-size:24px;font-weight:bold"">TEST QUESTION</p><p>Which letter should you press to select the green tree on the left?</p><div class=group><table class=table_center><tr><td class=prompt colspan=2>Choose one</td></tr><tr style=""height: 300px;""><td style=""width: 300px;""><img id=""left"" src=img/tree_3.png style=""zoom: 100%;""/></td><td style=""width: 300px;""><img id=""right"" src=img/tree_7.png style=""zoom: 100%;""/></td></tr></table></div><br>","","","70","","true","","","","","","","","","","","","","","","","",""
"html-keyboard-response","146","2191824","0.0-10.0-1.0","null","<p style=""font-size:36px;font-weight:bold"">Correct!</p><p> Remember, press ""F"" for left and ""J"" for right. </p>","","","null","","","","","","","","","","","","","","","","","","",""
"html-keyboard-response","147","2193077","0.0-10.0-2.0","1250.0250000157394","<p style=""font-size:24px;font-weight:bold"">TEST QUESTION</p><p>Which letter should you press to select the red tree on the right?</p><div class=group><table class=table_center><tr><td class=prompt colspan=2>Choose one</td></tr><tr style=""height: 300px;""><td style=""width: 300px;""><img id=""left"" src=img/tree_3.png style=""zoom: 100%;""/></td><td style=""width: 300px;""><img id=""right"" src=img/tree_7.png style=""zoom: 100%;""/></td></tr></table></div><br>","","","74","","true","","","","","","","","","","","","","","","","",""
"html-keyboard-response","148","2196094","0.0-10.0-3.0","null","<p style=""font-size:36px;font-weight:bold"">Correct!</p><p> Remember, press ""F"" for left and ""J"" for right. </p>","","","null","","","","","","","","","","","","","","","","","","",""
"html-keyboard-response","149","2199001","0.0-10.0-4.0","2906.144999986049","<p style=""font-size:24px;font-weight:bold"">TEST QUESTION</p><p>Type the number of the <b> maximum </b> amount of shields an gnome can make</p>","","","57","","true","","","","","","","","","","","","","","","","",""
"html-keyboard-response","150","2202006","0.0-10.0-5.0","null","<p style=""font-size:36px;font-weight:bold"">Correct!</p><p> Remember, gnomes can make 0 to 9 shields. </p>","","","null","","","","","","","","","","","","","","","","","","",""
"html-keyboard-response","151","2205632","0.0-10.0-6.0","3623.8650000016205","<p style=""font-size:24px;font-weight:bold"">TEST QUESTION</p><p>Remember, the same tree always takes you to the same gnome. </p><p>On this trial, select the tree on the left by pressing ""F"".</p><div class=group><table class=table_center><tr><td class=prompt colspan=2>Choose one</td></tr><tr style=""height: 300px;""><td style=""width: 300px;""><img id=""left"" src=img/tree_1.png style=""zoom: 100%;""/></td><td style=""width: 300px;""><img id=""right"" src=img/tree_2.png style=""zoom: 100%;""/></td></tr></table></div><br>","","","70","","","","","","","","","","","","","","","","","","",""
"html-keyboard-response","152","2219998","0.0-10.0-7.0","14362.820000009611","<p style=""font-size:24px;font-weight:bold"">TEST QUESTION</p><p>The orange tree took you to the green gnome. </p><p> The green gnome gave you 8 shields. </p><p> The most shields a gnome can make is 9 shields, so this is a great outcome!</p><div class=group><table class=table_center><tr><td class=prompt colspan=3>You received</td></tr><tr style=""height: 300px;""><td><img src=img/gnome_green.png style=""zoom: 100%;""/></td><td><img src=img/shield.png style=""zoom: 30%;""/></td><td class=prompt>x 8</td></tr></table></div><br><p> Press space to continue </p>","","","32","","","","","","","","","","","","","","","","","","",""
"html-keyboard-response","153","2223999","0.0-10.0-8.0","3997.9349999921396","<p style=""font-size:24px;font-weight:bold"">TEST QUESTION</p><p>If you wanted to visit the <b> green gnome </b> again, which tree would you select?</p><div class=group><table class=table_center><tr><td class=prompt colspan=2>Choose one</td></tr><tr style=""height: 300px;""><td style=""width: 300px;""><img id=""left"" src=img/tree_1.png style=""zoom: 100%;""/></td><td style=""width: 300px;""><img id=""right"" src=img/tree_2.png style=""zoom: 100%;""/></td></tr></table></div><br>","","","70","","true","","","","","","","","","","","","","","","","",""
"html-keyboard-response","154","2227005","0.0-10.0-9.0","null","<p style=""font-size:36px;font-weight:bold"">Correct!</p><p> Remember, the same tree goes to the same gnome. </p>","","","null","","","","","","","","","","","","","","","","","","",""
"html-keyboard-response","155","2233150","0.0-10.0-10.0","6142.450000014156","<p style=""font-size:24px;font-weight:bold"">TEST QUESTION</p><p>On this trial, select the tree on the right by pressing ""J"".</p><div class=group><table class=table_center><tr><td class=prompt colspan=2>Choose one</td></tr><tr style=""height: 300px;""><td style=""width: 300px;""><img id=""left"" src=img/tree_1.png style=""zoom: 100%;""/></td><td style=""width: 300px;""><img id=""right"" src=img/tree_2.png style=""zoom: 100%;""/></td></tr></table></div><br>","","","74","","","","","","","","","","","","","","","","","","",""
"html-keyboard-response","156","2238357","0.0-10.0-11.0","5204.054999980144","<p style=""font-size:24px;font-weight:bold"">TEST QUESTION</p><p>The blue tree took you to the purple gnome. </p><p> The purple gnome only gave you 1 shield. </p><p> That is not very much and is a pretty bad outcome.</p><div class=group><table class=table_center><tr><td class=prompt colspan=3>You received</td></tr><tr style=""height: 300px;""><td><img src=img/gnome_purple.png style=""zoom: 100%;""/></td><td><img src=img/shield.png style=""zoom: 30%;""/></td><td class=prompt>x 1</td></tr></table></div><br><p> Press space to continue </p>","","","32","","","","","","","","","","","","","","","","","","",""
"html-keyboard-response","157","2241455","0.0-10.0-12.0","3096.5699999942444","<p style=""font-size:24px;font-weight:bold"">TEST QUESTION</p><p>Remember the green gnome gave you 8 shields and the purple gnome only gave you 1 shield. </p><p> Which gnome would you try to visit next? </p><div class=group><table class=table_center><tr><td class=prompt colspan=2>Choose one</td></tr><tr style=""height: 300px;""><td style=""width: 300px;""><img id=""left"" src=img/gnome_green.png style=""zoom: 100%;""/></td><td style=""width: 300px;""><img id=""right"" src=img/gnome_purple.png style=""zoom: 100%;""/></td></tr></table></div><br>","","","70","","true","","","","","","","","","","","","","","","","",""
"html-keyboard-response","158","2244473","0.0-10.0-13.0","null","<p style=""font-size:36px;font-weight:bold"">Correct!</p><p> Remember, you want to select the gnome who gives you the most shields.</p>","","","null","","","","","","","","","","","","","","","","","","",""
"html-keyboard-response","159","2246631","0.0-10.0-14.0","2155.464999989141","<p style=""font-size:24px;font-weight:bold"">TEST QUESTION</p><p>To visit the green gnome, which tree should you visit? </p><div class=group><table class=table_center><tr><td class=prompt colspan=2>Choose one</td></tr><tr style=""height: 300px;""><td style=""width: 300px;""><img id=""left"" src=img/tree_1.png style=""zoom: 100%;""/></td><td style=""width: 300px;""><img id=""right"" src=img/tree_2.png style=""zoom: 100%;""/></td></tr></table></div><br>","","","70","","true","","","","","","","","","","","","","","","","",""
"html-keyboard-response","160","2249636","0.0-10.0-15.0","null","<p style=""font-size:36px;font-weight:bold"">Correct!</p><p>Remember, the same tree goes to the same gnome each time.</p>","","","null","","","","","","","","","","","","","","","","","","",""
"html-keyboard-response","161","2252094","0.0-10.0-16.0","2456.4250000114553","<p style=""font-size:36px;font-weight:bold"">You are ready to play!</p><p>The trees and gnomes in the actual game will be different than the practice. </p><p> Press space to start the game</p>","","","32","","","","","","","","","","","","","","","","","","",""
"no-tradeoff","162","2272068","0.0-11.0-0.0","","","","","","","","1","6","3","img/tree_9.png","img/tree_8.png","443.4699999988079","1888.8349999906495","9002.394999988843","443.4699999988079,1888.8349999906495,9002.394999988843","70","70,32,13","enter","7","null","","",""
"no-tradeoff","163","2280781","0.0-11.0-0.1","","","","","","","","1","7","2","img/tree_9.png","img/tree_8.png","726.6400000080466","1141.184999986086","","726.6400000080466,1141.184999986086","74","74,32","null","","null","","",""
"no-tradeoff","164","2295132","0.0-11.0-0.2","","","","","","","","4","3","1","img/tree_3.png","img/tree_7.png","749.2750000096858","4469.379999994766","790.8750000065193","749.2750000096858,4469.379999994766,790.8750000065193","74","74,13,32","null","","enter","4","",""
"no-tradeoff","165","2306188","0.0-11.0-0.3","","","","","","","","1","7","2","img/tree_3.png","img/tree_7.png","680.3749999962747","2014.3699999898672","","680.3749999962747,2014.3699999898672","74","74,32","null","","null","","",""
"no-tradeoff","166","2320155","0.0-11.0-0.4","","","","","","","","1","6","2","img/tree_9.png","img/tree_8.png","595.2000000108965","899.4349999991246","4006.525000004098","595.2000000108965,899.4349999991246,4006.525000004098","70","70,32,13","enter","6","null","","",""
"no-tradeoff","167","2329877","0.0-11.0-0.5","","","","","","","","4","6","5","img/tree_9.png","img/tree_8.png","758.6599999922328","639.3650000095367","","758.6599999922328,639.3650000095367","74","74,32","null","","null","","",""
"no-tradeoff","168","2343057","0.0-11.0-0.6","","","","","","","","4","8","7","img/tree_8.png","img/tree_9.png","731.9199999906123","3180.6700000013225","930.9150000046939","731.9199999906123,3180.6700000013225,930.9150000046939","70","70,13,32","null","","enter","6","",""
"no-tradeoff","169","2353056","0.0-11.0-0.7","","","","","","","","1","8","4","img/tree_7.png","img/tree_3.png","962.96999999322","918.5599999907427","","962.96999999322,918.5599999907427","70","70,32","null","","null","","",""
"no-tradeoff","170","2367452","0.0-11.0-0.8","","","","","","","","4","9","1","img/tree_7.png","img/tree_3.png","1230.1900000018068","830.7649999917485","4514.295000000857","1230.1900000018068,830.7649999917485,4514.295000000857","70","70,32,13","enter","8","null","","",""
"no-tradeoff","171","2377367","0.0-11.0-0.9","","","","","","","","4","8","0","img/tree_8.png","img/tree_9.png","665.3700000024401","831.1749999993481","","665.3700000024401,831.1749999993481","70","70,32","null","","null","","",""
"no-tradeoff","172","2391738","0.0-11.0-0.10","","","","","","","","1","7","1","img/tree_8.png","img/tree_9.png","755.3550000013784","4273.950000002049","1036.8149999994785","755.3550000013784,4273.950000002049,1036.8149999994785","74","74,13,32","null","","enter","6","",""
"no-tradeoff","173","2401448","0.0-11.0-0.11","","","","","","","","1","6","0","img/tree_8.png","img/tree_9.png","627.9150000191294","652.6000000010245","","627.9150000191294,652.6000000010245","74","74,32","null","","null","","",""
"no-tradeoff","174","2415617","0.0-11.0-0.12","","","","","","","","4","7","2","img/tree_8.png","img/tree_9.png","820.6849999842234","764.4600000055507","4353.099999978673","820.6849999842234,764.4600000055507,4353.099999978673","70","70,32,13","enter","8","null","","",""
"no-tradeoff","175","2425245","0.0-11.0-0.13","","","","","","","","1","8","3","img/tree_8.png","img/tree_9.png","568.3950000093319","570.1950000072829","","568.3950000093319,570.1950000072829","70","70,32","null","","null","","",""
"no-tradeoff","176","2438650","0.0-11.0-0.14","","","","","","","","4","6","5","img/tree_8.png","img/tree_9.png","704.2699999874458","3695.2600000076927","628.6650000256486","704.2699999874458,3695.2600000076927,628.6650000256486","74","74,13,32","null","","enter","7","",""
"no-tradeoff","177","2448337","0.0-11.0-0.15","","","","","","","","1","7","3","img/tree_8.png","img/tree_9.png","861.1749999979511","631.7399999825284","","861.1749999979511,631.7399999825284","70","70,32","null","","null","","",""
"no-tradeoff","178","2460992","0.0-11.0-0.16","","","","","","","","1","6","2","img/tree_7.png","img/tree_3.png","495.9850000157021","792.7999999960884","2784.3950000237674","495.9850000157021,792.7999999960884,2784.3950000237674","70","70,32,13","enter","7","null","","",""
"no-tradeoff","179","2471008","0.0-11.0-0.17","","","","","","","","4","6","2","img/tree_8.png","img/tree_9.png","550.4750000252388","923.379999993369","","550.4750000252388,923.379999993369","74","74,32","null","","null","","",""
"no-tradeoff","180","2484648","0.0-11.0-0.18","","","","","","","","1","4","4","img/tree_9.png","img/tree_8.png","725.2549999970943","3548.479999997653","987.2350000077859","725.2549999970943,3548.479999997653,987.2350000077859","74","74,13,32","null","","enter","6","",""
"no-tradeoff","181","2494621","0.0-11.0-0.19","","","","","","","","4","4","5","img/tree_7.png","img/tree_3.png","671.2450000047684","896.294999984093","","671.2450000047684,896.294999984093","70","70,32","null","","null","","",""
"no-tradeoff","182","2507526","0.0-11.0-0.20","","","","","","","","4","5","6","img/tree_8.png","img/tree_9.png","703.3249999801628","1157.4700000053272","2697.51999998698","703.3249999801628,1157.4700000053272,2697.51999998698","70","70,32,13","enter","7","null","","",""
"no-tradeoff","183","2516983","0.0-11.0-0.21","","","","","","","","4","7","5","img/tree_7.png","img/tree_3.png","993.1550000035204","402.3049999959767","","993.1550000035204,402.3049999959767","70","70,32","null","","null","","",""
"no-tradeoff","184","2530632","0.0-11.0-0.22","","","","","","","","4","6","8","img/tree_7.png","img/tree_3.png","586.3599999863654","3702.5349999899045","873.1299999924377","586.3599999863654,3702.5349999899045,873.1299999924377","74","74,13,32","null","","enter","7","",""
"no-tradeoff","185","2540291","0.0-11.0-0.23","","","","","","","","4","8","7","img/tree_3.png","img/tree_7.png","998.7400000095367","588.0100000072271","","998.7400000095367,588.0100000072271","70","70,32","null","","null","","",""
"no-tradeoff","186","2554179","0.0-11.0-0.24","","","","","","","","1","9","7","img/tree_9.png","img/tree_8.png","867.995000008028","1967.0450000269338","2822.5899999961257","867.995000008028,1967.0450000269338,2822.5899999961257","74","74,32,13","enter","7","null","","",""
"no-tradeoff","187","2563745","0.0-11.0-0.25","","","","","","","","1","7","5","img/tree_7.png","img/tree_3.png","578.3950000186451","471.94499999750406","","578.3950000186451,471.94499999750406","70","70,32","null","","null","","",""
"no-tradeoff","188","2576332","0.0-11.0-0.26","","","","","","","","1","6","8","img/tree_3.png","img/tree_7.png","402.0200000088662","2492.9150000093505","1031.6250000032596","402.0200000088662,2492.9150000093505,1031.6250000032596","74","74,13,32","null","","enter","7","",""
"no-tradeoff","189","2585783","0.0-11.0-0.27","","","","","","","","4","7","8","img/tree_8.png","img/tree_9.png","604.3150000041351","383.0749999904074","","604.3150000041351,383.0749999904074","70","70,32","null","","null","","",""
"no-tradeoff","190","2598529","0.0-11.0-0.28","","","","","","","","4","8","8","img/tree_7.png","img/tree_3.png","704.4750000061467","825.0849999897182","2852.935000002384","704.4750000061467,825.0849999897182,2852.935000002384","70","70,32,13","enter","7","null","","",""
"no-tradeoff","191","2608244","0.0-11.0-0.29","","","","","","","","4","8","8","img/tree_8.png","img/tree_9.png","1017.9050000151619","641.2450000056997","","1017.9050000151619,641.2450000056997","74","74,32","null","","null","","",""
"no-tradeoff","192","2621007","0.0-11.0-0.30","","","","","","","","1","8","9","img/tree_9.png","img/tree_8.png","797.9849999826401","2872.7200000141747","845.8950000060722","797.9849999826401,2872.7200000141747,845.8950000060722","74","74,13,32","null","","enter","6","",""
"no-tradeoff","193","2630676","0.0-11.0-0.31","","","","","","","","1","5","8","img/tree_9.png","img/tree_8.png","460.640000004787","596.690000005532","","460.640000004787,596.690000005532","74","74,32","null","","null","","",""
"no-tradeoff","194","2643215","0.0-11.0-0.32","","","","","","","","4","7","3","img/tree_7.png","img/tree_3.png","670.8949999883771","905.0500000012107","2559.0800000065938","670.8949999883771,905.0500000012107,2559.0800000065938","74","74,32,13","enter","7","null","","",""
"no-tradeoff","195","2652910","0.0-11.0-0.33","","","","","","","","4","9","4","img/tree_7.png","img/tree_3.png","501.1850000009872","644.9250000002794","","501.1850000009872,644.9250000002794","70","70,32","null","","null","","",""
"no-tradeoff","196","2665784","0.0-11.0-0.34","","","","","","","","1","8","4","img/tree_7.png","img/tree_3.png","943.874999997206","3063.044999988284","747.2100000013597","943.874999997206,3063.044999988284,747.2100000013597","74","74,13,32","null","","enter","7","",""
"no-tradeoff","197","2675947","0.0-11.0-0.35","","","","","","","","4","6","2","img/tree_7.png","img/tree_3.png","872.8449999759905","1098.6749999867752","","872.8449999759905,1098.6749999867752","70","70,32","null","","null","","",""
"no-tradeoff","198","2689871","0.0-11.0-0.36","","","","","","","","4","6","2","img/tree_8.png","img/tree_9.png","613.3900000127032","757.1799999861978","4080.3350000055507","613.3900000127032,757.1799999861978,4080.3350000055507","70","70,32,13","enter","7","null","","",""
"no-tradeoff","199","2699745","0.0-11.0-0.37","","","","","","","","1","9","3","img/tree_8.png","img/tree_9.png","936.4399999901652","818.6100000166334","","936.4399999901652,818.6100000166334","70","70,32","null","","null","","",""
"no-tradeoff","200","2712539","0.0-11.0-0.38","","","","","","","","4","2","7","img/tree_3.png","img/tree_7.png","759.2550000119954","2856.079999997746","884.5100000035018","759.2550000119954,2856.079999997746,884.5100000035018","74","74,13,32","null","","enter","6","",""
"no-tradeoff","201","2723395","0.0-11.0-0.39","","","","","","","","4","8","1","img/tree_7.png","img/tree_3.png","641.5649999980815","1799.4699999983422","","641.5649999980815,1799.4699999983422","70","70,32","null","","null","","",""
"no-tradeoff","202","2735717","0.0-11.0-0.40","","","","","","","","1","1","4","img/tree_3.png","img/tree_7.png","660.5350000024773","568.9699999927543","2689.134999993257","660.5350000024773,568.9699999927543,2689.134999993257","74","74,32,13","enter","5","null","","",""
"no-tradeoff","203","2745615","0.0-11.0-0.41","","","","","","","","4","1","5","img/tree_3.png","img/tree_7.png","738.4350000070408","826.195000001695","","738.4350000070408,826.195000001695","70","70,32","null","","null","","",""
"no-tradeoff","204","2760213","0.0-11.0-0.42","","","","","","","","1","2","3","img/tree_3.png","img/tree_7.png","547.4849999882281","4593.835000006948","941.3950000014156","547.4849999882281,4593.835000006948,941.3950000014156","74","74,13,32","null","","enter","6","",""
"no-tradeoff","205","2770380","0.0-11.0-0.43","","","","","","","","4","2","2","img/tree_7.png","img/tree_3.png","556.8500000224449","1097.3149999915622","","556.8500000224449,1097.3149999915622","70","70,32","null","","null","","",""
"no-tradeoff","206","2784367","0.0-11.0-0.44","","","","","","","","1","5","1","img/tree_9.png","img/tree_8.png","1094.855000003241","911.6099999812432","4011.490000003949","1094.855000003241,911.6099999812432,4011.490000003949","70","70,32,13","enter","5","null","","",""
"no-tradeoff","207","2794115","0.0-11.0-0.45","","","","","","","","1","3","7","img/tree_7.png","img/tree_3.png","666.9149999795482","673.3599999863654","","666.9149999795482,673.3599999863654","74","74,32","null","","null","","",""
"no-tradeoff","208","2807362","0.0-11.0-0.46","","","","","","","","4","7","7","img/tree_7.png","img/tree_3.png","646.1049999925308","3675.4950000029057","512.9399999859743","646.1049999925308,3675.4950000029057,512.9399999859743","70","70,13,32","null","","enter","6","",""
"no-tradeoff","209","2816788","0.0-11.0-0.47","","","","","","","","1","4","7","img/tree_8.png","img/tree_9.png","635.2049999986775","361.8200000198558","","635.2049999986775,361.8200000198558","70","70,32","null","","null","","",""
"no-tradeoff","210","2831042","0.0-11.0-0.48","","","","","","","","1","3","9","img/tree_7.png","img/tree_3.png","1155.5000000228174","1860.445000027772","3328.2449999824166","1155.5000000228174,1860.445000027772,3328.2449999824166","74","74,32,13","enter","7","null","","",""
"no-tradeoff","211","2841541","0.0-11.0-0.49","","","","","","","","1","5","2","img/tree_3.png","img/tree_7.png","376.89499999396503","1424.2399999932386","","376.89499999396503,1424.2399999932386","70","70,32","null","","null","","",""
"no-tradeoff","212","2856673","0.0-11.0-0.50","","","","","","","","1","6","7","img/tree_8.png","img/tree_9.png","818.4199999962002","4959.349999989849","1123.6400000052527","818.4199999962002,4959.349999989849,1123.6400000052527","74","74,13,32","null","","enter","8","",""
"no-tradeoff","213","2866437","0.0-11.0-0.51","","","","","","","","4","4","6","img/tree_7.png","img/tree_3.png","607.6200000243261","710.845000023488","","607.6200000243261,710.845000023488","74","74,32","null","","null","","",""
"no-tradeoff","214","2878503","0.0-11.0-0.52","","","","","","","","1","7","3","img/tree_8.png","img/tree_9.png","475.5350000048056","451.9399999990128","2551.5549999838695","475.5350000048056,451.9399999990128,2551.5549999838695","70","70,32,13","enter","6","null","","",""
"no-tradeoff","215","2888229","0.0-11.0-0.53","","","","","","","","4","4","2","img/tree_8.png","img/tree_9.png","618.8649999969639","663.9150000121444","","618.8649999969639,663.9150000121444","74","74,32","null","","null","","",""
"no-tradeoff","216","2900785","0.0-11.0-0.54","","","","","","","","4","6","5","img/tree_8.png","img/tree_9.png","449.3349999827333","2913.715000002645","576.0300000254065","449.3349999827333,2913.715000002645,576.0300000254065","70","70,13,32","null","","enter","6","",""
"no-tradeoff","217","2910630","0.0-11.0-0.55","","","","","","","","1","5","5","img/tree_7.png","img/tree_3.png","777.3750000046566","790.4099999866448","","777.3750000046566,790.4099999866448","74","74,32","null","","null","","",""
"no-tradeoff","218","2924554","0.0-11.0-0.56","","","","","","","","4","8","9","img/tree_8.png","img/tree_9.png","471.5600000056438","2029.9299999894574","2824.1400000113063","471.5600000056438,2029.9299999894574,2824.1400000113063","70","70,32,13","enter","6","null","","",""
"no-tradeoff","219","2935710","0.0-11.0-0.57","","","","","","","","1","5","8","img/tree_7.png","img/tree_3.png","810.3950000079349","2091.9449999928474","","810.3950000079349,2091.9449999928474","70","70,32","null","","null","","",""
"no-tradeoff","220","2949138","0.0-11.0-0.58","","","","","","","","1","1","6","img/tree_7.png","img/tree_3.png","822.4000000040978","3794.7850000052713","556.7150000133552","822.4000000040978,3794.7850000052713,556.7150000133552","74","74,13,32","null","","enter","6","",""
"no-tradeoff","221","2959196","0.0-11.0-0.59","","","","","","","","1","1","5","img/tree_7.png","img/tree_3.png","726.7050000079907","968.070000003092","","726.7050000079907,968.070000003092","70","70,32","null","","null","","",""
"no-tradeoff","222","2971507","0.0-11.0-0.60","","","","","","","","1","4","2","img/tree_3.png","img/tree_7.png","466.4650000045076","586.5950000006706","2654.7049999935552","466.4650000045076,586.5950000006706,2654.7049999935552","74","74,32,13","enter","5","null","","",""
"no-tradeoff","223","2981553","0.0-11.0-0.61","","","","","","","","1","2","3","img/tree_7.png","img/tree_3.png","466.8599999858998","975.5200000070035","","466.8599999858998,975.5200000070035","74","74,32","null","","null","","",""
"no-tradeoff","224","2994560","0.0-11.0-0.62","","","","","","","","1","1","5","img/tree_7.png","img/tree_3.png","699.3800000054762","3335.304999986198","615.300000004936","699.3800000054762,3335.304999986198,615.300000004936","74","74,13,32","null","","enter","6","",""
"no-tradeoff","225","3004293","0.0-11.0-0.63","","","","","","","","1","2","1","img/tree_8.png","img/tree_9.png","715.8000000054017","691.8850000072271","","715.8000000054017,691.8850000072271","70","70,32","null","","null","","",""
"no-tradeoff","226","3016851","0.0-11.0-0.64","","","","","","","","1","1","1","img/tree_8.png","img/tree_9.png","759.9700000137091","755.730000004638","2746.4449999970384","759.9700000137091,755.730000004638,2746.4449999970384","74","74,32,13","enter","5","null","","",""
"no-tradeoff","227","3026289","0.0-11.0-0.65","","","","","","","","4","2","0","img/tree_8.png","img/tree_9.png","614.9300000108778","383.75500001758337","","614.9300000108778,383.75500001758337","70","70,32","null","","null","","",""
"no-tradeoff","228","3040281","0.0-11.0-0.66","","","","","","","","1","4","2","img/tree_7.png","img/tree_3.png","682.8399999937974","4081.350000021979","853.7450000005774","682.8399999937974,4081.350000021979,853.7450000005774","74","74,13,32","null","","enter","6","",""
"no-tradeoff","229","3050200","0.0-11.0-0.67","","","","","","","","1","4","3","img/tree_8.png","img/tree_9.png","705.0349999917671","869.0300000016578","","705.0349999917671,869.0300000016578","74","74,32","null","","null","","",""
"no-tradeoff","230","3063729","0.0-11.0-0.68","","","","","","","","1","7","5","img/tree_8.png","img/tree_9.png","618.0699999965727","713.3150000008754","3749.084999988787","618.0699999965727,713.3150000008754,3749.084999988787","70","70,32,13","enter","5","null","","",""
"no-tradeoff","231","3073549","0.0-11.0-0.69","","","","","","","","1","3","7","img/tree_7.png","img/tree_3.png","762.0649999878369","733.5299999979325","","762.0649999878369,733.5299999979325","74","74,32","null","","null","","",""
"no-tradeoff","232","3088178","0.0-11.0-0.70","","","","","","","","1","7","6","img/tree_7.png","img/tree_3.png","662.015000008978","4330.004999996163","1229.0199999986216","662.015000008978,4330.004999996163,1229.0199999986216","70","70,13,32","null","","enter","5","",""
"no-tradeoff","233","3098344","0.0-11.0-0.71","","","","","","","","4","5","8","img/tree_8.png","img/tree_9.png","733.3250000085682","1103.4549999749288","","733.3250000085682,1103.4549999749288","74","74,32","null","","null","","",""
"no-tradeoff","234","3110710","0.0-11.0-0.72","","","","","","","","4","5","8","img/tree_7.png","img/tree_3.png","627.0699999877252","515.3049999792129","2797.549999988172","627.0699999877252,515.3049999792129,2797.549999988172","70","70,32,13","enter","6","null","","",""
"no-tradeoff","235","3120237","0.0-11.0-0.73","","","","","","","","1","7","4","img/tree_8.png","img/tree_9.png","694.7299999883398","465.86499997600913","","694.7299999883398,465.86499997600913","70","70,32","null","","null","","",""
"no-tradeoff","236","3133891","0.0-11.0-0.74","","","","","","","","4","5","1","img/tree_8.png","img/tree_9.png","868.8900000127032","4013.390000007581","581.7350000143051","868.8900000127032,4013.390000007581,581.7350000143051","74","74,13,32","null","","enter","6","",""
"no-tradeoff","237","3142583","0.0-11.0-0.75","","","","","","","","1","5","0","img/tree_7.png","img/tree_3.png","779.0849999878556","1154.225000005681","","779.0849999878556,1154.225000005681","74","74,32","null","","null","","",""
"no-tradeoff","238","3156134","0.0-11.0-0.76","","","","","","","","1","5","2","img/tree_8.png","img/tree_9.png","582.4549999958836","1477.3200000054203","3017.4300000071526","582.4549999958836,1477.3200000054203,3017.4300000071526","70","70,32,13","enter","4","null","","",""
"no-tradeoff","239","3165767","0.0-11.0-0.77","","","","","","","","4","3","1","img/tree_8.png","img/tree_9.png","483.6350000118837","593.9249999937601","","483.6350000118837,593.9249999937601","70","70,32","null","","null","","",""
"no-tradeoff","240","3179199","0.0-11.0-0.78","","","","","","","","4","3","2","img/tree_8.png","img/tree_9.png","707.2400000179186","3891.199999983888","486.7099999971688","707.2400000179186,3891.199999983888,486.7099999971688","70","70,13,32","null","","enter","5","",""
"no-tradeoff","241","3188851","0.0-11.0-0.79","","","","","","","","4","3","1","img/tree_7.png","img/tree_3.png","666.2450000005774","593.0349999982864","","666.2450000005774,593.0349999982864","70","70,32","null","","null","","",""
"no-tradeoff","242","3202403","0.0-11.0-0.80","","","","","","","","4","5","1","img/tree_8.png","img/tree_9.png","463.4150000056252","586.7550000254996","3874.6850000168197","463.4150000056252,586.7550000254996,3874.6850000168197","70","70,32,13","enter","5","null","","",""
"no-tradeoff","243","3212145","0.0-11.0-0.81","","","","","","","","4","5","3","img/tree_8.png","img/tree_9.png","572.3350000041537","664.7700000028126","","572.3350000041537,664.7700000028126","74","74,32","null","","null","","",""
"no-tradeoff","244","3225663","0.0-11.0-0.82","","","","","","","","4","4","4","img/tree_7.png","img/tree_3.png","607.4399999924935","3582.2549999868497","853.2849999903701","607.4399999924935,3582.2549999868497,853.2849999903701","70","70,13,32","null","","enter","5","",""
"no-tradeoff","245","3235393","0.0-11.0-0.83","","","","","","","","4","2","1","img/tree_7.png","img/tree_3.png","617.8849999848753","676.1200000187382","","617.8849999848753,676.1200000187382","74","74,32","null","","null","","",""
"no-tradeoff","246","3248184","0.0-11.0-0.84","","","","","","","","4","3","0","img/tree_7.png","img/tree_3.png","656.3299999982119","644.510000012815","3107.575000002049","656.3299999982119,644.510000012815,3107.575000002049","70","70,32,13","enter","6","null","","",""
"no-tradeoff","247","3257658","0.0-11.0-0.85","","","","","","","","1","4","2","img/tree_8.png","img/tree_9.png","742.5849999999627","405.93999999715015","","742.5849999999627,405.93999999715015","74","74,32","null","","null","","",""
"no-tradeoff","248","3270619","0.0-11.0-0.86","","","","","","","","4","4","2","img/tree_8.png","img/tree_9.png","557.1500000078231","2778.965000005439","1100.705000018701","557.1500000078231,2778.965000005439,1100.705000018701","70","70,13,32","null","","enter","6","",""
"no-tradeoff","249","3280688","0.0-11.0-0.87","","","","","","","","4","5","1","img/tree_7.png","img/tree_3.png","1091.0650000148453","988.6000000117347","","1091.0650000148453,988.6000000117347","70","70,32","null","","null","","",""
"no-tradeoff","250","3294379","0.0-11.0-0.88","","","","","","","","4","2","5","img/tree_3.png","img/tree_7.png","497.900000016205","1453.929999988526","3178.7800000160933","497.900000016205,1453.929999988526,3178.7800000160933","74","74,32,13","enter","6","null","","",""
"no-tradeoff","251","3304191","0.0-11.0-0.89","","","","","","","","1","4","3","img/tree_7.png","img/tree_3.png","606.7200000109151","750.289999996312","","606.7200000109151,750.289999996312","74","74,32","null","","null","","",""
"no-tradeoff","252","3317012","0.0-11.0-0.90","","","","","","","","4","6","2","img/tree_8.png","img/tree_9.png","549.8800000059418","3031.3350000074133","740.8900000154972","549.8800000059418,3031.3350000074133,740.8900000154972","74","74,13,32","null","","enter","6","",""
"no-tradeoff","253","3328298","0.0-11.0-0.91","","","","","","","","4","3","1","img/tree_7.png","img/tree_3.png","701.0249999877997","2213.8149999952875","","701.0249999877997,2213.8149999952875","74","74,32","null","","null","","",""
"no-tradeoff","254","3341077","0.0-11.0-0.92","","","","","","","","4","3","2","img/tree_8.png","img/tree_9.png","601.1899999869056","844.8199999984354","2863.259999983944","601.1899999869056,844.8199999984354,2863.259999983944","74","74,32,13","enter","r","null","","",""
"no-tradeoff","255","3350760","0.0-11.0-0.93","","","","","","","","1","1","4","img/tree_9.png","img/tree_8.png","572.090000001248","635.3599999858998","","572.090000001248,635.3599999858998","74","74,32","null","","null","","",""
"no-tradeoff","256","3365179","0.0-11.0-0.94","","","","","","","","1","1","0","img/tree_7.png","img/tree_3.png","499.84000000404194","4507.620000018273","835.9950000010431","499.84000000404194,4507.620000018273,835.9950000010431","70","70,13,32","null","","enter","6","",""
"no-tradeoff","257","3375013","0.0-11.0-0.95","","","","","","","","4","3","3","img/tree_8.png","img/tree_9.png","518.7350000194274","767.6500000236556","","518.7350000194274,767.6500000236556","74","74,32","null","","null","","",""
"no-tradeoff","258","3387509","0.0-11.0-0.96","","","","","","","","1","1","3","img/tree_8.png","img/tree_9.png","597.8849999955855","295.91500002425164","3127.5000000023283","597.8849999955855,295.91500002425164,3127.5000000023283","70","70,32,13","enter","6","null","","",""
"no-tradeoff","259","3397254","0.0-11.0-0.97","","","","","","","","1","1","4","img/tree_7.png","img/tree_3.png","546.0749999913387","673.4200000064448","","546.0749999913387,673.4200000064448","70","70,32","null","","null","","",""
"no-tradeoff","260","3416311","0.0-11.0-0.98","","","","","","","","4","5","3","img/tree_8.png","img/tree_9.png","523.4049999853596","8881.614999991376","1100.9849999970756","523.4049999853596,8881.614999991376,1100.9849999970756","70","70,13,32","null","","enter","5","",""
"no-tradeoff","261","3426213","0.0-11.0-0.99","","","","","","","","1","5","6","img/tree_3.png","img/tree_7.png","575.4550000126474","848.339999997057","","575.4550000126474,848.339999997057","74","74,32","null","","null","","",""
"no-tradeoff","262","3438773","0.0-11.0-0.100","","","","","","","","1","4","4","img/tree_8.png","img/tree_9.png","608.6800000048243","908.6949999909848","2559.8499999903142","608.6800000048243,908.6949999909848,2559.8499999903142","70","70,32,13","enter","6","null","","",""
"no-tradeoff","263","3450667","0.0-11.0-0.101","","","","","","","","1","0","2","img/tree_3.png","img/tree_7.png","687.5299999956042","2826.3649999862537","","687.5299999956042,2826.3649999862537","74","74,32","null","","null","","",""
"no-tradeoff","264","3464131","0.0-11.0-0.102","","","","","","","","1","2","3","img/tree_9.png","img/tree_8.png","440.56000001728535","3530.4400000022724","864.8800000082701","440.56000001728535,3530.4400000022724,864.8800000082701","70","70,13,32","null","","enter","5","",""
"no-tradeoff","265","3474158","0.0-11.0-0.103","","","","","","","","1","5","1","img/tree_8.png","img/tree_9.png","441.5199999930337","961.0249999966472","","441.5199999930337,961.0249999966472","70","70,32","null","","null","","",""
"no-tradeoff","266","3487959","0.0-11.0-0.104","","","","","","","","1","2","6","img/tree_3.png","img/tree_7.png","458.56999998772517","1384.494999976363","3350.60499998508","458.56999998772517,1384.494999976363,3350.60499998508","74","74,32,13","enter","4","null","","",""
"no-tradeoff","267","3497926","0.0-11.0-0.105","","","","","","","","4","5","3","img/tree_7.png","img/tree_3.png","870.2350000091828","910.3250000048429","","870.2350000091828,910.3250000048429","74","74,32","null","","null","","",""
"no-tradeoff","268","3511438","0.0-11.0-0.106","","","","","","","","1","6","6","img/tree_9.png","img/tree_8.png","628.2849999843165","3862.6599999843165","599.199999996461","628.2849999843165,3862.6599999843165,599.199999996461","70","70,13,32","null","","enter","4","",""
"no-tradeoff","269","3521206","0.0-11.0-0.107","","","","","","","","1","8","9","img/tree_3.png","img/tree_7.png","650.6650000233203","692.9649999947287","","650.6650000233203,692.9649999947287","74","74,32","null","","null","","",""
"no-tradeoff","270","3533947","0.0-11.0-0.108","","","","","","","","1","7","8","img/tree_3.png","img/tree_7.png","688.1699999794364","460.99000002164394","3195.4550000079907","688.1699999794364,460.99000002164394,3195.4550000079907","74","74,32,13","enter","6","null","","",""
"no-tradeoff","271","3543680","0.0-11.0-0.109","","","","","","","","1","3","8","img/tree_3.png","img/tree_7.png","594.2199999992736","644.2299999762326","","594.2199999992736,644.2299999762326","74","74,32","null","","null","","",""
"no-tradeoff","272","3556163","0.0-11.0-0.110","","","","","","","","1","0","8","img/tree_9.png","img/tree_8.png","1224.1800000192598","2623.909999994561","800.1499999957159","1224.1800000192598,2623.909999994561,800.1499999957159","74","74,13,32","null","","enter","5","",""
"no-tradeoff","273","3565875","0.0-11.0-0.111","","","","","","","","4","2","9","img/tree_3.png","img/tree_7.png","751.6799999866635","656.9799999995157","","751.6799999866635,656.9799999995157","70","70,32","null","","null","","",""
"no-tradeoff","274","3578509","0.0-11.0-0.112","","","","","","","","4","9","1","img/tree_7.png","img/tree_3.png","964.4100000150502","666.4049999965355","2910.3500000201166","964.4100000150502,666.4049999965355,2910.3500000201166","74","74,32,13","enter","5","null","","",""
"no-tradeoff","275","3588361","0.0-11.0-0.113","","","","","","","","4","9","2","img/tree_7.png","img/tree_3.png","711.6950000054203","763.8299999819137","","711.6950000054203,763.8299999819137","74","74,32","null","","null","","",""
"no-tradeoff","276","3602285","0.0-11.0-0.114","","","","","","","","1","9","1","img/tree_7.png","img/tree_3.png","1062.0000000051223","4196.839999989606","690.8699999917299","1062.0000000051223,4196.839999989606,690.8699999917299","70","70,13,32","null","","enter","6","",""
"no-tradeoff","277","3612070","0.0-11.0-0.115","","","","","","","","1","8","3","img/tree_7.png","img/tree_3.png","743.2550000087358","724.8350000008941","","743.2550000087358,724.8350000008941","74","74,32","null","","null","","",""
"no-tradeoff","278","3624700","0.0-11.0-0.116","","","","","","","","4","7","3","img/tree_8.png","img/tree_9.png","994.8100000042468","554.0550000146031","2987.6249999799766","994.8100000042468,554.0550000146031,2987.6249999799766","74","74,32,13","enter","5","null","","",""
"no-tradeoff","279","3634569","0.0-11.0-0.117","","","","","","","","4","7","4","img/tree_8.png","img/tree_9.png","595.5799999935552","809.5949999988079","","595.5799999935552,809.5949999988079","74","74,32","null","","null","","",""
"no-tradeoff","280","3647398","0.0-11.0-0.118","","","","","","","","4","7","4","img/tree_8.png","img/tree_9.png","897.0200000037439","2906.3350000069477","852.2200000006706","897.0200000037439,2906.3350000069477,852.2200000006706","70","70,13,32","null","","enter","5","",""
"no-tradeoff","281","3657333","0.0-11.0-0.119","","","","","","","","4","8","3","img/tree_7.png","img/tree_3.png","1017.6900000078604","877.1399999968708","","1017.6900000078604,877.1399999968708","74","74,32","null","","null","","",""
"call-function","282","3657335","0.0-12.0","","","","","","","","","","","","","","","","","","","","","","","",""
"html-keyboard-response","283","3664365","0.0-13.0-0.0","7028.445000003558","<p><b> Now you will answer a few questionnaires</b></p><br> The following are statements that a person may either agree with or disagree with.</br><p>For each item, indicate how much you agree or disagree with what the item says by clicking your response. </p><p> Choose only one response and be as accurate and honest as you can. Do not worry about being consistent in your responses. </p><p> Press the space bar to start </p>","","","32","","","","","","","","","","","","","","","","","","",""
"survey-likert","284","3759328","0.0-13.0-1.0","94898.83499999996","","","{""BISBAS1"":1,""BISBAS2"":2,""BISBAS3"":2,""BISBAS4"":1,""BISBAS5"":1,""BISBAS6"":1,""BISBAS7"":1,""BISBAS8"":1,""BISBAS9"":2,""BISBAS10"":2,""BISBAS11"":2,""BISBAS12"":2,""BISBAS13"":0,""BISBAS14"":1,""BISBAS15"":1,""BISBAS16"":1,""BISBAS17"":1,""BISBAS18"":1,""BISBAS19"":0,""BISBAS20"":1,""BISBAS21"":2,""BISBAS22"":2,""BISBAS23"":1,""BISBAS24"":0}","","","","","","","","","","","","","","","","","","","","[0,1,2,3,4,5,6,7,8,9,10,11,12,13,14,15,16,17,18,19,20,21,22,23]"
"html-keyboard-response","285","3763234","0.0-14.0-0.0","3891.7099999962375","<p>Please indicate for each statement the degree to which each statement is descriptive of your mood <b> at this  moment </b>. </p><p> Press the space bar to start </p>","","","32","","","","","","","","","","","","","","","","","","",""
"survey-likert","286","3842954","0.0-14.0-1.0","79706.69500000076","","","{""STICSAS1"":0,""STICSAS2"":0,""STICSAS3"":1,""STICSAS4"":1,""STICSAS5"":1,""STICSAS6"":0,""STICSAS7"":0,""STICSAS8"":0,""STICSAS9"":1,""STICSAS10"":1,""STICSAS11"":1,""STICSAS12"":0,""STICSAS13"":0,""STICSAS14"":1,""STICSAS15"":0,""STICSAS16"":1,""STICSAS17"":0,""STICSAS18"":0,""STICSAS19"":1,""STICSAS20"":0,""STICSAS21"":0,""STICSAS22"":3}","","","","","","","","","","","","","","","","","","","","[0,1,2,3,4,5,6,7,8,9,10,11,12,13,14,15,16,17,18,19,20,21]"
"html-keyboard-response","287","3846016","0.0-15.0-0.0","3044.8500000061467","<p>Please indicate for each statement how often <b> in general </b> the statement is true for you. </p><p> Press the space bar to start </p>","","","32","","","","","","","","","","","","","","","","","","",""
"survey-likert","288","3906891","0.0-15.0-1.0","60863.279999990016","","","{""STICSAT1"":0,""STICSAT2"":1,""STICSAT3"":1,""STICSAT4"":2,""STICSAT5"":2,""STICSAT6"":0,""STICSAT7"":0,""STICSAT8"":0,""STICSAT9"":2,""STICSAT10"":1,""STICSAT11"":1,""STICSAT12"":0,""STICSAT13"":1,""STICSAT14"":1,""STICSAT15"":0,""STICSAT16"":1,""STICSAT17"":1,""STICSAT18"":0,""STICSAT19"":1,""STICSAT20"":0,""STICSAT21"":0}","","","","","","","","","","","","","","","","","","","","[0,1,2,3,4,5,6,7,8,9,10,11,12,13,14,15,16,17,18,19,20]"
"html-keyboard-response","289","3911648","0.0-16.0-0.0","4743.340000015218","<p>Please indicate for each statement how much you agree. </p><p> Press the space bar to start </p>","","","32","","","","","","","","","","","","","","","","","","",""
"survey-likert","290","3959680","0.0-16.0-1.0","48022.97500000009","","","{""IUS1"":2,""IUS2"":2,""IUS3"":2,""IUS4"":1,""IUS5"":1,""IUS6"":1,""IUS7"":1,""IUS8"":3,""IUS9"":3,""IUS10"":2,""IUS11"":2,""IUS12"":2,""IUS13"":4}","","","","","","","","","","","","","","","","","","","","[0,1,2,3,4,5,6,7,8,9,10,11,12]"
"html-keyboard-response","291","3961873","0.0-17.0-0.0","2179.050000006333","<p>Please indicate for each statement how you <b> generally </b> feel. </p><p> Press the space bar to start </p>","","","32","","","","","","","","","","","","","","","","","","",""
"survey-likert","292","4029258","0.0-17.0-1.0","67372.21999999043","","","{""STAIT1"":2,""STAIT2"":1,""STAIT3"":0,""STAIT4"":2,""STAIT5"":1,""STAIT6"":1,""STAIT7"":1,""STAIT8"":0,""STAIT9"":1,""STAIT10"":2,""STAIT11"":"""",""STAIT12"":2,""STAIT13"":1,""STAIT14"":2,""STAIT15"":1,""STAIT16"":2,""STAIT17"":1,""STAIT18"":1,""STAIT19"":2,""STAIT20"":0}","","","","","","","","","","","","","","","","","","","","[0,1,2,3,4,5,6,7,8,9,10,11,12,13,14,15,16,17,18,19]"
"html-keyboard-response","293","4031014","0.0-18.0-0.0","1742.230000003241","<p>Please indicate for each statement how much you think each statement is typical of you. </p><p> Press the space bar to start </p>","","","32","","","","","","","","","","","","","","","","","","",""
"survey-likert","294","4170593","0.0-18.0-1.0","139555.7399999816","","","{""ACQ1"":4,""ACQ2"":3,""ACQ3"":3,""ACQ4"":2,""ACQ5"":2,""ACQ6"":3,""ACQ7"":3,""ACQ8"":2,""ACQ9"":0,""ACQ10"":2,""ACQ11"":4,""ACQ12"":3,""ACQ13"":2,""ACQ14"":1,""ACQ15"":1,""ACQ16"":1,""ACQ17"":3,""ACQ18"":3,""ACQ19"":2,""ACQ20"":3,""ACQ21"":3,""ACQ22"":3,""ACQ23"":3,""ACQ24"":3,""ACQ25"":1,""ACQ26"":3,""ACQ27"":3,""ACQ28"":1,""ACQ29"":4,""ACQ30"":3}","","","","","","","","","","","","","","","","","","","","[0,1,2,3,4,5,6,7,8,9,10,11,12,13,14,15,16,17,18,19,20,21,22,23,24,25,26,27,28,29]"
"html-keyboard-response","295","4172616","0.0-19.0-0.0","2003.7799999988638","<p> For the following questions, indicate <b> how often </b> you felt or thought a certain way <b> during the last month </b>.</p><p> Press space to start </p>","","","32","","","","","","","","","","","","","","","","","","",""
"survey-likert","296","4210743","0.0-19.0-1.0","38119.834999990184","","","{""Stress1"":1,""Stress2"":3,""Stress3"":2,""Stress4"":3,""Stress5"":3,""Stress6"":1,""Stress7"":2,""Stress8"":3,""Stress9"":2,""Stress10"":1}","","","","","","","","","","","","","","","","","","","","[0,1,2,3,4,5,6,7,8,9]"
