"trial_type","trial_index","time_elapsed","internal_node_id","rt","stimulus","button_pressed","responses","key_press","view_history","correct","stakes","outcome","outcome_notreceived","choice_selected","choice_not_selected","rt_choice","rt_space","rt_certainty","all_rts","key_choice","all_keys","estimate_trial","estimate_val","certainty_trial","certainty_val","value","question_order"
"pavlovia","0","4","0.0-0.0","","","","","","","","","","","","","","","","","","","","","","","",""
"html-button-response","1","11219","0.0-1.0","11214","<p style=""font-size:24px;font-weight:bold"">Consent</p><div class=""consent"" style=""text-align:left; border:1px solid; padding:10px; width:800px; font-size=100%, float:right""><p align=left>Thank you for signing up for this experiment!<p><p align=left>This experiment is being conducted by the California Institute of Technology (Caltech). The lead investigators are Sarah Tashjian, PhD and Dean Mobbs, PhD. This study has been approved by the Caltech Institutional Review Board for research ethics.<p><p align=left>The goal of this study is to understand learning processes. In this experiment, you will complete a task in which you will see images.<p><p align=left>At times, you will receive rewards and penalties. These earnings will determine your eligibility for a bonus payment, which will result in a real increase in your payment in this study.<p><p align=left>Your goal is to learn which images predict the most points. We will also ask how certain you are about your decisions throughout the task.<p><p align=left>This experiment will take approximately 1 hour to complete in its entirety.<p><p align=left><b>You will receive $9.00 for completing the experiment. <u>If you optimize decisions on at least 70% of trials, you will be eligible for a $100 bonus payment.</u></b><p><p align=left>This study involves minimal risk, meaning there will be no more risk than in daily life. Possible risks include physical discomfort/fatigue (eyestrain, tiredness), as well as psychological discomfort (e.g., potential boredom).<p><p align=left> Besides receiving payment, you will not benefit from this study.<p><p align=left><b>Any information that is obtained in connection with this study that can identify you will remain confidential. </b><p><p align=left>When the results of this study are reported, your identifying information will not be disclosed. Because this study is being conducted online, we are unable to fully eliminate the risk of a breach of confidentiality. However, to mitigate the chances of this occurring, we are using secure and confidential data collection systems.<p align=left>You may choose to withdraw from this study at any time and refuse to answer any questions without penalty. Also, you may choose not to participate in this study.<p><p align=left>You are <b>eligible</b> to participate if you (1) are 18-65 years old, (2) are fluent in English, (3) have healthy or corrected vision, (4) are not colorblind, and (5) have no difficulty controlling motor movements. <p><p align=left>If you do not meet these criteria, please exit the experiment now.<p><p align=center><b> If you meet these criteria and consent to participate, you must<br>indicate your consent by clicking the button below.<b></p>","0","","","","","","","","","","","","","","","","","","","","",""
"survey-text","2","23806","0.0-2.0-0.0","12585","","","{""Q0"":""58f82417edbd82000169bce8"",""Q1"":""25"",""Q2"":""Male"",""Q3"":""Male""}","","","","","","","","","","","","","","","","","","","",""
"html-keyboard-response","3","26068","0.0-3.0","2260","<p>Welcome to the experiment!</p><p> You will play two games and answer a few questions.</p><p>Press the space bar to begin reading the instructions for the first game.</p>","","","32","","","","","","","","","","","","","","","","","","",""
"instructions","4","397335","0.0-4.0","371267","","","","","[{""page_index"":0,""viewing_time"":8605},{""page_index"":1,""viewing_time"":212016},{""page_index"":2,""viewing_time"":7219},{""page_index"":3,""viewing_time"":109984},{""page_index"":4,""viewing_time"":10814},{""page_index"":5,""viewing_time"":7464},{""page_index"":6,""viewing_time"":6343},{""page_index"":7,""viewing_time"":5473},{""page_index"":8,""viewing_time"":3348}]","","","","","","","","","","","","","","","","","",""
"html-keyboard-response","5","400540","0.0-5.0-0.0","3204","<p style=""font-size:24px;font-weight:bold"">TEST QUESTION</p><p>Which letter should you press to select the green house on the left?</p><div class=group><table class=table_center><tr><td class=prompt colspan=2>Choose one</td></tr><tr style=""height: 300px;""><td style=""width: 300px;""><img id=""left"" src=img/house_3.png style=""zoom: 100%;""/></td><td style=""width: 300px;""><img id=""right"" src=img/house_2.png style=""zoom: 100%;""/></td></tr></table></div><br>","","","70","","true","","","","","","","","","","","","","","","","",""
"html-keyboard-response","6","402004","0.0-5.0-1.0","1463","<p style=""font-size:36px;font-weight:bold"">Correct!</p><p> Remember, press ""F"" for left and ""J"" for right. </p>","","","70","","","","","","","","","","","","","","","","","","",""
"html-keyboard-response","7","403100","0.0-5.0-2.0","1095","<p style=""font-size:24px;font-weight:bold"">TEST QUESTION</p><p>Which letter should you press to select the red house on the right?</p><div class=group><table class=table_center><tr><td class=prompt colspan=2>Choose one</td></tr><tr style=""height: 300px;""><td style=""width: 300px;""><img id=""left"" src=img/house_3.png style=""zoom: 100%;""/></td><td style=""width: 300px;""><img id=""right"" src=img/house_2.png style=""zoom: 100%;""/></td></tr></table></div><br>","","","74","","true","","","","","","","","","","","","","","","","",""
"html-keyboard-response","8","403460","0.0-5.0-3.0","359","<p style=""font-size:36px;font-weight:bold"">Correct!</p><p> Remember, press ""F"" for left and ""J"" for right. </p>","","","74","","","","","","","","","","","","","","","","","","",""
"html-keyboard-response","9","413925","0.0-5.0-4.0","10465","<p style=""font-size:24px;font-weight:bold"">TEST QUESTION</p><p>Type the number of the <b> maximum </b> amount of sacks an elf can make</p>","","","56","","false","","","","","","","","","","","","","","","","",""
"html-keyboard-response","10","413996","0.0-5.0-5.0","72","<p style=""font-size:36px;font-weight:bold"">Wrong answer.</p><p> Remember, elves can make 0 to 9 sacks.</p>","","","49","","","","","","","","","","","","","","","","","","",""
"html-keyboard-response","11","423164","0.0-5.0-6.0","9168","<p style=""font-size:24px;font-weight:bold"">TEST QUESTION</p><p>Remember, the same house always takes you to the same elf. </p><p>On this trial, select the house on the left by pressing ""F"".</p><div class=group><table class=table_center><tr><td class=prompt colspan=2>Choose one</td></tr><tr style=""height: 300px;""><td style=""width: 300px;""><img id=""left"" src=img/house_1.png style=""zoom: 100%;""/></td><td style=""width: 300px;""><img id=""right"" src=img/house_5.png style=""zoom: 100%;""/></td></tr></table></div><br>","","","70","","","","","","","","","","","","","","","","","","",""
"html-keyboard-response","12","431028","0.0-5.0-7.0","7862","<p style=""font-size:24px;font-weight:bold"">TEST QUESTION</p><p>The red house took you to the yellow elf. </p><p> The yellow elf gave you 8 sacks. </p><p> The most sacks an elf can make is 9 sacks, so this is a great outcome!</p><div class=group><table class=table_center><tr><td class=prompt colspan=3>You received</td></tr><tr style=""height: 300px;""><td><img src=img/elf_yellow.png style=""zoom: 100%;""/></td><td><img src=img/sack.png style=""zoom: 30%;""/></td><td class=prompt>x 8</td></tr></table></div><br><p> Press space to continue </p>","","","32","","","","","","","","","","","","","","","","","","",""
"html-keyboard-response","13","433492","0.0-5.0-8.0","2463","<p style=""font-size:24px;font-weight:bold"">TEST QUESTION</p><p>If you wanted to visit the <b> yellow elf </b> again, which house would you select?</p><div class=group><table class=table_center><tr><td class=prompt colspan=2>Choose one</td></tr><tr style=""height: 300px;""><td style=""width: 300px;""><img id=""left"" src=img/house_1.png style=""zoom: 100%;""/></td><td style=""width: 300px;""><img id=""right"" src=img/house_5.png style=""zoom: 100%;""/></td></tr></table></div><br>","","","70","","true","","","","","","","","","","","","","","","","",""
"html-keyboard-response","14","436284","0.0-5.0-9.0","2791","<p style=""font-size:36px;font-weight:bold"">Correct!</p><p> Remember, the same house goes to the same elf. </p>","","","70","","","","","","","","","","","","","","","","","","",""
"html-keyboard-response","15","437419","0.0-5.0-10.0","1136","<p style=""font-size:24px;font-weight:bold"">TEST QUESTION</p><p>On this trial, select the house on the right by pressing ""J"".</p><div class=group><table class=table_center><tr><td class=prompt colspan=2>Choose one</td></tr><tr style=""height: 300px;""><td style=""width: 300px;""><img id=""left"" src=img/house_1.png style=""zoom: 100%;""/></td><td style=""width: 300px;""><img id=""right"" src=img/house_5.png style=""zoom: 100%;""/></td></tr></table></div><br>","","","74","","","","","","","","","","","","","","","","","","",""
"html-keyboard-response","16","439796","0.0-5.0-11.0","2375","<p style=""font-size:24px;font-weight:bold"">TEST QUESTION</p><p>The blue house took you to the purple elf. </p><p> The purple elf only gave you 1 sack. </p><p> That is not very much and is a pretty bad outcome.</p><div class=group><table class=table_center><tr><td class=prompt colspan=3>You received</td></tr><tr style=""height: 300px;""><td><img src=img/elf_purple.png style=""zoom: 100%;""/></td><td><img src=img/sack.png style=""zoom: 30%;""/></td><td class=prompt>x 1</td></tr></table></div><br><p> Press space to continue </p>","","","32","","","","","","","","","","","","","","","","","","",""
"html-keyboard-response","17","443380","0.0-5.0-12.0","3583","<p style=""font-size:24px;font-weight:bold"">TEST QUESTION</p><p>Remember the yellow elf gave you 8 sacks and the purple elf only gave you 1 sack. </p><p> Which elf would you try to visit next? </p><div class=group><table class=table_center><tr><td class=prompt colspan=2>Choose one</td></tr><tr style=""height: 300px;""><td style=""width: 300px;""><img id=""left"" src=img/elf_yellow.png style=""zoom: 100%;""/></td><td style=""width: 300px;""><img id=""right"" src=img/elf_purple.png style=""zoom: 100%;""/></td></tr></table></div><br>","","","70","","true","","","","","","","","","","","","","","","","",""
"html-keyboard-response","18","444068","0.0-5.0-13.0","689","<p style=""font-size:36px;font-weight:bold"">Correct!</p><p> Remember, you want to select the elf who gives you the most sacks.</p>","","","32","","","","","","","","","","","","","","","","","","",""
"html-keyboard-response","19","445060","0.0-5.0-14.0","991","<p style=""font-size:24px;font-weight:bold"">TEST QUESTION</p><p>To visit the yellow elf, which house should you visit? </p><div class=group><table class=table_center><tr><td class=prompt colspan=2>Choose one</td></tr><tr style=""height: 300px;""><td style=""width: 300px;""><img id=""left"" src=img/house_1.png style=""zoom: 100%;""/></td><td style=""width: 300px;""><img id=""right"" src=img/house_5.png style=""zoom: 100%;""/></td></tr></table></div><br>","","","70","","true","","","","","","","","","","","","","","","","",""
"html-keyboard-response","20","445556","0.0-5.0-15.0","495","<p style=""font-size:36px;font-weight:bold"">Correct!</p><p>Remember, the same house goes to the same elf each time.</p>","","","32","","","","","","","","","","","","","","","","","","",""
"html-keyboard-response","21","448692","0.0-5.0-16.0","3135","<p style=""font-size:36px;font-weight:bold"">You are ready to play!</p><p>The houses and elves in the actual game will be different than the practice. </p><p> Press the space bar to start the game</p>","","","32","","","","","","","","","","","","","","","","","","",""
"no-tradeoff-rwd","22","462558","0.0-6.0-0.0","","","","","","","","4","7","4","img/house_6.png","img/house_4.png","1229","696","4120","1229,696,4120","70","70,32,13","enter","9","null","","",""
"no-tradeoff-rwd","23","472365","0.0-6.0-0.1","","","","","","","","1","3","7","img/house_3.png","img/house_2.png","1286","774","","1286,774","74","74,32","null","","null","","",""
"no-tradeoff-rwd","24","485784","0.0-6.0-0.2","","","","","","","","4","8","3","img/house_2.png","img/house_3.png","1468","3854","516","1468,3854,516","70","70,13,32","null","","enter","9","",""
"no-tradeoff-rwd","25","495373","0.0-6.0-0.3","","","","","","","","1","9","4","img/house_2.png","img/house_3.png","883","549","","883,549","70","70,32","null","","null","","",""
"no-tradeoff-rwd","26","499987","0.0-6.0-0.4","","","","","","","","1","0","","","","1077","","","1077","32","32","null","","null","","",""
"no-tradeoff-rwd","27","509501","0.0-6.0-0.5","","","","","","","","4","6","5","img/house_6.png","img/house_4.png","750","483","","750,483","74","74,32","null","","null","","",""
"no-tradeoff-rwd","28","523217","0.0-6.0-0.6","","","","","","","","4","8","4","img/house_4.png","img/house_6.png","370","4233","453","370,4233,453","70","70,13,32","null","","enter","5","",""
"no-tradeoff-rwd","29","532871","0.0-6.0-0.7","","","","","","","","1","6","2","img/house_3.png","img/house_2.png","495","601","","495,601","70","70,32","null","","null","","",""
"no-tradeoff-rwd","30","545828","0.0-6.0-0.8","","","","","","","","4","3","4","img/house_6.png","img/house_4.png","1471","485","3432","1471,485,3432","74","74,32,13","enter","5","null","","",""
"no-tradeoff-rwd","31","555552","0.0-6.0-0.9","","","","","","","","1","4","0","img/house_3.png","img/house_2.png","708","681","","708,681","74","74,32","null","","null","","",""
"no-tradeoff-rwd","32","569158","0.0-6.0-0.10","","","","","","","","4","2","2","img/house_3.png","img/house_2.png","610","4058","501","610,4058,501","70","70,13,32","null","","enter","0","",""
"no-tradeoff-rwd","33","578930","0.0-6.0-0.11","","","","","","","","1","5","1","img/house_2.png","img/house_3.png","553","718","","553,718","74","74,32","null","","null","","",""
"no-tradeoff-rwd","34","593276","0.0-6.0-0.12","","","","","","","","1","0","5","img/house_3.png","img/house_2.png","638","575","4704","638,575,4704","74","74,32,13","enter","","null","","",""
"no-tradeoff-rwd","35","602935","0.0-6.0-0.13","","","","","","","","4","3","3","img/house_2.png","img/house_3.png","580","612","","580,612","70","70,32","null","","null","","",""
"no-tradeoff-rwd","36","619797","0.0-6.0-0.14","","","","","","","","1","4","5","img/house_6.png","img/house_4.png","990","7195","597","990,7195,597","70","70,13,32","null","","enter","5","",""
"no-tradeoff-rwd","37","629382","0.0-6.0-0.15","","","","","","","","1","4","3","img/house_6.png","img/house_4.png","837","548","","837,548","74","74,32","null","","null","","",""
"no-tradeoff-rwd","38","641510","0.0-6.0-0.16","","","","","","","","1","3","3","img/house_4.png","img/house_6.png","828","433","2649","828,433,2649","74","74,32,13","enter","5","null","","",""
"no-tradeoff-rwd","39","651046","0.0-6.0-0.17","","","","","","","","4","3","4","img/house_2.png","img/house_3.png","805","505","","805,505","70","70,32","null","","null","","",""
"no-tradeoff-rwd","40","663073","0.0-6.0-0.18","","","","","","","","4","8","2","img/house_3.png","img/house_2.png","907","2436","543","907,2436,543","70","70,13,32","null","","enter","8","",""
"no-tradeoff-rwd","41","672720","0.0-6.0-0.19","","","","","","","","1","2","6","img/house_6.png","img/house_4.png","724","619","","724,619","74","74,32","null","","null","","",""
"no-tradeoff-rwd","42","684865","0.0-6.0-0.20","","","","","","","","1","0","6","img/house_2.png","img/house_3.png","783","544","2552","783,544,2552","74","74,32,13","enter","8","null","","",""
"no-tradeoff-rwd","43","694365","0.0-6.0-0.21","","","","","","","","1","7","0","img/house_4.png","img/house_6.png","1004","464","","1004,464","74","74,32","null","","null","","",""
"no-tradeoff-rwd","44","705627","0.0-6.0-0.22","","","","","","","","1","7","4","img/house_3.png","img/house_2.png","1186","1659","555","1186,1659,555","74","74,13,32","null","","enter","5","",""
"no-tradeoff-rwd","45","715174","0.0-6.0-0.23","","","","","","","","1","5","8","img/house_2.png","img/house_3.png","1211","515","","1211,515","74","74,32","null","","null","","",""
"no-tradeoff-rwd","46","727055","0.0-6.0-0.24","","","","","","","","4","6","4","img/house_3.png","img/house_2.png","737","555","2296","737,555,2296","74","74,32,13","enter","8","null","","",""
"no-tradeoff-rwd","47","736597","0.0-6.0-0.25","","","","","","","","4","7","1","img/house_3.png","img/house_2.png","1006","498","","1006,498","70","70,32","null","","null","","",""
"no-tradeoff-rwd","48","748775","0.0-6.0-0.26","","","","","","","","4","6","0","img/house_3.png","img/house_2.png","851","1738","1379","851,1738,1379","70","70,13,32","null","","enter","8","",""
"no-tradeoff-rwd","49","760310","0.0-6.0-0.27","","","","","","","","1","1","2","img/house_6.png","img/house_4.png","976","2476","","976,2476","70","70,32","null","","null","","",""
"no-tradeoff-rwd","50","772399","0.0-6.0-0.28","","","","","","","","1","1","2","img/house_6.png","img/house_4.png","978","496","2560","978,496,2560","74","74,32,13","enter","8","null","","",""
"no-tradeoff-rwd","51","781999","0.0-6.0-0.29","","","","","","","","1","3","2","img/house_6.png","img/house_4.png","849","529","","849,529","70","70,32","null","","null","","",""
"no-tradeoff-rwd","52","795349","0.0-6.0-0.30","","","","","","","","1","2","4","img/house_3.png","img/house_2.png","803","2633","1659","803,2633,1659","74","74,13,32","null","","enter","8","",""
"no-tradeoff-rwd","53","804887","0.0-6.0-0.31","","","","","","","","4","3","6","img/house_2.png","img/house_3.png","573","492","","573,492","70","70,32","null","","null","","",""
"no-tradeoff-rwd","54","817735","0.0-6.0-0.32","","","","","","","","4","8","6","img/house_4.png","img/house_6.png","1096","1482","2312","1096,1482,2312","70","70,32,13","enter","5","null","","",""
"no-tradeoff-rwd","55","822111","0.0-6.0-0.33","","","","","","","","1","0","","","","844","","","844","32","32","null","","null","","",""
"no-tradeoff-rwd","56","834416","0.0-6.0-0.34","","","","","","","","4","4","5","img/house_2.png","img/house_3.png","829","2740","511","829,2740,511","70","70,13,32","null","","enter","1","",""
"no-tradeoff-rwd","57","844771","0.0-6.0-0.35","","","","","","","","4","6","5","img/house_6.png","img/house_4.png","702","1310","","702,1310","74","74,32","null","","null","","",""
"no-tradeoff-rwd","58","856686","0.0-6.0-0.36","","","","","","","","1","6","1","img/house_2.png","img/house_3.png","656","1458","2929","656,1458,2929","74","74,32,13","enter","5","null","","",""
"no-tradeoff-rwd","59","866261","0.0-6.0-0.37","","","","","","","","1","2","8","img/house_4.png","img/house_6.png","722","524","","722,524","74","74,32","null","","null","","",""
"no-tradeoff-rwd","60","878828","0.0-6.0-0.38","","","","","","","","1","2","9","img/house_4.png","img/house_6.png","464","3013","502","464,3013,502","70","70,13,32","null","","enter","8","",""
"no-tradeoff-rwd","61","888868","0.0-6.0-0.39","","","","","","","","4","9","1","img/house_6.png","img/house_4.png","871","1002","","871,1002","74","74,32","null","","null","","",""
"no-tradeoff-rwd","62","900896","0.0-6.0-0.40","","","","","","","","4","7","4","img/house_6.png","img/house_4.png","639","476","2496","639,476,2496","74","74,32,13","enter","6","null","","",""
"no-tradeoff-rwd","63","911052","0.0-6.0-0.41","","","","","","","","4","0","7","img/house_4.png","img/house_6.png","1074","1099","","1074,1099","74","74,32","null","","null","","",""
"no-tradeoff-rwd","64","922692","0.0-6.0-0.42","","","","","","","","4","7","1","img/house_2.png","img/house_3.png","798","1269","1309","798,1269,1309","74","74,13,32","null","","enter","","",""
"no-tradeoff-rwd","65","932832","0.0-6.0-0.43","","","","","","","","1","3","8","img/house_4.png","img/house_6.png","855","1114","","855,1114","70","70,32","null","","null","","",""
"no-tradeoff-rwd","66","944135","0.0-6.0-0.44","","","","","","","","1","7","3","img/house_6.png","img/house_4.png","730","574","1697","730,574,1697","74","74,32,13","enter","","null","","",""
"no-tradeoff-rwd","67","953676","0.0-6.0-0.45","","","","","","","","4","8","2","img/house_2.png","img/house_3.png","883","500","","883,500","74","74,32","null","","null","","",""
"no-tradeoff-rwd","68","966013","0.0-6.0-0.46","","","","","","","","1","1","8","img/house_3.png","img/house_2.png","780","2814","473","780,2814,473","74","74,13,32","null","","enter","2","",""
"no-tradeoff-rwd","69","975561","0.0-6.0-0.47","","","","","","","","4","1","9","img/house_4.png","img/house_6.png","991","499","","991,499","74","74,32","null","","null","","",""
"no-tradeoff-rwd","70","988028","0.0-6.0-0.48","","","","","","","","1","1","7","img/house_4.png","img/house_6.png","794","494","2929","794,494,2929","70","70,32,13","enter","2","null","","",""
"no-tradeoff-rwd","71","997569","0.0-6.0-0.49","","","","","","","","4","8","1","img/house_2.png","img/house_3.png","644","473","","644,473","74","74,32","null","","null","","",""
"no-tradeoff-rwd","72","1010559","0.0-6.0-0.50","","","","","","","","1","4","7","img/house_4.png","img/house_6.png","1182","2732","1211","1182,2732,1211","74","74,13,32","null","","enter","2","",""
"no-tradeoff-rwd","73","1020229","0.0-6.0-0.51","","","","","","","","1","6","5","img/house_3.png","img/house_2.png","853","626","","853,626","70","70,32","null","","null","","",""
"no-tradeoff-rwd","74","1032054","0.0-6.0-0.52","","","","","","","","4","7","6","img/house_3.png","img/house_2.png","1037","419","2376","1037,419,2376","74","74,32,13","enter","5","null","","",""
"no-tradeoff-rwd","75","1041639","0.0-6.0-0.53","","","","","","","","4","7","5","img/house_6.png","img/house_4.png","922","544","","922,544","74","74,32","null","","null","","",""
"no-tradeoff-rwd","76","1054271","0.0-6.0-0.54","","","","","","","","1","7","6","img/house_4.png","img/house_6.png","626","3099","503","626,3099,503","74","74,13,32","null","","enter","3","",""
"no-tradeoff-rwd","77","1063930","0.0-6.0-0.55","","","","","","","","1","6","4","img/house_6.png","img/house_4.png","749","600","","749,600","74","74,32","null","","null","","",""
"no-tradeoff-rwd","78","1076770","0.0-6.0-0.56","","","","","","","","1","6","3","img/house_3.png","img/house_2.png","1000","448","3344","1000,448,3344","74","74,32,13","enter","3","null","","",""
"no-tradeoff-rwd","79","1086345","0.0-6.0-0.57","","","","","","","","1","4","5","img/house_2.png","img/house_3.png","1210","548","","1210,548","74","74,32","null","","null","","",""
"no-tradeoff-rwd","80","1098077","0.0-6.0-0.58","","","","","","","","4","1","5","img/house_4.png","img/house_6.png","828","2102","590","828,2102,590","74","74,13,32","null","","enter","5","",""
"no-tradeoff-rwd","81","1107634","0.0-6.0-0.59","","","","","","","","1","0","7","img/house_3.png","img/house_2.png","698","528","","698,528","70","70,32","null","","null","","",""
"no-tradeoff-rwd","82","1119637","0.0-6.0-0.60","","","","","","","","1","1","7","img/house_4.png","img/house_6.png","997","702","2273","997,702,2273","70","70,32,13","enter","0","null","","",""
"no-tradeoff-rwd","83","1129357","0.0-6.0-0.61","","","","","","","","4","6","5","img/house_2.png","img/house_3.png","658","656","","658,656","74","74,32","null","","null","","",""
"no-tradeoff-rwd","84","1141886","0.0-6.0-0.62","","","","","","","","1","6","8","img/house_4.png","img/house_6.png","727","2912","559","727,2912,559","70","70,13,32","null","","enter","2","",""
"no-tradeoff-rwd","85","1151428","0.0-6.0-0.63","","","","","","","","4","8","5","img/house_6.png","img/house_4.png","559","480","","559,480","70","70,32","null","","null","","",""
"no-tradeoff-rwd","86","1162832","0.0-6.0-0.64","","","","","","","","4","4","7","img/house_3.png","img/house_2.png","917","479","1880","917,479,1880","70","70,32,13","enter","5","null","","",""
"no-tradeoff-rwd","87","1172625","0.0-6.0-0.65","","","","","","","","1","6","5","img/house_6.png","img/house_4.png","434","745","","434,745","74","74,32","null","","null","","",""
"no-tradeoff-rwd","88","1185836","0.0-6.0-0.66","","","","","","","","1","7","7","img/house_4.png","img/house_6.png","594","3583","590","594,3583,590","74","74,13,32","null","","enter","5","",""
"no-tradeoff-rwd","89","1195806","0.0-6.0-0.67","","","","","","","","1","8","7","img/house_6.png","img/house_4.png","436","909","","436,909","74","74,32","null","","null","","",""
"no-tradeoff-rwd","90","1208169","0.0-6.0-0.68","","","","","","","","4","5","6","img/house_4.png","img/house_6.png","579","494","2809","579,494,2809","74","74,32,13","enter","8","null","","",""
"no-tradeoff-rwd","91","1217595","0.0-6.0-0.69","","","","","","","","4","8","8","img/house_6.png","img/house_4.png","1206","385","","1206,385","70","70,32","null","","null","","",""
"no-tradeoff-rwd","92","1230992","0.0-6.0-0.70","","","","","","","","4","8","6","img/house_2.png","img/house_3.png","944","3843","516","944,3843,516","70","70,13,32","null","","enter","5","",""
"no-tradeoff-rwd","93","1240630","0.0-6.0-0.71","","","","","","","","1","5","3","img/house_2.png","img/house_3.png","752","587","","752,587","74","74,32","null","","null","","",""
"no-tradeoff-rwd","94","1252105","0.0-6.0-0.72","","","","","","","","4","2","4","img/house_6.png","img/house_4.png","718","518","1896","718,518,1896","70","70,32,13","enter","5","null","","",""
"no-tradeoff-rwd","95","1261944","0.0-6.0-0.73","","","","","","","","4","3","2","img/house_4.png","img/house_6.png","634","798","","634,798","74","74,32","null","","null","","",""
"no-tradeoff-rwd","96","1274639","0.0-6.0-0.74","","","","","","","","1","2","7","img/house_4.png","img/house_6.png","1411","1468","3158","1411,1468,3158,502","70","70,74,13,32","null","","enter","5","",""
"no-tradeoff-rwd","97","1284215","0.0-6.0-0.75","","","","","","","","1","5","1","img/house_2.png","img/house_3.png","631","542","","631,542","74","74,32","null","","null","","",""
"no-tradeoff-rwd","98","1296498","0.0-6.0-0.76","","","","","","","","4","4","4","img/house_2.png","img/house_3.png","362","564","2671","362,564,2671","74","74,32,13","enter","5","null","","",""
"no-tradeoff-rwd","99","1306301","0.0-6.0-0.77","","","","","","","","1","3","4","img/house_6.png","img/house_4.png","762","769","","762,769","70","70,32","null","","null","","",""
"no-tradeoff-rwd","100","1318787","0.0-6.0-0.78","","","","","","","","4","3","4","img/house_2.png","img/house_3.png","900","2896","538","900,2896,538","70","70,13,32","null","","enter","7","",""
"no-tradeoff-rwd","101","1328434","0.0-6.0-0.79","","","","","","","","1","3","2","img/house_6.png","img/house_4.png","938","606","","938,606","74","74,32","null","","null","","",""
"no-tradeoff-rwd","102","1341225","0.0-6.0-0.80","","","","","","","","1","0","1","img/house_3.png","img/house_2.png","938","612","3128","938,612,3128","70","70,32,13","enter","5","null","","",""
"no-tradeoff-rwd","103","1350801","0.0-6.0-0.81","","","","","","","","4","1","4","img/house_3.png","img/house_2.png","883","538","","883,538","74","74,32","null","","null","","",""
"no-tradeoff-rwd","104","1362829","0.0-6.0-0.82","","","","","","","","1","1","0","img/house_4.png","img/house_6.png","822","2363","605","822,2363,605","70","70,13,32","null","","enter","5","",""
"no-tradeoff-rwd","105","1373448","0.0-6.0-0.83","","","","","","","","1","0","3","img/house_3.png","img/house_2.png","781","1573","","781,1573","74","74,32","null","","null","","",""
"no-tradeoff-rwd","106","1385718","0.0-6.0-0.84","","","","","","","","1","0","1","img/house_4.png","img/house_6.png","558","1091","2128","558,1091,2128","70","70,32,13","enter","5","null","","",""
"no-tradeoff-rwd","107","1395318","0.0-6.0-0.85","","","","","","","","1","2","3","img/house_2.png","img/house_3.png","477","570","","477,570","74","74,32","null","","null","","",""
"no-tradeoff-rwd","108","1407450","0.0-6.0-0.86","","","","","","","","4","3","2","img/house_6.png","img/house_4.png","931","2528","545","931,2528,545","74","74,13,32","null","","enter","5","",""
"no-tradeoff-rwd","109","1417369","0.0-6.0-0.87","","","","","","","","1","4","5","img/house_3.png","img/house_2.png","622","870","","622,870","70","70,32","null","","null","","",""
"no-tradeoff-rwd","110","1429275","0.0-6.0-0.88","","","","","","","","4","4","5","img/house_6.png","img/house_4.png","522","733","2128","522,733,2128","70","70,32,13","enter","5","null","","",""
"no-tradeoff-rwd","111","1439207","0.0-6.0-0.89","","","","","","","","1","7","5","img/house_6.png","img/house_4.png","404","879","","404,879","74","74,32","null","","null","","",""
"no-tradeoff-rwd","112","1453366","0.0-6.0-0.90","","","","","","","","4","5","1","img/house_6.png","img/house_4.png","407","4373","726","407,4373,726","74","74,13,32","null","","enter","8","",""
"no-tradeoff-rwd","113","1464121","0.0-6.0-0.91","","","","","","","","4","6","0","img/house_2.png","img/house_3.png","525","1712","","525,1712","70","70,32","null","","null","","",""
"no-tradeoff-rwd","114","1477393","0.0-6.0-0.92","","","","","","","","4","2","5","img/house_3.png","img/house_2.png","605","840","3400","605,840,3400","74","74,32,13","enter","5","null","","",""
"no-tradeoff-rwd","115","1487596","0.0-6.0-0.93","","","","","","","","4","3","1","img/house_2.png","img/house_3.png","757","1165","","757,1165","74","74,32","null","","null","","",""
"no-tradeoff-rwd","116","1500168","0.0-6.0-0.94","","","","","","","","1","1","1","img/house_3.png","img/house_2.png","648","2872","667","648,2872,667","70","70,13,32","null","","enter","5","",""
"no-tradeoff-rwd","117","1509773","0.0-6.0-0.95","","","","","","","","4","2","2","img/house_2.png","img/house_3.png","739","562","","739,562","70","70,32","null","","null","","",""
"no-tradeoff-rwd","118","1522866","0.0-6.0-0.96","","","","","","","","4","1","1","img/house_4.png","img/house_6.png","892","567","3481","892,567,3481","70","70,32,13","enter","6","null","","",""
"no-tradeoff-rwd","119","1532370","0.0-6.0-0.97","","","","","","","","4","1","1","img/house_2.png","img/house_3.png","487","475","","487,475","74","74,32","null","","null","","",""
"no-tradeoff-rwd","120","1545365","0.0-6.0-0.98","","","","","","","","1","1","1","img/house_3.png","img/house_2.png","619","3404","560","619,3404,560","70","70,13,32","null","","enter","0","",""
"no-tradeoff-rwd","121","1554951","0.0-6.0-0.99","","","","","","","","1","2","1","img/house_2.png","img/house_3.png","823","540","","823,540","70","70,32","null","","null","","",""
"no-tradeoff-rwd","122","1568387","0.0-6.0-0.100","","","","","","","","1","2","0","img/house_3.png","img/house_2.png","939","763","3640","939,763,3640","74","74,32,13","enter","2","null","","",""
"no-tradeoff-rwd","123","1577983","0.0-6.0-0.101","","","","","","","","1","2","4","img/house_3.png","img/house_2.png","466","550","","466,550","74","74,32","null","","null","","",""
"no-tradeoff-rwd","124","1590282","0.0-6.0-0.102","","","","","","","","4","5","3","img/house_4.png","img/house_6.png","1061","1076","2734","1061,1076,2734,530","74","74,70,13,32","null","","enter","5","",""
"no-tradeoff-rwd","125","1599945","0.0-6.0-0.103","","","","","","","","4","3","4","img/house_3.png","img/house_2.png","571","620","","571,620","74","74,32","null","","null","","",""
"no-tradeoff-rwd","126","1613344","0.0-6.0-0.104","","","","","","","","1","5","5","img/house_2.png","img/house_3.png","699","614","3744","699,614,3744","70","70,32,13","enter","5","null","","",""
"no-tradeoff-rwd","127","1622973","0.0-6.0-0.105","","","","","","","","1","6","6","img/house_2.png","img/house_3.png","801","562","","801,562","74","74,32","null","","null","","",""
"no-tradeoff-rwd","128","1635725","0.0-6.0-0.106","","","","","","","","4","7","6","img/house_4.png","img/house_6.png","761","3235","474","761,3235,474","74","74,13,32","null","","enter","5","",""
"no-tradeoff-rwd","129","1646865","0.0-6.0-0.107","","","","","","","","4","3","8","img/house_2.png","img/house_3.png","653","2098","","653,2098","70","70,32","null","","null","","",""
"no-tradeoff-rwd","130","1659524","0.0-6.0-0.108","","","","","","","","4","7","3","img/house_4.png","img/house_6.png","993","1239","2383","993,1239,2383","74","74,32,13","enter","5","null","","",""
"no-tradeoff-rwd","131","1669302","0.0-6.0-0.109","","","","","","","","1","3","5","img/house_6.png","img/house_4.png","535","733","","535,733","74","74,32","null","","null","","",""
"no-tradeoff-rwd","132","1681314","0.0-6.0-0.110","","","","","","","","4","7","5","img/house_4.png","img/house_6.png","666","2309","662","666,2309,662","70","70,13,32","null","","enter","7","",""
"no-tradeoff-rwd","133","1690906","0.0-6.0-0.111","","","","","","","","4","4","5","img/house_4.png","img/house_6.png","909","965","528","909,965,528","70","70,74,32","null","","null","","",""
"no-tradeoff-rwd","134","1703377","0.0-6.0-0.112","","","","","","","","4","5","3","img/house_6.png","img/house_4.png","933","955","2465","933,955,2465","74","74,32,13","enter","7","null","","",""
"no-tradeoff-rwd","135","1713042","0.0-6.0-0.113","","","","","","","","4","1","1","img/house_3.png","img/house_2.png","595","627","","595,627","70","70,32","null","","null","","",""
"no-tradeoff-rwd","136","1726054","0.0-6.0-0.114","","","","","","","","4","0","3","img/house_4.png","img/house_6.png","748","3323","629","748,3323,629","74","74,13,32","null","","enter","6","",""
"no-tradeoff-rwd","137","1736005","0.0-6.0-0.115","","","","","","","","1","4","1","img/house_6.png","img/house_4.png","1124","1340","890","1124,1340,890","70","70,70,32","null","","null","","",""
"no-tradeoff-rwd","138","1750184","0.0-6.0-0.116","","","","","","","","4","2","4","img/house_3.png","img/house_2.png","797","602","4544","797,602,4544","74","74,32,13","enter","0","null","","",""
"no-tradeoff-rwd","139","1759597","0.0-6.0-0.117","","","","","","","","4","1","1","img/house_2.png","img/house_3.png","646","378","","646,378","70","70,32","null","","null","","",""
"no-tradeoff-rwd","140","1773552","0.0-6.0-0.118","","","","","","","","4","4","3","img/house_4.png","img/house_6.png","992","4171","741","992,4171,741","74","74,13,32","null","","enter","5","",""
"no-tradeoff-rwd","141","1782986","0.0-6.0-0.119","","","","","","","","1","2","4","img/house_6.png","img/house_4.png","955","398","","955,398","70","70,32","null","","null","","",""
"call-function","142","1782986","0.0-7.0","","","","","","","","","","","","","","","","","","","","","","","",""
"html-keyboard-response","143","1785012","0.0-8.0","2025","<p>Now you will play the second game!</p><p>Press the space bar to begin reading the instructions for the second game.</p>","","","32","","","","","","","","","","","","","","","","","","",""
"instructions","144","1992562","0.0-9.0","207550","","","","","[{""page_index"":0,""viewing_time"":71973},{""page_index"":1,""viewing_time"":28448},{""page_index"":2,""viewing_time"":8000},{""page_index"":3,""viewing_time"":5687},{""page_index"":4,""viewing_time"":7632},{""page_index"":5,""viewing_time"":62416},{""page_index"":6,""viewing_time"":5286},{""page_index"":7,""viewing_time"":1743},{""page_index"":8,""viewing_time"":16365}]","","","","","","","","","","","","","","","","","",""
"html-keyboard-response","145","1995459","0.0-10.0-0.0","2896","<p style=""font-size:24px;font-weight:bold"">TEST QUESTION</p><p>Which letter should you press to select the green tree on the left?</p><div class=group><table class=table_center><tr><td class=prompt colspan=2>Choose one</td></tr><tr style=""height: 300px;""><td style=""width: 300px;""><img id=""left"" src=img/tree_3.png style=""zoom: 100%;""/></td><td style=""width: 300px;""><img id=""right"" src=img/tree_7.png style=""zoom: 100%;""/></td></tr></table></div><br>","","","70","","true","","","","","","","","","","","","","","","","",""
"html-keyboard-response","146","1998473","0.0-10.0-1.0","null","<p style=""font-size:36px;font-weight:bold"">Correct!</p><p> Remember, press ""F"" for left and ""J"" for right. </p>","","","null","","","","","","","","","","","","","","","","","","",""
"html-keyboard-response","147","2001867","0.0-10.0-2.0","3394","<p style=""font-size:24px;font-weight:bold"">TEST QUESTION</p><p>Which letter should you press to select the red tree on the right?</p><div class=group><table class=table_center><tr><td class=prompt colspan=2>Choose one</td></tr><tr style=""height: 300px;""><td style=""width: 300px;""><img id=""left"" src=img/tree_3.png style=""zoom: 100%;""/></td><td style=""width: 300px;""><img id=""right"" src=img/tree_7.png style=""zoom: 100%;""/></td></tr></table></div><br>","","","70","","false","","","","","","","","","","","","","","","","",""
"html-keyboard-response","148","2002588","0.0-10.0-3.0","720","<p style=""font-size:36px;font-weight:bold"">Wrong answer.</p><p> Remember, press ""F"" for left and ""J"" for right.</p>","","","74","","","","","","","","","","","","","","","","","","",""
"html-keyboard-response","149","2012292","0.0-10.0-4.0","9703","<p style=""font-size:24px;font-weight:bold"">TEST QUESTION</p><p>Type the number of the <b> maximum </b> amount of shields an gnome can make</p>","","","49","","false","","","","","","","","","","","","","","","","",""
"html-keyboard-response","150","2012435","0.0-10.0-5.0","144","<p style=""font-size:36px;font-weight:bold"">Wrong answer.</p><p> Remember, gnomes can make 0 to 9 shields.</p>","","","48","","","","","","","","","","","","","","","","","","",""
"html-keyboard-response","151","2016963","0.0-10.0-6.0","4527","<p style=""font-size:24px;font-weight:bold"">TEST QUESTION</p><p>Remember, the same tree always takes you to the same gnome. </p><p>On this trial, select the tree on the left by pressing ""F"".</p><div class=group><table class=table_center><tr><td class=prompt colspan=2>Choose one</td></tr><tr style=""height: 300px;""><td style=""width: 300px;""><img id=""left"" src=img/tree_1.png style=""zoom: 100%;""/></td><td style=""width: 300px;""><img id=""right"" src=img/tree_2.png style=""zoom: 100%;""/></td></tr></table></div><br>","","","70","","","","","","","","","","","","","","","","","","",""
"html-keyboard-response","152","2019875","0.0-10.0-7.0","2912","<p style=""font-size:24px;font-weight:bold"">TEST QUESTION</p><p>The orange tree took you to the green gnome. </p><p> The green gnome gave you 8 shields. </p><p> The most shields a gnome can make is 9 shields, so this is a great outcome!</p><div class=group><table class=table_center><tr><td class=prompt colspan=3>You received</td></tr><tr style=""height: 300px;""><td><img src=img/gnome_green.png style=""zoom: 100%;""/></td><td><img src=img/shield.png style=""zoom: 30%;""/></td><td class=prompt>x 8</td></tr></table></div><br><p> Press space to continue </p>","","","32","","","","","","","","","","","","","","","","","","",""
"html-keyboard-response","153","2021932","0.0-10.0-8.0","2055","<p style=""font-size:24px;font-weight:bold"">TEST QUESTION</p><p>If you wanted to visit the <b> green gnome </b> again, which tree would you select?</p><div class=group><table class=table_center><tr><td class=prompt colspan=2>Choose one</td></tr><tr style=""height: 300px;""><td style=""width: 300px;""><img id=""left"" src=img/tree_1.png style=""zoom: 100%;""/></td><td style=""width: 300px;""><img id=""right"" src=img/tree_2.png style=""zoom: 100%;""/></td></tr></table></div><br>","","","70","","true","","","","","","","","","","","","","","","","",""
"html-keyboard-response","154","2022923","0.0-10.0-9.0","991","<p style=""font-size:36px;font-weight:bold"">Correct!</p><p> Remember, the same tree goes to the same gnome. </p>","","","32","","","","","","","","","","","","","","","","","","",""
"html-keyboard-response","155","2024947","0.0-10.0-10.0","2023","<p style=""font-size:24px;font-weight:bold"">TEST QUESTION</p><p>On this trial, select the tree on the right by pressing ""J"".</p><div class=group><table class=table_center><tr><td class=prompt colspan=2>Choose one</td></tr><tr style=""height: 300px;""><td style=""width: 300px;""><img id=""left"" src=img/tree_1.png style=""zoom: 100%;""/></td><td style=""width: 300px;""><img id=""right"" src=img/tree_2.png style=""zoom: 100%;""/></td></tr></table></div><br>","","","74","","","","","","","","","","","","","","","","","","",""
"html-keyboard-response","156","2027899","0.0-10.0-11.0","2951","<p style=""font-size:24px;font-weight:bold"">TEST QUESTION</p><p>The blue tree took you to the purple gnome. </p><p> The purple gnome only gave you 1 shield. </p><p> That is not very much and is a pretty bad outcome.</p><div class=group><table class=table_center><tr><td class=prompt colspan=3>You received</td></tr><tr style=""height: 300px;""><td><img src=img/gnome_purple.png style=""zoom: 100%;""/></td><td><img src=img/shield.png style=""zoom: 30%;""/></td><td class=prompt>x 1</td></tr></table></div><br><p> Press space to continue </p>","","","32","","","","","","","","","","","","","","","","","","",""
"html-keyboard-response","157","2030748","0.0-10.0-12.0","2848","<p style=""font-size:24px;font-weight:bold"">TEST QUESTION</p><p>Remember the green gnome gave you 8 shields and the purple gnome only gave you 1 shield. </p><p> Which gnome would you try to visit next? </p><div class=group><table class=table_center><tr><td class=prompt colspan=2>Choose one</td></tr><tr style=""height: 300px;""><td style=""width: 300px;""><img id=""left"" src=img/gnome_green.png style=""zoom: 100%;""/></td><td style=""width: 300px;""><img id=""right"" src=img/gnome_purple.png style=""zoom: 100%;""/></td></tr></table></div><br>","","","70","","true","","","","","","","","","","","","","","","","",""
"html-keyboard-response","158","2031763","0.0-10.0-13.0","1015","<p style=""font-size:36px;font-weight:bold"">Correct!</p><p> Remember, you want to select the gnome who gives you the most shields.</p>","","","32","","","","","","","","","","","","","","","","","","",""
"html-keyboard-response","159","2033275","0.0-10.0-14.0","1511","<p style=""font-size:24px;font-weight:bold"">TEST QUESTION</p><p>To visit the green gnome, which tree should you visit? </p><div class=group><table class=table_center><tr><td class=prompt colspan=2>Choose one</td></tr><tr style=""height: 300px;""><td style=""width: 300px;""><img id=""left"" src=img/tree_1.png style=""zoom: 100%;""/></td><td style=""width: 300px;""><img id=""right"" src=img/tree_2.png style=""zoom: 100%;""/></td></tr></table></div><br>","","","74","","false","","","","","","","","","","","","","","","","",""
"html-keyboard-response","160","2033907","0.0-10.0-15.0","632","<p style=""font-size:36px;font-weight:bold"">Wrong answer.</p><p>Remember, the same tree goes to the same gnome each time.</p>","","","32","","","","","","","","","","","","","","","","","","",""
"html-keyboard-response","161","2034499","0.0-10.0-16.0","592","<p style=""font-size:36px;font-weight:bold"">You are ready to play!</p><p>The trees and gnomes in the actual game will be different than the practice. </p><p> Press space to start the game</p>","","","32","","","","","","","","","","","","","","","","","","",""
"no-tradeoff","162","2047324","0.0-11.0-0.0","","","","","","","","1","1","3","img/tree_7.png","img/tree_3.png","846","582","3184","846,582,3184","70","70,32,13","enter","0","null","","",""
"no-tradeoff","163","2056881","0.0-11.0-0.1","","","","","","","","1","3","0","img/tree_3.png","img/tree_7.png","1161","506","","1161,506","74","74,32","null","","null","","",""
"no-tradeoff","164","2068196","0.0-11.0-0.2","","","","","","","","1","2","2","img/tree_7.png","img/tree_3.png","545","1837","430","545,1837,430","70","70,13,32","null","","enter","5","",""
"no-tradeoff","165","2077651","0.0-11.0-0.3","","","","","","","","4","0","3","img/tree_8.png","img/tree_9.png","1046","424","","1046,424","74","74,32","null","","null","","",""
"no-tradeoff","166","2088870","0.0-11.0-0.4","","","","","","","","4","2","8","img/tree_8.png","img/tree_9.png","986","373","1807","986,373,1807","70","70,32,13","enter","5","null","","",""
"no-tradeoff","167","2098492","0.0-11.0-0.5","","","","","","","","4","0","8","img/tree_8.png","img/tree_9.png","619","565","","619,565","74","74,32","null","","null","","",""
"no-tradeoff","168","2109872","0.0-11.0-0.6","","","","","","","","4","5","1","img/tree_9.png","img/tree_8.png","987","1829","510","987,1829,510","74","74,13,32","null","","enter","8","",""
"no-tradeoff","169","2119318","0.0-11.0-0.7","","","","","","","","4","1","5","img/tree_8.png","img/tree_9.png","1150","403","","1150,403","70","70,32","null","","null","","",""
"no-tradeoff","170","2131632","0.0-11.0-0.8","","","","","","","","1","4","3","img/tree_3.png","img/tree_7.png","957","457","2816","957,457,2816","74","74,32,13","enter","5","null","","",""
"no-tradeoff","171","2141148","0.0-11.0-0.9","","","","","","","","4","4","2","img/tree_8.png","img/tree_9.png","777","483","","777,483","74","74,32","null","","null","","",""
"no-tradeoff","172","2152843","0.0-11.0-0.10","","","","","","","","4","3","1","img/tree_7.png","img/tree_3.png","1328","2209","437","1328,2209,437","70","70,13,32","null","","enter","5","",""
"no-tradeoff","173","2162980","0.0-11.0-0.11","","","","","","","","4","1","2","img/tree_8.png","img/tree_9.png","1045","1084","","1045,1084","74","74,32","null","","null","","",""
"no-tradeoff","174","2175243","0.0-11.0-0.12","","","","","","","","1","1","1","img/tree_3.png","img/tree_7.png","471","569","2647","471,569,2647","70","70,32,13","enter","5","null","","",""
"no-tradeoff","175","2185031","0.0-11.0-0.13","","","","","","","","4","2","1","img/tree_7.png","img/tree_3.png","452","745","","452,745","74","74,32","null","","null","","",""
"no-tradeoff","176","2199245","0.0-11.0-0.14","","","","","","","","4","2","1","img/tree_9.png","img/tree_8.png","645","4334","828","645,4334,828","70","70,13,32","null","","enter","5","",""
"no-tradeoff","177","2208761","0.0-11.0-0.15","","","","","","","","4","0","0","img/tree_9.png","img/tree_8.png","602","464","","602,464","74","74,32","null","","null","","",""
"no-tradeoff","178","2213968","0.0-11.0-0.16","","","","","","","","1","0","","","","1689","","","1689","32","32","null","","null","","",""
"no-tradeoff","179","2223459","0.0-11.0-0.17","","","","","","","","4","3","6","img/tree_8.png","img/tree_9.png","604","431","","604,431","70","70,32","null","","null","","",""
"no-tradeoff","180","2234406","0.0-11.0-0.18","","","","","","","","1","1","8","img/tree_8.png","img/tree_9.png","647","1491","386","647,1491,386","74","74,13,32","null","","enter","","",""
"no-tradeoff","181","2238470","0.0-11.0-0.19","","","","","","","","4","0","","","","533","","","533","32","32","null","","null","","",""
"no-tradeoff","182","2251868","0.0-11.0-0.20","","","","","","","","4","0","5","img/tree_8.png","img/tree_9.png","381","533","3832","381,533,3832","70","70,32,13","enter","5","null","","",""
"no-tradeoff","183","2261379","0.0-11.0-0.21","","","","","","","","4","1","5","img/tree_8.png","img/tree_9.png","530","481","","530,481","74","74,32","null","","null","","",""
"no-tradeoff","184","2272586","0.0-11.0-0.22","","","","","","","","4","2","1","img/tree_8.png","img/tree_9.png","545","1551","601","545,1551,601","70","70,13,32","null","","enter","5","",""
"no-tradeoff","185","2282139","0.0-11.0-0.23","","","","","","","","1","3","4","img/tree_9.png","img/tree_8.png","450","520","","450,520","74","74,32","null","","null","","",""
"no-tradeoff","186","2295343","0.0-11.0-0.24","","","","","","","","4","1","1","img/tree_8.png","img/tree_9.png","626","1016","3152","626,1016,3152","70","70,32,13","enter","5","null","","",""
"no-tradeoff","187","2299529","0.0-11.0-0.25","","","","","","","","1","0","","","","665","","","665","32","32","null","","null","","",""
"no-tradeoff","188","2311071","0.0-11.0-0.26","","","","","","","","4","1","0","img/tree_3.png","img/tree_7.png","629","2109","400","629,2109,400","74","74,13,32","null","","enter","5","",""
"no-tradeoff","189","2321127","0.0-11.0-0.27","","","","","","","","1","2","1","img/tree_9.png","img/tree_8.png","441","1018","","441,1018","70","70,32","null","","null","","",""
"no-tradeoff","190","2333479","0.0-11.0-0.28","","","","","","","","1","0","1","img/tree_8.png","img/tree_9.png","496","474","2840","496,474,2840","70","70,32,13","enter","5","null","","",""
"no-tradeoff","191","2342752","0.0-11.0-0.29","","","","","","","","1","4","1","img/tree_7.png","img/tree_3.png","429","228","","429,228","74","74,32","null","","null","","",""
"no-tradeoff","192","2355931","0.0-11.0-0.30","","","","","","","","1","2","6","img/tree_9.png","img/tree_8.png","493","3581","560","493,3581,560","74","74,13,32","null","","enter","5","",""
"no-tradeoff","193","2366002","0.0-11.0-0.31","","","","","","","","4","4","9","img/tree_3.png","img/tree_7.png","384","1012","","384,1012","70","70,32","null","","null","","",""
"no-tradeoff","194","2379676","0.0-11.0-0.32","","","","","","","","1","9","8","img/tree_7.png","img/tree_3.png","355","590","4048","355,590,4048","74","74,32,13","enter","6","null","","",""
"no-tradeoff","195","2389284","0.0-11.0-0.33","","","","","","","","4","8","8","img/tree_8.png","img/tree_9.png","1250","1290","1411","1250,1290,1411,1483,562","74","74,70,74,74,32","null","","null","","",""
"no-tradeoff","196","2401545","0.0-11.0-0.34","","","","","","","","4","5","8","img/tree_8.png","img/tree_9.png","349","2591","621","349,2591,621","74","74,13,32","null","","enter","5","",""
"no-tradeoff","197","2411111","0.0-11.0-0.35","","","","","","","","4","6","7","img/tree_9.png","img/tree_8.png","801","527","","801,527","70","70,32","null","","null","","",""
"no-tradeoff","198","2423153","0.0-11.0-0.36","","","","","","","","4","8","5","img/tree_9.png","img/tree_8.png","590","439","2560","590,439,2560","74","74,32,13","enter","6","null","","",""
"no-tradeoff","199","2433427","0.0-11.0-0.37","","","","","","","","1","6","7","img/tree_7.png","img/tree_3.png","586","1240","","586,1240","74","74,32","null","","null","","",""
"no-tradeoff","200","2445295","0.0-11.0-0.38","","","","","","","","4","6","8","img/tree_7.png","img/tree_3.png","439","2432","389","439,2432,389","70","70,13,32","null","","enter","6","",""
"no-tradeoff","201","2454717","0.0-11.0-0.39","","","","","","","","1","4","9","img/tree_7.png","img/tree_3.png","395","376","","395,376","74","74,32","null","","null","","",""
"no-tradeoff","202","2467713","0.0-11.0-0.40","","","","","","","","4","3","8","img/tree_7.png","img/tree_3.png","833","391","3576","833,391,3576","70","70,32,13","enter","5","null","","",""
"no-tradeoff","203","2477667","0.0-11.0-0.41","","","","","","","","4","6","0","img/tree_3.png","img/tree_7.png","658","898","","658,898","70","70,32","null","","null","","",""
"no-tradeoff","204","2490205","0.0-11.0-0.42","","","","","","","","1","5","2","img/tree_3.png","img/tree_7.png","625","3067","429","625,3067,429","70","70,13,32","null","","enter","5","",""
"no-tradeoff","205","2499652","0.0-11.0-0.43","","","","","","","","1","3","3","img/tree_7.png","img/tree_3.png","640","408","","640,408","70","70,32","null","","null","","",""
"no-tradeoff","206","2511594","0.0-11.0-0.44","","","","","","","","4","5","2","img/tree_9.png","img/tree_8.png","693","615","2296","693,615,2296","70","70,32,13","enter","5","null","","",""
"no-tradeoff","207","2521086","0.0-11.0-0.45","","","","","","","","1","6","2","img/tree_3.png","img/tree_7.png","458","453","","458,453","70","70,32","null","","null","","",""
"no-tradeoff","208","2532964","0.0-11.0-0.46","","","","","","","","4","8","2","img/tree_9.png","img/tree_8.png","716","2370","438","716,2370,438","70","70,13,32","null","","enter","9","",""
"no-tradeoff","209","2542526","0.0-11.0-0.47","","","","","","","","4","0","9","img/tree_8.png","img/tree_9.png","1124","519","","1124,519","74","74,32","null","","null","","",""
"no-tradeoff","210","2554766","0.0-11.0-0.48","","","","","","","","1","8","1","img/tree_9.png","img/tree_8.png","896","397","2799","896,397,2799","74","74,32,13","enter","9","null","","",""
"no-tradeoff","211","2564501","0.0-11.0-0.49","","","","","","","","4","6","3","img/tree_3.png","img/tree_7.png","609","688","","609,688","74","74,32","null","","null","","",""
"no-tradeoff","212","2576854","0.0-11.0-0.50","","","","","","","","1","8","1","img/tree_9.png","img/tree_8.png","742","2294","1016","742,2294,1016","74","74,13,32","null","","enter","5","",""
"no-tradeoff","213","2586283","0.0-11.0-0.51","","","","","","","","1","9","1","img/tree_9.png","img/tree_8.png","819","386","","819,386","70","70,32","null","","null","","",""
"no-tradeoff","214","2598325","0.0-11.0-0.52","","","","","","","","1","8","2","img/tree_3.png","img/tree_7.png","614","351","2649","614,351,2649","70","70,32,13","enter","9","null","","",""
"no-tradeoff","215","2606785","0.0-11.0-0.53","","","","","","","","4","5","1","img/tree_9.png","img/tree_8.png","564","934","","564,934","74","74,32","null","","null","","",""
"no-tradeoff","216","2619195","0.0-11.0-0.54","","","","","","","","4","3","1","img/tree_9.png","img/tree_8.png","614","2867","500","614,2867,500","70","70,13,32","null","","enter","5","",""
"no-tradeoff","217","2628823","0.0-11.0-0.55","","","","","","","","1","0","3","img/tree_8.png","img/tree_9.png","733","590","","733,590","70","70,32","null","","null","","",""
"no-tradeoff","218","2641060","0.0-11.0-0.56","","","","","","","","4","2","1","img/tree_3.png","img/tree_7.png","590","549","2648","590,549,2648","74","74,32,13","enter","6","null","","",""
"no-tradeoff","219","2650621","0.0-11.0-0.57","","","","","","","","1","4","1","img/tree_9.png","img/tree_8.png","885","518","","885,518","74","74,32","null","","null","","",""
"no-tradeoff","220","2663155","0.0-11.0-0.58","","","","","","","","4","2","1","img/tree_9.png","img/tree_8.png","1064","3076","413","1064,3076,413","70","70,13,32","null","","enter","5","",""
"no-tradeoff","221","2673839","0.0-11.0-0.59","","","","","","","","4","2","0","img/tree_9.png","img/tree_8.png","765","1637","","765,1637","74","74,32","null","","null","","",""
"no-tradeoff","222","2685667","0.0-11.0-0.60","","","","","","","","4","3","3","img/tree_8.png","img/tree_9.png","343","1538","1256","343,1538,1256","70","70,32,13","enter","","null","","",""
"no-tradeoff","223","2695058","0.0-11.0-0.61","","","","","","","","4","3","5","img/tree_7.png","img/tree_3.png","670","357","","670,357","74","74,32","null","","null","","",""
"no-tradeoff","224","2708623","0.0-11.0-0.62","","","","","","","","4","7","4","img/tree_7.png","img/tree_3.png","672","672","3940","672,672,3940,577","70","70,74,13,32","null","","enter","5","",""
"no-tradeoff","225","2718371","0.0-11.0-0.63","","","","","","","","4","5","8","img/tree_7.png","img/tree_3.png","514","704","","514,704","74","74,32","null","","null","","",""
"no-tradeoff","226","2730102","0.0-11.0-0.64","","","","","","","","1","4","8","img/tree_8.png","img/tree_9.png","643","1405","1280","643,1405,1280","74","74,32,13","enter","","null","","",""
"no-tradeoff","227","2739457","0.0-11.0-0.65","","","","","","","","1","6","8","img/tree_8.png","img/tree_9.png","384","329","","384,329","70","70,32","null","","null","","",""
"no-tradeoff","228","2750317","0.0-11.0-0.66","","","","","","","","1","6","7","img/tree_9.png","img/tree_8.png","848","1294","537","848,1294,537","74","74,13,32","null","","enter","","",""
"no-tradeoff","229","2759886","0.0-11.0-0.67","","","","","","","","4","4","7","img/tree_9.png","img/tree_8.png","682","514","","682,514","70","70,32","null","","null","","",""
"no-tradeoff","230","2773905","0.0-11.0-0.68","","","","","","","","1","3","9","img/tree_3.png","img/tree_7.png","787","1332","3664","787,1332,3664","74","74,32,13","enter","5","null","","",""
"no-tradeoff","231","2784577","0.0-11.0-0.69","","","","","","","","1","6","6","img/tree_8.png","img/tree_9.png","583","632","1623","583,632,1623","74","74,70,32","null","","null","","",""
"no-tradeoff","232","2798134","0.0-11.0-0.70","","","","","","","","4","9","5","img/tree_7.png","img/tree_3.png","693","741","3892","693,741,3892,636","74","74,70,13,32","null","","enter","5","",""
"no-tradeoff","233","2807572","0.0-11.0-0.71","","","","","","","","4","9","6","img/tree_7.png","img/tree_3.png","572","406","","572,406","74","74,32","null","","null","","",""
"no-tradeoff","234","2819552","0.0-11.0-0.72","","","","","","","","4","8","8","img/tree_8.png","img/tree_9.png","669","456","2472","669,456,2472","70","70,32,13","enter","8","null","","",""
"no-tradeoff","235","2829005","0.0-11.0-0.73","","","","","","","","4","6","8","img/tree_7.png","img/tree_3.png","558","371","","558,371","74","74,32","null","","null","","",""
"no-tradeoff","236","2841172","0.0-11.0-0.74","","","","","","","","4","8","8","img/tree_9.png","img/tree_8.png","606","2590","554","606,2590,554","74","74,13,32","null","","enter","5","",""
"no-tradeoff","237","2850655","0.0-11.0-0.75","","","","","","","","4","6","7","img/tree_8.png","img/tree_9.png","609","458","","609,458","74","74,32","null","","null","","",""
"no-tradeoff","238","2863426","0.0-11.0-0.76","","","","","","","","4","6","5","img/tree_8.png","img/tree_9.png","433","471","3249","433,471,3249","70","70,32,13","enter","5","null","","",""
"no-tradeoff","239","2873069","0.0-11.0-0.77","","","","","","","","1","4","7","img/tree_9.png","img/tree_8.png","610","607","","610,607","74","74,32","null","","null","","",""
"no-tradeoff","240","2885299","0.0-11.0-0.78","","","","","","","","1","4","6","img/tree_9.png","img/tree_8.png","595","2432","755","595,2432,755","74","74,13,32","null","","enter","5","",""
"no-tradeoff","241","2894361","0.0-11.0-0.79","","","","","","","","1","2","2","img/tree_7.png","img/tree_3.png","203","703","750","203,703,750,780,812,843,875,907,939,970,1003,1034,1080,1110,1142,1175,1206,1237,1269,1300,1333,1362,1410,1443,1474,31","70","70,70,70,70,70,70,70,70,70,70,70,70,70,70,70,70,70,70,70,70,70,70,70,70,70,32","null","","null","","",""
"no-tradeoff","242","2905195","0.0-11.0-0.80","","","","","","","","1","1","2","img/tree_9.png","img/tree_8.png","571","326","2952","571,326,2952","70","70,32,13","enter","5","null","","",""
"no-tradeoff","243","2913169","0.0-11.0-0.81","","","","","","","","4","2","4","img/tree_9.png","img/tree_8.png","830","445","","830,445","70","70,32","null","","null","","",""
"no-tradeoff","244","2924461","0.0-11.0-0.82","","","","","","","","4","1","3","img/tree_3.png","img/tree_7.png","617","2663","1087","617,2663,1087","70","70,13,32","null","","enter","5","",""
"no-tradeoff","245","2933902","0.0-11.0-0.83","","","","","","","","4","7","3","img/tree_8.png","img/tree_9.png","626","385","","626,385","74","74,32","null","","null","","",""
"no-tradeoff","246","2946252","0.0-11.0-0.84","","","","","","","","4","4","6","img/tree_3.png","img/tree_7.png","908","772","4033","908,772,4033","74","74,32,13","enter","5","null","","",""
"no-tradeoff","247","2956187","0.0-11.0-0.85","","","","","","","","4","6","5","img/tree_3.png","img/tree_7.png","460","882","","460,882","74","74,32","null","","null","","",""
"no-tradeoff","248","2967713","0.0-11.0-0.86","","","","","","","","4","4","3","img/tree_3.png","img/tree_7.png","577","1957","533","577,1957,533","74","74,13,32","null","","enter","5","",""
"no-tradeoff","249","2977311","0.0-11.0-0.87","","","","","","","","1","3","2","img/tree_3.png","img/tree_7.png","562","553","","562,553","70","70,32","null","","null","","",""
"no-tradeoff","250","2990723","0.0-11.0-0.88","","","","","","","","4","3","0","img/tree_9.png","img/tree_8.png","652","1019","3344","652,1019,3344","74","74,32,13","enter","5","null","","",""
"no-tradeoff","251","3000297","0.0-11.0-0.89","","","","","","","","1","0","0","img/tree_9.png","img/tree_8.png","790","533","","790,533","70","70,32","null","","null","","",""
"no-tradeoff","252","3013452","0.0-11.0-0.90","","","","","","","","1","2","2","img/tree_3.png","img/tree_7.png","288","3399","710","288,3399,710","70","70,13,32","null","","enter","5","",""
"no-tradeoff","253","3022251","0.0-11.0-0.91","","","","","","","","1","0","0","img/tree_9.png","img/tree_8.png","890","1277","","890,1277","70","70,32","null","","null","","",""
"no-tradeoff","254","3034696","0.0-11.0-0.92","","","","","","","","4","4","3","img/tree_7.png","img/tree_3.png","525","542","2857","525,542,2857","74","74,32,13","enter","7","null","","",""
"no-tradeoff","255","3044302","0.0-11.0-0.93","","","","","","","","4","2","7","img/tree_7.png","img/tree_3.png","797","562","","797,562","70","70,32","null","","null","","",""
"no-tradeoff","256","3056233","0.0-11.0-0.94","","","","","","","","4","0","6","img/tree_7.png","img/tree_3.png","729","2466","425","729,2466,425","74","74,13,32","null","","enter","5","",""
"no-tradeoff","257","3066025","0.0-11.0-0.95","","","","","","","","4","5","1","img/tree_3.png","img/tree_7.png","650","742","","650,742","74","74,32","null","","null","","",""
"no-tradeoff","258","3077275","0.0-11.0-0.96","","","","","","","","1","8","0","img/tree_3.png","img/tree_7.png","467","369","1831","467,369,1831","74","74,32,13","enter","6","null","","",""
"no-tradeoff","259","3086827","0.0-11.0-0.97","","","","","","","","4","1","7","img/tree_7.png","img/tree_3.png","384","511","","384,511","70","70,32","null","","null","","",""
"no-tradeoff","260","3098125","0.0-11.0-0.98","","","","","","","","4","9","0","img/tree_3.png","img/tree_7.png","610","1871","387","610,1871,387","74","74,13,32","null","","enter","5","",""
"no-tradeoff","261","3107531","0.0-11.0-0.99","","","","","","","","1","9","0","img/tree_9.png","img/tree_8.png","571","351","","571,351","70","70,32","null","","null","","",""
"no-tradeoff","262","3119840","0.0-11.0-0.100","","","","","","","","1","6","1","img/tree_3.png","img/tree_7.png","703","399","2873","703,399,2873","74","74,32,13","enter","8","null","","",""
"no-tradeoff","263","3128331","0.0-11.0-0.101","","","","","","","","1","4","0","img/tree_9.png","img/tree_8.png","576","967","","576,967","70","70,32","null","","null","","",""
"no-tradeoff","264","3141275","0.0-11.0-0.102","","","","","","","","1","0","2","img/tree_7.png","img/tree_3.png","1105","3056","854","1105,3056,854","74","74,13,32","null","","enter","6","",""
"no-tradeoff","265","3149496","0.0-11.0-0.103","","","","","","","","1","2","3","img/tree_7.png","img/tree_3.png","828","679","","828,679","70","70,32","null","","null","","",""
"no-tradeoff","266","3160958","0.0-11.0-0.104","","","","","","","","1","1","8","img/tree_8.png","img/tree_9.png","711","457","1952","711,457,1952","74","74,32,13","enter","6","null","","",""
"no-tradeoff","267","3170825","0.0-11.0-0.105","","","","","","","","1","9","2","img/tree_3.png","img/tree_7.png","1062","813","","1062,813","70","70,32","null","","null","","",""
"no-tradeoff","268","3183212","0.0-11.0-0.106","","","","","","","","4","1","8","img/tree_8.png","img/tree_9.png","514","2896","441","514,2896,441","70","70,13,32","null","","enter","8","",""
"no-tradeoff","269","3193307","0.0-11.0-0.107","","","","","","","","1","0","7","img/tree_8.png","img/tree_9.png","492","1029","","492,1029","74","74,32","null","","null","","",""
"no-tradeoff","270","3204045","0.0-11.0-0.108","","","","","","","","4","1","8","img/tree_8.png","img/tree_9.png","228","1178","512","228,1178,512","70","70,32,13","enter","","null","","",""
"no-tradeoff","271","3214149","0.0-11.0-0.109","","","","","","","","1","6","1","img/tree_3.png","img/tree_7.png","277","1072","","277,1072","74","74,32","null","","null","","",""
"no-tradeoff","272","3227645","0.0-11.0-0.110","","","","","","","","1","3","0","img/tree_9.png","img/tree_8.png","1035","3671","773","1035,3671,773","70","70,13,32","null","","enter","6","",""
"no-tradeoff","273","3237637","0.0-11.0-0.111","","","","","","","","4","7","3","img/tree_3.png","img/tree_7.png","831","950","","831,950","70","70,32","null","","null","","",""
"no-tradeoff","274","3250993","0.0-11.0-0.112","","","","","","","","4","6","3","img/tree_3.png","img/tree_7.png","779","423","3888","779,423,3888","70","70,32,13","enter","7","null","","",""
"no-tradeoff","275","3260701","0.0-11.0-0.113","","","","","","","","4","0","8","img/tree_7.png","img/tree_3.png","368","649","","368,649","74","74,32","null","","null","","",""
"no-tradeoff","276","3275591","0.0-11.0-0.114","","","","","","","","1","8","1","img/tree_3.png","img/tree_7.png","564","3815","2027","564,3815,2027","70","70,13,32","null","","enter","5","",""
"no-tradeoff","277","3285408","0.0-11.0-0.115","","","","","","","","1","7","0","img/tree_9.png","img/tree_8.png","367","774","","367,774","70","70,32","null","","null","","",""
"no-tradeoff","278","3298943","0.0-11.0-0.116","","","","","","","","4","7","3","img/tree_9.png","img/tree_8.png","1255","408","4064","1255,408,4064","74","74,32,13","enter","5","null","","",""
"no-tradeoff","279","3310973","0.0-11.0-0.117","","","","","","","","1","6","4","img/tree_3.png","img/tree_7.png","1172","2995","","1172,2995","74","74,32","null","","null","","",""
"no-tradeoff","280","3322965","0.0-11.0-0.118","","","","","","","","4","5","5","img/tree_9.png","img/tree_8.png","942","2484","471","942,2484,471","70","70,13,32","null","","enter","5","",""
"no-tradeoff","281","3333940","0.0-11.0-0.119","","","","","","","","1","5","7","img/tree_8.png","img/tree_9.png","307","1929","","307,1929","74","74,32","null","","null","","",""
"call-function","282","3333940","0.0-12.0","","","","","","","","","","","","","","","","","","","","","","","",""
"html-keyboard-response","283","3403330","0.0-13.0-0.0","69390","<p><b> Now you will answer a few questionnaires</b></p><br> The following are statements that a person may either agree with or disagree with.</br><p>For each item, indicate how much you agree or disagree with what the item says by clicking your response. </p><p> Choose only one response and be as accurate and honest as you can. Do not worry about being consistent in your responses. </p><p> Press the space bar to start </p>","","","32","","","","","","","","","","","","","","","","","","",""
"survey-likert","284","3552652","0.0-13.0-1.0","149319","","","{""BISBAS1"":1,""BISBAS2"":1,""BISBAS3"":0,""BISBAS4"":0,""BISBAS5"":0,""BISBAS6"":3,""BISBAS7"":2,""BISBAS8"":1,""BISBAS9"":0,""BISBAS10"":1,""BISBAS11"":1,""BISBAS12"":0,""BISBAS13"":0,""BISBAS14"":1,""BISBAS15"":1,""BISBAS16"":1,""BISBAS17"":0,""BISBAS18"":0,""BISBAS19"":0,""BISBAS20"":0,""BISBAS21"":2,""BISBAS22"":2,""BISBAS23"":"""",""BISBAS24"":0}","","","","","","","","","","","","","","","","","","","","[0,1,2,3,4,5,6,7,8,9,10,11,12,13,14,15,16,17,18,19,20,21,22,23]"
"html-keyboard-response","285","3554322","0.0-14.0-0.0","1668","<p>Please indicate for each statement the degree to which each statement is descriptive of your mood <b> at this  moment </b>. </p><p> Press the space bar to start </p>","","","32","","","","","","","","","","","","","","","","","","",""
"survey-likert","286","3608014","0.0-14.0-1.0","53689","","","{""STICSAS1"":1,""STICSAS2"":1,""STICSAS3"":0,""STICSAS4"":1,""STICSAS5"":3,""STICSAS6"":0,""STICSAS7"":1,""STICSAS8"":0,""STICSAS9"":0,""STICSAS10"":1,""STICSAS11"":0,""STICSAS12"":0,""STICSAS13"":0,""STICSAS14"":0,""STICSAS15"":1,""STICSAS16"":2,""STICSAS17"":2,""STICSAS18"":0,""STICSAS19"":0,""STICSAS20"":1,""STICSAS21"":0,""STICSAS22"":3}","","","","","","","","","","","","","","","","","","","","[0,1,2,3,4,5,6,7,8,9,10,11,12,13,14,15,16,17,18,19,20,21]"
"html-keyboard-response","287","3609810","0.0-15.0-0.0","1796","<p>Please indicate for each statement how often <b> in general </b> the statement is true for you. </p><p> Press the space bar to start </p>","","","32","","","","","","","","","","","","","","","","","","",""
"survey-likert","288","3642364","0.0-15.0-1.0","32551","","","{""STICSAT1"":0,""STICSAT2"":1,""STICSAT3"":3,""STICSAT4"":2,""STICSAT5"":3,""STICSAT6"":0,""STICSAT7"":1,""STICSAT8"":0,""STICSAT9"":2,""STICSAT10"":2,""STICSAT11"":2,""STICSAT12"":"""",""STICSAT13"":2,""STICSAT14"":0,""STICSAT15"":1,""STICSAT16"":2,""STICSAT17"":3,""STICSAT18"":0,""STICSAT19"":1,""STICSAT20"":0,""STICSAT21"":0}","","","","","","","","","","","","","","","","","","","","[0,1,2,3,4,5,6,7,8,9,10,11,12,13,14,15,16,17,18,19,20]"
"html-keyboard-response","289","3643906","0.0-16.0-0.0","1541","<p>Please indicate for each statement how much you agree. </p><p> Press the space bar to start </p>","","","32","","","","","","","","","","","","","","","","","","",""
"survey-likert","290","3676617","0.0-16.0-1.0","32710","","","{""IUS1"":2,""IUS2"":2,""IUS3"":3,""IUS4"":3,""IUS5"":3,""IUS6"":3,""IUS7"":3,""IUS8"":3,""IUS9"":1,""IUS10"":3,""IUS11"":4,""IUS12"":4,""IUS13"":4}","","","","","","","","","","","","","","","","","","","","[0,1,2,3,4,5,6,7,8,9,10,11,12]"
"html-keyboard-response","291","3678282","0.0-17.0-0.0","1665","<p>Please indicate for each statement how you <b> generally </b> feel. </p><p> Press the space bar to start </p>","","","32","","","","","","","","","","","","","","","","","","",""
"survey-likert","292","3717055","0.0-17.0-1.0","38771","","","{""STAIT1"":1,""STAIT2"":3,""STAIT3"":1,""STAIT4"":3,""STAIT5"":3,""STAIT6"":1,""STAIT7"":2,""STAIT8"":2,""STAIT9"":3,""STAIT10"":1,""STAIT11"":2,""STAIT12"":3,""STAIT13"":1,""STAIT14"":1,""STAIT15"":2,""STAIT16"":1,""STAIT17"":2,""STAIT18"":2,""STAIT19"":2,""STAIT20"":2}","","","","","","","","","","","","","","","","","","","","[0,1,2,3,4,5,6,7,8,9,10,11,12,13,14,15,16,17,18,19]"
"html-keyboard-response","293","3718706","0.0-18.0-0.0","1650","<p>Please indicate for each statement how much you think each statement is typical of you. </p><p> Press the space bar to start </p>","","","32","","","","","","","","","","","","","","","","","","",""
"survey-likert","294","3810810","0.0-18.0-1.0","92101","","","{""ACQ1"":5,""ACQ2"":0,""ACQ3"":3,""ACQ4"":3,""ACQ5"":0,""ACQ6"":1,""ACQ7"":4,""ACQ8"":5,""ACQ9"":0,""ACQ10"":1,""ACQ11"":5,""ACQ12"":4,""ACQ13"":2,""ACQ14"":5,""ACQ15"":3,""ACQ16"":1,""ACQ17"":0,""ACQ18"":0,""ACQ19"":2,""ACQ20"":3,""ACQ21"":4,""ACQ22"":4,""ACQ23"":5,""ACQ24"":4,""ACQ25"":3,""ACQ26"":4,""ACQ27"":2,""ACQ28"":1,""ACQ29"":4,""ACQ30"":2}","","","","","","","","","","","","","","","","","","","","[0,1,2,3,4,5,6,7,8,9,10,11,12,13,14,15,16,17,18,19,20,21,22,23,24,25,26,27,28,29]"
"html-keyboard-response","295","3820338","0.0-19.0-0.0","9527","<p> For the following questions, indicate <b> how often </b> you felt or thought a certain way <b> during the last month </b>.</p><p> Press space to start </p>","","","32","","","","","","","","","","","","","","","","","","",""
"survey-likert","296","3846479","0.0-19.0-1.0","26140","","","{""Stress1"":3,""Stress2"":1,""Stress3"":4,""Stress4"":1,""Stress5"":1,""Stress6"":3,""Stress7"":1,""Stress8"":2,""Stress9"":2,""Stress10"":2}","","","","","","","","","","","","","","","","","","","","[0,1,2,3,4,5,6,7,8,9]"
