"trial_type","trial_index","time_elapsed","internal_node_id","rt","stimulus","button_pressed","responses","key_press","view_history","correct","stakes","outcome","outcome_notreceived","choice_selected","choice_not_selected","rt_choice","rt_space","rt_certainty","all_rts","key_choice","all_keys","estimate_trial","estimate_val","certainty_trial","certainty_val","value","question_order"
"pavlovia","0","51","0.0-0.0","","","","","","","","","","","","","","","","","","","","","","","",""
"html-button-response","1","89826","0.0-1.0","89768.2899999927","<p style=""font-size:24px;font-weight:bold"">Consent</p><div class=""consent"" style=""text-align:left; border:1px solid; padding:10px; width:800px; font-size=100%, float:right""><p align=left>Thank you for signing up for this experiment!<p><p align=left>This experiment is being conducted by the California Institute of Technology (Caltech). The lead investigators are Sarah Tashjian, PhD and Dean Mobbs, PhD. This study has been approved by the Caltech Institutional Review Board for research ethics.<p><p align=left>The goal of this study is to understand learning processes. In this experiment, you will complete a task in which you will see images.<p><p align=left>At times, you will receive rewards and penalties. These earnings will determine your eligibility for a bonus payment, which will result in a real increase in your payment in this study.<p><p align=left>Your goal is to learn which images predict the most points. We will also ask how certain you are about your decisions throughout the task.<p><p align=left>This experiment will take approximately 1 hour to complete in its entirety.<p><p align=left><b>You will receive $9.00 for completing the experiment. <u>If you optimize decisions on at least 70% of trials, you will be eligible for a $100 bonus payment.</u></b><p><p align=left>This study involves minimal risk, meaning there will be no more risk than in daily life. Possible risks include physical discomfort/fatigue (eyestrain, tiredness), as well as psychological discomfort (e.g., potential boredom).<p><p align=left> Besides receiving payment, you will not benefit from this study.<p><p align=left><b>Any information that is obtained in connection with this study that can identify you will remain confidential. </b><p><p align=left>When the results of this study are reported, your identifying information will not be disclosed. Because this study is being conducted online, we are unable to fully eliminate the risk of a breach of confidentiality. However, to mitigate the chances of this occurring, we are using secure and confidential data collection systems.<p align=left>You may choose to withdraw from this study at any time and refuse to answer any questions without penalty. Also, you may choose not to participate in this study.<p><p align=left>You are <b>eligible</b> to participate if you (1) are 18-65 years old, (2) are fluent in English, (3) have healthy or corrected vision, (4) are not colorblind, and (5) have no difficulty controlling motor movements. <p><p align=left>If you do not meet these criteria, please exit the experiment now.<p><p align=center><b> If you meet these criteria and consent to participate, you must<br>indicate your consent by clicking the button below.<b></p>","0","","","","","","","","","","","","","","","","","","","","",""
"survey-text","2","125625","0.0-2.0-0.0","35783.32999999111","","","{""Q0"":""5f75cd50d19e2a28374120ff"",""Q1"":""28"",""Q2"":""Female"",""Q3"":""Female""}","","","","","","","","","","","","","","","","","","","",""
"html-keyboard-response","3","131738","0.0-3.0","6105.1750000042375","<p>Welcome to the experiment!</p><p> You will play two games and answer a few questions.</p><p>Press the space bar to begin reading the instructions for the first game.</p>","","","32","","","","","","","","","","","","","","","","","","",""
"instructions","4","428388","0.0-4.0","296651.4249999891","","","","","[{""page_index"":0,""viewing_time"":40560.06499999785},{""page_index"":1,""viewing_time"":44522.10499999637},{""page_index"":2,""viewing_time"":22825.639999995474},{""page_index"":3,""viewing_time"":32470.570000004955},{""page_index"":4,""viewing_time"":42449.51999999466},{""page_index"":5,""viewing_time"":47091.834999999264},{""page_index"":6,""viewing_time"":15913.490000006277},{""page_index"":7,""viewing_time"":18402.26000000257},{""page_index"":8,""viewing_time"":32415.414999995846}]","","","","","","","","","","","","","","","","","",""
"html-keyboard-response","5","437392","0.0-5.0-0.0","9002.345000000787","<p style=""font-size:24px;font-weight:bold"">TEST QUESTION</p><p>Which letter should you press to select the green house on the left?</p><div class=group><table class=table_center><tr><td class=prompt colspan=2>Choose one</td></tr><tr style=""height: 300px;""><td style=""width: 300px;""><img id=""left"" src=img/house_3.png style=""zoom: 100%;""/></td><td style=""width: 300px;""><img id=""right"" src=img/house_2.png style=""zoom: 100%;""/></td></tr></table></div><br>","","","70","","true","","","","","","","","","","","","","","","","",""
"html-keyboard-response","6","440398","0.0-5.0-1.0","null","<p style=""font-size:36px;font-weight:bold"">Correct!</p><p> Remember, press ""F"" for left and ""J"" for right. </p>","","","null","","","","","","","","","","","","","","","","","","",""
"html-keyboard-response","7","443839","0.0-5.0-2.0","3437.77499999851","<p style=""font-size:24px;font-weight:bold"">TEST QUESTION</p><p>Which letter should you press to select the red house on the right?</p><div class=group><table class=table_center><tr><td class=prompt colspan=2>Choose one</td></tr><tr style=""height: 300px;""><td style=""width: 300px;""><img id=""left"" src=img/house_3.png style=""zoom: 100%;""/></td><td style=""width: 300px;""><img id=""right"" src=img/house_2.png style=""zoom: 100%;""/></td></tr></table></div><br>","","","74","","true","","","","","","","","","","","","","","","","",""
"html-keyboard-response","8","446848","0.0-5.0-3.0","null","<p style=""font-size:36px;font-weight:bold"">Correct!</p><p> Remember, press ""F"" for left and ""J"" for right. </p>","","","null","","","","","","","","","","","","","","","","","","",""
"html-keyboard-response","9","468294","0.0-5.0-4.0","21444.925000003423","<p style=""font-size:24px;font-weight:bold"">TEST QUESTION</p><p>Type the number of the <b> maximum </b> amount of sacks an elf can make</p>","","","49","","false","","","","","","","","","","","","","","","","",""
"html-keyboard-response","10","471300","0.0-5.0-5.0","null","<p style=""font-size:36px;font-weight:bold"">Wrong answer.</p><p> Remember, elves can make 0 to 9 sacks.</p>","","","null","","","","","","","","","","","","","","","","","","",""
"html-keyboard-response","11","481392","0.0-5.0-6.0","10087.744999997085","<p style=""font-size:24px;font-weight:bold"">TEST QUESTION</p><p>Remember, the same house always takes you to the same elf. </p><p>On this trial, select the house on the left by pressing ""F"".</p><div class=group><table class=table_center><tr><td class=prompt colspan=2>Choose one</td></tr><tr style=""height: 300px;""><td style=""width: 300px;""><img id=""left"" src=img/house_1.png style=""zoom: 100%;""/></td><td style=""width: 300px;""><img id=""right"" src=img/house_5.png style=""zoom: 100%;""/></td></tr></table></div><br>","","","70","","","","","","","","","","","","","","","","","","",""
"html-keyboard-response","12","497630","0.0-5.0-7.0","16233.18000001018","<p style=""font-size:24px;font-weight:bold"">TEST QUESTION</p><p>The red house took you to the yellow elf. </p><p> The yellow elf gave you 8 sacks. </p><p> The most sacks an elf can make is 9 sacks, so this is a great outcome!</p><div class=group><table class=table_center><tr><td class=prompt colspan=3>You received</td></tr><tr style=""height: 300px;""><td><img src=img/elf_yellow.png style=""zoom: 100%;""/></td><td><img src=img/sack.png style=""zoom: 30%;""/></td><td class=prompt>x 8</td></tr></table></div><br><p> Press space to continue </p>","","","32","","","","","","","","","","","","","","","","","","",""
"html-keyboard-response","13","497867","0.0-5.0-8.0","233.50000000209548","<p style=""font-size:24px;font-weight:bold"">TEST QUESTION</p><p>If you wanted to visit the <b> yellow elf </b> again, which house would you select?</p><div class=group><table class=table_center><tr><td class=prompt colspan=2>Choose one</td></tr><tr style=""height: 300px;""><td style=""width: 300px;""><img id=""left"" src=img/house_1.png style=""zoom: 100%;""/></td><td style=""width: 300px;""><img id=""right"" src=img/house_5.png style=""zoom: 100%;""/></td></tr></table></div><br>","","","70","","true","","","","","","","","","","","","","","","","",""
"html-keyboard-response","14","500871","0.0-5.0-9.0","null","<p style=""font-size:36px;font-weight:bold"">Correct!</p><p> Remember, the same house goes to the same elf. </p>","","","null","","","","","","","","","","","","","","","","","","",""
"html-keyboard-response","15","508253","0.0-5.0-10.0","7379.125000006752","<p style=""font-size:24px;font-weight:bold"">TEST QUESTION</p><p>On this trial, select the house on the right by pressing ""J"".</p><div class=group><table class=table_center><tr><td class=prompt colspan=2>Choose one</td></tr><tr style=""height: 300px;""><td style=""width: 300px;""><img id=""left"" src=img/house_1.png style=""zoom: 100%;""/></td><td style=""width: 300px;""><img id=""right"" src=img/house_5.png style=""zoom: 100%;""/></td></tr></table></div><br>","","","74","","","","","","","","","","","","","","","","","","",""
"html-keyboard-response","16","572664","0.0-5.0-11.0","64410.84500000579","<p style=""font-size:24px;font-weight:bold"">TEST QUESTION</p><p>The blue house took you to the purple elf. </p><p> The purple elf only gave you 1 sack. </p><p> That is not very much and is a pretty bad outcome.</p><div class=group><table class=table_center><tr><td class=prompt colspan=3>You received</td></tr><tr style=""height: 300px;""><td><img src=img/elf_purple.png style=""zoom: 100%;""/></td><td><img src=img/sack.png style=""zoom: 30%;""/></td><td class=prompt>x 1</td></tr></table></div><br><p> Press space to continue </p>","","","32","","","","","","","","","","","","","","","","","","",""
"html-keyboard-response","17","579469","0.0-5.0-12.0","6803.545000002487","<p style=""font-size:24px;font-weight:bold"">TEST QUESTION</p><p>Remember the yellow elf gave you 8 sacks and the purple elf only gave you 1 sack. </p><p> Which elf would you try to visit next? </p><div class=group><table class=table_center><tr><td class=prompt colspan=2>Choose one</td></tr><tr style=""height: 300px;""><td style=""width: 300px;""><img id=""left"" src=img/elf_yellow.png style=""zoom: 100%;""/></td><td style=""width: 300px;""><img id=""right"" src=img/elf_purple.png style=""zoom: 100%;""/></td></tr></table></div><br>","","","70","","true","","","","","","","","","","","","","","","","",""
"html-keyboard-response","18","582473","0.0-5.0-13.0","null","<p style=""font-size:36px;font-weight:bold"">Correct!</p><p> Remember, you want to select the elf who gives you the most sacks.</p>","","","null","","","","","","","","","","","","","","","","","","",""
"html-keyboard-response","19","585957","0.0-5.0-14.0","3482.140000007348","<p style=""font-size:24px;font-weight:bold"">TEST QUESTION</p><p>To visit the yellow elf, which house should you visit? </p><div class=group><table class=table_center><tr><td class=prompt colspan=2>Choose one</td></tr><tr style=""height: 300px;""><td style=""width: 300px;""><img id=""left"" src=img/house_1.png style=""zoom: 100%;""/></td><td style=""width: 300px;""><img id=""right"" src=img/house_5.png style=""zoom: 100%;""/></td></tr></table></div><br>","","","70","","true","","","","","","","","","","","","","","","","",""
"html-keyboard-response","20","588967","0.0-5.0-15.0","null","<p style=""font-size:36px;font-weight:bold"">Correct!</p><p>Remember, the same house goes to the same elf each time.</p>","","","null","","","","","","","","","","","","","","","","","","",""
"html-keyboard-response","21","616119","0.0-5.0-16.0","27150.854999999865","<p style=""font-size:36px;font-weight:bold"">You are ready to play!</p><p>The houses and elves in the actual game will be different than the practice. </p><p> Press the space bar to start the game</p>","","","32","","","","","","","","","","","","","","","","","","",""
"no-tradeoff-rwd","22","623657","0.0-6.0-0.0","","","","","","","","4","0","","","","4007.1199999947567","","","4007.1199999947567","32","32","null","","null","","",""
"no-tradeoff-rwd","23","633566","0.0-6.0-0.1","","","","","","","","4","1","5","img/house_3.png","img/house_2.png","279.64999999676365","865.284999992582","","279.64999999676365,865.284999992582","70","70,32","null","","null","","",""
"no-tradeoff-rwd","24","657751","0.0-6.0-0.2","","","","","","","","1","5","5","img/house_4.png","img/house_6.png","1093.0850000004284","12727.859999999055","2407.2049999958836","1093.0850000004284,12727.859999999055,2407.2049999958836","70","70,13,32","null","","enter","5 ","",""
"no-tradeoff-rwd","25","668981","0.0-6.0-0.3","","","","","","","","4","5","6","img/house_6.png","img/house_4.png","1066.3249999925029","2189.670000007027","","1066.3249999925029,2189.670000007027","70","70,32","null","","null","","",""
"no-tradeoff-rwd","26","676436","0.0-6.0-0.4","","","","","","","","4","0","","","","3938.9700000028824","","","3938.9700000028824","32","32","null","","null","","",""
"no-tradeoff-rwd","27","686415","0.0-6.0-0.5","","","","","","","","4","5","4","img/house_3.png","img/house_2.png","782.4950000067474","937.8099999885308","","782.4950000067474,937.8099999885308","74","74,32","null","","null","","",""
"no-tradeoff-rwd","28","701197","0.0-6.0-0.6","","","","","","","","1","6","6","img/house_2.png","img/house_3.png","789.8699999932433","4787.40500001004","952.145000002929","789.8699999932433,4787.40500001004,952.145000002929","70","70,13,32","null","","enter","4","",""
"no-tradeoff-rwd","29","708424","0.0-6.0-0.7","","","","","","","","4","0","","","","3702.304999998887","","","3702.304999998887","32","32","null","","null","","",""
"no-tradeoff-rwd","30","715895","0.0-6.0-0.8","","","","","","","","4","0","","","","3951.454999987618","","","3951.454999987618","32","32","null","","null","","",""
"no-tradeoff-rwd","31","725895","0.0-6.0-0.9","","","","","","","","4","5","1","img/house_6.png","img/house_4.png","905.1550000003772","990.6950000004144","961.0600000014529","905.1550000003772,990.6950000004144,961.0600000014529","70","70,74,32","null","","null","","",""
"no-tradeoff-rwd","32","739252","0.0-6.0-0.10","","","","","","","","1","2","7","img/house_3.png","img/house_2.png","847.0200000010664","3266.0650000034366","1065.3249999886611","847.0200000010664,3266.0650000034366,1065.3249999886611","74","74,13,32","null","","enter","4 ","",""
"no-tradeoff-rwd","33","749165","0.0-6.0-0.11","","","","","","","","1","0","5","img/house_3.png","img/house_2.png","1051.0450000001583","875.9599999903003","","1051.0450000001583,875.9599999903003","74","74,32","null","","null","","",""
"no-tradeoff-rwd","34","762804","0.0-6.0-0.12","","","","","","","","1","1","8","img/house_4.png","img/house_6.png","839.0100000106031","1684.1150000109337","2917.734999995446","839.0100000106031,1684.1150000109337,2917.734999995446","70","70,32,13","enter","4","null","","",""
"no-tradeoff-rwd","35","774162","0.0-6.0-0.13","","","","","","","","1","8","1","img/house_6.png","img/house_4.png","790.8800000004703","2324.189999999362","","790.8800000004703,2324.189999999362","74","74,32","null","","null","","",""
"no-tradeoff-rwd","36","805187","0.0-6.0-0.14","","","","","","","","1","1","5","img/house_3.png","img/house_2.png","902.8899999975692","21134.17499999923","840.9649999957765","902.8899999975692,21134.17499999923,840.9649999957765","74","74,13,32","null","","enter","4","",""
"no-tradeoff-rwd","37","814947","0.0-6.0-0.15","","","","","","","","1","5","4","img/house_2.png","img/house_3.png","882.9149999946821","700.3299999923911","","882.9149999946821,700.3299999923911","70","70,32","null","","null","","",""
"no-tradeoff-rwd","38","827670","0.0-6.0-0.16","","","","","","","","4","5","6","img/house_2.png","img/house_3.png","804.3599999946309","811.2399999954505","2865.4249999963213","804.3599999946309,811.2399999954505,2865.4249999963213","70","70,32,13","enter","8","null","","",""
"no-tradeoff-rwd","39","837427","0.0-6.0-0.17","","","","","","","","4","2","5","img/house_6.png","img/house_4.png","743.3100000052946","709.5549999939976","","743.3100000052946,709.5549999939976","74","74,32","null","","null","","",""
"no-tradeoff-rwd","40","852612","0.0-6.0-0.18","","","","","","","","1","2","1","img/house_3.png","img/house_2.png","905.0600000045961","5243.445000000065","903.825000001234","905.0600000045961,5243.445000000065,903.825000001234","70","70,13,32","null","","enter","4","",""
"no-tradeoff-rwd","41","862307","0.0-6.0-0.19","","","","","","","","4","2","2","img/house_6.png","img/house_4.png","767.8549999982351","666.6750000003958","","767.8549999982351,666.6750000003958","70","70,32","null","","null","","",""
"no-tradeoff-rwd","42","875080","0.0-6.0-0.20","","","","","","","","1","2","0","img/house_6.png","img/house_4.png","593.3050000021467","711.5449999982957","3005.199999999604","593.3050000021467,711.5449999982957,3005.199999999604","70","70,32,13","enter","6","null","","",""
"no-tradeoff-rwd","43","884620","0.0-6.0-0.21","","","","","","","","1","3","1","img/house_6.png","img/house_4.png","988.7999999918975","502.7399999962654","","988.7999999918975,502.7399999962654","74","74,32","null","","null","","",""
"no-tradeoff-rwd","44","896743","0.0-6.0-0.22","","","","","","","","4","2","2","img/house_3.png","img/house_2.png","486.51499999687076","2293.1899999966845","787.079999994603","486.51499999687076,2293.1899999966845,787.079999994603","74","74,13,32","null","","enter","4","",""
"no-tradeoff-rwd","45","907064","0.0-6.0-0.23","","","","","","","","1","3","4","img/house_2.png","img/house_3.png","926.4800000091782","1280.1650000037625","","926.4800000091782,1280.1650000037625","70","70,32","null","","null","","",""
"no-tradeoff-rwd","46","915021","0.0-6.0-0.24","","","","","","","","4","0","","","","4432.174999994459","","","4432.174999994459","32","32","null","","null","","",""
"no-tradeoff-rwd","47","924355","0.0-6.0-0.25","","","","","","","","1","1","3","img/house_6.png","img/house_4.png","676.2650000018766","289.3449999974109","","676.2650000018766,289.3449999974109","70","70,32","null","","null","","",""
"no-tradeoff-rwd","48","937727","0.0-6.0-0.26","","","","","","","","1","1","3","img/house_2.png","img/house_3.png","675.3299999982119","3618.145000000368","723.744999995688","675.3299999982119,3618.145000000368,723.744999995688","74","74,13,32","null","","enter","4","",""
"no-tradeoff-rwd","49","945414","0.0-6.0-0.27","","","","","","","","4","1","6","img/house_6.png","img/house_4.png","543.6750000080792","155.48499999567866","","543.6750000080792,155.48499999567866","74","74,32","null","","null","","",""
"no-tradeoff-rwd","50","956678","0.0-6.0-0.28","","","","","","","","1","4","7","img/house_6.png","img/house_4.png","711.4250000013271","1031.1650000076042","2706.014999988838","711.4250000013271,1031.1650000076042,2706.014999988838","70","70,32,13","enter","6","null","","",""
"no-tradeoff-rwd","51","967489","0.0-6.0-0.29","","","","","","","","1","5","6","img/house_2.png","img/house_3.png","1142.0450000005076","1774.0049999993062","","1142.0450000005076,1774.0049999993062","70","70,32","null","","null","","",""
"no-tradeoff-rwd","52","981016","0.0-6.0-0.30","","","","","","","","1","3","8","img/house_2.png","img/house_3.png","1051.0099999955855","3487.745000005816","1006.5150000009453","1051.0099999955855,3487.745000005816,1006.5150000009453","70","70,13,32","null","","enter","6","",""
"no-tradeoff-rwd","53","990830","0.0-6.0-0.31","","","","","","","","4","3","7","img/house_6.png","img/house_4.png","652.604999995674","768.819999997504","","652.604999995674,768.819999997504","70","70,32","null","","null","","",""
"no-tradeoff-rwd","54","1004482","0.0-6.0-0.32","","","","","","","","4","8","1","img/house_4.png","img/house_6.png","774.6299999998882","647.0899999985704","3952.754999991157","774.6299999998882,647.0899999985704,3952.754999991157","74","74,32,13","enter","4","null","","",""
"no-tradeoff-rwd","55","1015587","0.0-6.0-0.33","","","","","","","","4","6","3","img/house_3.png","img/house_2.png","1131.664999993518","2071.235000010347","","1131.664999993518,2071.235000010347","74","74,32","null","","null","","",""
"no-tradeoff-rwd","56","1028143","0.0-6.0-0.34","","","","","","","","4","7","8","img/house_4.png","img/house_6.png","1048.929999989923","3710.590000002412","1315.2400000108173","1048.929999989923,3710.590000002412,1315.2400000108173","70","70,13,32","null","","enter","4","",""
"no-tradeoff-rwd","57","1038503","0.0-6.0-0.35","","","","","","","","4","9","9","img/house_4.png","img/house_6.png","847.8200000099605","1329.6250000130385","","847.8200000099605,1329.6250000130385","70","70,32","null","","null","","",""
"no-tradeoff-rwd","58","1049265","0.0-6.0-0.36","","","","","","","","4","6","8","img/house_4.png","img/house_6.png","715.7000000006519","311.11999999848194","2924.7849999954924","715.7000000006519,311.11999999848194,2924.7849999954924","70","70,32,13","enter","7","null","","",""
"no-tradeoff-rwd","59","1058159","0.0-6.0-0.37","","","","","","","","4","4","7","img/house_4.png","img/house_6.png","658.4300000104122","1356.8850000011735","","658.4300000104122,1356.8850000011735","70","70,32","null","","null","","",""
"no-tradeoff-rwd","60","1071189","0.0-6.0-0.38","","","","","","","","1","6","4","img/house_6.png","img/house_4.png","570.5500000040047","3293.1850000021514","696.7900000018999","570.5500000040047,3293.1850000021514,696.7900000018999","74","74,13,32","null","","enter","5","",""
"no-tradeoff-rwd","61","1080200","0.0-6.0-0.39","","","","","","","","4","8","4","img/house_6.png","img/house_4.png","775.6749999970198","1480.7399999988265","","775.6749999970198,1480.7399999988265","74","74,32","null","","null","","",""
"no-tradeoff-rwd","62","1092568","0.0-6.0-0.40","","","","","","","","4","8","0","img/house_6.png","img/house_4.png","752.7949999931734","1235.2149999933317","3586.289999992121","752.7949999931734,1235.2149999933317,3586.289999992121","74","74,32,13","enter","6","null","","",""
"no-tradeoff-rwd","63","1102432","0.0-6.0-0.41","","","","","","","","4","4","8","img/house_4.png","img/house_6.png","1390.5349999985192","834.2849999899045","","1390.5349999985192,834.2849999899045","74","74,32","null","","null","","",""
"no-tradeoff-rwd","64","1126347","0.0-6.0-0.42","","","","","","","","1","1","7","img/house_3.png","img/house_2.png","1207.4849999914877","14901.734999992419","1487.5350000073668","1207.4849999914877,14901.734999992419,1487.5350000073668","74","74,13,32","null","","enter","5","",""
"no-tradeoff-rwd","65","1135806","0.0-6.0-0.43","","","","","","","","1","8","1","img/house_6.png","img/house_4.png","1126.5249999999069","421.71500000404194","","1126.5249999999069,421.71500000404194","74","74,32","null","","null","","",""
"no-tradeoff-rwd","66","1152491","0.0-6.0-0.44","","","","","","","","4","9","5","img/house_2.png","img/house_3.png","1013.2349999912549","823.4049999881536","8332.470000008587","1013.2349999912549,823.4049999881536,8332.470000008587","70","70,32,13","enter","8","null","","",""
"no-tradeoff-rwd","67","1160824","0.0-6.0-0.45","","","","","","","","4","5","9","img/house_4.png","img/house_6.png","512.0400000014342","794.7500000009313","","512.0400000014342,794.7500000009313","70","70,32","null","","null","","",""
"no-tradeoff-rwd","68","1172969","0.0-6.0-0.46","","","","","","","","1","7","4","img/house_6.png","img/house_4.png","726.2800000025891","2908.3550000069663","192.39499999093823","726.2800000025891,2908.3550000069663,192.39499999093823","70","70,13,32","null","","enter","8","",""
"no-tradeoff-rwd","69","1182455","0.0-6.0-0.47","","","","","","","","1","6","3","img/house_6.png","img/house_4.png","678.7000000039116","446.48500000778586","","678.7000000039116,446.48500000778586","70","70,32","null","","null","","",""
"no-tradeoff-rwd","70","1194907","0.0-6.0-0.48","","","","","","","","4","2","6","img/house_3.png","img/house_2.png","1245.0649999952875","433.48500000149943","2970.6900000020396","1245.0649999952875,433.48500000149943,2970.6900000020396","74","74,32,13","enter","8","null","","",""
"no-tradeoff-rwd","71","1203980","0.0-6.0-0.49","","","","","","","","1","6","3","img/house_6.png","img/house_4.png","701.7099999939092","32.590000002644956","","701.7099999939092,32.590000002644956","74","74,32","null","","null","","",""
"no-tradeoff-rwd","72","1215295","0.0-6.0-0.50","","","","","","","","1","1","4","img/house_4.png","img/house_6.png","1162.27000000095","2580.194999987725","1191.4650000105612","1162.27000000095,2580.194999987725,1191.4650000105612","74","74,13,32","null","","enter","7","",""
"no-tradeoff-rwd","73","1223598","0.0-6.0-0.51","","","","","","","","1","6","2","img/house_6.png","img/house_4.png","771.0300000035204","777.315000013914","","771.0300000035204,777.315000013914","70","70,32","null","","null","","",""
"no-tradeoff-rwd","74","1235659","0.0-6.0-0.52","","","","","","","","4","3","8","img/house_3.png","img/house_2.png","920.4349999926053","726.2599999955855","3792.0949999969453","920.4349999926053,726.2599999955855,3792.0949999969453","70","70,32,13","enter","8","null","","",""
"no-tradeoff-rwd","75","1244147","0.0-6.0-0.53","","","","","","","","1","7","3","img/house_2.png","img/house_3.png","1037.440000000177","954.570000001695","","1037.440000000177,954.570000001695","74","74,32","null","","null","","",""
"no-tradeoff-rwd","76","1256255","0.0-6.0-0.54","","","","","","","","4","8","2","img/house_2.png","img/house_3.png","604.6499999938533","2796.625000002561","279.92500000982545","604.6499999938533,2796.625000002561,279.92500000982545","70","70,13,32","null","","enter","7","",""
"no-tradeoff-rwd","77","1264563","0.0-6.0-0.55","","","","","","","","4","9","1","img/house_6.png","img/house_4.png","829.9549999935552","765.2700000032783","","829.9549999935552,765.2700000032783","74","74,32","null","","null","","",""
"no-tradeoff-rwd","78","1275052","0.0-6.0-0.56","","","","","","","","4","7","2","img/house_2.png","img/house_3.png","741.4700000081211","612.0200000004843","2337.4099999929313","741.4700000081211,612.0200000004843,2337.4099999929313","70","70,32,13","enter","9","null","","",""
"no-tradeoff-rwd","79","1283415","0.0-6.0-0.57","","","","","","","","1","8","1","img/house_6.png","img/house_4.png","725.9000000047963","830.990000002319","","725.9000000047963,830.990000002319","74","74,32","null","","null","","",""
"no-tradeoff-rwd","80","1294270","0.0-6.0-0.58","","","","","","","","4","8","2","img/house_6.png","img/house_4.png","656.5349999875762","2289.290000000503","1029.5399999886286","656.5349999875762,2289.290000000503,1029.5399999886286","70","70,13,32","null","","enter","9","",""
"no-tradeoff-rwd","81","1302442","0.0-6.0-0.59","","","","","","","","1","3","4","img/house_2.png","img/house_3.png","862.7249999991618","652.2249999979977","","862.7249999991618,652.2249999979977","70","70,32","null","","null","","",""
"no-tradeoff-rwd","82","1313542","0.0-6.0-0.60","","","","","","","","1","6","5","img/house_6.png","img/house_4.png","409.14999999222346","1358.4200000041164","2206.590000001481","409.14999999222346,1358.4200000041164,2206.590000001481","74","74,32,13","enter","9","null","","",""
"no-tradeoff-rwd","83","1322226","0.0-6.0-0.61","","","","","","","","1","2","6","img/house_4.png","img/house_6.png","797.9499999929685","1150.8049999976065","","797.9499999929685,1150.8049999976065","74","74,32","null","","null","","",""
"no-tradeoff-rwd","84","1334514","0.0-6.0-0.62","","","","","","","","4","4","2","img/house_6.png","img/house_4.png","663.9150000119116","2050.0100000062957","1196.4449999942444","663.9150000119116,2050.0100000062957,1196.4449999942444","70","70,13,32","null","","enter","","",""
"no-tradeoff-rwd","85","1344007","0.0-6.0-0.63","","","","","","","","1","7","0","img/house_2.png","img/house_3.png","1195.664999992121","451.2700000051409","","1195.664999992121,451.2700000051409","70","70,32","null","","null","","",""
"no-tradeoff-rwd","86","1354507","0.0-6.0-0.64","","","","","","","","1","7","1","img/house_6.png","img/house_4.png","830.5949999920558","951.1649999911897","2013.9899999923073","830.5949999920558,951.1649999911897,2013.9899999923073","70","70,32,13","enter","9","null","","",""
"no-tradeoff-rwd","87","1362727","0.0-6.0-0.65","","","","","","","","4","4","2","img/house_2.png","img/house_3.png","846.9799999876413","683.5200000058394","","846.9799999876413,683.5200000058394","74","74,32","null","","null","","",""
"no-tradeoff-rwd","88","1373631","0.0-6.0-0.66","","","","","","","","1","5","5","img/house_4.png","img/house_6.png","1347.1849999914411","2369.274999990128","1010.2949999999255","1347.1849999914411,2369.274999990128,1010.2949999999255","74","74,13,32","null","","enter","9","",""
"no-tradeoff-rwd","89","1383344","0.0-6.0-0.67","","","","","","","","1","4","5","img/house_4.png","img/house_6.png","1180.4499999999534","675.2249999991618","","1180.4499999999534,675.2249999991618","70","70,32","null","","null","","",""
"no-tradeoff-rwd","90","1394871","0.0-6.0-0.68","","","","","","","","1","6","3","img/house_6.png","img/house_4.png","642.3799999901094","268.9049999897834","2217.2350000038277","642.3799999901094,268.9049999897834,2217.2350000038277","70","70,32,13","enter","9","null","","",""
"no-tradeoff-rwd","91","1403112","0.0-6.0-0.69","","","","","","","","4","5","9","img/house_6.png","img/house_4.png","519.0650000004098","710.7700000051409","","519.0650000004098,710.7700000051409","74","74,32","null","","null","","",""
"no-tradeoff-rwd","92","1413898","0.0-6.0-0.70","","","","","","","","4","6","7","img/house_6.png","img/house_4.png","678.5400000079535","2232.810000001453","1012.5850000041537","678.5400000079535,2232.810000001453,1012.5850000041537","70","70,13,32","null","","enter","9","",""
"no-tradeoff-rwd","93","1422225","0.0-6.0-0.71","","","","","","","","4","7","8","img/house_4.png","img/house_6.png","844.7500000037253","794.4950000089593","","844.7500000037253,794.4950000089593","70","70,32","null","","null","","",""
"no-tradeoff-rwd","94","1432803","0.0-6.0-0.72","","","","","","","","1","5","9","img/house_4.png","img/house_6.png","721.5699999942444","626.9949999987148","2425.3100000058766","721.5699999942444,626.9949999987148,2425.3100000058766","70","70,32,13","enter","8","null","","",""
"no-tradeoff-rwd","95","1441355","0.0-6.0-0.73","","","","","","","","1","6","7","img/house_3.png","img/house_2.png","1069.4749999966007","1021.5299999983981","","1069.4749999966007,1021.5299999983981","74","74,32","null","","null","","",""
"no-tradeoff-rwd","96","1452054","0.0-6.0-0.74","","","","","","","","4","5","5","img/house_3.png","img/house_2.png","965.6749999995809","2158.6850000019185","1012.5050000061747","965.6749999995809,2158.6850000019185,1012.5050000061747","74","74,13,32","null","","enter","8","",""
"no-tradeoff-rwd","97","1460378","0.0-6.0-0.75","","","","","","","","1","3","7","img/house_3.png","img/house_2.png","947.2099999985658","790.5299999983981","","947.2099999985658,790.5299999983981","70","70,32","null","","null","","",""
"no-tradeoff-rwd","98","1470419","0.0-6.0-0.76","","","","","","","","1","0","6","img/house_3.png","img/house_2.png","1285.7299999888055","201.9350000047125","2309.969999987399","1285.7299999888055,201.9350000047125,2309.969999987399","74","74,32,13","enter","8","null","","",""
"no-tradeoff-rwd","99","1480932","0.0-6.0-0.77","","","","","","","","4","6","1","img/house_2.png","img/house_3.png","622.7700000018813","1471.7799999925774","","622.7700000018813,1471.7799999925774","74","74,32","null","","null","","",""
"no-tradeoff-rwd","100","1492020","0.0-6.0-0.78","","","","","","","","4","3","6","img/house_3.png","img/house_2.png","815.0500000047032","2533.3200000023935","1015.1999999943655","815.0500000047032,2533.3200000023935,1015.1999999943655","70","70,13,32","null","","enter","8","",""
"no-tradeoff-rwd","101","1501557","0.0-6.0-0.79","","","","","","","","4","7","2","img/house_6.png","img/house_4.png","897.5599999974947","494.4300000059884","","897.5599999974947,494.4300000059884","70","70,32","null","","null","","",""
"no-tradeoff-rwd","102","1512738","0.0-6.0-0.80","","","","","","","","4","9","5","img/house_2.png","img/house_3.png","835.7499999983702","1425.1550000044517","2232.545000006212","835.7499999983702,1425.1550000044517,2232.545000006212","70","70,32,13","enter","9","null","","",""
"no-tradeoff-rwd","103","1521212","0.0-6.0-0.81","","","","","","","","4","8","2","img/house_2.png","img/house_3.png","413.09000000171363","945.6700000008568","","413.09000000171363,945.6700000008568","70","70,32","null","","null","","",""
"no-tradeoff-rwd","104","1531741","0.0-6.0-0.82","","","","","","","","1","7","2","img/house_6.png","img/house_4.png","720.7550000019837","2233.205000011483","764.8350000090431","720.7550000019837,2233.205000011483,764.8350000090431","70","70,13,32","null","","enter","8","",""
"no-tradeoff-rwd","105","1539198","0.0-6.0-0.83","","","","","","","","4","0","","","","3928.329999995185","","","3928.329999995185","32","32","null","","null","","",""
"no-tradeoff-rwd","106","1550519","0.0-6.0-0.84","","","","","","","","4","8","3","img/house_6.png","img/house_4.png","891.8600000033621","203.07000000332482","2078.5650000032037","891.8600000033621,203.07000000332482,2078.5650000032037","74","74,32,13","enter","8","null","","",""
"no-tradeoff-rwd","107","1559043","0.0-6.0-0.85","","","","","","","","4","2","8","img/house_3.png","img/house_2.png","1090.679999994114","989.5899999972899","","1090.679999994114,989.5899999972899","70","70,32","null","","null","","",""
"no-tradeoff-rwd","108","1569492","0.0-6.0-0.86","","","","","","","","4","8","4","img/house_2.png","img/house_3.png","1047.25499999756","2096.7399999934714","819.2299999934621","1047.25499999756,2096.7399999934714,819.2299999934621","74","74,13,32","null","","enter","9","",""
"no-tradeoff-rwd","109","1578104","0.0-6.0-0.87","","","","","","","","1","9","6","img/house_6.png","img/house_4.png","1364.1749999951571","1080.0700000110082","","1364.1749999951571,1080.0700000110082","70","70,32","null","","null","","",""
"no-tradeoff-rwd","110","1589473","0.0-6.0-0.88","","","","","","","","1","7","8","img/house_4.png","img/house_6.png","552.8049999994691","800.539999996312","3025.629999989178","552.8049999994691,800.539999996312,3025.629999989178","74","74,32,13","enter","8","null","","",""
"no-tradeoff-rwd","111","1598112","0.0-6.0-0.89","","","","","","","","1","5","9","img/house_3.png","img/house_2.png","779.2550000012852","1098.559999998659","","779.2550000012852,1098.559999998659","70","70,32","null","","null","","",""
"no-tradeoff-rwd","112","1610347","0.0-6.0-0.90","","","","","","","","1","7","6","img/house_6.png","img/house_4.png","868.4950000024401","3773.235000000568","927.4499999883119","868.4950000024401,3773.235000000568,927.4499999883119","70","70,13,32","null","","enter","9","",""
"no-tradeoff-rwd","113","1618627","0.0-6.0-0.91","","","","","","","","1","5","7","img/house_6.png","img/house_4.png","554.4399999927264","743.2399999962654","","554.4399999927264,743.2399999962654","74","74,32","null","","null","","",""
"no-tradeoff-rwd","114","1630686","0.0-6.0-0.92","","","","","","","","1","7","4","img/house_4.png","img/house_6.png","639.5999999949709","729.0899999935646","2299.330000008922","639.5999999949709,729.0899999935646,2299.330000008922","70","70,32,13","enter","8","null","","",""
"no-tradeoff-rwd","115","1639036","0.0-6.0-0.93","","","","","","","","1","5","8","img/house_2.png","img/house_3.png","1352.7800000009593","817.7649999996647","","1352.7800000009593,817.7649999996647","74","74,32","null","","null","","",""
"no-tradeoff-rwd","116","1652701","0.0-6.0-0.94","","","","","","","","4","5","8","img/house_2.png","img/house_3.png","613.0899999989197","5304.03499999363","828.1100000021979","613.0899999989197,5304.03499999363,828.1100000021979","70","70,13,32","null","","enter","8","",""
"no-tradeoff-rwd","117","1661491","0.0-6.0-0.95","","","","","","","","4","7","8","img/house_6.png","img/house_4.png","886.7650000029244","1250.0999999900814","","886.7650000029244,1250.0999999900814","70","70,32","null","","null","","",""
"no-tradeoff-rwd","118","1675035","0.0-6.0-0.96","","","","","","","","1","6","7","img/house_2.png","img/house_3.png","730.7749999889638","649.3899999915157","3850.6400000040885","730.7749999889638,649.3899999915157,3850.6400000040885","74","74,32,13","enter","6","null","","",""
"no-tradeoff-rwd","119","1684778","0.0-6.0-0.97","","","","","","","","4","5","7","img/house_6.png","img/house_4.png","542.2400000100024","707.1049999939278","","542.2400000100024,707.1049999939278","70","70,32","null","","null","","",""
"no-tradeoff-rwd","120","1696540","0.0-6.0-0.98","","","","","","","","4","7","9","img/house_6.png","img/house_4.png","588.4349999977276","1105.4049999946728","1138.904999999795","588.4349999977276,1105.4049999946728,1138.904999999795,1172.109999999404,3404.949999996461,818.740000002319","74","74,74,74,74,13,32","null","","enter","9","",""
"no-tradeoff-rwd","121","1704915","0.0-6.0-0.99","","","","","","","","1","7","8","img/house_4.png","img/house_6.png","867.419999995036","844.6399999959394","","867.419999995036,844.6399999959394","70","70,32","null","","null","","",""
"no-tradeoff-rwd","122","1715479","0.0-6.0-0.100","","","","","","","","4","8","3","img/house_6.png","img/house_4.png","886.8599999987055","722.2900000051595","2298.944999987725","886.8599999987055,722.2900000051595,2298.944999987725","74","74,32,13","enter","9","null","","",""
"no-tradeoff-rwd","123","1723959","0.0-6.0-0.101","","","","","","","","1","8","2","img/house_6.png","img/house_4.png","881.4199999906123","958.9199999899138","","881.4199999906123,958.9199999899138","74","74,32","null","","null","","",""
"no-tradeoff-rwd","124","1736496","0.0-6.0-0.102","","","","","","","","4","7","3","img/house_2.png","img/house_3.png","705.2700000056066","3694.935000006808","1310.5350000113249","705.2700000056066,3694.935000006808,1310.5350000113249","70","70,13,32","null","","enter","9","",""
"no-tradeoff-rwd","125","1745560","0.0-6.0-0.103","","","","","","","","4","6","4","img/house_2.png","img/house_3.png","1236.1800000071526","17.315000004600734","","1236.1800000071526,17.315000004600734","74","74,32","null","","null","","",""
"no-tradeoff-rwd","126","1757356","0.0-6.0-0.104","","","","","","","","4","4","5","img/house_6.png","img/house_4.png","1034.774999992922","179.3550000002142","2576.2350000003353","1034.774999992922,179.3550000002142,2576.2350000003353","74","74,32,13","enter","9","null","","",""
"no-tradeoff-rwd","127","1767063","0.0-6.0-0.105","","","","","","","","4","6","2","img/house_3.png","img/house_2.png","1006.0650000087917","670.4400000018068","","1006.0650000087917,670.4400000018068","74","74,32","null","","null","","",""
"no-tradeoff-rwd","128","1779828","0.0-6.0-0.106","","","","","","","","1","7","3","img/house_4.png","img/house_6.png","297.019999998156","4433.629999999655","798.9099999978207","297.019999998156,4433.629999999655,798.9099999978207","74","74,13,32","null","","enter","8","",""
"no-tradeoff-rwd","129","1788772","0.0-6.0-0.107","","","","","","","","1","6","3","img/house_3.png","img/house_2.png","936.7099999943748","1404.3749999983702","","936.7099999943748,1404.3749999983702","70","70,32","null","","null","","",""
"no-tradeoff-rwd","130","1800442","0.0-6.0-0.108","","","","","","","","4","4","2","img/house_6.png","img/house_4.png","699.8250000034459","1487.6349999974482","2647.184999994468","699.8250000034459,1487.6349999974482,2647.184999994468","74","74,32,13","enter","9","null","","",""
"no-tradeoff-rwd","131","1809321","0.0-6.0-0.109","","","","","","","","4","4","6","img/house_3.png","img/house_2.png","859.0750000001863","1343.7700000067707","","859.0750000001863,1343.7700000067707","70","70,32","null","","null","","",""
"no-tradeoff-rwd","132","1820155","0.0-6.0-0.110","","","","","","","","4","5","7","img/house_6.png","img/house_4.png","852.6799999962095","2575.880000004079","732.5899999993853","852.6799999962095,2575.880000004079,732.5899999993853","70","70,13,32","null","","enter","8","",""
"no-tradeoff-rwd","133","1830133","0.0-6.0-0.111","","","","","","","","1","6","9","img/house_2.png","img/house_3.png","684.0850000008941","949.7050000065938","","684.0850000008941,949.7050000065938","74","74,32","null","","null","","",""
"no-tradeoff-rwd","134","1835156","0.0-6.0-0.112","","","","","","","","4","0","","","","1506.424999999348","","","1506.424999999348","32","32","null","","null","","",""
"no-tradeoff-rwd","135","1844763","0.0-6.0-0.113","","","","","","","","4","1","9","img/house_2.png","img/house_3.png","535.6849999951664","570.1400000106078","","535.6849999951664,570.1400000106078","74","74,32","null","","null","","",""
"no-tradeoff-rwd","136","1855198","0.0-6.0-0.114","","","","","","","","1","4","9","img/house_6.png","img/house_4.png","802.0799999940209","1973.4199999948032","924.1849999960978","802.0799999940209,1973.4199999948032,924.1849999960978","74","74,13,32","null","","enter","9","",""
"no-tradeoff-rwd","137","1864410","0.0-6.0-0.115","","","","","","","","1","9","5","img/house_4.png","img/house_6.png","417.32999999658205","175.09499999857508","","417.32999999658205,175.09499999857508","70","70,32","null","","null","","",""
"no-tradeoff-rwd","138","1874794","0.0-6.0-0.116","","","","","","","","1","6","5","img/house_4.png","img/house_6.png","409.03999999864027","707.775000002468","2140.030000009574","409.03999999864027,707.775000002468,2140.030000009574","70","70,32,13","enter","8","null","","",""
"no-tradeoff-rwd","139","1883808","0.0-6.0-0.117","","","","","","","","4","1","5","img/house_3.png","img/house_2.png","1253.6099999998696","1485.5149999931455","","1253.6099999998696,1485.5149999931455","70","70,32","null","","null","","",""
"no-tradeoff-rwd","140","1894735","0.0-6.0-0.118","","","","","","","","1","1","4","img/house_3.png","img/house_2.png","724.809999999823","2592.8399999975227","795.965000012191","724.809999999823,2592.8399999975227,795.965000012191","70","70,13,32","null","","enter","8","",""
"no-tradeoff-rwd","141","1904207","0.0-6.0-0.119","","","","","","","","4","1","4","img/house_4.png","img/house_6.png","1285.750000009779","421.27000000630505","","1285.750000009779,421.27000000630505","74","74,32","null","","null","","",""
"call-function","142","1904209","0.0-7.0","","","","","","","","","","","","","","","","","","","","","","","",""
"html-keyboard-response","143","1908388","0.0-8.0","4177.100000000792","<p>Now you will play the second game!</p><p>Press the space bar to begin reading the instructions for the second game.</p>","","","32","","","","","","","","","","","","","","","","","","",""
"instructions","144","2171885","0.0-9.0","263500.1999999946","","","","","[{""page_index"":0,""viewing_time"":33904.02499999618},{""page_index"":1,""viewing_time"":36207.58499999624},{""page_index"":2,""viewing_time"":17176.925000007264},{""page_index"":3,""viewing_time"":14962.805000002729},{""page_index"":4,""viewing_time"":46248.40499999118},{""page_index"":5,""viewing_time"":35436.73499999568},{""page_index"":6,""viewing_time"":59791.43000001181},{""page_index"":7,""viewing_time"":12979.749999999069},{""page_index"":8,""viewing_time"":6791.754999998026}]","","","","","","","","","","","","","","","","","",""
"html-keyboard-response","145","2173350","0.0-10.0-0.0","1462.0550000108778","<p style=""font-size:24px;font-weight:bold"">TEST QUESTION</p><p>Which letter should you press to select the green tree on the left?</p><div class=group><table class=table_center><tr><td class=prompt colspan=2>Choose one</td></tr><tr style=""height: 300px;""><td style=""width: 300px;""><img id=""left"" src=img/tree_3.png style=""zoom: 100%;""/></td><td style=""width: 300px;""><img id=""right"" src=img/tree_7.png style=""zoom: 100%;""/></td></tr></table></div><br>","","","74","","false","","","","","","","","","","","","","","","","",""
"html-keyboard-response","146","2176358","0.0-10.0-1.0","null","<p style=""font-size:36px;font-weight:bold"">Wrong answer.</p><p> Remember, press ""F"" for left and ""J"" for right.</p>","","","null","","","","","","","","","","","","","","","","","","",""
"html-keyboard-response","147","2181328","0.0-10.0-2.0","4968.245000010822","<p style=""font-size:24px;font-weight:bold"">TEST QUESTION</p><p>Which letter should you press to select the red tree on the right?</p><div class=group><table class=table_center><tr><td class=prompt colspan=2>Choose one</td></tr><tr style=""height: 300px;""><td style=""width: 300px;""><img id=""left"" src=img/tree_3.png style=""zoom: 100%;""/></td><td style=""width: 300px;""><img id=""right"" src=img/tree_7.png style=""zoom: 100%;""/></td></tr></table></div><br>","","","70","","false","","","","","","","","","","","","","","","","",""
"html-keyboard-response","148","2184338","0.0-10.0-3.0","null","<p style=""font-size:36px;font-weight:bold"">Wrong answer.</p><p> Remember, press ""F"" for left and ""J"" for right.</p>","","","null","","","","","","","","","","","","","","","","","","",""
"html-keyboard-response","149","2189604","0.0-10.0-4.0","5264.680000007618","<p style=""font-size:24px;font-weight:bold"">TEST QUESTION</p><p>Type the number of the <b> maximum </b> amount of shields an gnome can make</p>","","","57","","true","","","","","","","","","","","","","","","","",""
"html-keyboard-response","150","2192610","0.0-10.0-5.0","null","<p style=""font-size:36px;font-weight:bold"">Correct!</p><p> Remember, gnomes can make 0 to 9 shields. </p>","","","null","","","","","","","","","","","","","","","","","","",""
"html-keyboard-response","151","2197374","0.0-10.0-6.0","4760.730000009295","<p style=""font-size:24px;font-weight:bold"">TEST QUESTION</p><p>Remember, the same tree always takes you to the same gnome. </p><p>On this trial, select the tree on the left by pressing ""F"".</p><div class=group><table class=table_center><tr><td class=prompt colspan=2>Choose one</td></tr><tr style=""height: 300px;""><td style=""width: 300px;""><img id=""left"" src=img/tree_1.png style=""zoom: 100%;""/></td><td style=""width: 300px;""><img id=""right"" src=img/tree_2.png style=""zoom: 100%;""/></td></tr></table></div><br>","","","70","","","","","","","","","","","","","","","","","","",""
"html-keyboard-response","152","2217056","0.0-10.0-7.0","19677.475000004284","<p style=""font-size:24px;font-weight:bold"">TEST QUESTION</p><p>The orange tree took you to the green gnome. </p><p> The green gnome gave you 8 shields. </p><p> The most shields a gnome can make is 9 shields, so this is a great outcome!</p><div class=group><table class=table_center><tr><td class=prompt colspan=3>You received</td></tr><tr style=""height: 300px;""><td><img src=img/gnome_green.png style=""zoom: 100%;""/></td><td><img src=img/shield.png style=""zoom: 30%;""/></td><td class=prompt>x 8</td></tr></table></div><br><p> Press space to continue </p>","","","32","","","","","","","","","","","","","","","","","","",""
"html-keyboard-response","153","2224969","0.0-10.0-8.0","7909.335000004154","<p style=""font-size:24px;font-weight:bold"">TEST QUESTION</p><p>If you wanted to visit the <b> green gnome </b> again, which tree would you select?</p><div class=group><table class=table_center><tr><td class=prompt colspan=2>Choose one</td></tr><tr style=""height: 300px;""><td style=""width: 300px;""><img id=""left"" src=img/tree_1.png style=""zoom: 100%;""/></td><td style=""width: 300px;""><img id=""right"" src=img/tree_2.png style=""zoom: 100%;""/></td></tr></table></div><br>","","","70","","true","","","","","","","","","","","","","","","","",""
"html-keyboard-response","154","2227977","0.0-10.0-9.0","null","<p style=""font-size:36px;font-weight:bold"">Correct!</p><p> Remember, the same tree goes to the same gnome. </p>","","","null","","","","","","","","","","","","","","","","","","",""
"html-keyboard-response","155","2234258","0.0-10.0-10.0","6277.839999995194","<p style=""font-size:24px;font-weight:bold"">TEST QUESTION</p><p>On this trial, select the tree on the right by pressing ""J"".</p><div class=group><table class=table_center><tr><td class=prompt colspan=2>Choose one</td></tr><tr style=""height: 300px;""><td style=""width: 300px;""><img id=""left"" src=img/tree_1.png style=""zoom: 100%;""/></td><td style=""width: 300px;""><img id=""right"" src=img/tree_2.png style=""zoom: 100%;""/></td></tr></table></div><br>","","","74","","","","","","","","","","","","","","","","","","",""
"html-keyboard-response","156","2250165","0.0-10.0-11.0","15904.685000001453","<p style=""font-size:24px;font-weight:bold"">TEST QUESTION</p><p>The blue tree took you to the purple gnome. </p><p> The purple gnome only gave you 1 shield. </p><p> That is not very much and is a pretty bad outcome.</p><div class=group><table class=table_center><tr><td class=prompt colspan=3>You received</td></tr><tr style=""height: 300px;""><td><img src=img/gnome_purple.png style=""zoom: 100%;""/></td><td><img src=img/shield.png style=""zoom: 30%;""/></td><td class=prompt>x 1</td></tr></table></div><br><p> Press space to continue </p>","","","32","","","","","","","","","","","","","","","","","","",""
"html-keyboard-response","157","2256591","0.0-10.0-12.0","6422.055000002962","<p style=""font-size:24px;font-weight:bold"">TEST QUESTION</p><p>Remember the green gnome gave you 8 shields and the purple gnome only gave you 1 shield. </p><p> Which gnome would you try to visit next? </p><div class=group><table class=table_center><tr><td class=prompt colspan=2>Choose one</td></tr><tr style=""height: 300px;""><td style=""width: 300px;""><img id=""left"" src=img/gnome_green.png style=""zoom: 100%;""/></td><td style=""width: 300px;""><img id=""right"" src=img/gnome_purple.png style=""zoom: 100%;""/></td></tr></table></div><br>","","","70","","true","","","","","","","","","","","","","","","","",""
"html-keyboard-response","158","2259600","0.0-10.0-13.0","null","<p style=""font-size:36px;font-weight:bold"">Correct!</p><p> Remember, you want to select the gnome who gives you the most shields.</p>","","","null","","","","","","","","","","","","","","","","","","",""
"html-keyboard-response","159","2261810","0.0-10.0-14.0","2208.299999997951","<p style=""font-size:24px;font-weight:bold"">TEST QUESTION</p><p>To visit the green gnome, which tree should you visit? </p><div class=group><table class=table_center><tr><td class=prompt colspan=2>Choose one</td></tr><tr style=""height: 300px;""><td style=""width: 300px;""><img id=""left"" src=img/tree_1.png style=""zoom: 100%;""/></td><td style=""width: 300px;""><img id=""right"" src=img/tree_2.png style=""zoom: 100%;""/></td></tr></table></div><br>","","","74","","false","","","","","","","","","","","","","","","","",""
"html-keyboard-response","160","2264816","0.0-10.0-15.0","null","<p style=""font-size:36px;font-weight:bold"">Wrong answer.</p><p>Remember, the same tree goes to the same gnome each time.</p>","","","null","","","","","","","","","","","","","","","","","","",""
"html-keyboard-response","161","2270740","0.0-10.0-16.0","5922.680000003427","<p style=""font-size:36px;font-weight:bold"">You are ready to play!</p><p>The trees and gnomes in the actual game will be different than the practice. </p><p> Press space to start the game</p>","","","32","","","","","","","","","","","","","","","","","","",""
"no-tradeoff","162","2284559","0.0-11.0-0.0","","","","","","","","4","0","7","img/tree_3.png","img/tree_7.png","999.4149999986403","1238.4699999964796","3535.5100000011735","999.4149999986403,1238.4699999964796,3535.5100000011735","70","70,32,13","enter","8","null","","",""
"no-tradeoff","163","2289062","0.0-11.0-0.1","","","","","","","","4","0","","","","981.9350000037812","","","981.9350000037812","32","32","null","","null","","",""
"no-tradeoff","164","2304318","0.0-11.0-0.2","","","","","","","","4","5","1","img/tree_7.png","img/tree_3.png","394.61499999742955","3986.504999993369","2219.670000005979","394.61499999742955,3986.504999993369,2219.670000005979","70","70,13,32","null","","enter","7","",""
"no-tradeoff","165","2314556","0.0-11.0-0.3","","","","","","","","1","1","4","img/tree_9.png","img/tree_8.png","1024.5500000016764","1199.3349999976344","","1024.5500000016764,1199.3349999976344","70","70,32","null","","null","","",""
"no-tradeoff","166","2319685","0.0-11.0-0.4","","","","","","","","1","0","","","","1607.6599999940954","","","1607.6599999940954","32","32","null","","null","","",""
"no-tradeoff","167","2330678","0.0-11.0-0.5","","","","","","","","1","1","1","img/tree_9.png","img/tree_8.png","765.2950000045821","782.0150000043213","1954.045000005979","765.2950000045821,782.0150000043213,1954.045000005979","70","70,74,32","null","","null","","",""
"no-tradeoff","168","2345108","0.0-11.0-0.6","","","","","","","","4","1","3","img/tree_7.png","img/tree_3.png","855.7150000124238","4513.479999994393","880.254999996163","855.7150000124238,4513.479999994393,880.254999996163","70","70,13,32","null","","enter","9","",""
"no-tradeoff","169","2354796","0.0-11.0-0.7","","","","","","","","4","3","4","img/tree_8.png","img/tree_9.png","700.0799999949522","647.4949999973178","","700.0799999949522,647.4949999973178","74","74,32","null","","null","","",""
"no-tradeoff","170","2366989","0.0-11.0-0.8","","","","","","","","4","4","6","img/tree_3.png","img/tree_7.png","1026.5849999999627","560.6449999907054","2590.7900000019","1026.5849999999627,560.6449999907054,2590.7900000019","74","74,32,13","enter","9","null","","",""
"no-tradeoff","171","2376535","0.0-11.0-0.9","","","","","","","","4","7","8","img/tree_8.png","img/tree_9.png","996.7499999911524","492.3749999869615","","996.7499999911524,492.3749999869615","70","70,32","null","","null","","",""
"no-tradeoff","172","2388765","0.0-11.0-0.10","","","","","","","","1","6","8","img/tree_8.png","img/tree_9.png","999.5600000107661","2548.6450000028126","635.2049999982119","999.5600000107661,2548.6450000028126,635.2049999982119","74","74,13,32","null","","enter","7","",""
"no-tradeoff","173","2398258","0.0-11.0-0.11","","","","","","","","1","7","8","img/tree_7.png","img/tree_3.png","986.0549999866635","450.8149999892339","","986.0549999866635,450.8149999892339","74","74,32","null","","null","","",""
"no-tradeoff","174","2410112","0.0-11.0-0.12","","","","","","","","4","6","5","img/tree_9.png","img/tree_8.png","1392.2949999975972","544.02000000095","2264.169999994803","1392.2949999975972,544.02000000095,2264.169999994803","70","70,32,13","enter","7","null","","",""
"no-tradeoff","175","2416802","0.0-11.0-0.13","","","","","","","","4","0","","","","3166.4149999995716","","","3166.4149999995716","32","32","null","","null","","",""
"no-tradeoff","176","2428707","0.0-11.0-0.14","","","","","","","","1","8","6","img/tree_8.png","img/tree_9.png","425.2300000078976","2523.0349999913014","340.7750000040978","425.2300000078976,2523.0349999913014,340.7750000040978","74","74,13,32","null","","enter","8","",""
"no-tradeoff","177","2438507","0.0-11.0-0.15","","","","","","","","4","1","8","img/tree_9.png","img/tree_8.png","1295.285000000149","757.6499999994412","","1295.285000000149,757.6499999994412","70","70,32","null","","null","","",""
"no-tradeoff","178","2450286","0.0-11.0-0.16","","","","","","","","4","6","1","img/tree_8.png","img/tree_9.png","710.2599999927916","167.0500000040047","2570.674999995157","710.2599999927916,167.0500000040047,2570.674999995157","74","74,32,13","enter","8","null","","",""
"no-tradeoff","179","2460404","0.0-11.0-0.17","","","","","","","","4","1","6","img/tree_9.png","img/tree_8.png","1174.7750000064261","1074.629999987781","","1174.7750000064261,1074.629999987781","70","70,32","null","","null","","",""
"no-tradeoff","180","2475851","0.0-11.0-0.18","","","","","","","","4","5","4","img/tree_8.png","img/tree_9.png","520.3849999965169","5730.469999995083","687.1149999937043","520.3849999965169,5730.469999995083,687.1149999937043","74","74,13,32","null","","enter","8","",""
"no-tradeoff","181","2485778","0.0-11.0-0.19","","","","","","","","1","2","6","img/tree_3.png","img/tree_7.png","983.1100000008009","889.7749999891967","","983.1100000008009,889.7749999891967","70","70,32","null","","null","","",""
"no-tradeoff","182","2497215","0.0-11.0-0.20","","","","","","","","4","1","8","img/tree_3.png","img/tree_7.png","1117.3350000027567","32.8999999910593","2345.8099999991246","1117.3350000027567,32.8999999910593,2345.8099999991246","70","70,32,13","enter","8","null","","",""
"no-tradeoff","183","2503086","0.0-11.0-0.21","","","","","","","","1","0","","","","2340.1549999979325","","","2340.1549999979325","32","32","null","","null","","",""
"no-tradeoff","184","2517855","0.0-11.0-0.22","","","","","","","","4","0","6","img/tree_9.png","img/tree_8.png","1075.4250000026077","5785.44999999553","1443.914999996312","1075.4250000026077,5785.44999999553,1443.914999996312","74","74,13,32","null","","enter","8","",""
"no-tradeoff","185","2527533","0.0-11.0-0.23","","","","","","","","4","6","1","img/tree_8.png","img/tree_9.png","742.1549999997951","643.3649999960326","","742.1549999997951,643.3649999960326","74","74,32","null","","null","","",""
"no-tradeoff","186","2540100","0.0-11.0-0.24","","","","","","","","1","2","1","img/tree_7.png","img/tree_3.png","1053.614999996964","498.5750000048429","3026.175000006333","1053.614999996964,498.5750000048429,3026.175000006333","70","70,32,13","enter","7","null","","",""
"no-tradeoff","187","2549613","0.0-11.0-0.25","","","","","","","","1","1","3","img/tree_7.png","img/tree_3.png","699.1899999994785","465.36000000173226","","699.1899999994785,465.36000000173226","70","70,32","null","","null","","",""
"no-tradeoff","188","2562351","0.0-11.0-0.26","","","","","","","","1","1","4","img/tree_9.png","img/tree_8.png","1228.5299999928102","4296.010000005364","899.6250000051223","1228.5299999928102,4296.010000005364,899.6250000051223","70","70,13,32","null","","enter","6","",""
"no-tradeoff","189","2572249","0.0-11.0-0.27","","","","","","","","4","2","2","img/tree_8.png","img/tree_9.png","1125.269999989774","862.305000002496","","1125.269999989774,862.305000002496","70","70,32","null","","null","","",""
"no-tradeoff","190","2586836","0.0-11.0-0.28","","","","","","","","1","3","2","img/tree_8.png","img/tree_9.png","1342.1050000037067","109.80500000016764","5431.8250000067055","1342.1050000037067,109.80500000016764,5431.8250000067055","70","70,32,13","enter","6","null","","",""
"no-tradeoff","191","2596467","0.0-11.0-0.29","","","","","","","","1","4","3","img/tree_8.png","img/tree_9.png","704.8099999958649","595.394999996759","","704.8099999958649,595.394999996759","70","70,32","null","","null","","",""
"no-tradeoff","192","2610512","0.0-11.0-0.30","","","","","","","","1","5","4","img/tree_8.png","img/tree_9.png","522.4199999934062","5662.024999998044","837.879999991972","522.4199999934062,5662.024999998044,837.879999991972","70","70,13,32","null","","enter","8","",""
"no-tradeoff","193","2619295","0.0-11.0-0.31","","","","","","","","4","4","2","img/tree_7.png","img/tree_3.png","1305.9900000081398","1240.0449999985285","","1305.9900000081398,1240.0449999985285","74","74,32","null","","null","","",""
"no-tradeoff","194","2635368","0.0-11.0-0.32","","","","","","","","1","5","1","img/tree_8.png","img/tree_9.png","1199.8499999898486","807.2950000059791","6217.869999992661","1199.8499999898486,807.2950000059791,6217.869999992661","74","74,32,13","enter","7","null","","",""
"no-tradeoff","195","2645209","0.0-11.0-0.33","","","","","","","","1","4","2","img/tree_7.png","img/tree_3.png","1000.9049999932759","784.6250000004657","","1000.9049999932759,784.6250000004657","74","74,32","null","","null","","",""
"no-tradeoff","196","2661598","0.0-11.0-0.34","","","","","","","","4","4","3","img/tree_8.png","img/tree_9.png","957.4150000116788","7632.080000010319","1222.5200000102632","957.4150000116788,7632.080000010319,1222.5200000102632","74","74,13,32","null","","enter","7","",""
"no-tradeoff","197","2669939","0.0-11.0-0.35","","","","","","","","1","1","8","img/tree_8.png","img/tree_9.png","928.684999991674","796.0800000000745","","928.684999991674,796.0800000000745","70","70,32","null","","null","","",""
"no-tradeoff","198","2683051","0.0-11.0-0.36","","","","","","","","1","9","1","img/tree_3.png","img/tree_7.png","1295.480000000447","487.8699999973178","3564.6850000047125","1295.480000000447,487.8699999973178,3564.6850000047125","70","70,32,13","enter","7","null","","",""
"no-tradeoff","199","2689660","0.0-11.0-0.37","","","","","","","","4","0","","","","3085.995000001043","","","3085.995000001043","32","32","null","","null","","",""
"no-tradeoff","200","2705202","0.0-11.0-0.38","","","","","","","","4","8","1","img/tree_3.png","img/tree_7.png","693.3600000049919","6605.859999996144","1396.4350000023842","693.3600000049919,6605.859999996144,1396.4350000023842","70","70,13,32","null","","enter","8","",""
"no-tradeoff","201","2714792","0.0-11.0-0.39","","","","","","","","4","9","0","img/tree_9.png","img/tree_8.png","1045.5150000052527","560.2800000049174","","1045.5150000052527,560.2800000049174","74","74,32","null","","null","","",""
"no-tradeoff","202","2725925","0.0-11.0-0.40","","","","","","","","1","9","0","img/tree_9.png","img/tree_8.png","1012.5649999971502","889.7849999922328","2721.0749999941327","1012.5649999971502,889.7849999922328,2721.0749999941327","70","70,32,13","enter","8","null","","",""
"no-tradeoff","203","2735490","0.0-11.0-0.41","","","","","","","","4","8","2","img/tree_3.png","img/tree_7.png","591.1850000116974","527.9799999985844","","591.1850000116974,527.9799999985844","70","70,32","null","","null","","",""
"no-tradeoff","204","2751275","0.0-11.0-0.42","","","","","","","","4","9","0","img/tree_9.png","img/tree_8.png","578.1599999899045","6212.0649999994785","520.2350000035949","578.1599999899045,6212.0649999994785,520.2350000035949","70","70,13,32","null","","enter","8","",""
"no-tradeoff","205","2759518","0.0-11.0-0.43","","","","","","","","1","6","1","img/tree_9.png","img/tree_8.png","714.1149999951012","716.1550000016578","","714.1149999951012,716.1550000016578","74","74,32","null","","null","","",""
"no-tradeoff","206","2772756","0.0-11.0-0.44","","","","","","","","4","9","1","img/tree_3.png","img/tree_7.png","1264.230000000447","725.5849999929778","3480.2700000004843","1264.230000000447,725.5849999929778,3480.2700000004843","74","74,32,13","enter","7","null","","",""
"no-tradeoff","207","2781935","0.0-11.0-0.45","","","","","","","","1","8","2","img/tree_3.png","img/tree_7.png","525.7600000039674","130.48999999603257","","525.7600000039674,130.48999999603257","74","74,32","null","","null","","",""
"no-tradeoff","208","2793065","0.0-11.0-0.46","","","","","","","","4","4","2","img/tree_3.png","img/tree_7.png","348.0449999915436","1028.859999991022","2572.9600000046194","348.0449999915436,1028.859999991022,2572.9600000046194,1011.6800000108778","74","74,70,13,32","null","","enter","7","",""
"no-tradeoff","209","2801314","0.0-11.0-0.47","","","","","","","","1","4","7","img/tree_7.png","img/tree_3.png","770.355000000447","710.9050000002608","","770.355000000447,710.9050000002608","74","74,32","null","","null","","",""
"no-tradeoff","210","2818764","0.0-11.0-0.48","","","","","","","","4","3","6","img/tree_7.png","img/tree_3.png","666.6750000002794","1368.7749999952503","7038.415000002831","666.6750000002794,1368.7749999952503,7038.415000002831","70","70,32,13","enter","8","null","","",""
"no-tradeoff","211","2828402","0.0-11.0-0.49","","","","","","","","4","2","4","img/tree_9.png","img/tree_8.png","1016.7899999944493","591.5099999983795","","1016.7899999944493,591.5099999983795","70","70,32","null","","null","","",""
"no-tradeoff","212","2839537","0.0-11.0-0.50","","","","","","","","4","3","6","img/tree_9.png","img/tree_8.png","699.0200000000186","2794.7900000000373","799.0300000091083","699.0200000000186,2794.7900000000373,799.0300000091083","74","74,13,32","null","","enter","7","",""
"no-tradeoff","213","2848986","0.0-11.0-0.51","","","","","","","","1","5","4","img/tree_7.png","img/tree_3.png","1019.2550000064075","411.4350000019185","","1019.2550000064075,411.4350000019185","74","74,32","null","","null","","",""
"no-tradeoff","214","2860255","0.0-11.0-0.52","","","","","","","","1","4","4","img/tree_8.png","img/tree_9.png","1051.2400000006892","796.1949999877252","2932.115000003483","1051.2400000006892,796.1949999877252,2932.115000003483","70","70,32,13","enter","8","null","","",""
"no-tradeoff","215","2869881","0.0-11.0-0.53","","","","","","","","1","4","4","img/tree_8.png","img/tree_9.png","736.7299999897368","587.5450000022538","","736.7299999897368,587.5450000022538","70","70,32","null","","null","","",""
"no-tradeoff","216","2881014","0.0-11.0-0.54","","","","","","","","1","5","2","img/tree_9.png","img/tree_8.png","812.265000000596","2819.5949999936856","769.1599999959581","812.265000000596,2819.5949999936856,769.1599999959581","74","74,13,32","null","","enter","8","",""
"no-tradeoff","217","2889353","0.0-11.0-0.55","","","","","","","","1","5","8","img/tree_7.png","img/tree_3.png","1032.3599999975413","811.56500001112","","1032.3599999975413,811.56500001112","70","70,32","null","","null","","",""
"no-tradeoff","218","2901312","0.0-11.0-0.56","","","","","","","","4","6","3","img/tree_3.png","img/tree_7.png","850.2449999945238","1447.9949999949895","2970.694999996107","850.2449999945238,1447.9949999949895,2970.694999996107","74","74,32,13","enter","8","null","","",""
"no-tradeoff","219","2910610","0.0-11.0-0.57","","","","","","","","1","8","4","img/tree_3.png","img/tree_7.png","1082.7850000062026","256.5850000102073","","1082.7850000062026,256.5850000102073","74","74,32","null","","null","","",""
"no-tradeoff","220","2922201","0.0-11.0-0.58","","","","","","","","4","7","3","img/tree_3.png","img/tree_7.png","425.4950000033714","3258.000000001397","803.3199999914505","425.4950000033714,3258.000000001397,803.3199999914505","70","70,13,32","null","","enter","8","",""
"no-tradeoff","221","2931620","0.0-11.0-0.59","","","","","","","","4","3","8","img/tree_7.png","img/tree_3.png","795.9300000076182","371.9249999993481","","795.9300000076182,371.9249999993481","74","74,32","null","","null","","",""
"no-tradeoff","222","2944995","0.0-11.0-0.60","","","","","","","","4","7","6","img/tree_3.png","img/tree_7.png","1361.7549999910407","659.789999990724","3668.380000002682","1361.7549999910407,659.789999990724,3668.380000002682","74","74,32,13","enter","7","null","","",""
"no-tradeoff","223","2955040","0.0-11.0-0.61","","","","","","","","1","7","6","img/tree_3.png","img/tree_7.png","955.4749999949709","998.5999999917112","","955.4749999949709,998.5999999917112","74","74,32","null","","null","","",""
"no-tradeoff","224","2966980","0.0-11.0-0.62","","","","","","","","1","6","5","img/tree_9.png","img/tree_8.png","948.8649999988265","3535.8399999965914","865.2800000128336","948.8649999988265,3535.8399999965914,865.2800000128336","74","74,13,32","null","","enter","7","",""
"no-tradeoff","225","2975202","0.0-11.0-0.63","","","","","","","","4","8","1","img/tree_9.png","img/tree_8.png","925.6400000015274","682.769999999553","","925.6400000015274,682.769999999553","74","74,32","null","","null","","",""
"no-tradeoff","226","2987386","0.0-11.0-0.64","","","","","","","","4","1","5","img/tree_7.png","img/tree_3.png","1446.0050000054762","577.8500000014901","2557.3850000076927","1446.0050000054762,577.8500000014901,2557.3850000076927","74","74,32,13","enter","7","null","","",""
"no-tradeoff","227","2996827","0.0-11.0-0.65","","","","","","","","4","1","4","img/tree_8.png","img/tree_9.png","1056.0399999958463","393.9049999900162","","1056.0399999958463,393.9049999900162","74","74,32","null","","null","","",""
"no-tradeoff","228","3009144","0.0-11.0-0.66","","","","","","","","4","2","0","img/tree_3.png","img/tree_7.png","1496.1500000064261","3929.195000004489","855.4700000090525","1496.1500000064261,3929.195000004489,855.4700000090525","70","70,13,32","null","","enter","6","",""
"no-tradeoff","229","3018097","0.0-11.0-0.67","","","","","","","","1","1","1","img/tree_7.png","img/tree_3.png","1172.7349999998696","1426.8750000046566","","1172.7349999998696,1426.8750000046566","70","70,32","null","","null","","",""
"no-tradeoff","230","3033064","0.0-11.0-0.68","","","","","","","","4","2","2","img/tree_9.png","img/tree_8.png","1466.7349999942817","519.1849999977276","5407.774999999907","1466.7349999942817,519.1849999977276,5407.774999999907","70","70,32,13","enter","7","null","","",""
"no-tradeoff","231","3042532","0.0-11.0-0.69","","","","","","","","1","3","3","img/tree_8.png","img/tree_9.png","841.0650000008754","423.09499999089167","","841.0650000008754,423.09499999089167","70","70,32","null","","null","","",""
"no-tradeoff","232","3056361","0.0-11.0-0.70","","","","","","","","4","2","4","img/tree_7.png","img/tree_3.png","1222.3749999976717","5461.750000002328","834.6250000032596","1222.3749999976717,5461.750000002328,834.6250000032596","74","74,13,32","null","","enter","7","",""
"no-tradeoff","233","3064758","0.0-11.0-0.71","","","","","","","","4","4","5","img/tree_9.png","img/tree_8.png","801.3750000102445","858.6249999934807","","801.3750000102445,858.6249999934807","70","70,32","null","","null","","",""
"no-tradeoff","234","3078261","0.0-11.0-0.72","","","","","","","","1","6","2","img/tree_7.png","img/tree_3.png","1027.7649999912828","1105.3450000034645","550.0249999896623","1027.7649999912828,1105.3450000034645,550.0249999896623,3924.90500000678","70","70,74,32,13","enter","7","null","","",""
"no-tradeoff","235","3087097","0.0-11.0-0.73","","","","","","","","4","2","6","img/tree_9.png","img/tree_8.png","709.7450000001118","1307.7750000082888","","709.7450000001118,1307.7750000082888","70","70,32","null","","null","","",""
"no-tradeoff","236","3104710","0.0-11.0-0.74","","","","","","","","4","1","4","img/tree_3.png","img/tree_7.png","949.4300000076182","8052.354999992531","513.4649999965914","949.4300000076182,8052.354999992531,513.4649999965914","70","70,13,32","null","","enter","\","",""
"no-tradeoff","237","3114110","0.0-11.0-0.75","","","","","","","","4","1","5","img/tree_3.png","img/tree_7.png","622.7550000040792","654.710000002291","361.05999999539927","622.7550000040792,654.710000002291,361.05999999539927","70","70,74,32","null","","null","","",""
"no-tradeoff","238","3129017","0.0-11.0-0.76","","","","","","","","1","6","1","img/tree_8.png","img/tree_9.png","808.6349999937229","610.715000002645","5251.055000000633","808.6349999937229,610.715000002645,5251.055000000633","70","70,32,13","enter","8","null","","",""
"no-tradeoff","239","3138293","0.0-11.0-0.77","","","","","","","","4","5","0","img/tree_7.png","img/tree_3.png","517.6900000078604","233.17500000121072","","517.6900000078604,233.17500000121072","70","70,32","null","","null","","",""
"no-tradeoff","240","3153415","0.0-11.0-0.78","","","","","","","","4","4","2","img/tree_8.png","img/tree_9.png","939.285000000149","5106.195000000298","970.2399999951012","939.285000000149,5106.195000000298,970.2399999951012","74","74,13,32","null","","enter","8","",""
"no-tradeoff","241","3163045","0.0-11.0-0.79","","","","","","","","1","7","3","img/tree_8.png","img/tree_9.png","625.6200000061654","586.7149999975227","","625.6200000061654,586.7149999975227","70","70,32","null","","null","","",""
"no-tradeoff","242","3175494","0.0-11.0-0.80","","","","","","","","1","7","0","img/tree_8.png","img/tree_9.png","950.3900000127032","788.9799999976531","2620.1599999913014","950.3900000127032,788.9799999976531,2620.1599999913014","74","74,32,13","enter","7","null","","",""
"no-tradeoff","243","3185374","0.0-11.0-0.81","","","","","","","","1","9","3","img/tree_8.png","img/tree_9.png","505.69000000553206","831.7050000042655","","505.69000000553206,831.7050000042655","74","74,32","null","","null","","",""
"no-tradeoff","244","3197538","0.0-11.0-0.82","","","","","","","","1","7","2","img/tree_8.png","img/tree_9.png","487.1149999964982","2555.3749999962747","559.5900000045076","487.1149999964982,2555.3749999962747,559.5900000045076","70","70,13,32","null","","enter","8","",""
"no-tradeoff","245","3205447","0.0-11.0-0.83","","","","","","","","1","8","2","img/tree_8.png","img/tree_9.png","516.6849999949336","378.7449999945238","","516.6849999949336,378.7449999945238","70","70,32","null","","null","","",""
"no-tradeoff","246","3219330","0.0-11.0-0.84","","","","","","","","4","7","3","img/tree_7.png","img/tree_3.png","764.9099999978207","417.8450000039302","5937.959999995772","764.9099999978207,417.8450000039302,5937.959999995772","74","74,32,13","enter","8","null","","",""
"no-tradeoff","247","3229059","0.0-11.0-0.85","","","","","","","","1","7","4","img/tree_8.png","img/tree_9.png","745.0099999988452","689.6399999968708","","745.0099999988452,689.6399999968708","70","70,32","null","","null","","",""
"no-tradeoff","248","3242564","0.0-11.0-0.86","","","","","","","","1","7","3","img/tree_8.png","img/tree_9.png","925.6450000102632","3871.110000007786","603.3100000056438","925.6450000102632,3871.110000007786,603.3100000056438","70","70,13,32","null","","enter","8","",""
"no-tradeoff","249","3252167","0.0-11.0-0.87","","","","","","","","1","6","2","img/tree_8.png","img/tree_9.png","582.6200000010431","572.8699999894015","","582.6200000010431,572.8699999894015","70","70,32","null","","null","","",""
"no-tradeoff","250","3271006","0.0-11.0-0.88","","","","","","","","1","8","3","img/tree_7.png","img/tree_3.png","811.7349999956787","1017.015000004787","8784.270000003744","811.7349999956787,1017.015000004787,8784.270000003744","70","70,32,13","enter","8","null","","",""
"no-tradeoff","251","3279790","0.0-11.0-0.89","","","","","","","","4","6","2","img/tree_8.png","img/tree_9.png","455.0250000031665","1238.9900000123307","","455.0250000031665,1238.9900000123307","74","74,32","null","","null","","",""
"no-tradeoff","252","3294734","0.0-11.0-0.90","","","","","","","","4","6","0","img/tree_7.png","img/tree_3.png","464.2600000081584","6125.599999999162","1282.0449999999255","464.2600000081584,6125.599999999162,1282.0449999999255","74","74,13,32","null","","enter","8","",""
"no-tradeoff","253","3303035","0.0-11.0-0.91","","","","","","","","4","5","2","img/tree_7.png","img/tree_3.png","721.6350000090897","773.0250000022352","","721.6350000090897,773.0250000022352","74","74,32","null","","null","","",""
"no-tradeoff","254","3307727","0.0-11.0-0.92","","","","","","","","4","0","","","","1166.7499999892898","","","1166.7499999892898","32","32","null","","null","","",""
"no-tradeoff","255","3315960","0.0-11.0-0.93","","","","","","","","1","8","0","img/tree_8.png","img/tree_9.png","584.2350000021979","692.1199999926612","","584.2350000021979,692.1199999926612","70","70,32","null","","null","","",""
"no-tradeoff","256","3334930","0.0-11.0-0.94","","","","","","","","4","7","2","img/tree_8.png","img/tree_9.png","372.4249999942258","10526.924999998417","900.8800000012852","372.4249999942258,10526.924999998417,900.8800000012852","70","70,13,32","null","","enter","8","",""
"no-tradeoff","257","3342784","0.0-11.0-0.95","","","","","","","","4","7","4","img/tree_8.png","img/tree_9.png","385.6749999979511","318.32500000018626","","385.6749999979511,318.32500000018626","70","70,32","null","","null","","",""
"no-tradeoff","258","3355060","0.0-11.0-0.96","","","","","","","","1","7","8","img/tree_7.png","img/tree_3.png","896.5299999979325","674.9099999871105","4072.950000002049","896.5299999979325,674.9099999871105,4072.950000002049","74","74,32,13","enter","9","null","","",""
"no-tradeoff","259","3364312","0.0-11.0-0.97","","","","","","","","1","8","9","img/tree_7.png","img/tree_3.png","832.7450000070967","209.18999999435619","","832.7450000070967,209.18999999435619","74","74,32","null","","null","","",""
"no-tradeoff","260","3377065","0.0-11.0-0.98","","","","","","","","4","8","7","img/tree_8.png","img/tree_9.png","480.9699999894947","3456.3900000066496","258.91499999864027","480.9699999894947,3456.3900000066496,258.91499999864027","70","70,13,32","null","","enter","8","",""
"no-tradeoff","261","3386553","0.0-11.0-0.99","","","","","","","","1","9","8","img/tree_7.png","img/tree_3.png","439.1850000103004","445.36499999277294","","439.1850000103004,445.36499999277294","74","74,32","null","","null","","",""
"no-tradeoff","262","3397149","0.0-11.0-0.100","","","","","","","","1","9","8","img/tree_7.png","img/tree_3.png","775.8500000052154","345.48499999800697","2724.1599999982864","775.8500000052154,345.48499999800697,2724.1599999982864","70","70,32,13","enter","9","null","","",""
"no-tradeoff","263","3405641","0.0-11.0-0.101","","","","","","","","1","5","8","img/tree_7.png","img/tree_3.png","672.4399999948218","954.6150000095367","","672.4399999948218,954.6150000095367","70","70,32","null","","null","","",""
"no-tradeoff","264","3418238","0.0-11.0-0.102","","","","","","","","1","7","6","img/tree_7.png","img/tree_3.png","573.8399999975227","2982.595000008587","581.9400000036694","573.8399999975227,2982.595000008587,581.9400000036694","74","74,13,32","null","","enter","8","",""
"no-tradeoff","265","3426449","0.0-11.0-0.103","","","","","","","","4","7","4","img/tree_7.png","img/tree_3.png","648.2099999994971","673.4399999985471","","648.2099999994971,673.4399999985471","70","70,32","null","","null","","",""
"no-tradeoff","266","3438686","0.0-11.0-0.104","","","","","","","","1","7","1","img/tree_8.png","img/tree_9.png","1115.7650000099093","715.6850000028498","3988.0949999936856","1115.7650000099093,715.6850000028498,3988.0949999936856","74","74,32,13","enter","9","null","","",""
"no-tradeoff","267","3446929","0.0-11.0-0.105","","","","","","","","1","8","2","img/tree_8.png","img/tree_9.png","455.7750000092201","721.7100000125356","","455.7750000092201,721.7100000125356","74","74,32","null","","null","","",""
"no-tradeoff","268","3459527","0.0-11.0-0.106","","","","","","","","4","9","2","img/tree_7.png","img/tree_3.png","622.3549999995157","4064.249999995809","992.7400000011548","622.3549999995157,4064.249999995809,992.7400000011548","70","70,13,32","null","","enter","4","",""
"no-tradeoff","269","3468106","0.0-11.0-0.107","","","","","","","","1","8","4","img/tree_8.png","img/tree_9.png","761.035000002943","1056.6499999985099","","761.035000002943,1056.6499999985099","70","70,32","null","","null","","",""
"no-tradeoff","270","3479837","0.0-11.0-0.108","","","","","","","","4","5","3","img/tree_8.png","img/tree_9.png","823.4399999929592","620.824999990873","3576.1699999999255","823.4399999929592,620.824999990873,3576.1699999999255","74","74,32,13","enter","9","null","","",""
"no-tradeoff","271","3487914","0.0-11.0-0.109","","","","","","","","4","6","2","img/tree_7.png","img/tree_3.png","843.8099999912083","543.2799999979325","","843.8099999912083,543.2799999979325","70","70,32","null","","null","","",""
"no-tradeoff","272","3500562","0.0-11.0-0.110","","","","","","","","4","6","1","img/tree_7.png","img/tree_3.png","721.8299999949522","4243.679999999702","871.2400000076741","721.8299999949522,4243.679999999702,871.2400000076741","74","74,13,32","null","","enter","3","",""
"no-tradeoff","273","3509165","0.0-11.0-0.111","","","","","","","","1","5","2","img/tree_8.png","img/tree_9.png","684.6850000000559","1068.4500000062399","","684.6850000000559,1068.4500000062399","74","74,32","null","","null","","",""
"no-tradeoff","274","3521383","0.0-11.0-0.112","","","","","","","","4","6","1","img/tree_7.png","img/tree_3.png","589.5549999987707","502.4399999966845","2678.7699999986216","589.5549999987707,502.4399999966845,2678.7699999986216","70","70,32,13","enter","8","null","","",""
"no-tradeoff","275","3529725","0.0-11.0-0.113","","","","","","","","4","4","1","img/tree_7.png","img/tree_3.png","1067.6549999918789","801.1250000125729","","1067.6549999918789,801.1250000125729","70","70,32","null","","null","","",""
"no-tradeoff","276","3544012","0.0-11.0-0.114","","","","","","","","1","2","1","img/tree_3.png","img/tree_7.png","506.269999998156","6066.269999995828","685.9200000031851","506.269999998156,6066.269999995828,685.9200000031851","70","70,13,32","null","","enter","4","",""
"no-tradeoff","277","3552121","0.0-11.0-0.115","","","","","","","","4","1","3","img/tree_8.png","img/tree_9.png","658.6349999997765","587.8749999976717","","658.6349999997765,587.8749999976717","74","74,32","null","","null","","",""
"no-tradeoff","278","3564688","0.0-11.0-0.116","","","","","","","","1","2","4","img/tree_7.png","img/tree_3.png","1001.9549999996088","517.554999998305","4520.755000005476","1001.9549999996088,517.554999998305,4520.755000005476","74","74,32,13","enter","9","null","","",""
"no-tradeoff","279","3572853","0.0-11.0-0.117","","","","","","","","1","1","4","img/tree_7.png","img/tree_3.png","965.2500000083819","636.6500000003725","","965.2500000083819,636.6500000003725","74","74,32","null","","null","","",""
"no-tradeoff","280","3584718","0.0-11.0-0.118","","","","","","","","1","4","2","img/tree_3.png","img/tree_7.png","840.8399999900721","3618.470000001136","701.8299999907613","840.8399999900721,3618.470000001136,701.8299999907613","74","74,13,32","null","","enter","7","",""
"no-tradeoff","281","3592858","0.0-11.0-0.119","","","","","","","","4","3","5","img/tree_8.png","img/tree_9.png","846.8850000062957","604.6099999947473","","846.8850000062957,604.6099999947473","74","74,32","null","","null","","",""
"call-function","282","3592859","0.0-12.0","","","","","","","","","","","","","","","","","","","","","","","",""
"html-keyboard-response","283","3601919","0.0-13.0-0.0","9058.255000010598","<p><b> Now you will answer a few questionnaires</b></p><br> The following are statements that a person may either agree with or disagree with.</br><p>For each item, indicate how much you agree or disagree with what the item says by clicking your response. </p><p> Choose only one response and be as accurate and honest as you can. Do not worry about being consistent in your responses. </p><p> Press the space bar to start </p>","","","32","","","","","","","","","","","","","","","","","","",""
"survey-likert","284","3793616","0.0-13.0-1.0","191672.88500000723","","","{""BISBAS1"":0,""BISBAS2"":3,""BISBAS3"":1,""BISBAS4"":1,""BISBAS5"":0,""BISBAS6"":0,""BISBAS7"":0,""BISBAS8"":1,""BISBAS9"":0,""BISBAS10"":1,""BISBAS11"":1,""BISBAS12"":0,""BISBAS13"":1,""BISBAS14"":0,""BISBAS15"":1,""BISBAS16"":1,""BISBAS17"":0,""BISBAS18"":0,""BISBAS19"":0,""BISBAS20"":0,""BISBAS21"":0,""BISBAS22"":2,""BISBAS23"":0,""BISBAS24"":0}","","","","","","","","","","","","","","","","","","","","[0,1,2,3,4,5,6,7,8,9,10,11,12,13,14,15,16,17,18,19,20,21,22,23]"
"html-keyboard-response","285","3806044","0.0-14.0-0.0","12423.224999991711","<p>Please indicate for each statement the degree to which each statement is descriptive of your mood <b> at this  moment </b>. </p><p> Press the space bar to start </p>","","","32","","","","","","","","","","","","","","","","","","",""
"survey-likert","286","3916125","0.0-14.0-1.0","110064.77499999199","","","{""STICSAS1"":2,""STICSAS2"":1,""STICSAS3"":0,""STICSAS4"":0,""STICSAS5"":1,""STICSAS6"":0,""STICSAS7"":0,""STICSAS8"":0,""STICSAS9"":0,""STICSAS10"":2,""STICSAS11"":0,""STICSAS12"":0,""STICSAS13"":0,""STICSAS14"":0,""STICSAS15"":0,""STICSAS16"":1,""STICSAS17"":1,""STICSAS18"":0,""STICSAS19"":1,""STICSAS20"":0,""STICSAS21"":1,""STICSAS22"":3}","","","","","","","","","","","","","","","","","","","","[0,1,2,3,4,5,6,7,8,9,10,11,12,13,14,15,16,17,18,19,20,21]"
"html-keyboard-response","287","3922293","0.0-15.0-0.0","6163.534999999683","<p>Please indicate for each statement how often <b> in general </b> the statement is true for you. </p><p> Press the space bar to start </p>","","","32","","","","","","","","","","","","","","","","","","",""
"survey-likert","288","3986821","0.0-15.0-1.0","64512.195000002626","","","{""STICSAT1"":1,""STICSAT2"":0,""STICSAT3"":1,""STICSAT4"":0,""STICSAT5"":1,""STICSAT6"":0,""STICSAT7"":0,""STICSAT8"":0,""STICSAT9"":0,""STICSAT10"":1,""STICSAT11"":0,""STICSAT12"":0,""STICSAT13"":0,""STICSAT14"":0,""STICSAT15"":0,""STICSAT16"":1,""STICSAT17"":1,""STICSAT18"":0,""STICSAT19"":"""",""STICSAT20"":0,""STICSAT21"":0}","","","","","","","","","","","","","","","","","","","","[0,1,2,3,4,5,6,7,8,9,10,11,12,13,14,15,16,17,18,19,20]"
"html-keyboard-response","289","3991837","0.0-16.0-0.0","5012.294999993406","<p>Please indicate for each statement how much you agree. </p><p> Press the space bar to start </p>","","","32","","","","","","","","","","","","","","","","","","",""
"survey-likert","290","4097314","0.0-16.0-1.0","105462.29000001028","","","{""IUS1"":3,""IUS2"":4,""IUS3"":1,""IUS4"":4,""IUS5"":1,""IUS6"":1,""IUS7"":1,""IUS8"":4,""IUS9"":4,""IUS10"":2,""IUS11"":3,""IUS12"":2,""IUS13"":4}","","","","","","","","","","","","","","","","","","","","[0,1,2,3,4,5,6,7,8,9,10,11,12]"
"html-keyboard-response","291","4101224","0.0-17.0-0.0","3905.890000008978","<p>Please indicate for each statement how you <b> generally </b> feel. </p><p> Press the space bar to start </p>","","","32","","","","","","","","","","","","","","","","","","",""
"survey-likert","292","4215270","0.0-17.0-1.0","114025.5750000067","","","{""STAIT1"":2,""STAIT2"":1,""STAIT3"":2,""STAIT4"":2,""STAIT5"":1,""STAIT6"":1,""STAIT7"":2,""STAIT8"":1,""STAIT9"":1,""STAIT10"":2,""STAIT11"":1,""STAIT12"":1,""STAIT13"":1,""STAIT14"":0,""STAIT15"":1,""STAIT16"":3,""STAIT17"":1,""STAIT18"":2,""STAIT19"":3,""STAIT20"":0}","","","","","","","","","","","","","","","","","","","","[0,1,2,3,4,5,6,7,8,9,10,11,12,13,14,15,16,17,18,19]"
"html-keyboard-response","293","4220773","0.0-18.0-0.0","5499.629999991506","<p>Please indicate for each statement how much you think each statement is typical of you. </p><p> Press the space bar to start </p>","","","32","","","","","","","","","","","","","","","","","","",""
"survey-likert","294","4521658","0.0-18.0-1.0","300857.87500000186","","","{""ACQ1"":3,""ACQ2"":4,""ACQ3"":4,""ACQ4"":3,""ACQ5"":3,""ACQ6"":2,""ACQ7"":1,""ACQ8"":1,""ACQ9"":1,""ACQ10"":3,""ACQ11"":3,""ACQ12"":4,""ACQ13"":3,""ACQ14"":2,""ACQ15"":4,""ACQ16"":1,""ACQ17"":4,""ACQ18"":4,""ACQ19"":3,""ACQ20"":4,""ACQ21"":1,""ACQ22"":3,""ACQ23"":5,""ACQ24"":2,""ACQ25"":3,""ACQ26"":3,""ACQ27"":1,""ACQ28"":1,""ACQ29"":4,""ACQ30"":3}","","","","","","","","","","","","","","","","","","","","[0,1,2,3,4,5,6,7,8,9,10,11,12,13,14,15,16,17,18,19,20,21,22,23,24,25,26,27,28,29]"
"html-keyboard-response","295","4532568","0.0-19.0-0.0","10907.219999994151","<p> For the following questions, indicate <b> how often </b> you felt or thought a certain way <b> during the last month </b>.</p><p> Press space to start </p>","","","32","","","","","","","","","","","","","","","","","","",""
"survey-likert","296","4627903","0.0-19.0-1.0","95327.41500000749","","","{""Stress1"":3,""Stress2"":2,""Stress3"":3,""Stress4"":2,""Stress5"":1,""Stress6"":2,""Stress7"":2,""Stress8"":2,""Stress9"":3,""Stress10"":2}","","","","","","","","","","","","","","","","","","","","[0,1,2,3,4,5,6,7,8,9]"
