"trial_type","trial_index","time_elapsed","internal_node_id","rt","stimulus","button_pressed","responses","key_press","view_history","correct","stakes","outcome","outcome_notreceived","choice_selected","choice_not_selected","rt_choice","rt_space","rt_certainty","all_rts","key_choice","all_keys","estimate_trial","estimate_val","certainty_trial","certainty_val","value","question_order"
"pavlovia","0","13","0.0-0.0","","","","","","","","","","","","","","","","","","","","","","","",""
"html-button-response","1","32938","0.0-1.0","32922.38499969244","<p style=""font-size:24px;font-weight:bold"">Consent</p><div class=""consent"" style=""text-align:left; border:1px solid; padding:10px; width:800px; font-size=100%, float:right""><p align=left>Thank you for signing up for this experiment!<p><p align=left>This experiment is being conducted by the California Institute of Technology (Caltech). The lead investigators are Sarah Tashjian, PhD and Dean Mobbs, PhD. This study has been approved by the Caltech Institutional Review Board for research ethics.<p><p align=left>The goal of this study is to understand learning processes. In this experiment, you will complete a task in which you will see images.<p><p align=left>At times, you will receive rewards and penalties. These earnings will determine your eligibility for a bonus payment, which will result in a real increase in your payment in this study.<p><p align=left>Your goal is to learn which images predict the most points. We will also ask how certain you are about your decisions throughout the task.<p><p align=left>This experiment will take approximately 1 hour to complete in its entirety.<p><p align=left><b>You will receive $9.00 for completing the experiment. <u>If you optimize decisions on at least 70% of trials, you will be eligible for a $100 bonus payment.</u></b><p><p align=left>This study involves minimal risk, meaning there will be no more risk than in daily life. Possible risks include physical discomfort/fatigue (eyestrain, tiredness), as well as psychological discomfort (e.g., potential boredom).<p><p align=left> Besides receiving payment, you will not benefit from this study.<p><p align=left><b>Any information that is obtained in connection with this study that can identify you will remain confidential. </b><p><p align=left>When the results of this study are reported, your identifying information will not be disclosed. Because this study is being conducted online, we are unable to fully eliminate the risk of a breach of confidentiality. However, to mitigate the chances of this occurring, we are using secure and confidential data collection systems.<p align=left>You may choose to withdraw from this study at any time and refuse to answer any questions without penalty. Also, you may choose not to participate in this study.<p><p align=left>You are <b>eligible</b> to participate if you (1) are 18-65 years old, (2) are fluent in English, (3) have healthy or corrected vision, (4) are not colorblind, and (5) have no difficulty controlling motor movements. <p><p align=left>If you do not meet these criteria, please exit the experiment now.<p><p align=center><b> If you meet these criteria and consent to participate, you must<br>indicate your consent by clicking the button below.<b></p>","0","","","","","","","","","","","","","","","","","","","","",""
"survey-text","2","54186","0.0-2.0-0.0","21245.330000296235","","","{""Q0"":""5ed615a6f5dc710124706904"",""Q1"":""34"",""Q2"":""Male"",""Q3"":""Male""}","","","","","","","","","","","","","","","","","","","",""
"html-keyboard-response","3","58966","0.0-3.0","4778.439999558032","<p>Welcome to the experiment!</p><p> You will play two games and answer a few questions.</p><p>Press the space bar to begin reading the instructions for the first game.</p>","","","32","","","","","","","","","","","","","","","","","","",""
"instructions","4","175832","0.0-4.0","116864.6650002338","","","","","[{""page_index"":0,""viewing_time"":12033.034999854863},{""page_index"":1,""viewing_time"":25447.61500041932},{""page_index"":2,""viewing_time"":14048.839999828488},{""page_index"":3,""viewing_time"":10279.614999890327},{""page_index"":4,""viewing_time"":15431.67999992147},{""page_index"":5,""viewing_time"":13008.030000142753},{""page_index"":6,""viewing_time"":12042.059999890625},{""page_index"":7,""viewing_time"":8301.76499998197},{""page_index"":8,""viewing_time"":6271.78500033915}]","","","","","","","","","","","","","","","","","",""
"html-keyboard-response","5","180527","0.0-5.0-0.0","4694.0200002864","<p style=""font-size:24px;font-weight:bold"">TEST QUESTION</p><p>Which letter should you press to select the green house on the left?</p><div class=group><table class=table_center><tr><td class=prompt colspan=2>Choose one</td></tr><tr style=""height: 300px;""><td style=""width: 300px;""><img id=""left"" src=img/house_3.png style=""zoom: 100%;""/></td><td style=""width: 300px;""><img id=""right"" src=img/house_2.png style=""zoom: 100%;""/></td></tr></table></div><br>","","","70","","true","","","","","","","","","","","","","","","","",""
"html-keyboard-response","6","183529","0.0-5.0-1.0","null","<p style=""font-size:36px;font-weight:bold"">Correct!</p><p> Remember, press ""F"" for left and ""J"" for right. </p>","","","null","","","","","","","","","","","","","","","","","","",""
"html-keyboard-response","7","186345","0.0-5.0-2.0","2814.6700002253056","<p style=""font-size:24px;font-weight:bold"">TEST QUESTION</p><p>Which letter should you press to select the red house on the right?</p><div class=group><table class=table_center><tr><td class=prompt colspan=2>Choose one</td></tr><tr style=""height: 300px;""><td style=""width: 300px;""><img id=""left"" src=img/house_3.png style=""zoom: 100%;""/></td><td style=""width: 300px;""><img id=""right"" src=img/house_2.png style=""zoom: 100%;""/></td></tr></table></div><br>","","","74","","true","","","","","","","","","","","","","","","","",""
"html-keyboard-response","8","189346","0.0-5.0-3.0","null","<p style=""font-size:36px;font-weight:bold"">Correct!</p><p> Remember, press ""F"" for left and ""J"" for right. </p>","","","null","","","","","","","","","","","","","","","","","","",""
"html-keyboard-response","9","196641","0.0-5.0-4.0","7294.8050000704825","<p style=""font-size:24px;font-weight:bold"">TEST QUESTION</p><p>Type the number of the <b> maximum </b> amount of sacks an elf can make</p>","","","53","","false","","","","","","","","","","","","","","","","",""
"html-keyboard-response","10","199643","0.0-5.0-5.0","null","<p style=""font-size:36px;font-weight:bold"">Wrong answer.</p><p> Remember, elves can make 0 to 9 sacks.</p>","","","null","","","","","","","","","","","","","","","","","","",""
"html-keyboard-response","11","204826","0.0-5.0-6.0","5182.860000059009","<p style=""font-size:24px;font-weight:bold"">TEST QUESTION</p><p>Remember, the same house always takes you to the same elf. </p><p>On this trial, select the house on the left by pressing ""F"".</p><div class=group><table class=table_center><tr><td class=prompt colspan=2>Choose one</td></tr><tr style=""height: 300px;""><td style=""width: 300px;""><img id=""left"" src=img/house_1.png style=""zoom: 100%;""/></td><td style=""width: 300px;""><img id=""right"" src=img/house_5.png style=""zoom: 100%;""/></td></tr></table></div><br>","","","70","","","","","","","","","","","","","","","","","","",""
"html-keyboard-response","12","214736","0.0-5.0-7.0","9909.57499993965","<p style=""font-size:24px;font-weight:bold"">TEST QUESTION</p><p>The red house took you to the yellow elf. </p><p> The yellow elf gave you 8 sacks. </p><p> The most sacks an elf can make is 9 sacks, so this is a great outcome!</p><div class=group><table class=table_center><tr><td class=prompt colspan=3>You received</td></tr><tr style=""height: 300px;""><td><img src=img/elf_yellow.png style=""zoom: 100%;""/></td><td><img src=img/sack.png style=""zoom: 30%;""/></td><td class=prompt>x 8</td></tr></table></div><br><p> Press space to continue </p>","","","32","","","","","","","","","","","","","","","","","","",""
"html-keyboard-response","13","217945","0.0-5.0-8.0","3208.0799997784197","<p style=""font-size:24px;font-weight:bold"">TEST QUESTION</p><p>If you wanted to visit the <b> yellow elf </b> again, which house would you select?</p><div class=group><table class=table_center><tr><td class=prompt colspan=2>Choose one</td></tr><tr style=""height: 300px;""><td style=""width: 300px;""><img id=""left"" src=img/house_1.png style=""zoom: 100%;""/></td><td style=""width: 300px;""><img id=""right"" src=img/house_5.png style=""zoom: 100%;""/></td></tr></table></div><br>","","","70","","true","","","","","","","","","","","","","","","","",""
"html-keyboard-response","14","220946","0.0-5.0-9.0","null","<p style=""font-size:36px;font-weight:bold"">Correct!</p><p> Remember, the same house goes to the same elf. </p>","","","null","","","","","","","","","","","","","","","","","","",""
"html-keyboard-response","15","223154","0.0-5.0-10.0","2206.3199998810887","<p style=""font-size:24px;font-weight:bold"">TEST QUESTION</p><p>On this trial, select the house on the right by pressing ""J"".</p><div class=group><table class=table_center><tr><td class=prompt colspan=2>Choose one</td></tr><tr style=""height: 300px;""><td style=""width: 300px;""><img id=""left"" src=img/house_1.png style=""zoom: 100%;""/></td><td style=""width: 300px;""><img id=""right"" src=img/house_5.png style=""zoom: 100%;""/></td></tr></table></div><br>","","","74","","","","","","","","","","","","","","","","","","",""
"html-keyboard-response","16","227734","0.0-5.0-11.0","4579.299999866635","<p style=""font-size:24px;font-weight:bold"">TEST QUESTION</p><p>The blue house took you to the purple elf. </p><p> The purple elf only gave you 1 sack. </p><p> That is not very much and is a pretty bad outcome.</p><div class=group><table class=table_center><tr><td class=prompt colspan=3>You received</td></tr><tr style=""height: 300px;""><td><img src=img/elf_purple.png style=""zoom: 100%;""/></td><td><img src=img/sack.png style=""zoom: 30%;""/></td><td class=prompt>x 1</td></tr></table></div><br><p> Press space to continue </p>","","","32","","","","","","","","","","","","","","","","","","",""
"html-keyboard-response","17","231708","0.0-5.0-12.0","3973.4499999321997","<p style=""font-size:24px;font-weight:bold"">TEST QUESTION</p><p>Remember the yellow elf gave you 8 sacks and the purple elf only gave you 1 sack. </p><p> Which elf would you try to visit next? </p><div class=group><table class=table_center><tr><td class=prompt colspan=2>Choose one</td></tr><tr style=""height: 300px;""><td style=""width: 300px;""><img id=""left"" src=img/elf_yellow.png style=""zoom: 100%;""/></td><td style=""width: 300px;""><img id=""right"" src=img/elf_purple.png style=""zoom: 100%;""/></td></tr></table></div><br>","","","70","","true","","","","","","","","","","","","","","","","",""
"html-keyboard-response","18","234710","0.0-5.0-13.0","null","<p style=""font-size:36px;font-weight:bold"">Correct!</p><p> Remember, you want to select the elf who gives you the most sacks.</p>","","","null","","","","","","","","","","","","","","","","","","",""
"html-keyboard-response","19","238867","0.0-5.0-14.0","4155.6750000454485","<p style=""font-size:24px;font-weight:bold"">TEST QUESTION</p><p>To visit the yellow elf, which house should you visit? </p><div class=group><table class=table_center><tr><td class=prompt colspan=2>Choose one</td></tr><tr style=""height: 300px;""><td style=""width: 300px;""><img id=""left"" src=img/house_1.png style=""zoom: 100%;""/></td><td style=""width: 300px;""><img id=""right"" src=img/house_5.png style=""zoom: 100%;""/></td></tr></table></div><br>","","","70","","true","","","","","","","","","","","","","","","","",""
"html-keyboard-response","20","241869","0.0-5.0-15.0","null","<p style=""font-size:36px;font-weight:bold"">Correct!</p><p>Remember, the same house goes to the same elf each time.</p>","","","null","","","","","","","","","","","","","","","","","","",""
"html-keyboard-response","21","244597","0.0-5.0-16.0","2727.994999848306","<p style=""font-size:36px;font-weight:bold"">You are ready to play!</p><p>The houses and elves in the actual game will be different than the practice. </p><p> Press the space bar to start the game</p>","","","32","","","","","","","","","","","","","","","","","","",""
"no-tradeoff-rwd","22","262048","0.0-6.0-0.0","","","","","","","","1","1","6","img/house_3.png","img/house_2.png","919.8799999430776","897.6199999451637","7539.409999735653","919.8799999430776,897.6199999451637,7539.409999735653","70","70,32,13","enter","1","null","","",""
"no-tradeoff-rwd","23","272270","0.0-6.0-0.1","","","","","","","","4","1","9","img/house_3.png","img/house_2.png","1246.1649999022484","1212.2700000181794","","1246.1649999022484,1212.2700000181794","74","74,32","null","","null","","",""
"no-tradeoff-rwd","24","291628","0.0-6.0-0.2","","","","","","","","4","0","9","img/house_3.png","img/house_2.png","738.1400000303984","9311.31500005722","1036.2200001254678","738.1400000303984,9311.31500005722,1036.2200001254678","70","70,13,32","null","","enter","7","",""
"no-tradeoff-rwd","25","299624","0.0-6.0-0.3","","","","","","","","1","1","5","img/house_3.png","img/house_2.png","507.27999955415726","482.09499986842275","","507.27999955415726,482.09499986842275","74","74,32","null","","null","","",""
"no-tradeoff-rwd","26","312158","0.0-6.0-0.4","","","","","","","","1","3","1","img/house_6.png","img/house_4.png","1076.2199996970594","665.8899998292327","4359.050000086427","1076.2199996970594,665.8899998292327,4359.050000086427","74","74,32,13","enter","5","null","","",""
"no-tradeoff-rwd","27","321732","0.0-6.0-0.5","","","","","","","","4","4","0","img/house_4.png","img/house_6.png","897.9199999012053","554.6249998733401","","897.9199999012053,554.6249998733401","70","70,32","null","","null","","",""
"no-tradeoff-rwd","28","334767","0.0-6.0-0.6","","","","","","","","4","2","6","img/house_2.png","img/house_3.png","972.4900000728667","3328.125","694.7250002995133","972.4900000728667,3328.125,694.7250002995133","70","70,13,32","null","","enter","5","",""
"no-tradeoff-rwd","29","344303","0.0-6.0-0.7","","","","","","","","1","4","1","img/house_3.png","img/house_2.png","1157.7800000086427","526.8049999140203","","1157.7800000086427,526.8049999140203","74","74,32","null","","null","","",""
"no-tradeoff-rwd","30","355230","0.0-6.0-0.8","","","","","","","","4","1","4","img/house_2.png","img/house_3.png","838.1650000810623","406.5900002606213","3010.245000012219","838.1650000810623,406.5900002606213,3010.245000012219","70","70,32,13","enter","4","null","","",""
"no-tradeoff-rwd","31","364911","0.0-6.0-0.9","","","","","","","","1","1","8","img/house_6.png","img/house_4.png","934.1250001452863","669.8300000280142","","934.1250001452863,669.8300000280142","70","70,32","null","","null","","",""
"no-tradeoff-rwd","32","376620","0.0-6.0-0.10","","","","","","","","1","7","2","img/house_3.png","img/house_2.png","588.0450000986457","3263.4900002740324","936.2300001084805","588.0450000986457,3263.4900002740324,936.2300001084805","74","74,13,32","null","","enter","7","",""
"no-tradeoff-rwd","33","386201","0.0-6.0-0.11","","","","","","","","1","4","4","img/house_4.png","img/house_6.png","703.0099998228252","569.6899998001754","","703.0099998228252,569.6899998001754","70","70,32","null","","null","","",""
"no-tradeoff-rwd","34","400180","0.0-6.0-0.12","","","","","","","","1","6","5","img/house_2.png","img/house_3.png","559.6449999138713","494.7999999858439","4473.689999897033","559.6449999138713,494.7999999858439,4473.689999897033","74","74,32,13","enter","5","null","","",""
"no-tradeoff-rwd","35","409695","0.0-6.0-0.13","","","","","","","","4","5","4","img/house_4.png","img/house_6.png","1062.14000005275","503.4699998795986","","1062.14000005275,503.4699998795986","74","74,32","null","","null","","",""
"no-tradeoff-rwd","36","415002","0.0-6.0-0.14","","","","","","","","4","0","","","","1804.0199996903539","","","1804.0199996903539","32","32","null","","null","","",""
"no-tradeoff-rwd","37","424743","0.0-6.0-0.15","","","","","","","","4","7","5","img/house_4.png","img/house_6.png","1021.089999936521","732.0349998772144","","1021.089999936521,732.0349998772144","70","70,32","null","","null","","",""
"no-tradeoff-rwd","38","436429","0.0-6.0-0.16","","","","","","","","1","3","6","img/house_4.png","img/house_6.png","990.639999974519","177.36499989405274","2494.880000129342","990.639999974519,177.36499989405274,2494.880000129342","74","74,32,13","enter","7","null","","",""
"no-tradeoff-rwd","39","444545","0.0-6.0-0.17","","","","","","","","1","8","6","img/house_2.png","img/house_3.png","770.9299996495247","605.7049999944866","","770.9299996495247,605.7049999944866","70","70,32","null","","null","","",""
"no-tradeoff-rwd","40","457341","0.0-6.0-0.18","","","","","","","","1","2","8","img/house_4.png","img/house_6.png","875.3049997612834","3136.2649998627603","651.6999998129904","875.3049997612834,3136.2649998627603,651.6999998129904","74","74,13,32","null","","enter","7","",""
"no-tradeoff-rwd","41","464959","0.0-6.0-0.19","","","","","","","","4","0","5","img/house_3.png","img/house_2.png","876.579999923706","107.97000024467707","","876.579999923706,107.97000024467707","74","74,32","null","","null","","",""
"no-tradeoff-rwd","42","476278","0.0-6.0-0.20","","","","","","","","4","4","2","img/house_2.png","img/house_3.png","635.6299999170005","341.86000004410744","3467.77500025928","635.6299999170005,341.86000004410744,3467.77500025928","70","70,32,13","enter","7","null","","",""
"no-tradeoff-rwd","43","484211","0.0-6.0-0.21","","","","","","","","1","4","1","img/house_6.png","img/house_4.png","755.040000192821","425.32999999821186","","755.040000192821,425.32999999821186","70","70,32","null","","null","","",""
"no-tradeoff-rwd","44","496267","0.0-6.0-0.22","","","","","","","","1","6","1","img/house_2.png","img/house_3.png","998.0399999767542","2525.415000040084","519.1649999469519","998.0399999767542,2525.415000040084,519.1649999469519","70","70,13,32","null","","enter","5","",""
"no-tradeoff-rwd","45","505785","0.0-6.0-0.23","","","","","","","","1","7","2","img/house_2.png","img/house_3.png","757.3049999773502","510.83000004291534","","757.3049999773502,510.83000004291534","74","74,32","null","","null","","",""
"no-tradeoff-rwd","46","516515","0.0-6.0-0.24","","","","","","","","4","8","3","img/house_2.png","img/house_3.png","656.0149998404086","524.4450001046062","2693.2749999687076","656.0149998404086,524.4450001046062,2693.2749999687076","74","74,32,13","enter","7","null","","",""
"no-tradeoff-rwd","47","520853","0.0-6.0-0.25","","","","","","","","1","0","","","","834.0799999423325","","","834.0799999423325","32","32","null","","null","","",""
"no-tradeoff-rwd","48","525136","0.0-6.0-0.26","","","","","","","","1","0","","","","777.1399999037385","","","777.1399999037385","32","32","null","","null","","",""
"no-tradeoff-rwd","49","534642","0.0-6.0-0.27","","","","","","","","4","7","7","img/house_4.png","img/house_6.png","720.8349998109043","495.8150000311434","","720.8349998109043,495.8150000311434","70","70,32","null","","null","","",""
"no-tradeoff-rwd","50","538920","0.0-6.0-0.28","","","","","","","","1","0","","","","773.7900000065565","","","773.7900000065565","32","32","null","","null","","",""
"no-tradeoff-rwd","51","548828","0.0-6.0-0.29","","","","","","","","1","5","9","img/house_4.png","img/house_6.png","1396.6549998149276","898.659999947995","","1396.6549998149276,898.659999947995","74","74,32","null","","null","","",""
"no-tradeoff-rwd","52","561540","0.0-6.0-0.30","","","","","","","","4","5","2","img/house_2.png","img/house_3.png","1213.2950001396239","3299.139999784529","401.6950000077486","1213.2950001396239,3299.139999784529,401.6950000077486","70","70,13,32","null","","enter","9","",""
"no-tradeoff-rwd","53","570850","0.0-6.0-0.31","","","","","","","","4","3","2","img/house_2.png","img/house_3.png","1141.1299998871982","297.25500009953976","","1141.1299998871982,297.25500009953976","74","74,32","null","","null","","",""
"no-tradeoff-rwd","54","583348","0.0-6.0-0.32","","","","","","","","4","0","4","img/house_4.png","img/house_6.png","1236.1749997362494","290.4750001616776","3161.2399998120964","1236.1749997362494,290.4750001616776,3161.2399998120964","70","70,32,13","enter","7","null","","",""
"no-tradeoff-rwd","55","592591","0.0-6.0-0.33","","","","","","","","1","5","0","img/house_6.png","img/house_4.png","1004.6649998985231","230.37000000476837","","1004.6649998985231,230.37000000476837","70","70,32","null","","null","","",""
"no-tradeoff-rwd","56","603486","0.0-6.0-0.34","","","","","","","","1","3","1","img/house_2.png","img/house_3.png","872.2100001759827","2561.875000130385","821.5099996887147","872.2100001759827,2561.875000130385,821.5099996887147","70","70,13,32","null","","enter","9","",""
"no-tradeoff-rwd","57","612327","0.0-6.0-0.35","","","","","","","","1","3","4","img/house_3.png","img/house_2.png","1076.1150000616908","1330.240000039339","","1076.1150000616908,1330.240000039339","74","74,32","null","","null","","",""
"no-tradeoff-rwd","58","623826","0.0-6.0-0.36","","","","","","","","4","3","4","img/house_6.png","img/house_4.png","701.3700003735721","474.85500015318394","3515.4999997466803","701.3700003735721,474.85500015318394,3515.4999997466803","74","74,32,13","enter","7","null","","",""
"no-tradeoff-rwd","59","633205","0.0-6.0-0.37","","","","","","","","4","7","4","img/house_6.png","img/house_4.png","969.7400000877678","370.9699995815754","","969.7400000877678,370.9699995815754","74","74,32","null","","null","","",""
"no-tradeoff-rwd","60","644270","0.0-6.0-0.38","","","","","","","","4","6","4","img/house_2.png","img/house_3.png","1054.2450002394617","2688.8599996455014","865.7700000330806","1054.2450002394617,2688.8599996455014,865.7700000330806","74","74,13,32","null","","enter","7","",""
"no-tradeoff-rwd","61","651890","0.0-6.0-0.39","","","","","","","","4","4","4","img/house_2.png","img/house_3.png","1042.2249999828637","112.12499998509884","","1042.2249999828637,112.12499998509884","74","74,32","null","","null","","",""
"no-tradeoff-rwd","62","662468","0.0-6.0-0.40","","","","","","","","1","5","6","img/house_2.png","img/house_3.png","1005.6400001049042","300.64000003039837","2767.9299996234477","1005.6400001049042,300.64000003039837,2767.9299996234477","74","74,32,13","enter","7","null","","",""
"no-tradeoff-rwd","63","670881","0.0-6.0-0.41","","","","","","","","4","6","5","img/house_2.png","img/house_3.png","1324.4150001555681","902.6950001716614","","1324.4150001555681,902.6950001716614","70","70,32","null","","null","","",""
"no-tradeoff-rwd","64","681859","0.0-6.0-0.42","","","","","","","","1","5","3","img/house_2.png","img/house_3.png","908.2999997772276","2814.4649998284876","652.0650000311434","908.2999997772276,2814.4649998284876,652.0650000311434","70","70,13,32","null","","enter","9","",""
"no-tradeoff-rwd","65","689819","0.0-6.0-0.43","","","","","","","","4","4","1","img/house_2.png","img/house_3.png","847.2049999982119","450.7999997586012","","847.2049999982119,450.7999997586012","70","70,32","null","","null","","",""
"no-tradeoff-rwd","66","700859","0.0-6.0-0.44","","","","","","","","1","2","4","img/house_4.png","img/house_6.png","848.7149998545647","844.4050000980496","2684.919999912381","848.7149998545647,844.4050000980496,2684.919999912381","70","70,32,13","enter","3","null","","",""
"no-tradeoff-rwd","67","708875","0.0-6.0-0.45","","","","","","","","1","3","4","img/house_6.png","img/house_4.png","550.8099999278784","506.80499989539385","","550.8099999278784,506.80499989539385","70","70,32","null","","null","","",""
"no-tradeoff-rwd","68","719458","0.0-6.0-0.46","","","","","","","","1","2","7","img/house_2.png","img/house_3.png","931.2200001440942","2319.8600001633167","754.4700000435114","931.2200001440942,2319.8600001633167,754.4700000435114","70","70,13,32","null","","enter","8","",""
"no-tradeoff-rwd","69","729102","0.0-6.0-0.47","","","","","","","","1","3","8","img/house_6.png","img/house_4.png","1092.075000051409","634.2749996110797","","1092.075000051409,634.2749996110797","70","70,32","null","","null","","",""
"no-tradeoff-rwd","70","740274","0.0-6.0-0.48","","","","","","","","1","5","7","img/house_2.png","img/house_3.png","844.2600001581013","609.5949998125434","3053.160000126809","844.2600001581013,609.5949998125434,3053.160000126809","74","74,32,13","enter","7","null","","",""
"no-tradeoff-rwd","71","748433","0.0-6.0-0.49","","","","","","","","4","6","6","img/house_2.png","img/house_3.png","513.329999987036","651.2299999594688","","513.329999987036,651.2299999594688","74","74,32","null","","null","","",""
"no-tradeoff-rwd","72","759519","0.0-6.0-0.50","","","","","","","","1","6","8","img/house_6.png","img/house_4.png","566.570000257343","2592.9849999956787","983.3450000733137","566.570000257343,2592.9849999956787,983.3450000733137","70","70,13,32","null","","enter","7","",""
"no-tradeoff-rwd","73","767787","0.0-6.0-0.51","","","","","","","","1","7","8","img/house_6.png","img/house_4.png","1147.9000002145767","759.2400000430644","","1147.9000002145767,759.2400000430644","70","70,32","null","","null","","",""
"no-tradeoff-rwd","74","778431","0.0-6.0-0.52","","","","","","","","4","7","9","img/house_6.png","img/house_4.png","418.2899999432266","665.8149999566376","2469.1500002518296","418.2899999432266,665.8149999566376,2469.1500002518296","74","74,32,13","enter","6","null","","",""
"no-tradeoff-rwd","75","786420","0.0-6.0-0.53","","","","","","","","4","7","7","img/house_2.png","img/house_3.png","867.3849999904633","480.3300001658499","","867.3849999904633,480.3300001658499","70","70,32","null","","null","","",""
"no-tradeoff-rwd","76","877628","0.0-6.0-0.54","","","","","","","","4","8","7","img/house_2.png","img/house_3.png","741.694999858737","82434.33000007644","1264.5550002343953","741.694999858737,82434.33000007644,1264.5550002343953","70","70,13,32","null","","enter","6","",""
"no-tradeoff-rwd","77","885561","0.0-6.0-0.55","","","","","","","","4","7","5","img/house_6.png","img/house_4.png","597.1200000494719","423.46000019460917","","597.1200000494719,423.46000019460917","70","70,32","null","","null","","",""
"no-tradeoff-rwd","78","896253","0.0-6.0-0.56","","","","","","","","1","6","6","img/house_6.png","img/house_4.png","657.755000051111","544.3800003267825","2636.6300000809133","657.755000051111,544.3800003267825,2636.6300000809133","74","74,32,13","enter","6","null","","",""
"no-tradeoff-rwd","79","904432","0.0-6.0-0.57","","","","","","","","1","5","6","img/house_2.png","img/house_3.png","716.0800001583993","669.749999884516","","716.0800001583993,669.749999884516","74","74,32","null","","null","","",""
"no-tradeoff-rwd","80","915827","0.0-6.0-0.58","","","","","","","","4","3","7","img/house_6.png","img/house_4.png","696.9800000078976","3136.184999719262","748.2900000177324","696.9800000078976,3136.184999719262,748.2900000177324","74","74,13,32","null","","enter","8","",""
"no-tradeoff-rwd","81","923735","0.0-6.0-0.59","","","","","","","","1","3","4","img/house_6.png","img/house_4.png","844.2400000058115","399.2700004018843","","844.2400000058115,399.2700004018843","74","74,32","null","","null","","",""
"no-tradeoff-rwd","82","934452","0.0-6.0-0.60","","","","","","","","4","4","2","img/house_6.png","img/house_4.png","725.4349999129772","595.8300000056624","2612.660000100732","725.4349999129772,595.8300000056624,2612.660000100732","70","70,32,13","enter","6","null","","",""
"no-tradeoff-rwd","83","943687","0.0-6.0-0.61","","","","","","","","4","7","4","img/house_6.png","img/house_4.png","781.870000064373","222.24000003188848","","781.870000064373,222.24000003188848","70","70,32","null","","null","","",""
"no-tradeoff-rwd","84","969204","0.0-6.0-0.62","","","","","","","","1","7","4","img/house_6.png","img/house_4.png","739.7400001063943","17291.424999944866","718.0699999444187","739.7400001063943,17291.424999944866,718.0699999444187","70","70,13,32","null","","enter","7","",""
"no-tradeoff-rwd","85","977664","0.0-6.0-0.63","","","","","","","","1","7","4","img/house_2.png","img/house_3.png","742.4649996683002","950.3700002096593","","742.4649996683002,950.3700002096593","70","70,32","null","","null","","",""
"no-tradeoff-rwd","86","988257","0.0-6.0-0.64","","","","","","","","1","5","3","img/house_6.png","img/house_4.png","754.57499967888","631.7699998617172","2450.6799997761846","754.57499967888,631.7699998617172,2450.6799997761846","74","74,32,13","enter","6","null","","",""
"no-tradeoff-rwd","87","996642","0.0-6.0-0.65","","","","","","","","1","2","6","img/house_2.png","img/house_3.png","654.924999922514","876.5250002034009","","654.924999922514,876.5250002034009","74","74,32","null","","null","","",""
"no-tradeoff-rwd","88","1006935","0.0-6.0-0.66","","","","","","","","4","0","3","img/house_6.png","img/house_4.png","651.1599998921156","2306.2750003300607","475.380000192672","651.1599998921156,2306.2750003300607,475.380000192672","70","70,13,32","null","","enter","7","",""
"no-tradeoff-rwd","89","1016447","0.0-6.0-0.67","","","","","","","","1","3","4","img/house_6.png","img/house_4.png","998.3600000850856","500.57500042021275","","998.3600000850856,500.57500042021275","74","74,32","null","","null","","",""
"no-tradeoff-rwd","90","1027047","0.0-6.0-0.68","","","","","","","","1","4","3","img/house_4.png","img/house_6.png","771.8750000931323","1074.5749999769032","2018.1049997918308","771.8750000931323,1074.5749999769032,2018.1049997918308","70","70,32,13","enter","3","null","","",""
"no-tradeoff-rwd","91","1035115","0.0-6.0-0.69","","","","","","","","4","2","0","img/house_2.png","img/house_3.png","470.170000102371","560.2649999782443","","470.170000102371,560.2649999782443","74","74,32","null","","null","","",""
"no-tradeoff-rwd","92","1045798","0.0-6.0-0.70","","","","","","","","1","8","2","img/house_2.png","img/house_3.png","676.6149997711182","2356.0500000603497","817.0400001108646","676.6149997711182,2356.0500000603497,817.0400001108646","70","70,13,32","null","","enter","7","",""
"no-tradeoff-rwd","93","1055298","0.0-6.0-0.71","","","","","","","","4","8","2","img/house_6.png","img/house_4.png","741.0300001502037","491.16000020876527","","741.0300001502037,491.16000020876527","74","74,32","null","","null","","",""
"no-tradeoff-rwd","94","1065778","0.0-6.0-0.72","","","","","","","","4","8","5","img/house_2.png","img/house_3.png","491.5800001472235","695.339999627322","2276.384999975562","491.5800001472235,695.339999627322,2276.384999975562","70","70,32,13","enter","7","null","","",""
"no-tradeoff-rwd","95","1074942","0.0-6.0-0.73","","","","","","","","1","2","4","img/house_3.png","img/house_2.png","1147.1000001765788","153.64499995484948","","1147.1000001765788,153.64499995484948","70","70,32","null","","null","","",""
"no-tradeoff-rwd","96","1086990","0.0-6.0-0.74","","","","","","","","4","2","0","img/house_4.png","img/house_6.png","815.4500001110137","3775.829999707639","763.075000140816","815.4500001110137,3775.829999707639,763.075000140816","74","74,13,32","null","","enter","5","",""
"no-tradeoff-rwd","97","1095032","0.0-6.0-0.75","","","","","","","","4","2","2","img/house_2.png","img/house_3.png","1005.6549999862909","535.0250001065433","","1005.6549999862909,535.0250001065433","70","70,32","null","","null","","",""
"no-tradeoff-rwd","98","1105583","0.0-6.0-0.76","","","","","","","","4","1","1","img/house_2.png","img/house_3.png","773.3649997971952","447.819999884814","2591.9249998405576","773.3649997971952,447.819999884814,2591.9249998405576","74","74,32,13","enter","7","null","","",""
"no-tradeoff-rwd","99","1113861","0.0-6.0-0.77","","","","","","","","4","0","2","img/house_2.png","img/house_3.png","720.6199998036027","770.5399999395013","","720.6199998036027,770.5399999395013","70","70,32","null","","null","","",""
"no-tradeoff-rwd","100","1125072","0.0-6.0-0.78","","","","","","","","4","0","1","img/house_6.png","img/house_4.png","1093.2749998755753","2967.8150000981987","733.5950001142919","1093.2749998755753,2967.8150000981987,733.5950001142919","74","74,13,32","null","","enter","7","",""
"no-tradeoff-rwd","101","1133026","0.0-6.0-0.79","","","","","","","","4","0","0","img/house_6.png","img/house_4.png","567.5849998369813","444.0699997358024","","567.5849998369813,444.0699997358024","70","70,32","null","","null","","",""
"no-tradeoff-rwd","102","1143376","0.0-6.0-0.80","","","","","","","","4","2","3","img/house_2.png","img/house_3.png","943.3949999511242","427.7699999511242","2411.5200000815094","943.3949999511242,427.7699999511242,2411.5200000815094","70","70,32,13","enter","6","null","","",""
"no-tradeoff-rwd","103","1151642","0.0-6.0-0.81","","","","","","","","4","3","2","img/house_2.png","img/house_3.png","803.4600000828505","758.2649998366833","","803.4600000828505,758.2649998366833","70","70,32","null","","null","","",""
"no-tradeoff-rwd","104","1162002","0.0-6.0-0.82","","","","","","","","4","2","3","img/house_3.png","img/house_2.png","914.8749997839332","2266.3650000467896","582.4149996042252","914.8749997839332,2266.3650000467896,582.4149996042252","74","74,13,32","null","","enter","7","",""
"no-tradeoff-rwd","105","1170139","0.0-6.0-0.83","","","","","","","","4","3","1","img/house_2.png","img/house_3.png","725.3550002351403","626.9100001081824","","725.3550002351403,626.9100001081824","70","70,32","null","","null","","",""
"no-tradeoff-rwd","106","1180461","0.0-6.0-0.84","","","","","","","","1","6","2","img/house_2.png","img/house_3.png","983.2000001333654","647.7350001223385","2164.534999988973","983.2000001333654,647.7350001223385,2164.534999988973","70","70,32,13","enter","4","null","","",""
"no-tradeoff-rwd","107","1188503","0.0-6.0-0.85","","","","","","","","4","7","5","img/house_2.png","img/house_3.png","745.7799999974668","532.3349996469915","","745.7799999974668,532.3349996469915","70","70,32","null","","null","","",""
"no-tradeoff-rwd","108","1199266","0.0-6.0-0.86","","","","","","","","4","5","7","img/house_4.png","img/house_6.png","943.4499996714294","2669.840000104159","584.1299998573959","943.4499996714294,2669.840000104159,584.1299998573959","74","74,13,32","null","","enter","5","",""
"no-tradeoff-rwd","109","1207343","0.0-6.0-0.87","","","","","","","","1","7","3","img/house_6.png","img/house_4.png","585.3349999524653","569.3049998953938","","585.3349999524653,569.3049998953938","74","74,32","null","","null","","",""
"no-tradeoff-rwd","110","1217795","0.0-6.0-0.88","","","","","","","","1","6","3","img/house_2.png","img/house_3.png","1404.0799997746944","743.1099996902049","2200.1750003546476","1404.0799997746944,743.1099996902049,2200.1750003546476","74","74,32,13","enter","6","null","","",""
"no-tradeoff-rwd","111","1225855","0.0-6.0-0.89","","","","","","","","4","9","5","img/house_6.png","img/house_4.png","1042.2600000165403","551.1000002734363","","1042.2600000165403,551.1000002734363","74","74,32","null","","null","","",""
"no-tradeoff-rwd","112","1236561","0.0-6.0-0.90","","","","","","","","1","8","5","img/house_2.png","img/house_3.png","1265.8449998125434","2608.93000010401","585.9099999070168","1265.8449998125434,2608.93000010401,585.9099999070168","74","74,13,32","null","","enter","7","",""
"no-tradeoff-rwd","113","1244395","0.0-6.0-0.91","","","","","","","","4","7","1","img/house_6.png","img/house_4.png","532.6200001873076","326.10000018030405","","532.6200001873076,326.10000018030405","74","74,32","null","","null","","",""
"no-tradeoff-rwd","114","1289741","0.0-6.0-0.92","","","","","","","","1","3","1","img/house_6.png","img/house_4.png","596.2100001052022","973.6350001767278","36862.135000061244","596.2100001052022,973.6350001767278,36862.135000061244","74","74,32,13","enter","4","null","","",""
"no-tradeoff-rwd","115","1298298","0.0-6.0-0.93","","","","","","","","1","0","2","img/house_2.png","img/house_3.png","679.3700000271201","1048.200000077486","","679.3700000271201,1048.200000077486","70","70,32","null","","null","","",""
"no-tradeoff-rwd","116","1310001","0.0-6.0-0.94","","","","","","","","4","3","1","img/house_2.png","img/house_3.png","736.569999717176","3442.5800000317395","752.3699998855591","736.569999717176,3442.5800000317395,752.3699998855591","74","74,13,32","null","","enter","8","",""
"no-tradeoff-rwd","117","1318111","0.0-6.0-0.95","","","","","","","","1","6","1","img/house_2.png","img/house_3.png","674.3850000202656","600.804999936372","","674.3850000202656,600.804999936372","70","70,32","null","","null","","",""
"no-tradeoff-rwd","118","1329091","0.0-6.0-0.96","","","","","","","","4","7","1","img/house_2.png","img/house_3.png","597.6849999278784","815.5749998986721","2654.8549998551607","597.6849999278784,815.5749998986721,2654.8549998551607","70","70,32,13","enter","6","null","","",""
"no-tradeoff-rwd","119","1337402","0.0-6.0-0.97","","","","","","","","4","8","0","img/house_2.png","img/house_3.png","814.7849999368191","802.0150000229478","","814.7849999368191,802.0150000229478","74","74,32","null","","null","","",""
"no-tradeoff-rwd","120","1348407","0.0-6.0-0.98","","","","","","","","4","7","0","img/house_2.png","img/house_3.png","519.4500000216067","2874.2450000718236","621.5400001965463","519.4500000216067,2874.2450000718236,621.5400001965463","74","74,13,32","null","","enter","9","",""
"no-tradeoff-rwd","121","1356499","0.0-6.0-0.99","","","","","","","","1","3","6","img/house_3.png","img/house_2.png","583.9350000023842","584.0050000697374","","583.9350000023842,584.0050000697374","74","74,32","null","","null","","",""
"no-tradeoff-rwd","122","1366402","0.0-6.0-0.100","","","","","","","","1","8","7","img/house_3.png","img/house_2.png","855.065000243485","241.3599998690188","2152.3299999535084","855.065000243485,241.3599998690188,2152.3299999535084","70","70,32,13","enter","3","null","","",""
"no-tradeoff-rwd","123","1374537","0.0-6.0-0.101","","","","","","","","4","6","7","img/house_6.png","img/house_4.png","1055.5349998176098","627.3400001227856","","1055.5349998176098,627.3400001227856","74","74,32","null","","null","","",""
"no-tradeoff-rwd","124","1385576","0.0-6.0-0.102","","","","","","","","4","6","7","img/house_6.png","img/house_4.png","451.0499997995794","2530.0000002607703","999.7299998067319","451.0499997995794,2530.0000002607703,999.7299998067319","74","74,13,32","null","","enter","8","",""
"no-tradeoff-rwd","125","1393742","0.0-6.0-0.103","","","","","","","","1","6","7","img/house_3.png","img/house_2.png","837.0849997736514","659.3800000846386","","837.0849997736514,659.3800000846386","70","70,32","null","","null","","",""
"no-tradeoff-rwd","126","1403831","0.0-6.0-0.104","","","","","","","","1","6","6","img/house_4.png","img/house_6.png","549.6149999089539","444.130000192672","2136.8849999271333","549.6149999089539,444.130000192672,2136.8849999271333","70","70,32,13","enter","3","null","","",""
"no-tradeoff-rwd","127","1411483","0.0-6.0-0.105","","","","","","","","1","7","5","img/house_4.png","img/house_6.png","766.7000000365078","143.47000000998378","","766.7000000365078,143.47000000998378","74","74,32","null","","null","","",""
"no-tradeoff-rwd","128","1422621","0.0-6.0-0.106","","","","","","","","1","7","2","img/house_4.png","img/house_6.png","649.1399998776615","2980.3349999710917","647.6950002834201","649.1399998776615,2980.3349999710917,647.6950002834201","74","74,13,32","null","","enter","7","",""
"no-tradeoff-rwd","129","1430699","0.0-6.0-0.107","","","","","","","","4","1","4","img/house_2.png","img/house_3.png","753.985000308603","567.3599997535348","","753.985000308603,567.3599997535348","70","70,32","null","","null","","",""
"no-tradeoff-rwd","130","1441296","0.0-6.0-0.108","","","","","","","","4","1","2","img/house_2.png","img/house_3.png","450.49000019207597","519.1250001080334","2568.9050001092255","450.49000019207597,519.1250001080334,2568.9050001092255","70","70,32,13","enter","6","null","","",""
"no-tradeoff-rwd","131","1449609","0.0-6.0-0.109","","","","","","","","1","4","4","img/house_4.png","img/house_6.png","1286.9150000624359","805.3950001485646","","1286.9150000624359,805.3950001485646","74","74,32","null","","null","","",""
"no-tradeoff-rwd","132","1460784","0.0-6.0-0.110","","","","","","","","4","3","4","img/house_2.png","img/house_3.png","885.939999949187","2987.4100000597537","679.4099998660386","885.939999949187,2987.4100000597537,679.4099998660386","70","70,13,32","null","","enter","6","",""
"no-tradeoff-rwd","133","1468551","0.0-6.0-0.111","","","","","","","","4","1","5","img/house_6.png","img/house_4.png","1163.7249998748302","259.3549997545779","","1163.7249998748302,259.3549997545779","70","70,32","null","","null","","",""
"no-tradeoff-rwd","134","1479961","0.0-6.0-0.112","","","","","","","","1","0","5","img/house_6.png","img/house_4.png","727.3750002495944","601.9349996931851","3297.644999809563","727.3750002495944,601.9349996931851,3297.644999809563","74","74,32,13","enter","4","null","","",""
"no-tradeoff-rwd","135","1484095","0.0-6.0-0.113","","","","","","","","1","0","","","","628.095000050962","","","628.095000050962","32","32","null","","null","","",""
"no-tradeoff-rwd","136","1494800","0.0-6.0-0.114","","","","","","","","4","2","9","img/house_6.png","img/house_4.png","390.9899997524917","2307.325000409037","888.9450002461672","390.9899997524917,2307.325000409037,888.9450002461672","70","70,13,32","null","","enter","5","",""
"no-tradeoff-rwd","137","1502892","0.0-6.0-0.115","","","","","","","","4","3","7","img/house_2.png","img/house_3.png","999.6899999678135","583.3699996583164","","999.6899999678135,583.3699996583164","74","74,32","null","","null","","",""
"no-tradeoff-rwd","138","1513048","0.0-6.0-0.116","","","","","","","","4","9","3","img/house_3.png","img/house_2.png","1143.2400001212955","462.95000007376075","2182.4249997735023","1143.2400001212955,462.95000007376075,2182.4249997735023","74","74,32,13","enter","6","null","","",""
"no-tradeoff-rwd","139","1521035","0.0-6.0-0.117","","","","","","","","1","4","5","img/house_3.png","img/house_2.png","1031.0300001874566","478.3399999141693","","1031.0300001874566,478.3399999141693","74","74,32","null","","null","","",""
"no-tradeoff-rwd","140","1531642","0.0-6.0-0.118","","","","","","","","1","5","7","img/house_4.png","img/house_6.png","1207.1500001475215","2437.870000023395","660.0649999454618","1207.1500001475215,2437.870000023395,660.0649999454618","70","70,13,32","null","","enter","7","",""
"no-tradeoff-rwd","141","1539786","0.0-6.0-0.119","","","","","","","","1","9","6","img/house_3.png","img/house_2.png","1316.835000179708","634.8500000312924","","1316.835000179708,634.8500000312924","70","70,32","null","","null","","",""
"call-function","142","1539787","0.0-7.0","","","","","","","","","","","","","","","","","","","","","","","",""
"html-keyboard-response","143","1542774","0.0-8.0","2986.9850003160536","<p>Now you will play the second game!</p><p>Press the space bar to begin reading the instructions for the second game.</p>","","","32","","","","","","","","","","","","","","","","","","",""
"instructions","144","2564326","0.0-9.0","1021551.1300000362","","","","","[{""page_index"":0,""viewing_time"":11440.160000231117},{""page_index"":1,""viewing_time"":12815.80499978736},{""page_index"":2,""viewing_time"":5736.320000141859},{""page_index"":3,""viewing_time"":11535.819999873638},{""page_index"":4,""viewing_time"":926911.900000181},{""page_index"":5,""viewing_time"":23310.9749997966},{""page_index"":6,""viewing_time"":17472.289999946952},{""page_index"":7,""viewing_time"":8272.000000346452},{""page_index"":8,""viewing_time"":4055.6299998424947}]","","","","","","","","","","","","","","","","","",""
"html-keyboard-response","145","2567829","0.0-10.0-0.0","3502.8749997727573","<p style=""font-size:24px;font-weight:bold"">TEST QUESTION</p><p>Which letter should you press to select the green tree on the left?</p><div class=group><table class=table_center><tr><td class=prompt colspan=2>Choose one</td></tr><tr style=""height: 300px;""><td style=""width: 300px;""><img id=""left"" src=img/tree_3.png style=""zoom: 100%;""/></td><td style=""width: 300px;""><img id=""right"" src=img/tree_7.png style=""zoom: 100%;""/></td></tr></table></div><br>","","","70","","true","","","","","","","","","","","","","","","","",""
"html-keyboard-response","146","2570832","0.0-10.0-1.0","null","<p style=""font-size:36px;font-weight:bold"">Correct!</p><p> Remember, press ""F"" for left and ""J"" for right. </p>","","","null","","","","","","","","","","","","","","","","","","",""
"html-keyboard-response","147","2572462","0.0-10.0-2.0","1629.6349996700883","<p style=""font-size:24px;font-weight:bold"">TEST QUESTION</p><p>Which letter should you press to select the red tree on the right?</p><div class=group><table class=table_center><tr><td class=prompt colspan=2>Choose one</td></tr><tr style=""height: 300px;""><td style=""width: 300px;""><img id=""left"" src=img/tree_3.png style=""zoom: 100%;""/></td><td style=""width: 300px;""><img id=""right"" src=img/tree_7.png style=""zoom: 100%;""/></td></tr></table></div><br>","","","74","","true","","","","","","","","","","","","","","","","",""
"html-keyboard-response","148","2575463","0.0-10.0-3.0","null","<p style=""font-size:36px;font-weight:bold"">Correct!</p><p> Remember, press ""F"" for left and ""J"" for right. </p>","","","null","","","","","","","","","","","","","","","","","","",""
"html-keyboard-response","149","2579595","0.0-10.0-4.0","4131.229999940842","<p style=""font-size:24px;font-weight:bold"">TEST QUESTION</p><p>Type the number of the <b> maximum </b> amount of shields an gnome can make</p>","","","57","","true","","","","","","","","","","","","","","","","",""
"html-keyboard-response","150","2582597","0.0-10.0-5.0","null","<p style=""font-size:36px;font-weight:bold"">Correct!</p><p> Remember, gnomes can make 0 to 9 shields. </p>","","","null","","","","","","","","","","","","","","","","","","",""
"html-keyboard-response","151","2586769","0.0-10.0-6.0","4171.1400002241135","<p style=""font-size:24px;font-weight:bold"">TEST QUESTION</p><p>Remember, the same tree always takes you to the same gnome. </p><p>On this trial, select the tree on the left by pressing ""F"".</p><div class=group><table class=table_center><tr><td class=prompt colspan=2>Choose one</td></tr><tr style=""height: 300px;""><td style=""width: 300px;""><img id=""left"" src=img/tree_1.png style=""zoom: 100%;""/></td><td style=""width: 300px;""><img id=""right"" src=img/tree_2.png style=""zoom: 100%;""/></td></tr></table></div><br>","","","70","","","","","","","","","","","","","","","","","","",""
"html-keyboard-response","152","2594073","0.0-10.0-7.0","7303.379999939352","<p style=""font-size:24px;font-weight:bold"">TEST QUESTION</p><p>The orange tree took you to the green gnome. </p><p> The green gnome gave you 8 shields. </p><p> The most shields a gnome can make is 9 shields, so this is a great outcome!</p><div class=group><table class=table_center><tr><td class=prompt colspan=3>You received</td></tr><tr style=""height: 300px;""><td><img src=img/gnome_green.png style=""zoom: 100%;""/></td><td><img src=img/shield.png style=""zoom: 30%;""/></td><td class=prompt>x 8</td></tr></table></div><br><p> Press space to continue </p>","","","32","","","","","","","","","","","","","","","","","","",""
"html-keyboard-response","153","2596151","0.0-10.0-8.0","2077.694999985397","<p style=""font-size:24px;font-weight:bold"">TEST QUESTION</p><p>If you wanted to visit the <b> green gnome </b> again, which tree would you select?</p><div class=group><table class=table_center><tr><td class=prompt colspan=2>Choose one</td></tr><tr style=""height: 300px;""><td style=""width: 300px;""><img id=""left"" src=img/tree_1.png style=""zoom: 100%;""/></td><td style=""width: 300px;""><img id=""right"" src=img/tree_2.png style=""zoom: 100%;""/></td></tr></table></div><br>","","","70","","true","","","","","","","","","","","","","","","","",""
"html-keyboard-response","154","2599152","0.0-10.0-9.0","null","<p style=""font-size:36px;font-weight:bold"">Correct!</p><p> Remember, the same tree goes to the same gnome. </p>","","","null","","","","","","","","","","","","","","","","","","",""
"html-keyboard-response","155","2601077","0.0-10.0-10.0","1924.594999756664","<p style=""font-size:24px;font-weight:bold"">TEST QUESTION</p><p>On this trial, select the tree on the right by pressing ""J"".</p><div class=group><table class=table_center><tr><td class=prompt colspan=2>Choose one</td></tr><tr style=""height: 300px;""><td style=""width: 300px;""><img id=""left"" src=img/tree_1.png style=""zoom: 100%;""/></td><td style=""width: 300px;""><img id=""right"" src=img/tree_2.png style=""zoom: 100%;""/></td></tr></table></div><br>","","","74","","","","","","","","","","","","","","","","","","",""
"html-keyboard-response","156","2605675","0.0-10.0-11.0","4597.320000175387","<p style=""font-size:24px;font-weight:bold"">TEST QUESTION</p><p>The blue tree took you to the purple gnome. </p><p> The purple gnome only gave you 1 shield. </p><p> That is not very much and is a pretty bad outcome.</p><div class=group><table class=table_center><tr><td class=prompt colspan=3>You received</td></tr><tr style=""height: 300px;""><td><img src=img/gnome_purple.png style=""zoom: 100%;""/></td><td><img src=img/shield.png style=""zoom: 30%;""/></td><td class=prompt>x 1</td></tr></table></div><br><p> Press space to continue </p>","","","32","","","","","","","","","","","","","","","","","","",""
"html-keyboard-response","157","2609158","0.0-10.0-12.0","3482.1300003677607","<p style=""font-size:24px;font-weight:bold"">TEST QUESTION</p><p>Remember the green gnome gave you 8 shields and the purple gnome only gave you 1 shield. </p><p> Which gnome would you try to visit next? </p><div class=group><table class=table_center><tr><td class=prompt colspan=2>Choose one</td></tr><tr style=""height: 300px;""><td style=""width: 300px;""><img id=""left"" src=img/gnome_green.png style=""zoom: 100%;""/></td><td style=""width: 300px;""><img id=""right"" src=img/gnome_purple.png style=""zoom: 100%;""/></td></tr></table></div><br>","","","70","","true","","","","","","","","","","","","","","","","",""
"html-keyboard-response","158","2612159","0.0-10.0-13.0","null","<p style=""font-size:36px;font-weight:bold"">Correct!</p><p> Remember, you want to select the gnome who gives you the most shields.</p>","","","null","","","","","","","","","","","","","","","","","","",""
"html-keyboard-response","159","2614422","0.0-10.0-14.0","2261.719999834895","<p style=""font-size:24px;font-weight:bold"">TEST QUESTION</p><p>To visit the green gnome, which tree should you visit? </p><div class=group><table class=table_center><tr><td class=prompt colspan=2>Choose one</td></tr><tr style=""height: 300px;""><td style=""width: 300px;""><img id=""left"" src=img/tree_1.png style=""zoom: 100%;""/></td><td style=""width: 300px;""><img id=""right"" src=img/tree_2.png style=""zoom: 100%;""/></td></tr></table></div><br>","","","70","","true","","","","","","","","","","","","","","","","",""
"html-keyboard-response","160","2617423","0.0-10.0-15.0","null","<p style=""font-size:36px;font-weight:bold"">Correct!</p><p>Remember, the same tree goes to the same gnome each time.</p>","","","null","","","","","","","","","","","","","","","","","","",""
"html-keyboard-response","161","2619926","0.0-10.0-16.0","2502.6199999265373","<p style=""font-size:36px;font-weight:bold"">You are ready to play!</p><p>The trees and gnomes in the actual game will be different than the practice. </p><p> Press space to start the game</p>","","","32","","","","","","","","","","","","","","","","","","",""
"no-tradeoff","162","2631805","0.0-11.0-0.0","","","","","","","","4","7","6","img/tree_9.png","img/tree_8.png","1017.4249997362494","1171.2899999693036","3195.3250002115965","1017.4249997362494,1171.2899999693036,3195.3250002115965","70","70,32,13","enter","5","null","","",""
"no-tradeoff","163","2640380","0.0-11.0-0.1","","","","","","","","4","7","6","img/tree_3.png","img/tree_7.png","1286.5499998442829","1065.4299999587238","","1286.5499998442829,1065.4299999587238","70","70,32","null","","null","","",""
"no-tradeoff","164","2651330","0.0-11.0-0.2","","","","","","","","1","7","9","img/tree_9.png","img/tree_8.png","1075.5400001071393","2639.2399999313056","801.4950002543628","1075.5400001071393,2639.2399999313056,801.4950002543628","70","70,13,32","null","","enter","6","",""
"no-tradeoff","165","2660746","0.0-11.0-0.3","","","","","","","","1","6","7","img/tree_9.png","img/tree_8.png","977.8050002641976","402.91000017896295","","977.8050002641976,402.91000017896295","70","70,32","null","","null","","",""
"no-tradeoff","166","2671121","0.0-11.0-0.4","","","","","","","","1","7","8","img/tree_9.png","img/tree_8.png","623.1499998830259","440.1849997229874","2425.0000002793968","623.1499998830259,440.1849997229874,2425.0000002793968","70","70,32,13","enter","5","null","","",""
"no-tradeoff","167","2679248","0.0-11.0-0.5","","","","","","","","1","6","8","img/tree_9.png","img/tree_8.png","1022.5499998778105","618.8849997706711","","1022.5499998778105,618.8849997706711","74","74,32","null","","null","","",""
"no-tradeoff","168","2691071","0.0-11.0-0.6","","","","","","","","1","5","6","img/tree_9.png","img/tree_8.png","749.4049998931587","3801.5250000171363","510.4549997486174","749.4049998931587,3801.5250000171363,510.4549997486174","70","70,13,32","null","","enter","6","",""
"no-tradeoff","169","2699069","0.0-11.0-0.7","","","","","","","","4","6","7","img/tree_9.png","img/tree_8.png","562.8349999897182","488.3200000040233","","562.8349999897182,488.3200000040233","70","70,32","null","","null","","",""
"no-tradeoff","170","2709463","0.0-11.0-0.8","","","","","","","","1","7","6","img/tree_3.png","img/tree_7.png","981.910000089556","480.35999992862344","2403.595000039786","981.910000089556,480.35999992862344,2403.595000039786","70","70,32,13","enter","5","null","","",""
"no-tradeoff","171","2717750","0.0-11.0-0.9","","","","","","","","4","6","8","img/tree_9.png","img/tree_8.png","1028.4899999387562","778.7349997088313","","1028.4899999387562,778.7349997088313","74","74,32","null","","null","","",""
"no-tradeoff","172","2728711","0.0-11.0-0.10","","","","","","","","4","6","6","img/tree_9.png","img/tree_8.png","658.7450001388788","3033.395000267774","416.1499999463558","658.7450001388788,3033.395000267774,416.1499999463558","74","74,13,32","null","","enter","7","",""
"no-tradeoff","173","2736779","0.0-11.0-0.11","","","","","","","","1","9","3","img/tree_7.png","img/tree_3.png","1143.3799997903407","559.4800002872944","","1143.3799997903407,559.4800002872944","70","70,32","null","","null","","",""
"no-tradeoff","174","2748843","0.0-11.0-0.12","","","","","","","","1","6","1","img/tree_8.png","img/tree_9.png","1017.0599999837577","1203.130000270903","3352.590000256896","1017.0599999837577,1203.130000270903,3352.590000256896","70","70,32,13","enter","7","null","","",""
"no-tradeoff","175","2756668","0.0-11.0-0.13","","","","","","","","4","7","1","img/tree_8.png","img/tree_9.png","683.7450000457466","317.37499963492155","","683.7450000457466,317.37499963492155","70","70,32","null","","null","","",""
"no-tradeoff","176","2760857","0.0-11.0-0.14","","","","","","","","1","0","","","","686.7049997672439","","","686.7049997672439","32","32","null","","null","","",""
"no-tradeoff","177","2768663","0.0-11.0-0.15","","","","","","","","1","5","4","img/tree_8.png","img/tree_9.png","832.78499962762","297.19999991357327","","832.78499962762,297.19999991357327","74","74,32","null","","null","","",""
"no-tradeoff","178","2779379","0.0-11.0-0.16","","","","","","","","1","2","4","img/tree_7.png","img/tree_3.png","894.0149997361004","1098.4000000171363","2109.5150001347065","894.0149997361004,1098.4000000171363,2109.5150001347065","70","70,32,13","enter","5","null","","",""
"no-tradeoff","179","2787659","0.0-11.0-0.17","","","","","","","","4","4","4","img/tree_3.png","img/tree_7.png","1145.600000396371","769.7700001299381","","1145.600000396371,769.7700001299381","70","70,32","null","","null","","",""
"no-tradeoff","180","2798128","0.0-11.0-0.18","","","","","","","","1","4","8","img/tree_9.png","img/tree_8.png","957.349999807775","2395.809999667108","562.5350000336766","957.349999807775,2395.809999667108,562.5350000336766","70","70,13,32","null","","enter","6","",""
"no-tradeoff","181","2805896","0.0-11.0-0.19","","","","","","","","1","2","7","img/tree_9.png","img/tree_8.png","869.9500001966953","259.39999986439943","","869.9500001966953,259.39999986439943","74","74,32","null","","null","","",""
"no-tradeoff","182","2816016","0.0-11.0-0.20","","","","","","","","4","2","6","img/tree_9.png","img/tree_8.png","709.9150000140071","67.49500008299947","2543.1200000457466","709.9150000140071,67.49500008299947,2543.1200000457466","70","70,32,13","enter","5","null","","",""
"no-tradeoff","183","2823786","0.0-11.0-0.21","","","","","","","","1","3","4","img/tree_8.png","img/tree_9.png","991.2849999964237","261.49499975144863","","991.2849999964237,261.49499975144863","70","70,32","null","","null","","",""
"no-tradeoff","184","2835926","0.0-11.0-0.22","","","","","","","","1","6","6","img/tree_9.png","img/tree_8.png","912.2299998998642","3492.6650002598763","1137.6550002023578","912.2299998998642,3492.6650002598763,1137.6550002023578","74","74,13,32","null","","enter","4","",""
"no-tradeoff","185","2844034","0.0-11.0-0.23","","","","","","","","4","7","8","img/tree_3.png","img/tree_7.png","835.7699997723103","600.1049997285008","","835.7699997723103,600.1049997285008","74","74,32","null","","null","","",""
"no-tradeoff","186","2854336","0.0-11.0-0.24","","","","","","","","1","5","8","img/tree_9.png","img/tree_8.png","1158.5099999792874","319.0750000067055","2473.4650002792478","1158.5099999792874,319.0750000067055,2473.4650002792478","70","70,32,13","enter","7","null","","",""
"no-tradeoff","187","2862203","0.0-11.0-0.25","","","","","","","","4","5","9","img/tree_9.png","img/tree_8.png","629.2400001548231","357.6349997892976","","629.2400001548231,357.6349997892976","70","70,32","null","","null","","",""
"no-tradeoff","188","2873521","0.0-11.0-0.26","","","","","","","","1","6","7","img/tree_3.png","img/tree_7.png","1121.1950001306832","3348.8199999555945","459.9150000140071","1121.1950001306832,3348.8199999555945,459.9150000140071","70","70,13,32","null","","enter","7","",""
"no-tradeoff","189","2881282","0.0-11.0-0.27","","","","","","","","1","4","9","img/tree_3.png","img/tree_7.png","905.6700002402067","250.40500005707145","","905.6700002402067,250.40500005707145","74","74,32","null","","null","","",""
"no-tradeoff","190","2891510","0.0-11.0-0.28","","","","","","","","1","3","4","img/tree_3.png","img/tree_7.png","565.6050001271069","265.70999994874","2450.8799999020994","565.6050001271069,265.70999994874,2450.8799999020994","70","70,32,13","enter","7","null","","",""
"no-tradeoff","191","2899486","0.0-11.0-0.29","","","","","","","","1","2","7","img/tree_9.png","img/tree_8.png","789.284999947995","465.04999976605177","","789.284999947995,465.04999976605177","70","70,32","null","","null","","",""
"no-tradeoff","192","2911393","0.0-11.0-0.30","","","","","","","","4","8","1","img/tree_7.png","img/tree_3.png","1264.994999859482","3854.900000151247","541.7349999770522","1264.994999859482,3854.900000151247,541.7349999770522","70","70,13,32","null","","enter","9","",""
"no-tradeoff","193","2919304","0.0-11.0-0.31","","","","","","","","4","3","1","img/tree_7.png","img/tree_3.png","895.9499998018146","401.45500004291534","","895.9499998018146,401.45500004291534","74","74,32","null","","null","","",""
"no-tradeoff","194","2930537","0.0-11.0-0.32","","","","","","","","4","2","0","img/tree_3.png","img/tree_7.png","831.2699999660254","1316.5500001050532","2406.5749999135733","831.2699999660254,1316.5500001050532,2406.5749999135733","74","74,32,13","enter","7","null","","",""
"no-tradeoff","195","2940087","0.0-11.0-0.33","","","","","","","","1","1","1","img/tree_9.png","img/tree_8.png","709.6100002527237","538.8299999758601","","709.6100002527237,538.8299999758601","74","74,32","null","","null","","",""
"no-tradeoff","196","2950746","0.0-11.0-0.34","","","","","","","","1","1","1","img/tree_9.png","img/tree_8.png","649.4749998673797","2719.909999985248","429.1400001384318","649.4749998673797,2719.909999985248,429.1400001384318","70","70,13,32","null","","enter","7","",""
"no-tradeoff","197","2958522","0.0-11.0-0.35","","","","","","","","1","1","4","img/tree_9.png","img/tree_8.png","520.4949998296797","266.1650003865361","","520.4949998296797,266.1650003865361","74","74,32","null","","null","","",""
"no-tradeoff","198","2969563","0.0-11.0-0.36","","","","","","","","4","4","2","img/tree_8.png","img/tree_9.png","1203.989999834448","373.11500031501055","3156.6300000995398","1203.989999834448,373.11500031501055,3156.6300000995398","74","74,32,13","enter","6","null","","",""
"no-tradeoff","199","2977308","0.0-11.0-0.37","","","","","","","","1","2","1","img/tree_9.png","img/tree_8.png","944.2850002087653","235.24999991059303","","944.2850002087653,235.24999991059303","70","70,32","null","","null","","",""
"no-tradeoff","200","2988613","0.0-11.0-0.38","","","","","","","","4","3","2","img/tree_9.png","img/tree_8.png","665.2549998834729","2695.2349999919534","1099.3000003509223","665.2549998834729,2695.2349999919534,1099.3000003509223","74","74,13,32","null","","enter","5","",""
"no-tradeoff","201","2996446","0.0-11.0-0.39","","","","","","","","1","5","2","img/tree_7.png","img/tree_3.png","783.3349998109043","324.81000013649464","","783.3349998109043,324.81000013649464","70","70,32","null","","null","","",""
"no-tradeoff","202","3007173","0.0-11.0-0.40","","","","","","","","1","1","0","img/tree_7.png","img/tree_3.png","668.8149999827147","296.88500007614493","2921.4050001464784","668.8149999827147,296.88500007614493,2921.4050001464784","74","74,32,13","enter","5","null","","",""
"no-tradeoff","203","3015677","0.0-11.0-0.41","","","","","","","","4","2","0","img/tree_8.png","img/tree_9.png","686.5099999122322","995.5449998378754","","686.5099999122322,995.5449998378754","74","74,32","null","","null","","",""
"no-tradeoff","204","3026317","0.0-11.0-0.42","","","","","","","","1","1","4","img/tree_9.png","img/tree_8.png","891.1350001581013","2576.3099999167025","550.9850000962615","891.1350001581013,2576.3099999167025,550.9850000962615","74","74,13,32","null","","enter","7","",""
"no-tradeoff","205","3034156","0.0-11.0-0.43","","","","","","","","4","2","4","img/tree_3.png","img/tree_7.png","1057.7099998481572","331.2299996614456","","1057.7099998481572,331.2299996614456","70","70,32","null","","null","","",""
"no-tradeoff","206","3044987","0.0-11.0-0.44","","","","","","","","4","2","3","img/tree_3.png","img/tree_7.png","771.8949997797608","535.6350000947714","2785.6049998663366","771.8949997797608,535.6350000947714,2785.6049998663366","74","74,32,13","enter","5","null","","",""
"no-tradeoff","207","3053583","0.0-11.0-0.45","","","","","","","","1","2","3","img/tree_9.png","img/tree_8.png","635.8699998818338","1087.0499997399747","","635.8699998818338,1087.0499997399747","74","74,32","null","","null","","",""
"no-tradeoff","208","3065026","0.0-11.0-0.46","","","","","","","","4","3","5","img/tree_7.png","img/tree_3.png","674.2150001227856","3456.2499998137355","477.92499978095293","674.2150001227856,3456.2499998137355,477.92499978095293","74","74,13,32","null","","enter","8","",""
"no-tradeoff","209","3072747","0.0-11.0-0.47","","","","","","","","4","5","1","img/tree_3.png","img/tree_7.png","795.4450002871454","214.49499996379018","","795.4450002871454,214.49499996379018","70","70,32","null","","null","","",""
"no-tradeoff","210","3083892","0.0-11.0-0.48","","","","","","","","1","7","1","img/tree_3.png","img/tree_7.png","544.9049999006093","312.57500033825636","3321.2000001221895","544.9049999006093,312.57500033825636,3321.2000001221895","70","70,32,13","enter","5","null","","",""
"no-tradeoff","211","3088145","0.0-11.0-0.49","","","","","","","","1","0","","","","744.7850001044571","","","744.7850001044571","32","32","null","","null","","",""
"no-tradeoff","212","3604710","0.0-11.0-0.50","","","","","","","","4","6","3","img/tree_3.png","img/tree_7.png","503.7750001065433","505792.40000015125","1759.5600001513958","503.7750001065433,505792.40000015125,1759.5600001513958","74","74,13,32","null","","enter","5","",""
"no-tradeoff","213","3612553","0.0-11.0-0.51","","","","","","","","4","5","4","img/tree_9.png","img/tree_8.png","558.2100003957748","333.39500008150935","","558.2100003957748,333.39500008150935","74","74,32","null","","null","","",""
"no-tradeoff","214","3623085","0.0-11.0-0.52","","","","","","","","1","6","1","img/tree_9.png","img/tree_8.png","661.3900000229478","273.5299998894334","2749.019999988377","661.3900000229478,273.5299998894334,2749.019999988377","70","70,32,13","enter","6","null","","",""
"no-tradeoff","215","3630834","0.0-11.0-0.53","","","","","","","","4","8","0","img/tree_3.png","img/tree_7.png","893.0249996483326","238.12999995425344","","893.0249996483326,238.12999995425344","74","74,32","null","","null","","",""
"no-tradeoff","216","3641805","0.0-11.0-0.54","","","","","","","","1","8","1","img/tree_9.png","img/tree_8.png","452.9800000600517","3061.9099996984005","400.3000003285706","452.9800000600517,3061.9099996984005,400.3000003285706","70","70,13,32","null","","enter","7","",""
"no-tradeoff","217","3649576","0.0-11.0-0.55","","","","","","","","4","7","2","img/tree_3.png","img/tree_7.png","551.5299998223782","260.67000022158027","","551.5299998223782,260.67000022158027","70","70,32","null","","null","","",""
"no-tradeoff","218","3659764","0.0-11.0-0.56","","","","","","","","1","6","2","img/tree_9.png","img/tree_8.png","688.9700000174344","255.69500029087067","2412.690000142902","688.9700000174344,255.69500029087067,2412.690000142902","70","70,32,13","enter","7","null","","",""
"no-tradeoff","219","3667629","0.0-11.0-0.57","","","","","","","","4","7","5","img/tree_3.png","img/tree_7.png","579.4400000013411","357.88500029593706","","579.4400000013411,357.88500029593706","74","74,32","null","","null","","",""
"no-tradeoff","220","3678284","0.0-11.0-0.58","","","","","","","","4","5","6","img/tree_9.png","img/tree_8.png","580.8049999177456","2662.314999848604","482.7250000089407","580.8049999177456,2662.314999848604,482.7250000089407","74","74,13,32","null","","enter","8","",""
"no-tradeoff","221","3686088","0.0-11.0-0.59","","","","","","","","4","7","6","img/tree_3.png","img/tree_7.png","608.3749998360872","296.85499984771013","","608.3749998360872,296.85499984771013","74","74,32","null","","null","","",""
"no-tradeoff","222","3696684","0.0-11.0-0.60","","","","","","","","4","6","7","img/tree_3.png","img/tree_7.png","887.5549999065697","152.54999976605177","2932.210000231862","887.5549999065697,152.54999976605177,2932.210000231862","74","74,32,13","enter","7","null","","",""
"no-tradeoff","223","3704350","0.0-11.0-0.61","","","","","","","","1","6","9","img/tree_9.png","img/tree_8.png","622.4199999123812","156.75999969244003","","622.4199999123812,156.75999969244003","70","70,32","null","","null","","",""
"no-tradeoff","224","3714916","0.0-11.0-0.62","","","","","","","","1","8","9","img/tree_3.png","img/tree_7.png","541.0399995744228","2558.445000089705","497.1449999138713","541.0399995744228,2558.445000089705,497.1449999138713","74","74,13,32","null","","enter","7","",""
"no-tradeoff","225","3722692","0.0-11.0-0.63","","","","","","","","1","7","7","img/tree_9.png","img/tree_8.png","507.91999977082014","266.2899997085333","","507.91999977082014,266.2899997085333","70","70,32","null","","null","","",""
"no-tradeoff","226","5255343","0.0-11.0-0.64","","","","","","","","4","7","9","img/tree_3.png","img/tree_7.png","537.0149998925626","281.78999992087483","1524859.7650001757","537.0149998925626,281.78999992087483,1524859.7650001757","70","70,32,13","enter","5","null","","",""
"no-tradeoff","227","5263232","0.0-11.0-0.65","","","","","","","","4","8","4","img/tree_3.png","img/tree_7.png","419.77000003680587","377.2599999792874","","419.77000003680587,377.2599999792874","70","70,32","null","","null","","",""
"no-tradeoff","228","5273915","0.0-11.0-0.66","","","","","","","","4","6","3","img/tree_9.png","img/tree_8.png","400.7200002670288","2323.2250004075468","848.8849997520447","400.7200002670288,2323.2250004075468,848.8849997520447","70","70,13,32","null","","enter","7","",""
"no-tradeoff","229","5281552","0.0-11.0-0.67","","","","","","","","4","3","2","img/tree_3.png","img/tree_7.png","524.2449999786913","128.51499998942018","","524.2449999786913,128.51499998942018","70","70,32","null","","null","","",""
"no-tradeoff","230","5462064","0.0-11.0-0.68","","","","","","","","4","3","2","img/tree_9.png","img/tree_8.png","649.789999704808","391.20500022545457","172609.73499994725","649.789999704808,391.20500022545457,172609.73499994725","74","74,32,13","enter","6","null","","",""
"no-tradeoff","231","5469685","0.0-11.0-0.69","","","","","","","","1","3","1","img/tree_3.png","img/tree_7.png","474.5100000873208","111.26000015065074","","474.5100000873208,111.26000015065074","70","70,32","null","","null","","",""
"no-tradeoff","232","5480523","0.0-11.0-0.70","","","","","","","","1","4","1","img/tree_3.png","img/tree_7.png","540.2750000357628","2792.194999754429","535.389999859035","540.2750000357628,2792.194999754429,535.389999859035","74","74,13,32","null","","enter","7","",""
"no-tradeoff","233","5488104","0.0-11.0-0.71","","","","","","","","4","5","3","img/tree_3.png","img/tree_7.png","499.25999995321035","71.43000001087785","","499.25999995321035,71.43000001087785","74","74,32","null","","null","","",""
"no-tradeoff","234","5876745","0.0-11.0-0.72","","","","","","","","4","6","3","img/tree_3.png","img/tree_7.png","630.464999936521","154.82999989762902","380976.18999984115","630.464999936521,154.82999989762902,380976.18999984115","70","70,32,13","enter","6","null","","",""
"no-tradeoff","235","5884595","0.0-11.0-0.73","","","","","","","","4","6","3","img/tree_9.png","img/tree_8.png","495.7000003196299","342.1300002373755","","495.7000003196299,342.1300002373755","70","70,32","null","","null","","",""
"no-tradeoff","236","5957373","0.0-11.0-0.74","","","","","","","","1","4","3","img/tree_3.png","img/tree_7.png","622.4000002257526","785.2100003510714","64486.335000023246","622.4000002257526,785.2100003510714,64486.335000023246,780.5000003427267","74","74,74,13,32","null","","enter","7","",""
"no-tradeoff","237","5964958","0.0-11.0-0.75","","","","","","","","1","3","1","img/tree_9.png","img/tree_8.png","558.3299999125302","74.89000027999282","","558.3299999125302,74.89000027999282","70","70,32","null","","null","","",""
"no-tradeoff","238","5975081","0.0-11.0-0.76","","","","","","","","1","3","0","img/tree_3.png","img/tree_7.png","446.8899997882545","56.24499963596463","2557.0800001733005","446.8899997882545,56.24499963596463,2557.0800001733005","74","74,32,13","enter","7","null","","",""
"no-tradeoff","239","5982605","0.0-11.0-0.77","","","","","","","","4","2","7","img/tree_8.png","img/tree_9.png","548.0749998241663","15.320000238716602","","548.0749998241663,15.320000238716602","70","70,32","null","","null","","",""
"no-tradeoff","240","5993215","0.0-11.0-0.78","","","","","","","","4","7","2","img/tree_9.png","img/tree_8.png","704.1349997743964","2590.1699997484684","508.54500010609627","704.1349997743964,2590.1699997484684,508.54500010609627","70","70,13,32","null","","enter","5","",""
"no-tradeoff","241","6000871","0.0-11.0-0.79","","","","","","","","1","3","7","img/tree_7.png","img/tree_3.png","768.2099998928607","147.88000006228685","","768.2099998928607,147.88000006228685","70","70,32","null","","null","","",""
"no-tradeoff","242","6010801","0.0-11.0-0.80","","","","","","","","4","4","5","img/tree_8.png","img/tree_9.png","552.7550000697374","7.835000287741423","2413.230000063777","552.7550000697374,7.835000287741423,2413.230000063777","70","70,32,13","enter","4","null","","",""
"no-tradeoff","243","6018445","0.0-11.0-0.81","","","","","","","","1","7","3","img/tree_3.png","img/tree_7.png","636.3599998876452","136.21999975293875","","636.3599998876452,136.21999975293875","74","74,32","null","","null","","",""
"no-tradeoff","244","6028886","0.0-11.0-0.82","","","","","","","","4","8","5","img/tree_3.png","img/tree_7.png","863.9299999922514","2385.3699997998774","547.5349999032915","863.9299999922514,2385.3699997998774,547.5349999032915","70","70,13,32","null","","enter","6","",""
"no-tradeoff","245","6036536","0.0-11.0-0.83","","","","","","","","4","6","5","img/tree_3.png","img/tree_7.png","700.8000002242625","140.78500028699636","","700.8000002242625,140.78500028699636","74","74,32","null","","null","","",""
"no-tradeoff","246","6047083","0.0-11.0-0.84","","","","","","","","1","2","5","img/tree_8.png","img/tree_9.png","1024.9499999918044","126.78999966010451","2909.355000127107","1024.9499999918044,126.78999966010451,2909.355000127107","70","70,32,13","enter","5","null","","",""
"no-tradeoff","247","6054614","0.0-11.0-0.85","","","","","","","","1","5","3","img/tree_9.png","img/tree_8.png","708.6249999701977","20.729999989271164","","708.6249999701977,20.729999989271164","74","74,32","null","","null","","",""
"no-tradeoff","248","6064838","0.0-11.0-0.86","","","","","","","","4","7","4","img/tree_3.png","img/tree_7.png","451.37500017881393","2345.1100001111627","370.15500012785196","451.37500017881393,2345.1100001111627,370.15500012785196","70","70,13,32","null","","enter","6","",""
"no-tradeoff","249","6072514","0.0-11.0-0.87","","","","","","","","4","4","5","img/tree_9.png","img/tree_8.png","482.6899999752641","169.28500030189753","","482.6899999752641,169.28500030189753","74","74,32","null","","null","","",""
"no-tradeoff","250","6083093","0.0-11.0-0.88","","","","","","","","1","0","1","img/tree_3.png","img/tree_7.png","427.84499982371926","265.92000015079975","2799.309999682009","427.84499982371926,265.92000015079975,2799.309999682009","74","74,32,13","enter","6","null","","",""
"no-tradeoff","251","6090778","0.0-11.0-0.89","","","","","","","","4","1","2","img/tree_3.png","img/tree_7.png","541.0849996842444","173.08999970555305","","541.0849996842444,173.08999970555305","74","74,32","null","","null","","",""
"no-tradeoff","252","6101242","0.0-11.0-0.90","","","","","","","","1","1","2","img/tree_7.png","img/tree_3.png","1113.7549998238683","2613.0200000479817","337.89499988779426","1113.7549998238683,2613.0200000479817,337.89499988779426","74","74,13,32","null","","enter","8","",""
"no-tradeoff","253","6109155","0.0-11.0-0.91","","","","","","","","4","0","4","img/tree_7.png","img/tree_3.png","481.44999984651804","403.9499997161329","","481.44999984651804,403.9499997161329","74","74,32","null","","null","","",""
"no-tradeoff","254","6119217","0.0-11.0-0.92","","","","","","","","1","4","2","img/tree_9.png","img/tree_8.png","474.38000002875924","0.20499993115663528","2550.7749998942018","474.38000002875924,0.20499993115663528,2550.7749998942018","74","74,32,13","enter","5","null","","",""
"no-tradeoff","255","6126736","0.0-11.0-0.93","","","","","","","","4","7","1","img/tree_3.png","img/tree_7.png","784.8649998195469","9.864999912679195","","784.8649998195469,9.864999912679195","70","70,32","null","","null","","",""
"no-tradeoff","256","6137158","0.0-11.0-0.94","","","","","","","","4","8","1","img/tree_9.png","img/tree_8.png","638.8799999840558","2611.219999846071","300.12999987229705","638.8799999840558,2611.219999846071,300.12999987229705","74","74,13,32","null","","enter","7","",""
"no-tradeoff","257","6144833","0.0-11.0-0.95","","","","","","","","1","7","3","img/tree_9.png","img/tree_8.png","1248.4450000338256","165.48500023782253","","1248.4450000338256,165.48500023782253","70","70,32","null","","null","","",""
"no-tradeoff","258","6155058","0.0-11.0-0.96","","","","","","","","1","6","5","img/tree_9.png","img/tree_8.png","662.5199997797608","3.494999837130308","2713.125000242144","662.5199997797608,3.494999837130308,2713.125000242144","70","70,32,13","enter","7","null","","",""
"no-tradeoff","259","6162574","0.0-11.0-0.97","","","","","","","","4","8","7","img/tree_9.png","img/tree_8.png","515.0350001640618","6.539999973028898","","515.0350001640618,6.539999973028898","74","74,32","null","","null","","",""
"no-tradeoff","260","6173730","0.0-11.0-0.98","","","","","","","","4","7","6","img/tree_3.png","img/tree_7.png","582.8299997374415","3095.2900000847876","553.3250002190471","582.8299997374415,3095.2900000847876,553.3250002190471","70","70,13,32","null","","enter","8","",""
"no-tradeoff","261","6181247","0.0-11.0-0.99","","","","","","","","4","6","4","img/tree_3.png","img/tree_7.png","752.2499999031425","8.894999977201223","","752.2499999031425,8.894999977201223","74","74,32","null","","null","","",""
"no-tradeoff","262","6192454","0.0-11.0-0.100","","","","","","","","1","7","0","img/tree_3.png","img/tree_7.png","416.230000089854","284.2100001871586","3414.2550001852214","416.230000089854,284.2100001871586,3414.2550001852214","74","74,32,13","enter","7","null","","",""
"no-tradeoff","263","6199994","0.0-11.0-0.101","","","","","","","","1","4","1","img/tree_9.png","img/tree_8.png","433.14999993890524","30.584999825805426","","433.14999993890524,30.584999825805426","74","74,32","null","","null","","",""
"no-tradeoff","264","6210869","0.0-11.0-0.102","","","","","","","","4","8","4","img/tree_9.png","img/tree_8.png","443.5600000433624","3008.640000130981","357.06500010564923","443.5600000433624,3008.640000130981,357.06500010564923","70","70,13,32","null","","enter","8","",""
"no-tradeoff","265","6218440","0.0-11.0-0.103","","","","","","","","1","8","8","img/tree_9.png","img/tree_8.png","596.1199998855591","62.51499988138676","","596.1199998855591,62.51499988138676","74","74,32","null","","null","","",""
"no-tradeoff","266","6229458","0.0-11.0-0.104","","","","","","","","1","9","9","img/tree_3.png","img/tree_7.png","594.3249999545515","165.60500022023916","3341.1300000734627","594.3249999545515,165.60500022023916,3341.1300000734627","74","74,32,13","enter","8","null","","",""
"no-tradeoff","267","6237222","0.0-11.0-0.105","","","","","","","","4","9","7","img/tree_9.png","img/tree_8.png","605.855000205338","253.95999988541007","","605.855000205338,253.95999988541007","74","74,32","null","","null","","",""
"no-tradeoff","268","6247518","0.0-11.0-0.106","","","","","","","","1","5","8","img/tree_9.png","img/tree_8.png","399.36499996110797","2367.8250000812113","416.58500023186207","399.36499996110797,2367.8250000812113,416.58500023186207","74","74,13,32","null","","enter","9","",""
"no-tradeoff","269","6255146","0.0-11.0-0.107","","","","","","","","1","7","7","img/tree_9.png","img/tree_8.png","433.5050000809133","119.51000010594726","","433.5050000809133,119.51000010594726","70","70,32","null","","null","","",""
"no-tradeoff","270","6266022","0.0-11.0-0.108","","","","","","","","4","5","8","img/tree_9.png","img/tree_8.png","444.9849999509752","125.15500001609325","3239.7999996319413","444.9849999509752,125.15500001609325,3239.7999996319413","74","74,32,13","enter","7","null","","",""
"no-tradeoff","271","6273607","0.0-11.0-0.109","","","","","","","","4","4","9","img/tree_3.png","img/tree_7.png","558.1700000911951","76.49499969556928","","558.1700000911951,76.49499969556928","74","74,32","null","","null","","",""
"no-tradeoff","272","6284675","0.0-11.0-0.110","","","","","","","","4","3","1","img/tree_7.png","img/tree_3.png","599.9200004152954","3208.960000425577","347.830000333488","599.9200004152954,3208.960000425577,347.830000333488","70","70,13,32","null","","enter","5","",""
"no-tradeoff","273","6292372","0.0-11.0-0.111","","","","","","","","1","2","4","img/tree_3.png","img/tree_7.png","393.7550000846386","187.34499998390675","","393.7550000846386,187.34499998390675","70","70,32","null","","null","","",""
"no-tradeoff","274","6302714","0.0-11.0-0.112","","","","","","","","4","1","4","img/tree_9.png","img/tree_8.png","685.2449998259544","61.8300000205636","2770.310000050813","685.2449998259544,61.8300000205636,2770.310000050813","70","70,32,13","enter","7","null","","",""
"no-tradeoff","275","6310348","0.0-11.0-0.113","","","","","","","","1","1","5","img/tree_9.png","img/tree_8.png","626.2999996542931","126.44999986514449","","626.2999996542931,126.44999986514449","70","70,32","null","","null","","",""
"no-tradeoff","276","6548652","0.0-11.0-0.114","","","","","","","","4","0","0","img/tree_3.png","img/tree_7.png","398.70999986305833","230189.5249998197","605.405000038445","398.70999986305833,230189.5249998197,605.405000038445","74","74,13,32","null","","enter","3","",""
"no-tradeoff","277","6556233","0.0-11.0-0.115","","","","","","","","4","0","6","img/tree_3.png","img/tree_7.png","500.1949998550117","72.76499969884753","","500.1949998550117,72.76499969884753","74","74,32","null","","null","","",""
"no-tradeoff","278","6566447","0.0-11.0-0.116","","","","","","","","1","1","8","img/tree_9.png","img/tree_8.png","743.0750001221895","15.33500012010336","2687.9499997012317","743.0750001221895,15.33500012010336,2687.9499997012317","74","74,32,13","enter","3","null","","",""
"no-tradeoff","279","6574106","0.0-11.0-0.117","","","","","","","","4","3","8","img/tree_3.png","img/tree_7.png","654.4499997980893","151.16999996826053","","654.4499997980893,151.16999996826053","70","70,32","null","","null","","",""
"no-tradeoff","280","6584495","0.0-11.0-0.118","","","","","","","","1","1","7","img/tree_9.png","img/tree_8.png","623.3450002036989","2453.9549998007715","425.2850003540516","623.3450002036989,2453.9549998007715,425.2850003540516","70","70,13,32","null","","enter","6","",""
"no-tradeoff","281","6588270","0.0-11.0-0.119","","","","","","","","4","0","","","","269.764999859035","","","269.764999859035","32","32","null","","null","","",""
"call-function","282","6588270","0.0-12.0","","","","","","","","","","","","","","","","","","","","","","","",""
"html-keyboard-response","283","6598227","0.0-13.0-0.0","9955.269999802113","<p><b> Now you will answer a few questionnaires</b></p><br> The following are statements that a person may either agree with or disagree with.</br><p>For each item, indicate how much you agree or disagree with what the item says by clicking your response. </p><p> Choose only one response and be as accurate and honest as you can. Do not worry about being consistent in your responses. </p><p> Press the space bar to start </p>","","","32","","","","","","","","","","","","","","","","","","",""
"survey-likert","284","6696839","0.0-13.0-1.0","98600.84499977529","","","{""BISBAS1"":1,""BISBAS2"":2,""BISBAS3"":1,""BISBAS4"":0,""BISBAS5"":0,""BISBAS6"":0,""BISBAS7"":0,""BISBAS8"":2,""BISBAS9"":1,""BISBAS10"":1,""BISBAS11"":2,""BISBAS12"":0,""BISBAS13"":0,""BISBAS14"":0,""BISBAS15"":2,""BISBAS16"":1,""BISBAS17"":1,""BISBAS18"":0,""BISBAS19"":0,""BISBAS20"":1,""BISBAS21"":1,""BISBAS22"":2,""BISBAS23"":0,""BISBAS24"":0}","","","","","","","","","","","","","","","","","","","","[0,1,2,3,4,5,6,7,8,9,10,11,12,13,14,15,16,17,18,19,20,21,22,23]"
"html-keyboard-response","285","6700682","0.0-14.0-0.0","3841.8450001627207","<p>Please indicate for each statement the degree to which each statement is descriptive of your mood <b> at this  moment </b>. </p><p> Press the space bar to start </p>","","","32","","","","","","","","","","","","","","","","","","",""
"survey-likert","286","6750213","0.0-14.0-1.0","49527.50999992713","","","{""STICSAS1"":0,""STICSAS2"":0,""STICSAS3"":0,""STICSAS4"":1,""STICSAS5"":1,""STICSAS6"":0,""STICSAS7"":0,""STICSAS8"":0,""STICSAS9"":0,""STICSAS10"":0,""STICSAS11"":1,""STICSAS12"":0,""STICSAS13"":0,""STICSAS14"":0,""STICSAS15"":0,""STICSAS16"":0,""STICSAS17"":0,""STICSAS18"":0,""STICSAS19"":0,""STICSAS20"":0,""STICSAS21"":0,""STICSAS22"":3}","","","","","","","","","","","","","","","","","","","","[0,1,2,3,4,5,6,7,8,9,10,11,12,13,14,15,16,17,18,19,20,21]"
"html-keyboard-response","287","6752991","0.0-15.0-0.0","2777.3899999447167","<p>Please indicate for each statement how often <b> in general </b> the statement is true for you. </p><p> Press the space bar to start </p>","","","32","","","","","","","","","","","","","","","","","","",""
"survey-likert","288","6796069","0.0-15.0-1.0","43073.76000005752","","","{""STICSAT1"":0,""STICSAT2"":0,""STICSAT3"":2,""STICSAT4"":2,""STICSAT5"":1,""STICSAT6"":0,""STICSAT7"":0,""STICSAT8"":0,""STICSAT9"":1,""STICSAT10"":1,""STICSAT11"":2,""STICSAT12"":0,""STICSAT13"":1,""STICSAT14"":0,""STICSAT15"":0,""STICSAT16"":1,""STICSAT17"":2,""STICSAT18"":0,""STICSAT19"":0,""STICSAT20"":0,""STICSAT21"":0}","","","","","","","","","","","","","","","","","","","","[0,1,2,3,4,5,6,7,8,9,10,11,12,13,14,15,16,17,18,19,20]"
"html-keyboard-response","289","6797747","0.0-16.0-0.0","1676.7699997872114","<p>Please indicate for each statement how much you agree. </p><p> Press the space bar to start </p>","","","32","","","","","","","","","","","","","","","","","","",""
"survey-likert","290","6848068","0.0-16.0-1.0","50317.4149999395","","","{""IUS1"":2,""IUS2"":4,""IUS3"":2,""IUS4"":3,""IUS5"":3,""IUS6"":0,""IUS7"":1,""IUS8"":3,""IUS9"":1,""IUS10"":1,""IUS11"":3,""IUS12"":3,""IUS13"":4}","","","","","","","","","","","","","","","","","","","","[0,1,2,3,4,5,6,7,8,9,10,11,12]"
"html-keyboard-response","291","6850841","0.0-17.0-0.0","2772.2749998793006","<p>Please indicate for each statement how you <b> generally </b> feel. </p><p> Press the space bar to start </p>","","","32","","","","","","","","","","","","","","","","","","",""
"survey-likert","292","6891973","0.0-17.0-1.0","41127.654999960214","","","{""STAIT1"":3,""STAIT2"":1,""STAIT3"":1,""STAIT4"":2,""STAIT5"":1,""STAIT6"":2,""STAIT7"":1,""STAIT8"":2,""STAIT9"":1,""STAIT10"":1,""STAIT11"":1,""STAIT12"":2,""STAIT13"":1,""STAIT14"":1,""STAIT15"":0,""STAIT16"":1,""STAIT17"":1,""STAIT18"":1,""STAIT19"":3,""STAIT20"":0}","","","","","","","","","","","","","","","","","","","","[0,1,2,3,4,5,6,7,8,9,10,11,12,13,14,15,16,17,18,19]"
"html-keyboard-response","293","6894144","0.0-18.0-0.0","2170.099999755621","<p>Please indicate for each statement how much you think each statement is typical of you. </p><p> Press the space bar to start </p>","","","32","","","","","","","","","","","","","","","","","","",""
"survey-likert","294","7242067","0.0-18.0-1.0","347915.63999978825","","","{""ACQ1"":4,""ACQ2"":2,""ACQ3"":1,""ACQ4"":4,""ACQ5"":4,""ACQ6"":2,""ACQ7"":4,""ACQ8"":3,""ACQ9"":1,""ACQ10"":4,""ACQ11"":4,""ACQ12"":4,""ACQ13"":5,""ACQ14"":3,""ACQ15"":4,""ACQ16"":3,""ACQ17"":4,""ACQ18"":0,""ACQ19"":4,""ACQ20"":3,""ACQ21"":4,""ACQ22"":3,""ACQ23"":4,""ACQ24"":3,""ACQ25"":1,""ACQ26"":3,""ACQ27"":4,""ACQ28"":3,""ACQ29"":4,""ACQ30"":3}","","","","","","","","","","","","","","","","","","","","[0,1,2,3,4,5,6,7,8,9,10,11,12,13,14,15,16,17,18,19,20,21,22,23,24,25,26,27,28,29]"
"html-keyboard-response","295","7244507","0.0-19.0-0.0","2436.264999676496","<p> For the following questions, indicate <b> how often </b> you felt or thought a certain way <b> during the last month </b>.</p><p> Press space to start </p>","","","32","","","","","","","","","","","","","","","","","","",""
"survey-likert","296","7280047","0.0-19.0-1.0","35535.42000008747","","","{""Stress1"":2,""Stress2"":1,""Stress3"":4,""Stress4"":3,""Stress5"":3,""Stress6"":1,""Stress7"":3,""Stress8"":3,""Stress9"":2,""Stress10"":3}","","","","","","","","","","","","","","","","","","","","[0,1,2,3,4,5,6,7,8,9]"
