"trial_type","trial_index","time_elapsed","internal_node_id","rt","stimulus","button_pressed","responses","key_press","view_history","correct","stakes","outcome","outcome_notreceived","choice_selected","choice_not_selected","rt_choice","rt_space","rt_certainty","all_rts","key_choice","all_keys","estimate_trial","estimate_val","certainty_trial","certainty_val","value","question_order"
"pavlovia","0","23","0.0-0.0","","","","","","","","","","","","","","","","","","","","","","","",""
"html-button-response","1","102012","0.0-1.0","101981.0350000007","<p style=""font-size:24px;font-weight:bold"">Consent</p><div class=""consent"" style=""text-align:left; border:1px solid; padding:10px; width:800px; font-size=100%, float:right""><p align=left>Thank you for signing up for this experiment!<p><p align=left>This experiment is being conducted by the California Institute of Technology (Caltech). The lead investigators are Sarah Tashjian, PhD and Dean Mobbs, PhD. This study has been approved by the Caltech Institutional Review Board for research ethics.<p><p align=left>The goal of this study is to understand learning processes. In this experiment, you will complete a task in which you will see images.<p><p align=left>At times, you will receive rewards and penalties. These earnings will determine your eligibility for a bonus payment, which will result in a real increase in your payment in this study.<p><p align=left>Your goal is to learn which images predict the most points. We will also ask how certain you are about your decisions throughout the task.<p><p align=left>This experiment will take approximately 1 hour to complete in its entirety.<p><p align=left><b>You will receive $9.00 for completing the experiment. <u>If you optimize decisions on at least 70% of trials, you will be eligible for a $100 bonus payment.</u></b><p><p align=left>This study involves minimal risk, meaning there will be no more risk than in daily life. Possible risks include physical discomfort/fatigue (eyestrain, tiredness), as well as psychological discomfort (e.g., potential boredom).<p><p align=left> Besides receiving payment, you will not benefit from this study.<p><p align=left><b>Any information that is obtained in connection with this study that can identify you will remain confidential. </b><p><p align=left>When the results of this study are reported, your identifying information will not be disclosed. Because this study is being conducted online, we are unable to fully eliminate the risk of a breach of confidentiality. However, to mitigate the chances of this occurring, we are using secure and confidential data collection systems.<p align=left>You may choose to withdraw from this study at any time and refuse to answer any questions without penalty. Also, you may choose not to participate in this study.<p><p align=left>You are <b>eligible</b> to participate if you (1) are 18-65 years old, (2) are fluent in English, (3) have healthy or corrected vision, (4) are not colorblind, and (5) have no difficulty controlling motor movements. <p><p align=left>If you do not meet these criteria, please exit the experiment now.<p><p align=center><b> If you meet these criteria and consent to participate, you must<br>indicate your consent by clicking the button below.<b></p>","0","","","","","","","","","","","","","","","","","","","","",""
"survey-text","2","126339","0.0-2.0-0.0","24311.259999998583","","","{""Q0"":""5b7dc2be82c07c0001c1db4e"",""Q1"":""24"",""Q2"":""female"",""Q3"":""female""}","","","","","","","","","","","","","","","","","","","",""
"html-keyboard-response","3","131075","0.0-3.0","4731.85999999987","<p>Welcome to the experiment!</p><p> You will play two games and answer a few questions.</p><p>Press the space bar to begin reading the instructions for the first game.</p>","","","32","","","","","","","","","","","","","","","","","","",""
"instructions","4","1026374","0.0-4.0","895276.4900000002","","","","","[{""page_index"":0,""viewing_time"":57419.480000000476},{""page_index"":1,""viewing_time"":36630.60000000041},{""page_index"":2,""viewing_time"":21961.54999999999},{""page_index"":3,""viewing_time"":22117.505000001955},{""page_index"":4,""viewing_time"":683708.2599999994},{""page_index"":5,""viewing_time"":27559.2799999977},{""page_index"":6,""viewing_time"":13583.65500000224},{""page_index"":7,""viewing_time"":18947.72000000009},{""page_index"":8,""viewing_time"":13347.5999999973}]","","","","","","","","","","","","","","","","","",""
"html-keyboard-response","5","1034283","0.0-5.0-0.0","7905.244999998133","<p style=""font-size:24px;font-weight:bold"">TEST QUESTION</p><p>Which letter should you press to select the green house on the left?</p><div class=group><table class=table_center><tr><td class=prompt colspan=2>Choose one</td></tr><tr style=""height: 300px;""><td style=""width: 300px;""><img id=""left"" src=img/house_3.png style=""zoom: 100%;""/></td><td style=""width: 300px;""><img id=""right"" src=img/house_2.png style=""zoom: 100%;""/></td></tr></table></div><br>","","","70","","true","","","","","","","","","","","","","","","","",""
"html-keyboard-response","6","1037287","0.0-5.0-1.0","null","<p style=""font-size:36px;font-weight:bold"">Correct!</p><p> Remember, press ""F"" for left and ""J"" for right. </p>","","","null","","","","","","","","","","","","","","","","","","",""
"html-keyboard-response","7","1043026","0.0-5.0-2.0","5737.34499999776","<p style=""font-size:24px;font-weight:bold"">TEST QUESTION</p><p>Which letter should you press to select the red house on the right?</p><div class=group><table class=table_center><tr><td class=prompt colspan=2>Choose one</td></tr><tr style=""height: 300px;""><td style=""width: 300px;""><img id=""left"" src=img/house_3.png style=""zoom: 100%;""/></td><td style=""width: 300px;""><img id=""right"" src=img/house_2.png style=""zoom: 100%;""/></td></tr></table></div><br>","","","74","","true","","","","","","","","","","","","","","","","",""
"html-keyboard-response","8","1046028","0.0-5.0-3.0","null","<p style=""font-size:36px;font-weight:bold"">Correct!</p><p> Remember, press ""F"" for left and ""J"" for right. </p>","","","null","","","","","","","","","","","","","","","","","","",""
"html-keyboard-response","9","1054399","0.0-5.0-4.0","8369.940000000643","<p style=""font-size:24px;font-weight:bold"">TEST QUESTION</p><p>Type the number of the <b> maximum </b> amount of sacks an elf can make</p>","","","57","","true","","","","","","","","","","","","","","","","",""
"html-keyboard-response","10","1057401","0.0-5.0-5.0","null","<p style=""font-size:36px;font-weight:bold"">Correct!</p><p> Remember, elves can make 0 to 9 sacks. </p>","","","null","","","","","","","","","","","","","","","","","","",""
"html-keyboard-response","11","1069552","0.0-5.0-6.0","12149.194999998203","<p style=""font-size:24px;font-weight:bold"">TEST QUESTION</p><p>Remember, the same house always takes you to the same elf. </p><p>On this trial, select the house on the left by pressing ""F"".</p><div class=group><table class=table_center><tr><td class=prompt colspan=2>Choose one</td></tr><tr style=""height: 300px;""><td style=""width: 300px;""><img id=""left"" src=img/house_1.png style=""zoom: 100%;""/></td><td style=""width: 300px;""><img id=""right"" src=img/house_5.png style=""zoom: 100%;""/></td></tr></table></div><br>","","","70","","","","","","","","","","","","","","","","","","",""
"html-keyboard-response","12","1085167","0.0-5.0-7.0","15611.645000000717","<p style=""font-size:24px;font-weight:bold"">TEST QUESTION</p><p>The red house took you to the yellow elf. </p><p> The yellow elf gave you 8 sacks. </p><p> The most sacks an elf can make is 9 sacks, so this is a great outcome!</p><div class=group><table class=table_center><tr><td class=prompt colspan=3>You received</td></tr><tr style=""height: 300px;""><td><img src=img/elf_yellow.png style=""zoom: 100%;""/></td><td><img src=img/sack.png style=""zoom: 30%;""/></td><td class=prompt>x 8</td></tr></table></div><br><p> Press space to continue </p>","","","32","","","","","","","","","","","","","","","","","","",""
"html-keyboard-response","13","1090217","0.0-5.0-8.0","5047.7699999974575","<p style=""font-size:24px;font-weight:bold"">TEST QUESTION</p><p>If you wanted to visit the <b> yellow elf </b> again, which house would you select?</p><div class=group><table class=table_center><tr><td class=prompt colspan=2>Choose one</td></tr><tr style=""height: 300px;""><td style=""width: 300px;""><img id=""left"" src=img/house_1.png style=""zoom: 100%;""/></td><td style=""width: 300px;""><img id=""right"" src=img/house_5.png style=""zoom: 100%;""/></td></tr></table></div><br>","","","70","","true","","","","","","","","","","","","","","","","",""
"html-keyboard-response","14","1093219","0.0-5.0-9.0","null","<p style=""font-size:36px;font-weight:bold"">Correct!</p><p> Remember, the same house goes to the same elf. </p>","","","null","","","","","","","","","","","","","","","","","","",""
"html-keyboard-response","15","1097514","0.0-5.0-10.0","4292.975000000326","<p style=""font-size:24px;font-weight:bold"">TEST QUESTION</p><p>On this trial, select the house on the right by pressing ""J"".</p><div class=group><table class=table_center><tr><td class=prompt colspan=2>Choose one</td></tr><tr style=""height: 300px;""><td style=""width: 300px;""><img id=""left"" src=img/house_1.png style=""zoom: 100%;""/></td><td style=""width: 300px;""><img id=""right"" src=img/house_5.png style=""zoom: 100%;""/></td></tr></table></div><br>","","","74","","","","","","","","","","","","","","","","","","",""
"html-keyboard-response","16","1106942","0.0-5.0-11.0","9426.830000000307","<p style=""font-size:24px;font-weight:bold"">TEST QUESTION</p><p>The blue house took you to the purple elf. </p><p> The purple elf only gave you 1 sack. </p><p> That is not very much and is a pretty bad outcome.</p><div class=group><table class=table_center><tr><td class=prompt colspan=3>You received</td></tr><tr style=""height: 300px;""><td><img src=img/elf_purple.png style=""zoom: 100%;""/></td><td><img src=img/sack.png style=""zoom: 30%;""/></td><td class=prompt>x 1</td></tr></table></div><br><p> Press space to continue </p>","","","32","","","","","","","","","","","","","","","","","","",""
"html-keyboard-response","17","1115434","0.0-5.0-12.0","8490.034999998985","<p style=""font-size:24px;font-weight:bold"">TEST QUESTION</p><p>Remember the yellow elf gave you 8 sacks and the purple elf only gave you 1 sack. </p><p> Which elf would you try to visit next? </p><div class=group><table class=table_center><tr><td class=prompt colspan=2>Choose one</td></tr><tr style=""height: 300px;""><td style=""width: 300px;""><img id=""left"" src=img/elf_yellow.png style=""zoom: 100%;""/></td><td style=""width: 300px;""><img id=""right"" src=img/elf_purple.png style=""zoom: 100%;""/></td></tr></table></div><br>","","","70","","true","","","","","","","","","","","","","","","","",""
"html-keyboard-response","18","1118436","0.0-5.0-13.0","null","<p style=""font-size:36px;font-weight:bold"">Correct!</p><p> Remember, you want to select the elf who gives you the most sacks.</p>","","","null","","","","","","","","","","","","","","","","","","",""
"html-keyboard-response","19","1122200","0.0-5.0-14.0","3763.304999996675","<p style=""font-size:24px;font-weight:bold"">TEST QUESTION</p><p>To visit the yellow elf, which house should you visit? </p><div class=group><table class=table_center><tr><td class=prompt colspan=2>Choose one</td></tr><tr style=""height: 300px;""><td style=""width: 300px;""><img id=""left"" src=img/house_1.png style=""zoom: 100%;""/></td><td style=""width: 300px;""><img id=""right"" src=img/house_5.png style=""zoom: 100%;""/></td></tr></table></div><br>","","","70","","true","","","","","","","","","","","","","","","","",""
"html-keyboard-response","20","1125202","0.0-5.0-15.0","null","<p style=""font-size:36px;font-weight:bold"">Correct!</p><p>Remember, the same house goes to the same elf each time.</p>","","","null","","","","","","","","","","","","","","","","","","",""
"html-keyboard-response","21","1149115","0.0-5.0-16.0","23909.625000000233","<p style=""font-size:36px;font-weight:bold"">You are ready to play!</p><p>The houses and elves in the actual game will be different than the practice. </p><p> Press the space bar to start the game</p>","","","32","","","","","","","","","","","","","","","","","","",""
"no-tradeoff-rwd","22","1155731","0.0-6.0-0.0","","","","","","","","1","0","","","","3106.8599999998696","","","3106.8599999998696","32","32","null","","null","","",""
"no-tradeoff-rwd","23","1165942","0.0-6.0-0.1","","","","","","","","4","4","6","img/house_4.png","img/house_6.png","305.01000000024214","1195.319999998901","","305.01000000024214,1195.319999998901","74","74,32","null","","null","","",""
"no-tradeoff-rwd","24","1189669","0.0-6.0-0.2","","","","","","","","4","6","3","img/house_2.png","img/house_3.png","642.214999999851","13265.24500000244","1448.8300000010058","642.214999999851,13265.24500000244,1448.8300000010058","70","70,13,32","null","","enter","3","",""
"no-tradeoff-rwd","25","1199593","0.0-6.0-0.3","","","","","","","","4","4","5","img/house_2.png","img/house_3.png","446.4499999994878","909.4450000012293","","446.4499999994878,909.4450000012293","70","70,32","null","","null","","",""
"no-tradeoff-rwd","26","1217297","0.0-6.0-0.4","","","","","","","","1","3","6","img/house_3.png","img/house_2.png","724.304999999702","709.0800000005402","7978.869999998948","724.304999999702,709.0800000005402,7978.869999998948","70","70,32,13","enter","4","null","","",""
"no-tradeoff-rwd","27","1227362","0.0-6.0-0.5","","","","","","","","4","3","8","img/house_4.png","img/house_6.png","1187.519999999553","1052.5899999991525","","1187.519999999553,1052.5899999991525","70","70,32","null","","null","","",""
"no-tradeoff-rwd","28","1245279","0.0-6.0-0.6","","","","","","","","1","8","4","img/house_6.png","img/house_4.png","906.3700000005774","8150.700000001816","752.7899999986403","906.3700000005774,8150.700000001816,752.7899999986403","74","74,13,32","null","","enter","5","",""
"no-tradeoff-rwd","29","1254878","0.0-6.0-0.7","","","","","","","","1","5","8","img/house_3.png","img/house_2.png","562.7749999985099","585.080000000773","","562.7749999985099,585.080000000773","74","74,32","null","","null","","",""
"no-tradeoff-rwd","30","1270998","0.0-6.0-0.8","","","","","","","","1","6","7","img/house_3.png","img/house_2.png","697.4599999992643","2351.804999998538","4750.654999999795","697.4599999992643,2351.804999998538,4750.654999999795","74","74,32,13","enter","r","null","","",""
"no-tradeoff-rwd","31","1280739","0.0-6.0-0.9","","","","","","","","1","3","8","img/house_4.png","img/house_6.png","404.46499999961816","728.2649999980349","","404.46499999961816,728.2649999980349","74","74,32","null","","null","","",""
"no-tradeoff-rwd","32","1294615","0.0-6.0-0.10","","","","","","","","1","4","7","img/house_3.png","img/house_2.png","725.5949999997392","3867.005000000121","993.9649999979883","725.5949999997392,3867.005000000121,993.9649999979883","70","70,13,32","null","","enter","5","",""
"no-tradeoff-rwd","33","1304249","0.0-6.0-0.11","","","","","","","","1","2","4","img/house_3.png","img/house_2.png","661.6700000013225","621.8799999987241","","661.6700000013225,621.8799999987241","70","70,32","null","","null","","",""
"no-tradeoff-rwd","34","1318391","0.0-6.0-0.12","","","","","","","","1","7","1","img/house_4.png","img/house_6.png","1347.1649999993388","1006.3350000018254","4122.654999999329","1347.1649999993388,1006.3350000018254,4122.654999999329","70","70,32,13","enter","4","null","","",""
"no-tradeoff-rwd","35","1328324","0.0-6.0-0.13","","","","","","","","1","1","3","img/house_2.png","img/house_3.png","687.7050000003073","920.7099999985658","","687.7050000003073,920.7099999985658","74","74,32","null","","null","","",""
"no-tradeoff-rwd","36","1341290","0.0-6.0-0.14","","","","","","","","1","5","1","img/house_3.png","img/house_2.png","945.3549999997485","3142.1799999987707","810.4249999998137","945.3549999997485,3142.1799999987707,810.4249999998137","74","74,13,32","null","","enter","7","",""
"no-tradeoff-rwd","37","1349197","0.0-6.0-0.15","","","","","","","","4","3","7","img/house_2.png","img/house_3.png","479.52500000270084","396.68000000179745","","479.52500000270084,396.68000000179745","74","74,32","null","","null","","",""
"no-tradeoff-rwd","38","1364208","0.0-6.0-0.16","","","","","","","","1","3","8","img/house_6.png","img/house_4.png","434.6399999994319","413.3250000013504","7086.300000002608","434.6399999994319,413.3250000013504,7086.300000002608","74","74,32,13","enter","8","null","","",""
"no-tradeoff-rwd","39","1372036","0.0-6.0-0.17","","","","","","","","4","6","5","img/house_2.png","img/house_3.png","478.23000000044703","317.1699999982957","","478.23000000044703,317.1699999982957","70","70,32","null","","null","","",""
"no-tradeoff-rwd","40","1384175","0.0-6.0-0.18","","","","","","","","1","7","5","img/house_6.png","img/house_4.png","804.864999998128","3191.1249999976717","1436.3350000020582","804.864999998128,3191.1249999976717,1436.3350000020582","70","70,13,32","null","","enter","4","",""
"no-tradeoff-rwd","41","1391957","0.0-6.0-0.19","","","","","","","","1","7","7","img/house_4.png","img/house_6.png","378.9050000014249","269.87499999813735","","378.9050000014249,269.87499999813735","74","74,32","null","","null","","",""
"no-tradeoff-rwd","42","1403669","0.0-6.0-0.20","","","","","","","","4","5","7","img/house_3.png","img/house_2.png","446.77500000037253","322.1799999992363","3877.759999999311","446.77500000037253,322.1799999992363,3877.759999999311","70","70,32,13","enter","8","null","","",""
"no-tradeoff-rwd","43","1411406","0.0-6.0-0.21","","","","","","","","4","8","3","img/house_2.png","img/house_3.png","388.3249999997206","226.2700000028126","","388.3249999997206,226.2700000028126","74","74,32","null","","null","","",""
"no-tradeoff-rwd","44","1424771","0.0-6.0-0.22","","","","","","","","4","4","4","img/house_2.png","img/house_3.png","441.25500000151806","4931.570000000764","921.7800000007264","441.25500000151806,4931.570000000764,921.7800000007264","70","70,13,32","null","","enter","9","",""
"no-tradeoff-rwd","45","1432601","0.0-6.0-0.23","","","","","","","","4","6","4","img/house_6.png","img/house_4.png","489.33499999856576","318.9300000013318","","489.33499999856576,318.9300000013318","74","74,32","null","","null","","",""
"no-tradeoff-rwd","46","1443316","0.0-6.0-0.24","","","","","","","","1","5","5","img/house_3.png","img/house_2.png","609.4600000034552","413.0449999975972","2790.5900000005495","609.4600000034552,413.0449999975972,2790.5900000005495","70","70,32,13","enter","5","null","","",""
"no-tradeoff-rwd","47","1451154","0.0-6.0-0.25","","","","","","","","4","5","7","img/house_2.png","img/house_3.png","412.6399999987334","325.86499999882653","","412.6399999987334,325.86499999882653","74","74,32","null","","null","","",""
"no-tradeoff-rwd","48","1463227","0.0-6.0-0.26","","","","","","","","1","1","7","img/house_4.png","img/house_6.png","442.93000000109896","3824.585000002058","730.8799999991897","442.93000000109896,3824.585000002058,730.8799999991897","70","70,13,32","null","","enter","5","",""
"no-tradeoff-rwd","49","1471297","0.0-6.0-0.27","","","","","","","","1","5","1","img/house_2.png","img/house_3.png","728.14500000095","559.5599999979604","","728.14500000095,559.5599999979604","74","74,32","null","","null","","",""
"no-tradeoff-rwd","50","1482669","0.0-6.0-0.28","","","","","","","","1","2","5","img/house_2.png","img/house_3.png","624.3849999993108","266.07999999751337","3593.4200000010896","624.3849999993108,266.07999999751337,3593.4200000010896","70","70,32,13","enter","9","null","","",""
"no-tradeoff-rwd","51","1490455","0.0-6.0-0.29","","","","","","","","1","1","1","img/house_6.png","img/house_4.png","601.9500000004191","276.34500000206754","","601.9500000004191,276.34500000206754","70","70,32","null","","null","","",""
"no-tradeoff-rwd","52","1502191","0.0-6.0-0.30","","","","","","","","1","3","3","img/house_2.png","img/house_3.png","765.8699999994133","3694.2899999993388","530.9850000010338","765.8699999994133,3694.2899999993388,530.9850000010338","70","70,13,32","null","","enter","8","",""
"no-tradeoff-rwd","53","1509936","0.0-6.0-0.31","","","","","","","","4","3","2","img/house_4.png","img/house_6.png","696.3649999997579","234.70000000088476","","696.3649999997579,234.70000000088476","74","74,32","null","","null","","",""
"no-tradeoff-rwd","54","1523805","0.0-6.0-0.32","","","","","","","","1","1","5","img/house_6.png","img/house_4.png","543.4199999980628","277.25999999884516","6077.36999999918","543.4199999980628,277.25999999884516,6077.36999999918","70","70,32,13","enter","4","null","","",""
"no-tradeoff-rwd","55","1531571","0.0-6.0-0.33","","","","","","","","4","0","2","img/house_6.png","img/house_4.png","739.4449999993667","255.01499999896623","","739.4449999993667,255.01499999896623","70","70,32","null","","null","","",""
"no-tradeoff-rwd","56","1543370","0.0-6.0-0.34","","","","","","","","1","1","0","img/house_4.png","img/house_6.png","543.8450000002049","3627.0949999997392","659.9349999995902","543.8450000002049,3627.0949999997392,659.9349999995902","70","70,13,32","null","","enter","2","",""
"no-tradeoff-rwd","57","1551251","0.0-6.0-0.35","","","","","","","","1","1","3","img/house_2.png","img/house_3.png","650.3899999987334","369.36499999882653","","650.3899999987334,369.36499999882653","70","70,32","null","","null","","",""
"no-tradeoff-rwd","58","1562034","0.0-6.0-0.36","","","","","","","","4","3","2","img/house_3.png","img/house_2.png","512.0700000005309","399.6699999989942","2872.0250000003725","512.0700000005309,399.6699999989942,2872.0250000003725","74","74,32,13","enter","6","null","","",""
"no-tradeoff-rwd","59","1569782","0.0-6.0-0.37","","","","","","","","1","2","7","img/house_6.png","img/house_4.png","520.5900000000838","236.9150000012014","","520.5900000000838,236.9150000012014","70","70,32","null","","null","","",""
"no-tradeoff-rwd","60","1582837","0.0-6.0-0.38","","","","","","","","1","7","0","img/house_3.png","img/house_2.png","402.0349999992177","4841.769999999087","699.7899999986403","402.0349999992177,4841.769999999087,699.7899999986403","74","74,13,32","null","","enter","3","",""
"no-tradeoff-rwd","61","1590926","0.0-6.0-0.39","","","","","","","","1","7","1","img/house_4.png","img/house_6.png","583.614999999525","577.0349999985192","","583.614999999525,577.0349999985192","70","70,32","null","","null","","",""
"no-tradeoff-rwd","62","1602670","0.0-6.0-0.40","","","","","","","","1","9","0","img/house_3.png","img/house_2.png","434.7200000009034","305.30999999982305","3927.4000000006054","434.7200000009034,305.30999999982305,3927.4000000006054","74","74,32,13","enter","3","null","","",""
"no-tradeoff-rwd","63","1610571","0.0-6.0-0.41","","","","","","","","1","4","7","img/house_6.png","img/house_4.png","640.4150000016671","391.73999999905936","","640.4150000016671,391.73999999905936","70","70,32","null","","null","","",""
"no-tradeoff-rwd","64","1621656","0.0-6.0-0.42","","","","","","","","1","9","3","img/house_4.png","img/house_6.png","477.5350000017788","2822.3799999977928","750.1400000001304","477.5350000017788,2822.3799999977928,750.1400000001304","74","74,13,32","null","","enter","3","",""
"no-tradeoff-rwd","65","1629733","0.0-6.0-0.43","","","","","","","","4","1","7","img/house_6.png","img/house_4.png","588.9449999993667","566.399999999674","","588.9449999993667,566.399999999674","74","74,32","null","","null","","",""
"no-tradeoff-rwd","66","1640826","0.0-6.0-0.44","","","","","","","","4","2","9","img/house_6.png","img/house_4.png","513.4150000012014","419.83499999693595","3161.570000000298","513.4150000012014,419.83499999693595,3161.570000000298","74","74,32,13","enter","9","null","","",""
"no-tradeoff-rwd","67","1648772","0.0-6.0-0.45","","","","","","","","4","7","1","img/house_3.png","img/house_2.png","745.5150000024587","435.2450000005774","","745.5150000024587,435.2450000005774","74","74,32","null","","null","","",""
"no-tradeoff-rwd","68","1661231","0.0-6.0-0.46","","","","","","","","4","7","4","img/house_3.png","img/house_2.png","587.384999999078","4345.2799999979325","600.8700000022072","587.384999999078,4345.2799999979325,600.8700000022072","74","74,13,32","null","","enter","7","",""
"no-tradeoff-rwd","69","1669406","0.0-6.0-0.47","","","","","","","","1","6","3","img/house_2.png","img/house_3.png","536.9150000007357","664.2150000005495","","536.9150000007357,664.2150000005495","70","70,32","null","","null","","",""
"no-tradeoff-rwd","70","1682745","0.0-6.0-0.48","","","","","","","","1","7","4","img/house_6.png","img/house_4.png","1112.9949999994133","606.2100000018254","5215.94000000204","1112.9949999994133,606.2100000018254,5215.94000000204","70","70,32,13","enter","4","null","","",""
"no-tradeoff-rwd","71","1690654","0.0-6.0-0.49","","","","","","","","1","4","8","img/house_3.png","img/house_2.png","835.7000000032131","396.0399999998044","","835.7000000032131,396.0399999998044","74","74,32","null","","null","","",""
"no-tradeoff-rwd","72","1708569","0.0-6.0-0.50","","","","","","","","1","8","2","img/house_6.png","img/house_4.png","985.069999998901","9807.919999999227","593.6550000004936","985.069999998901,9807.919999999227,593.6550000004936","74","74,13,32","null","","enter","5","",""
"no-tradeoff-rwd","73","1716623","0.0-6.0-0.51","","","","","","","","4","9","4","img/house_6.png","img/house_4.png","521.179999999702","541.7900000028312","","521.179999999702,541.7900000028312","74","74,32","null","","null","","",""
"no-tradeoff-rwd","74","1727694","0.0-6.0-0.52","","","","","","","","4","6","4","img/house_6.png","img/house_4.png","531.5100000007078","112.64999999897555","3445.7350000012666","531.5100000007078,112.64999999897555,3445.7350000012666","74","74,32,13","enter","0","null","","",""
"no-tradeoff-rwd","75","1735470","0.0-6.0-0.53","","","","","","","","4","7","4","img/house_6.png","img/house_4.png","955.5500000023749","264.7849999994505","","955.5500000023749,264.7849999994505","74","74,32","null","","null","","",""
"no-tradeoff-rwd","76","1745879","0.0-6.0-0.54","","","","","","","","1","2","5","img/house_3.png","img/house_2.png","549.9549999986775","2374.200000002049","520.0399999993388","549.9549999986775,2374.200000002049,520.0399999993388","70","70,13,32","null","","enter","3","",""
"no-tradeoff-rwd","77","1753838","0.0-6.0-0.55","","","","","","","","1","0","4","img/house_3.png","img/house_2.png","1149.3850000007078","448.2800000004936","","1149.3850000007078,448.2800000004936","74","74,32","null","","null","","",""
"no-tradeoff-rwd","78","1767153","0.0-6.0-0.56","","","","","","","","4","6","1","img/house_6.png","img/house_4.png","522.4999999990687","666.1199999982491","5134.780000000494","522.4999999990687,666.1199999982491,5134.780000000494","70","70,32,13","enter","9","null","","",""
"no-tradeoff-rwd","79","1774834","0.0-6.0-0.57","","","","","","","","1","7","1","img/house_2.png","img/house_3.png","473.644999998156","169.4500000011176","","473.644999998156,169.4500000011176","74","74,32","null","","null","","",""
"no-tradeoff-rwd","80","1785361","0.0-6.0-0.58","","","","","","","","4","2","5","img/house_3.png","img/house_2.png","945.7250000014901","2389.399999999907","626.3399999989197","945.7250000014901,2389.399999999907,626.3399999989197","74","74,13,32","null","","enter","6","",""
"no-tradeoff-rwd","81","1793271","0.0-6.0-0.59","","","","","","","","4","6","1","img/house_6.png","img/house_4.png","469.0599999995902","400.125","","469.0599999995902,400.125","74","74,32","null","","null","","",""
"no-tradeoff-rwd","82","1807727","0.0-6.0-0.60","","","","","","","","4","7","0","img/house_6.png","img/house_4.png","560.6900000020396","27.490000000456348","6915.399999998044","560.6900000020396,27.490000000456348,6915.399999998044","70","70,32,13","enter","8","null","","",""
"no-tradeoff-rwd","83","1815545","0.0-6.0-0.61","","","","","","","","1","1","7","img/house_4.png","img/house_6.png","949.4049999995623","308.4750000014901","","949.4049999995623,308.4750000014901","70","70,32","null","","null","","",""
"no-tradeoff-rwd","84","1828253","0.0-6.0-0.62","","","","","","","","4","8","1","img/house_2.png","img/house_3.png","922.0000000023283","4683.564999999246","512.2300000002142","922.0000000023283,4683.564999999246,512.2300000002142","74","74,13,32","null","","enter","7","",""
"no-tradeoff-rwd","85","1835805","0.0-6.0-0.63","","","","","","","","4","1","9","img/house_3.png","img/house_2.png","856.9900000002235","41.745000002207235","","856.9900000002235,41.745000002207235","74","74,32","null","","null","","",""
"no-tradeoff-rwd","86","1846131","0.0-6.0-0.64","","","","","","","","4","5","3","img/house_2.png","img/house_3.png","1086.2100000013597","400.50999999954365","2413.9549999998417","1086.2100000013597,400.50999999954365,2413.9549999998417","70","70,32,13","enter","6","null","","",""
"no-tradeoff-rwd","87","1853814","0.0-6.0-0.65","","","","","","","","1","1","6","img/house_4.png","img/house_6.png","835.9350000028498","174.76000000163913","","835.9350000028498,174.76000000163913","74","74,32","null","","null","","",""
"no-tradeoff-rwd","88","1866566","0.0-6.0-0.66","","","","","","","","4","6","2","img/house_6.png","img/house_4.png","542.6049999985844","4019.0249999978114","1220.1349999995437","542.6049999985844,4019.0249999978114,1220.1349999995437","70","70,13,32","null","","enter","9","",""
"no-tradeoff-rwd","89","1874715","0.0-6.0-0.67","","","","","","","","1","7","5","img/house_2.png","img/house_3.png","949.9150000012014","638.9799999997485","","949.9150000012014,638.9799999997485","74","74,32","null","","null","","",""
"no-tradeoff-rwd","90","1887698","0.0-6.0-0.68","","","","","","","","1","4","2","img/house_2.png","img/house_3.png","763.890000001993","889.2400000004563","4580.884999999311","763.890000001993,889.2400000004563,4580.884999999311","70","70,32,13","enter","6","null","","",""
"no-tradeoff-rwd","91","1895962","0.0-6.0-0.69","","","","","","","","1","3","6","img/house_4.png","img/house_6.png","1227.5700000026263","754.5349999999162","","1227.5700000026263,754.5349999999162","70","70,32","null","","null","","",""
"no-tradeoff-rwd","92","1907276","0.0-6.0-0.70","","","","","","","","1","6","5","img/house_2.png","img/house_3.png","598.7399999976624","3176.1399999996647","624.339999998454","598.7399999976624,3176.1399999996647,624.339999998454","70","70,13,32","null","","enter","8","",""
"no-tradeoff-rwd","93","1915590","0.0-6.0-0.71","","","","","","","","4","6","1","img/house_6.png","img/house_4.png","890.1950000000652","802.81000000122","","890.1950000000652,802.81000000122","70","70,32","null","","null","","",""
"no-tradeoff-rwd","94","1927988","0.0-6.0-0.72","","","","","","","","1","5","1","img/house_6.png","img/house_4.png","938.7199999983422","534.4000000003725","4351.389999999898","938.7199999983422,534.4000000003725,4351.389999999898","74","74,32,13","enter","4","null","","",""
"no-tradeoff-rwd","95","1937949","0.0-6.0-0.73","","","","","","","","1","8","1","img/house_2.png","img/house_3.png","923.6400000010617","945.8649999978952","","923.6400000010617,945.8649999978952","74","74,32","null","","null","","",""
"no-tradeoff-rwd","96","1949943","0.0-6.0-0.74","","","","","","","","1","8","1","img/house_6.png","img/house_4.png","726.385000001872","3013.820000000065","1467.6650000000373","726.385000001872,3013.820000000065,1467.6650000000373","74","74,13,32","null","","enter","4","",""
"no-tradeoff-rwd","97","1957977","0.0-6.0-0.75","","","","","","","","1","7","1","img/house_6.png","img/house_4.png","888.0050000008196","522.410000001546","","888.0050000008196,522.410000001546","74","74,32","null","","null","","",""
"no-tradeoff-rwd","98","1968670","0.0-6.0-0.76","","","","","","","","4","8","2","img/house_6.png","img/house_4.png","859.5499999974854","276.8050000013318","2903.70500000054","859.5499999974854,276.8050000013318,2903.70500000054","70","70,32,13","enter","8","null","","",""
"no-tradeoff-rwd","99","1976522","0.0-6.0-0.77","","","","","","","","4","7","1","img/house_6.png","img/house_4.png","705.3049999994691","341.21500000031665","","705.3049999994691,341.21500000031665","70","70,32","null","","null","","",""
"no-tradeoff-rwd","100","1987363","0.0-6.0-0.78","","","","","","","","1","8","1","img/house_2.png","img/house_3.png","712.4599999987986","2695.2099999981","632.1449999997858","712.4599999987986,2695.2099999981,632.1449999997858","74","74,13,32","null","","enter","6","",""
"no-tradeoff-rwd","101","1995432","0.0-6.0-0.79","","","","","","","","1","7","1","img/house_6.png","img/house_4.png","1018.9900000004563","558.3149999983143","","1018.9900000004563,558.3149999983143","74","74,32","null","","null","","",""
"no-tradeoff-rwd","102","2007297","0.0-6.0-0.80","","","","","","","","4","8","2","img/house_6.png","img/house_4.png","656.4299999990035","479.4000000001397","3871.619999998249","656.4299999990035,479.4000000001397,3871.619999998249","74","74,32,13","enter","7","null","","",""
"no-tradeoff-rwd","103","2015220","0.0-6.0-0.81","","","","","","","","4","7","2","img/house_6.png","img/house_4.png","864.2650000001304","410.7149999982212","","864.2650000001304,410.7149999982212","74","74,32","null","","null","","",""
"no-tradeoff-rwd","104","2027322","0.0-6.0-0.82","","","","","","","","4","4","4","img/house_2.png","img/house_3.png","603.3399999977555","3496.0300000021234","1092.2550000031479","603.3399999977555,3496.0300000021234,1092.2550000031479","74","74,13,32","null","","enter","6","",""
"no-tradeoff-rwd","105","2035220","0.0-6.0-0.83","","","","","","","","4","3","2","img/house_6.png","img/house_4.png","931.0899999982212","386.849999998929","","931.0899999982212,386.849999998929","70","70,32","null","","null","","",""
"no-tradeoff-rwd","106","2046716","0.0-6.0-0.84","","","","","","","","4","3","4","img/house_2.png","img/house_3.png","626.4800000027753","705.0750000018161","3279.8450000009034","626.4800000027753,705.0750000018161,3279.8450000009034","70","70,32,13","enter","7","null","","",""
"no-tradeoff-rwd","107","2054819","0.0-6.0-0.85","","","","","","","","1","4","7","img/house_2.png","img/house_3.png","784.7299999995157","593.069999998901","","784.7299999995157,593.069999998901","70","70,32","null","","null","","",""
"no-tradeoff-rwd","108","2066012","0.0-6.0-0.86","","","","","","","","4","5","6","img/house_6.png","img/house_4.png","547.7099999990314","3133.350000000093","545.5700000021607","547.7099999990314,3133.350000000093,545.5700000021607","70","70,13,32","null","","enter","9","",""
"no-tradeoff-rwd","109","2073881","0.0-6.0-0.87","","","","","","","","4","7","7","img/house_6.png","img/house_4.png","639.7250000007916","357.954999999376","","639.7250000007916,357.954999999376","74","74,32","null","","null","","",""
"no-tradeoff-rwd","110","2084853","0.0-6.0-0.88","","","","","","","","1","6","7","img/house_2.png","img/house_3.png","502.91500000073574","572.7899999984074","2887.0050000005867","502.91500000073574,572.7899999984074,2887.0050000005867","70","70,32,13","enter","5","null","","",""
"no-tradeoff-rwd","111","2092743","0.0-6.0-0.89","","","","","","","","1","9","7","img/house_2.png","img/house_3.png","771.6599999985192","380.33999999961816","","771.6599999985192,380.33999999961816","74","74,32","null","","null","","",""
"no-tradeoff-rwd","112","2104194","0.0-6.0-0.90","","","","","","","","1","8","8","img/house_3.png","img/house_2.png","1200.9550000003073","3091.0000000004657","847.1299999980256","1200.9550000003073,3091.0000000004657,847.1299999980256","74","74,13,32","null","","enter","3","",""
"no-tradeoff-rwd","113","2112325","0.0-6.0-0.91","","","","","","","","1","8","6","img/house_3.png","img/house_2.png","908.8449999983422","620.374999998603","","908.8449999983422,620.374999998603","74","74,32","null","","null","","",""
"no-tradeoff-rwd","114","2122430","0.0-6.0-0.92","","","","","","","","4","8","7","img/house_3.png","img/house_2.png","950.9549999963492","151.1049999971874","2441.5200000000186","950.9549999963492,151.1049999971874,2441.5200000000186","74","74,32,13","enter","7","null","","",""
"no-tradeoff-rwd","115","2130176","0.0-6.0-0.93","","","","","","","","4","7","7","img/house_6.png","img/house_4.png","875.3350000004284","235.53000000165775","","875.3350000004284,235.53000000165775","70","70,32","null","","null","","",""
"no-tradeoff-rwd","116","2140751","0.0-6.0-0.94","","","","","","","","1","6","9","img/house_3.png","img/house_2.png","589.5200000014156","2501.420000000857","554.1300000003539","589.5200000014156,2501.420000000857,554.1300000003539","70","70,13,32","null","","enter","5","",""
"no-tradeoff-rwd","117","2148553","0.0-6.0-0.95","","","","","","","","4","7","6","img/house_4.png","img/house_6.png","527.2149999979883","289.035000001546","","527.2149999979883,289.035000001546","70","70,32","null","","null","","",""
"no-tradeoff-rwd","118","2159241","0.0-6.0-0.96","","","","","","","","1","7","8","img/house_4.png","img/house_6.png","1218.6949999998324","655.7249999968335","2520.0250000017695","1218.6949999998324,655.7249999968335,2520.0250000017695","74","74,32,13","enter","6","null","","",""
"no-tradeoff-rwd","119","2167456","0.0-6.0-0.97","","","","","","","","1","9","9","img/house_6.png","img/house_4.png","1490.2049999982119","704.125","","1490.2049999982119,704.125","74","74,32","null","","null","","",""
"no-tradeoff-rwd","120","2179175","0.0-6.0-0.98","","","","","","","","4","9","8","img/house_4.png","img/house_6.png","1085.4399999990128","3663.505000000354","543.9449999979697","1085.4399999990128,3663.505000000354,543.9449999979697","70","70,13,32","null","","enter","7","",""
"no-tradeoff-rwd","121","2186958","0.0-6.0-0.99","","","","","","","","4","7","8","img/house_6.png","img/house_4.png","668.9849999998696","270.5700000007637","","668.9849999998696,270.5700000007637","74","74,32","null","","null","","",""
"no-tradeoff-rwd","122","2196710","0.0-6.0-0.100","","","","","","","","1","9","3","img/house_3.png","img/house_2.png","1020.5050000008196","22.88500000210479","2215.589999999851","1020.5050000008196,22.88500000210479,2215.589999999851","70","70,32,13","enter","7","null","","",""
"no-tradeoff-rwd","123","2205133","0.0-6.0-0.101","","","","","","","","1","1","6","img/house_2.png","img/house_3.png","615.339999999851","911.9350000000559","","615.339999999851,911.9350000000559","74","74,32","null","","null","","",""
"no-tradeoff-rwd","124","2217946","0.0-6.0-0.102","","","","","","","","1","5","0","img/house_3.png","img/house_2.png","1485.4500000001863","2910.704999998212","887.9200000013225","1485.4500000001863,2910.704999998212,887.9200000013225","70","70,13,32","null","","enter","7","",""
"no-tradeoff-rwd","125","2225880","0.0-6.0-0.103","","","","","","","","4","6","1","img/house_4.png","img/house_6.png","1136.050000000745","422.7399999983609","","1136.050000000745,422.7399999983609","74","74,32","null","","null","","",""
"no-tradeoff-rwd","126","2237885","0.0-6.0-0.104","","","","","","","","1","5","3","img/house_3.png","img/house_2.png","537.284999998752","111.45499999821186","2878.4250000026077","537.284999998752,111.45499999821186,2878.4250000026077","70","70,32,13","enter","7","null","","",""
"no-tradeoff-rwd","127","2245769","0.0-6.0-0.105","","","","","","","","1","6","2","img/house_3.png","img/house_2.png","644.2050000005402","371.28999999910593","","644.2050000005402,371.28999999910593","70","70,32","null","","null","","",""
"no-tradeoff-rwd","128","2259113","0.0-6.0-0.106","","","","","","","","1","2","2","img/house_4.png","img/house_6.png","1013.3999999999069","5021.484999997541","810.3000000007451","1013.3999999999069,5021.484999997541,810.3000000007451","70","70,13,32","null","","enter","6","",""
"no-tradeoff-rwd","129","2267079","0.0-6.0-0.107","","","","","","","","4","6","2","img/house_2.png","img/house_3.png","1417.550000002142","455.2399999992922","","1417.550000002142,455.2399999992922","74","74,32","null","","null","","",""
"no-tradeoff-rwd","130","2278057","0.0-6.0-0.108","","","","","","","","1","4","2","img/house_4.png","img/house_6.png","1371.35499999905","518.249999997206","2947.974999999162","1371.35499999905,518.249999997206,2947.974999999162","70","70,32,13","enter","9","null","","",""
"no-tradeoff-rwd","131","2285637","0.0-6.0-0.109","","","","","","","","4","3","4","img/house_3.png","img/house_2.png","731.4550000010058","69.17999999877065","","731.4550000010058,69.17999999877065","74","74,32","null","","null","","",""
"no-tradeoff-rwd","132","2298061","0.0-6.0-0.110","","","","","","","","4","9","6","img/house_6.png","img/house_4.png","544.199999996461","4046.5200000000186","866.2550000008196","544.199999996461,4046.5200000000186,866.2550000008196","70","70,13,32","null","","enter","7","",""
"no-tradeoff-rwd","133","2305931","0.0-6.0-0.111","","","","","","","","4","9","2","img/house_6.png","img/house_4.png","1229.9399999976158","358.84500000206754","","1229.9399999976158,358.84500000206754","70","70,32","null","","null","","",""
"no-tradeoff-rwd","134","2317212","0.0-6.0-0.112","","","","","","","","4","8","0","img/house_2.png","img/house_3.png","1470.8449999997392","585.9249999998137","3183.4650000017136","1470.8449999997392,585.9249999998137,3183.4650000017136","70","70,32,13","enter","8","null","","",""
"no-tradeoff-rwd","135","2325093","0.0-6.0-0.113","","","","","","","","1","1","8","img/house_3.png","img/house_2.png","530.1500000022352","371.2200000011362","","530.1500000022352,371.2200000011362","74","74,32","null","","null","","",""
"no-tradeoff-rwd","136","2339521","0.0-6.0-0.114","","","","","","","","1","0","7","img/house_3.png","img/house_2.png","811.7249999996275","5886.165000000037","1030.4849999989383","811.7249999996275,5886.165000000037,1030.4849999989383","70","70,13,32","null","","enter","3","",""
"no-tradeoff-rwd","137","2347473","0.0-6.0-0.115","","","","","","","","1","6","1","img/house_2.png","img/house_3.png","695.0099999993108","441.08000000054017","","695.0099999993108,441.08000000054017","74","74,32","null","","null","","",""
"no-tradeoff-rwd","138","2358259","0.0-6.0-0.116","","","","","","","","4","8","0","img/house_2.png","img/house_3.png","1292.1349999997765","178.80000000167638","3094.7000000015832","1292.1349999997765,178.80000000167638,3094.7000000015832","74","74,32,13","enter","7","null","","",""
"no-tradeoff-rwd","139","2366115","0.0-6.0-0.117","","","","","","","","4","7","1","img/house_2.png","img/house_3.png","1296.059999997262","345.2100000032224","","1296.059999997262,345.2100000032224","74","74,32","null","","null","","",""
"no-tradeoff-rwd","140","2377045","0.0-6.0-0.118","","","","","","","","1","0","8","img/house_4.png","img/house_6.png","1002.8550000027753","2552.885000000708","865.0950000011362","1002.8550000027753,2552.885000000708,865.0950000011362","74","74,13,32","null","","enter","6","",""
"no-tradeoff-rwd","141","2384808","0.0-6.0-0.119","","","","","","","","4","1","7","img/house_3.png","img/house_2.png","913.9350000005215","252.01499999780208","","913.9350000005215,252.01499999780208","74","74,32","null","","null","","",""
"call-function","142","2384810","0.0-7.0","","","","","","","","","","","","","","","","","","","","","","","",""
"html-keyboard-response","143","2393300","0.0-8.0","8489.184999998659","<p>Now you will play the second game!</p><p>Press the space bar to begin reading the instructions for the second game.</p>","","","32","","","","","","","","","","","","","","","","","","",""
"instructions","144","2697761","0.0-9.0","304455.0500000003","","","","","[{""page_index"":0,""viewing_time"":29573.270000000484},{""page_index"":1,""viewing_time"":53974.02499999944},{""page_index"":2,""viewing_time"":28143.390000001527},{""page_index"":3,""viewing_time"":27215.184999997262},{""page_index"":4,""viewing_time"":76358.33500000043},{""page_index"":5,""viewing_time"":36273.21500000125},{""page_index"":6,""viewing_time"":25451.34999999916},{""page_index"":7,""viewing_time"":15447.570000000298},{""page_index"":8,""viewing_time"":12017.860000000335}]","","","","","","","","","","","","","","","","","",""
"html-keyboard-response","145","2702625","0.0-10.0-0.0","4861.590000000317","<p style=""font-size:24px;font-weight:bold"">TEST QUESTION</p><p>Which letter should you press to select the green tree on the left?</p><div class=group><table class=table_center><tr><td class=prompt colspan=2>Choose one</td></tr><tr style=""height: 300px;""><td style=""width: 300px;""><img id=""left"" src=img/tree_3.png style=""zoom: 100%;""/></td><td style=""width: 300px;""><img id=""right"" src=img/tree_7.png style=""zoom: 100%;""/></td></tr></table></div><br>","","","70","","true","","","","","","","","","","","","","","","","",""
"html-keyboard-response","146","2705627","0.0-10.0-1.0","null","<p style=""font-size:36px;font-weight:bold"">Correct!</p><p> Remember, press ""F"" for left and ""J"" for right. </p>","","","null","","","","","","","","","","","","","","","","","","",""
"html-keyboard-response","147","2707944","0.0-10.0-2.0","2315.0400000009686","<p style=""font-size:24px;font-weight:bold"">TEST QUESTION</p><p>Which letter should you press to select the red tree on the right?</p><div class=group><table class=table_center><tr><td class=prompt colspan=2>Choose one</td></tr><tr style=""height: 300px;""><td style=""width: 300px;""><img id=""left"" src=img/tree_3.png style=""zoom: 100%;""/></td><td style=""width: 300px;""><img id=""right"" src=img/tree_7.png style=""zoom: 100%;""/></td></tr></table></div><br>","","","74","","true","","","","","","","","","","","","","","","","",""
"html-keyboard-response","148","2710946","0.0-10.0-3.0","null","<p style=""font-size:36px;font-weight:bold"">Correct!</p><p> Remember, press ""F"" for left and ""J"" for right. </p>","","","null","","","","","","","","","","","","","","","","","","",""
"html-keyboard-response","149","2718970","0.0-10.0-4.0","8022.569999997504","<p style=""font-size:24px;font-weight:bold"">TEST QUESTION</p><p>Type the number of the <b> maximum </b> amount of shields an gnome can make</p>","","","57","","true","","","","","","","","","","","","","","","","",""
"html-keyboard-response","150","2721971","0.0-10.0-5.0","null","<p style=""font-size:36px;font-weight:bold"">Correct!</p><p> Remember, gnomes can make 0 to 9 shields. </p>","","","null","","","","","","","","","","","","","","","","","","",""
"html-keyboard-response","151","2732478","0.0-10.0-6.0","10502.915000000969","<p style=""font-size:24px;font-weight:bold"">TEST QUESTION</p><p>Remember, the same tree always takes you to the same gnome. </p><p>On this trial, select the tree on the left by pressing ""F"".</p><div class=group><table class=table_center><tr><td class=prompt colspan=2>Choose one</td></tr><tr style=""height: 300px;""><td style=""width: 300px;""><img id=""left"" src=img/tree_1.png style=""zoom: 100%;""/></td><td style=""width: 300px;""><img id=""right"" src=img/tree_2.png style=""zoom: 100%;""/></td></tr></table></div><br>","","","70","","","","","","","","","","","","","","","","","","",""
"html-keyboard-response","152","2743290","0.0-10.0-7.0","10809.280000001192","<p style=""font-size:24px;font-weight:bold"">TEST QUESTION</p><p>The orange tree took you to the green gnome. </p><p> The green gnome gave you 8 shields. </p><p> The most shields a gnome can make is 9 shields, so this is a great outcome!</p><div class=group><table class=table_center><tr><td class=prompt colspan=3>You received</td></tr><tr style=""height: 300px;""><td><img src=img/gnome_green.png style=""zoom: 100%;""/></td><td><img src=img/shield.png style=""zoom: 30%;""/></td><td class=prompt>x 8</td></tr></table></div><br><p> Press space to continue </p>","","","32","","","","","","","","","","","","","","","","","","",""
"html-keyboard-response","153","2751670","0.0-10.0-8.0","8378.524999999907","<p style=""font-size:24px;font-weight:bold"">TEST QUESTION</p><p>If you wanted to visit the <b> green gnome </b> again, which tree would you select?</p><div class=group><table class=table_center><tr><td class=prompt colspan=2>Choose one</td></tr><tr style=""height: 300px;""><td style=""width: 300px;""><img id=""left"" src=img/tree_1.png style=""zoom: 100%;""/></td><td style=""width: 300px;""><img id=""right"" src=img/tree_2.png style=""zoom: 100%;""/></td></tr></table></div><br>","","","74","","false","","","","","","","","","","","","","","","","",""
"html-keyboard-response","154","2754672","0.0-10.0-9.0","null","<p style=""font-size:36px;font-weight:bold"">Wrong answer.</p><p> Remember, the same tree goes to the same gnome. You would select the orange tree to visit the green gnome.</p>","","","null","","","","","","","","","","","","","","","","","","",""
"html-keyboard-response","155","2762051","0.0-10.0-10.0","7376.680000001099","<p style=""font-size:24px;font-weight:bold"">TEST QUESTION</p><p>On this trial, select the tree on the right by pressing ""J"".</p><div class=group><table class=table_center><tr><td class=prompt colspan=2>Choose one</td></tr><tr style=""height: 300px;""><td style=""width: 300px;""><img id=""left"" src=img/tree_1.png style=""zoom: 100%;""/></td><td style=""width: 300px;""><img id=""right"" src=img/tree_2.png style=""zoom: 100%;""/></td></tr></table></div><br>","","","74","","","","","","","","","","","","","","","","","","",""
"html-keyboard-response","156","2771446","0.0-10.0-11.0","9393.700000000652","<p style=""font-size:24px;font-weight:bold"">TEST QUESTION</p><p>The blue tree took you to the purple gnome. </p><p> The purple gnome only gave you 1 shield. </p><p> That is not very much and is a pretty bad outcome.</p><div class=group><table class=table_center><tr><td class=prompt colspan=3>You received</td></tr><tr style=""height: 300px;""><td><img src=img/gnome_purple.png style=""zoom: 100%;""/></td><td><img src=img/shield.png style=""zoom: 30%;""/></td><td class=prompt>x 1</td></tr></table></div><br><p> Press space to continue </p>","","","32","","","","","","","","","","","","","","","","","","",""
"html-keyboard-response","157","2775975","0.0-10.0-12.0","4527.164999999106","<p style=""font-size:24px;font-weight:bold"">TEST QUESTION</p><p>Remember the green gnome gave you 8 shields and the purple gnome only gave you 1 shield. </p><p> Which gnome would you try to visit next? </p><div class=group><table class=table_center><tr><td class=prompt colspan=2>Choose one</td></tr><tr style=""height: 300px;""><td style=""width: 300px;""><img id=""left"" src=img/gnome_green.png style=""zoom: 100%;""/></td><td style=""width: 300px;""><img id=""right"" src=img/gnome_purple.png style=""zoom: 100%;""/></td></tr></table></div><br>","","","70","","true","","","","","","","","","","","","","","","","",""
"html-keyboard-response","158","2778977","0.0-10.0-13.0","null","<p style=""font-size:36px;font-weight:bold"">Correct!</p><p> Remember, you want to select the gnome who gives you the most shields.</p>","","","null","","","","","","","","","","","","","","","","","","",""
"html-keyboard-response","159","2781264","0.0-10.0-14.0","2285.029999998864","<p style=""font-size:24px;font-weight:bold"">TEST QUESTION</p><p>To visit the green gnome, which tree should you visit? </p><div class=group><table class=table_center><tr><td class=prompt colspan=2>Choose one</td></tr><tr style=""height: 300px;""><td style=""width: 300px;""><img id=""left"" src=img/tree_1.png style=""zoom: 100%;""/></td><td style=""width: 300px;""><img id=""right"" src=img/tree_2.png style=""zoom: 100%;""/></td></tr></table></div><br>","","","70","","true","","","","","","","","","","","","","","","","",""
"html-keyboard-response","160","2784265","0.0-10.0-15.0","null","<p style=""font-size:36px;font-weight:bold"">Correct!</p><p>Remember, the same tree goes to the same gnome each time.</p>","","","null","","","","","","","","","","","","","","","","","","",""
"html-keyboard-response","161","2788822","0.0-10.0-16.0","4555.6700000013225","<p style=""font-size:36px;font-weight:bold"">You are ready to play!</p><p>The trees and gnomes in the actual game will be different than the practice. </p><p> Press space to start the game</p>","","","32","","","","","","","","","","","","","","","","","","",""
"no-tradeoff","162","2806822","0.0-11.0-0.0","","","","","","","","1","1","6","img/tree_9.png","img/tree_8.png","1346.9350000014529","242.8250000011176","8738.189999999944","1346.9350000014529,242.8250000011176,8738.189999999944","74","74,32,13","enter","3","null","","",""
"no-tradeoff","163","2816845","0.0-11.0-0.1","","","","","","","","1","1","7","img/tree_3.png","img/tree_7.png","646.3599999984726","1011.77000000095","","646.3599999984726,1011.77000000095","74","74,32","null","","null","","",""
"no-tradeoff","164","2827619","0.0-11.0-0.2","","","","","","","","4","7","0","img/tree_7.png","img/tree_3.png","835.3050000001676","2553.1450000014156","707.6499999999069","835.3050000001676,2553.1450000014156,707.6499999999069","70","70,13,32","null","","enter","4","",""
"no-tradeoff","165","2837500","0.0-11.0-0.3","","","","","","","","1","7","1","img/tree_8.png","img/tree_9.png","755.0049999989569","868.4199999985285","","755.0049999989569,868.4199999985285","74","74,32","null","","null","","",""
"no-tradeoff","166","2851801","0.0-11.0-0.4","","","","","","","","4","2","8","img/tree_3.png","img/tree_7.png","1260.2399999992922","176.71499999798834","5109.524999999907","1260.2399999992922,176.71499999798834,5109.524999999907","74","74,32,13","enter","3","null","","",""
"no-tradeoff","167","2859810","0.0-11.0-0.5","","","","","","","","4","5","3","img/tree_8.png","img/tree_9.png","902.1399999987334","496.8349999981001","","902.1399999987334,496.8349999981001","70","70,32","null","","null","","",""
"no-tradeoff","168","2871663","0.0-11.0-0.6","","","","","","","","4","3","4","img/tree_8.png","img/tree_9.png","1072.0550000006333","3635.3899999996647","704.1600000010803","1072.0550000006333,3635.3899999996647,704.1600000010803","74","74,13,32","null","","enter","4","",""
"no-tradeoff","169","2880144","0.0-11.0-0.7","","","","","","","","4","7","2","img/tree_3.png","img/tree_7.png","1106.8400000003166","969.4700000002049","","1106.8400000003166,969.4700000002049","74","74,32","null","","null","","",""
"no-tradeoff","170","2890526","0.0-11.0-0.8","","","","","","","","1","8","0","img/tree_3.png","img/tree_7.png","999.8300000005402","537.0800000014715","2331.449999997858","999.8300000005402,537.0800000014715,2331.449999997858","70","70,32,13","enter","5","null","","",""
"no-tradeoff","171","2898551","0.0-11.0-0.9","","","","","","","","1","7","4","img/tree_9.png","img/tree_8.png","1041.7500000004657","514.4150000014342","","1041.7500000004657,514.4150000014342","74","74,32","null","","null","","",""
"no-tradeoff","172","2908923","0.0-11.0-0.10","","","","","","","","4","5","8","img/tree_8.png","img/tree_9.png","1010.5900000017136","2239.9349999977276","620.9650000017136","1010.5900000017136,2239.9349999977276,620.9650000017136","74","74,13,32","null","","enter","5","",""
"no-tradeoff","173","2916502","0.0-11.0-0.11","","","","","","","","1","8","4","img/tree_9.png","img/tree_8.png","1083.4099999992177","65.7749999994412","","1083.4099999992177,65.7749999994412","70","70,32","null","","null","","",""
"no-tradeoff","174","2926861","0.0-11.0-0.12","","","","","","","","1","9","5","img/tree_3.png","img/tree_7.png","1392.1149999988265","558.6099999998696","2287.9499999983236","1392.1149999988265,558.6099999998696,2287.9499999983236","74","74,32,13","enter","5","null","","",""
"no-tradeoff","175","2934811","0.0-11.0-0.13","","","","","","","","4","7","5","img/tree_3.png","img/tree_7.png","1144.4049999988638","439.1499999985099","","1144.4049999988638,439.1499999985099","74","74,32","null","","null","","",""
"no-tradeoff","176","2945303","0.0-11.0-0.14","","","","","","","","1","4","8","img/tree_8.png","img/tree_9.png","968.0050000026822","2303.839999997057","676.14500000095","968.0050000026822,2303.839999997057,676.14500000095","70","70,13,32","null","","enter","5","",""
"no-tradeoff","177","2952917","0.0-11.0-0.15","","","","","","","","4","7","4","img/tree_9.png","img/tree_8.png","939.4849999989383","102.94499999843538","","939.4849999989383,102.94499999843538","74","74,32","null","","null","","",""
"no-tradeoff","178","2962893","0.0-11.0-0.16","","","","","","","","4","6","5","img/tree_3.png","img/tree_7.png","705.3699999996461","167.76500000199303","2295.494999998249","705.3699999996461,167.76500000199303,2295.494999998249","74","74,32,13","enter","7","null","","",""
"no-tradeoff","179","2971132","0.0-11.0-0.17","","","","","","","","4","5","5","img/tree_9.png","img/tree_8.png","638.0849999985658","727.0700000007637","","638.0849999985658,727.0700000007637","70","70,32","null","","null","","",""
"no-tradeoff","180","2982396","0.0-11.0-0.18","","","","","","","","1","5","7","img/tree_9.png","img/tree_8.png","1053.4950000001118","2391.4050000021234","1360.0200000000186","1053.4950000001118,2391.4050000021234,1360.0200000000186","70","70,13,32","null","","enter","4","",""
"no-tradeoff","181","2990889","0.0-11.0-0.19","","","","","","","","1","7","6","img/tree_8.png","img/tree_9.png","531.4299999987707","981.9099999982864","","531.4299999987707,981.9099999982864","74","74,32","null","","null","","",""
"no-tradeoff","182","3000851","0.0-11.0-0.20","","","","","","","","1","6","6","img/tree_7.png","img/tree_3.png","1012.320000001695","5.814999996684492","2444.390000000596","1012.320000001695,5.814999996684492,2444.390000000596","74","74,32,13","enter","5","null","","",""
"no-tradeoff","183","3008626","0.0-11.0-0.21","","","","","","","","1","7","8","img/tree_7.png","img/tree_3.png","1117.5599999991246","263.6999999997206","","1117.5599999991246,263.6999999997206","74","74,32","null","","null","","",""
"no-tradeoff","184","3020039","0.0-11.0-0.22","","","","","","","","1","6","6","img/tree_9.png","img/tree_8.png","1012.8550000009127","3266.639999997802","636.300000002142","1012.8550000009127,3266.639999997802,636.300000002142","70","70,13,32","null","","enter","5","",""
"no-tradeoff","185","3027857","0.0-11.0-0.23","","","","","","","","4","3","8","img/tree_3.png","img/tree_7.png","640.2950000008568","306.874999998603","","640.2950000008568,306.874999998603","70","70,32","null","","null","","",""
"no-tradeoff","186","3038177","0.0-11.0-0.24","","","","","","","","4","4","8","img/tree_9.png","img/tree_8.png","690.109999999404","508.6850000009872","2296.835000000894","690.109999999404,508.6850000009872,2296.835000000894","74","74,32,13","enter","6","null","","",""
"no-tradeoff","187","3046119","0.0-11.0-0.25","","","","","","","","1","7","3","img/tree_7.png","img/tree_3.png","763.2850000010803","430.8700000005774","","763.2850000010803,430.8700000005774","74","74,32","null","","null","","",""
"no-tradeoff","188","3056667","0.0-11.0-0.26","","","","","","","","1","7","4","img/tree_7.png","img/tree_3.png","849.285000000149","2550.944999998901","483.68000000109896","849.285000000149,2550.944999998901,483.68000000109896","70","70,13,32","null","","enter","6","",""
"no-tradeoff","189","3064755","0.0-11.0-0.27","","","","","","","","4","7","0","img/tree_7.png","img/tree_3.png","713.2750000017695","577.1249999995343","","713.2750000017695,577.1249999995343","74","74,32","null","","null","","",""
"no-tradeoff","190","3075797","0.0-11.0-0.28","","","","","","","","1","6","2","img/tree_8.png","img/tree_9.png","817.089999997057","255.84499999973923","3273.8949999986216","817.089999997057,255.84499999973923,3273.8949999986216","74","74,32,13","enter","7","null","","",""
"no-tradeoff","191","3083617","0.0-11.0-0.29","","","","","","","","1","8","2","img/tree_8.png","img/tree_9.png","732.7899999981746","309.65499999700114","","732.7899999981746,309.65499999700114","70","70,32","null","","null","","",""
"no-tradeoff","192","3095204","0.0-11.0-0.30","","","","","","","","1","8","3","img/tree_8.png","img/tree_9.png","603.9050000002608","3231.5300000007264","843.0249999985099","603.9050000002608,3231.5300000007264,843.0249999985099","70","70,13,32","null","","enter","o","",""
"no-tradeoff","193","3103018","0.0-11.0-0.31","","","","","","","","4","3","8","img/tree_9.png","img/tree_8.png","627.0799999982119","301.3600000012666","","627.0799999982119,301.3600000012666","74","74,32","null","","null","","",""
"no-tradeoff","194","3113097","0.0-11.0-0.32","","","","","","","","4","6","9","img/tree_9.png","img/tree_8.png","700.6149999978952","391.83000000054017","2174.55999999959","700.6149999978952,391.83000000054017,2174.55999999959","74","74,32,13","enter","7","null","","",""
"no-tradeoff","195","3121118","0.0-11.0-0.33","","","","","","","","4","7","5","img/tree_8.png","img/tree_9.png","501.2650000024587","509.1500000017695","","501.2650000024587,509.1500000017695","70","70,32","null","","null","","",""
"no-tradeoff","196","3131156","0.0-11.0-0.34","","","","","","","","4","6","4","img/tree_8.png","img/tree_9.png","862.8250000001863","2051.9650000021793","472.60000000102445","862.8250000001863,2051.9650000021793,472.60000000102445","70","70,13,32","null","","enter","7","",""
"no-tradeoff","197","3138678","0.0-11.0-0.35","","","","","","","","1","1","2","img/tree_8.png","img/tree_9.png","478.1150000016205","11.644999999087304","","478.1150000016205,11.644999999087304","70","70,32","null","","null","","",""
"no-tradeoff","198","3148701","0.0-11.0-0.36","","","","","","","","4","5","1","img/tree_9.png","img/tree_8.png","825.6099999998696","243.8000000002794","2268.2349999998696","825.6099999998696,243.8000000002794,2268.2349999998696","70","70,32,13","enter","7","null","","",""
"no-tradeoff","199","3156601","0.0-11.0-0.37","","","","","","","","1","3","4","img/tree_7.png","img/tree_3.png","665.3750000004657","387.0949999978766","","665.3750000004657,387.0949999978766","70","70,32","null","","null","","",""
"no-tradeoff","200","3168049","0.0-11.0-0.38","","","","","","","","4","5","4","img/tree_9.png","img/tree_8.png","537.0650000004098","3429.9799999971874","504.84500000299886","537.0650000004098,3429.9799999971874,504.84500000299886","74","74,13,32","null","","enter","7","",""
"no-tradeoff","201","3175620","0.0-11.0-0.39","","","","","","","","1","7","6","img/tree_8.png","img/tree_9.png","1052.3549999995157","61.11000000266358","","1052.3549999995157,61.11000000266358","74","74,32","null","","null","","",""
"no-tradeoff","202","3186135","0.0-11.0-0.40","","","","","","","","1","5","4","img/tree_8.png","img/tree_9.png","506.36499999742955","712.0449999999255","2291.239999998361","506.36499999742955,712.0449999999255,2291.239999998361","70","70,32,13","enter","7","null","","",""
"no-tradeoff","203","3194040","0.0-11.0-0.41","","","","","","","","4","5","5","img/tree_9.png","img/tree_8.png","751.5750000020489","394.54999999701977","","751.5750000020489,394.54999999701977","74","74,32","null","","null","","",""
"no-tradeoff","204","3206069","0.0-11.0-0.42","","","","","","","","4","6","5","img/tree_9.png","img/tree_8.png","723.39500000095","4037.8350000027567","477.62999999755993","723.39500000095,4037.8350000027567,477.62999999755993","70","70,13,32","null","","enter","6","",""
"no-tradeoff","205","3213984","0.0-11.0-0.43","","","","","","","","1","3","6","img/tree_8.png","img/tree_9.png","880.3700000024401","404.1350000007078","","880.3700000024401,404.1350000007078","74","74,32","null","","null","","",""
"no-tradeoff","206","3227109","0.0-11.0-0.44","","","","","","","","4","6","0","img/tree_9.png","img/tree_8.png","848.0949999974109","394.0650000004098","5218.530000002123","848.0949999974109,394.0650000004098,5218.530000002123","70","70,32,13","enter","6","null","","",""
"no-tradeoff","207","3235030","0.0-11.0-0.45","","","","","","","","4","4","0","img/tree_3.png","img/tree_7.png","541.9050000016578","410.05500000016764","","541.9050000016578,410.05500000016764","70","70,32","null","","null","","",""
"no-tradeoff","208","3247640","0.0-11.0-0.46","","","","","","","","4","0","1","img/tree_3.png","img/tree_7.png","707.6000000014901","4103.675000002142","993.8800000017509","707.6000000014901,4103.675000002142,993.8800000017509","70","70,13,32","null","","enter","6","",""
"no-tradeoff","209","3255348","0.0-11.0-0.47","","","","","","","","1","1","1","img/tree_8.png","img/tree_9.png","731.9299999978393","196.72500000149012","","731.9299999978393,196.72500000149012","70","70,32","null","","null","","",""
"no-tradeoff","210","3266269","0.0-11.0-0.48","","","","","","","","4","3","0","img/tree_8.png","img/tree_9.png","627.8700000001118","459.3250000034459","2949.010000000242","627.8700000001118,459.3250000034459,2949.010000000242","74","74,32,13","enter","4","null","","",""
"no-tradeoff","211","3274047","0.0-11.0-0.49","","","","","","","","4","1","1","img/tree_3.png","img/tree_7.png","581.9099999968894","266.83000000054017","","581.9099999968894,266.83000000054017","70","70,32","null","","null","","",""
"no-tradeoff","212","3285007","0.0-11.0-0.50","","","","","","","","1","3","0","img/tree_8.png","img/tree_9.png","707.6449999986216","2950.125000002794","491.26000000257045","707.6449999986216,2950.125000002794,491.26000000257045","70","70,13,32","null","","enter","7","",""
"no-tradeoff","213","3292599","0.0-11.0-0.51","","","","","","","","4","1","5","img/tree_9.png","img/tree_8.png","600.3799999998882","81.17499999934807","","600.3799999998882,81.17499999934807","74","74,32","null","","null","","",""
"no-tradeoff","214","3302866","0.0-11.0-0.52","","","","","","","","4","0","5","img/tree_9.png","img/tree_8.png","686.519999999553","402.74499999918044","2351.8999999975786","686.519999999553,402.74499999918044,2351.8999999975786","74","74,32,13","enter","5","null","","",""
"no-tradeoff","215","3310707","0.0-11.0-0.53","","","","","","","","4","1","5","img/tree_3.png","img/tree_7.png","1125.7900000019","329.8300000024028","","1125.7900000019,329.8300000024028","74","74,32","null","","null","","",""
"no-tradeoff","216","3322253","0.0-11.0-0.54","","","","","","","","1","7","2","img/tree_7.png","img/tree_3.png","550.8950000000186","3255.240000002086","778.8199999998324","550.8950000000186,3255.240000002086,778.8199999998324","70","70,13,32","null","","enter","5","",""
"no-tradeoff","217","3330028","0.0-11.0-0.55","","","","","","","","4","1","4","img/tree_9.png","img/tree_8.png","901.6699999989942","264.25000000046566","","901.6699999989942,264.25000000046566","70","70,32","null","","null","","",""
"no-tradeoff","218","3340237","0.0-11.0-0.56","","","","","","","","1","6","3","img/tree_7.png","img/tree_3.png","1132.4650000021793","271.28000000072643","2423.7300000023097","1132.4650000021793,271.28000000072643,2423.7300000023097","74","74,32,13","enter","6","null","","",""
"no-tradeoff","219","3348248","0.0-11.0-0.57","","","","","","","","4","1","9","img/tree_3.png","img/tree_7.png","1160.9949999987148","499.6100000021979","","1160.9949999987148,499.6100000021979","74","74,32","null","","null","","",""
"no-tradeoff","220","3363511","0.0-11.0-0.58","","","","","","","","4","9","4","img/tree_7.png","img/tree_3.png","1007.4349999995902","6920.335000002291","830.9350000019185","1007.4349999995902,6920.335000002291,830.9350000019185","74","74,13,32","null","","enter","3","",""
"no-tradeoff","221","3371330","0.0-11.0-0.59","","","","","","","","1","5","8","img/tree_3.png","img/tree_7.png","619.7900000005029","307.5799999968149","","619.7900000005029,307.5799999968149","74","74,32","null","","null","","",""
"no-tradeoff","222","3382089","0.0-11.0-0.60","","","","","","","","1","5","3","img/tree_7.png","img/tree_3.png","837.9299999978393","380.9950000033714","2864.819999998901","837.9299999978393,380.9950000033714,2864.819999998901","74","74,32,13","enter","7","null","","",""
"no-tradeoff","223","3389821","0.0-11.0-0.61","","","","","","","","4","2","5","img/tree_3.png","img/tree_7.png","729.5950000006706","221.02499999897555","","729.5950000006706,221.02499999897555","74","74,32","null","","null","","",""
"no-tradeoff","224","3400506","0.0-11.0-0.62","","","","","","","","4","8","2","img/tree_7.png","img/tree_3.png","817.4350000009872","2570.829999996815","599.7399999974295","817.4350000009872,2570.829999996815,599.7399999974295","74","74,13,32","null","","enter","4","",""
"no-tradeoff","225","3408231","0.0-11.0-0.63","","","","","","","","4","9","1","img/tree_7.png","img/tree_3.png","776.8849999993108","214.02500000130385","","776.8849999993108,214.02500000130385","70","70,32","null","","null","","",""
"no-tradeoff","226","3417785","0.0-11.0-0.64","","","","","","","","1","7","1","img/tree_8.png","img/tree_9.png","755.4700000002049","50.310000002384186","1991.0699999998324","755.4700000002049,50.310000002384186,1991.0699999998324","70","70,32,13","enter","7","null","","",""
"no-tradeoff","227","3425585","0.0-11.0-0.65","","","","","","","","4","3","7","img/tree_9.png","img/tree_8.png","1079.5099999997765","288.8449999988079","","1079.5099999997765,288.8449999988079","70","70,32","null","","null","","",""
"no-tradeoff","228","3436265","0.0-11.0-0.66","","","","","","","","1","6","5","img/tree_7.png","img/tree_3.png","864.2549999966286","2477.52499999851","688.8450000006706","864.2549999966286,2477.52499999851,688.8450000006706","74","74,13,32","null","","enter","7","",""
"no-tradeoff","229","3444031","0.0-11.0-0.67","","","","","","","","4","5","4","img/tree_7.png","img/tree_3.png","762.7049999972805","255.69499999983236","","762.7049999972805,255.69499999983236","70","70,32","null","","null","","",""
"no-tradeoff","230","3454345","0.0-11.0-0.68","","","","","","","","4","3","8","img/tree_3.png","img/tree_7.png","1101.5500000030734","355.64000000152737","2445.7099999999627","1101.5500000030734,355.64000000152737,2445.7099999999627","70","70,32,13","enter","5'","null","","",""
"no-tradeoff","231","3462208","0.0-11.0-0.69","","","","","","","","1","9","4","img/tree_7.png","img/tree_3.png","895.4100000010803","350.1849999995902","","895.4100000010803,350.1849999995902","70","70,32","null","","null","","",""
"no-tradeoff","232","3472628","0.0-11.0-0.70","","","","","","","","1","8","9","img/tree_8.png","img/tree_9.png","496.26500000152737","2362.4200000013225","545.7850000020117","496.26500000152737,2362.4200000013225,545.7850000020117","70","70,13,32","null","","enter","4","",""
"no-tradeoff","233","3480593","0.0-11.0-0.71","","","","","","","","4","8","6","img/tree_3.png","img/tree_7.png","996.6449999990873","454.3150000027381","","996.6449999990873,454.3150000027381","74","74,32","null","","null","","",""
"no-tradeoff","234","3494250","0.0-11.0-0.72","","","","","","","","1","6","6","img/tree_7.png","img/tree_3.png","762.7250000005588","303.6099999989383","5841.224999996368","762.7250000005588,303.6099999989383,5841.224999996368","74","74,32,13","enter","8","null","","",""
"no-tradeoff","235","3502438","0.0-11.0-0.73","","","","","","","","4","6","6","img/tree_7.png","img/tree_3.png","464.5399999972433","676.1200000001118","","464.5399999972433,676.1200000001118","70","70,32","null","","null","","",""
"no-tradeoff","236","3513710","0.0-11.0-0.74","","","","","","","","4","6","5","img/tree_9.png","img/tree_8.png","641.195000000298","3258.5150000010617","501.49000000208616","641.195000000298,3258.5150000010617,501.49000000208616","70","70,13,32","null","","enter","9","",""
"no-tradeoff","237","3521590","0.0-11.0-0.75","","","","","","","","4","7","4","img/tree_7.png","img/tree_3.png","587.7399999992922","368.2699999990873","","587.7399999992922,368.2699999990873","74","74,32","null","","null","","",""
"no-tradeoff","238","3531273","0.0-11.0-0.76","","","","","","","","1","9","2","img/tree_8.png","img/tree_9.png","764.1599999992177","207.53000000305474","1961.3300000019372","764.1599999992177,207.53000000305474,1961.3300000019372","74","74,32,13","enter","7","null","","",""
"no-tradeoff","239","3539029","0.0-11.0-0.77","","","","","","","","4","8","0","img/tree_7.png","img/tree_3.png","712.3250000001863","243.82999999960884","","712.3250000001863,243.82999999960884","70","70,32","null","","null","","",""
"no-tradeoff","240","3549573","0.0-11.0-0.78","","","","","","","","1","6","1","img/tree_8.png","img/tree_9.png","700.4400000004098","2499.2549999984913","532.2400000006892","700.4400000004098,2499.2549999984913,532.2400000006892","74","74,13,32","null","","enter","7","",""
"no-tradeoff","241","3557437","0.0-11.0-0.79","","","","","","","","1","5","1","img/tree_8.png","img/tree_9.png","717.6150000016205","350.84500000067055","","717.6150000016205,350.84500000067055","74","74,32","null","","null","","",""
"no-tradeoff","242","3617736","0.0-11.0-0.80","","","","","","","","4","4","0","img/tree_8.png","img/tree_9.png","914.609999999404","414.19500000122935","52370.91499999957","914.609999999404,414.19500000122935,52370.91499999957","74","74,32,13","enter","7","null","","",""
"no-tradeoff","243","3625572","0.0-11.0-0.81","","","","","","","","1","5","2","img/tree_7.png","img/tree_3.png","611.6199999996461","324.8300000014715","","611.6199999996461,324.8300000014715","70","70,32","null","","null","","",""
"no-tradeoff","244","3636766","0.0-11.0-0.82","","","","","","","","4","3","1","img/tree_7.png","img/tree_3.png","531.2650000015274","3005.924999997951","675.9950000015087","531.2650000015274,3005.924999997951,675.9950000015087","70","70,13,32","null","","enter","6","",""
"no-tradeoff","245","3644664","0.0-11.0-0.83","","","","","","","","1","4","2","img/tree_8.png","img/tree_9.png","870.8700000024401","385.49500000244007","","870.8700000024401,385.49500000244007","70","70,32","null","","null","","",""
"no-tradeoff","246","3654499","0.0-11.0-0.84","","","","","","","","1","6","2","img/tree_7.png","img/tree_3.png","925.0099999988452","218.84499999927357","2103.6949999979697","925.0099999988452,218.84499999927357,2103.6949999979697","74","74,32,13","enter","6","null","","",""
"no-tradeoff","247","3662229","0.0-11.0-0.85","","","","","","","","4","6","1","img/tree_7.png","img/tree_3.png","706.0549999987707","218.91999999899417","","706.0549999987707,218.91999999899417","74","74,32","null","","null","","",""
"no-tradeoff","248","3672697","0.0-11.0-0.86","","","","","","","","1","6","5","img/tree_7.png","img/tree_3.png","591.6250000009313","2398.7649999982677","556.2800000007264","591.6250000009313,2398.7649999982677,556.2800000007264","70","70,13,32","null","","enter","6","",""
"no-tradeoff","249","3680566","0.0-11.0-0.87","","","","","","","","1","5","4","img/tree_9.png","img/tree_8.png","1252.5400000014342","358.60499999765307","","1252.5400000014342,358.60499999765307","74","74,32","null","","null","","",""
"no-tradeoff","250","3690661","0.0-11.0-0.88","","","","","","","","1","7","3","img/tree_9.png","img/tree_8.png","1034.4550000005402","308.3650000006892","2274.700000002049","1034.4550000005402,308.3650000006892,2274.700000002049","70","70,32,13","enter","6","null","","",""
"no-tradeoff","251","3698593","0.0-11.0-0.89","","","","","","","","1","6","8","img/tree_7.png","img/tree_3.png","637.5950000002049","421.59000000171363","","637.5950000002049,421.59000000171363","74","74,32","null","","null","","",""
"no-tradeoff","252","3709240","0.0-11.0-0.90","","","","","","","","4","6","6","img/tree_8.png","img/tree_9.png","1479.3499999977648","2311.239999999292","822.7699999990873","1479.3499999977648,2311.239999999292,822.7699999990873","70","70,13,32","null","","enter","5","",""
"no-tradeoff","253","3717181","0.0-11.0-0.91","","","","","","","","4","6","6","img/tree_9.png","img/tree_8.png","1122.3600000012666","430.1150000025518","","1122.3600000012666,430.1150000025518","74","74,32","null","","null","","",""
"no-tradeoff","254","3729356","0.0-11.0-0.92","","","","","","","","1","5","6","img/tree_7.png","img/tree_3.png","632.8649999997579","700.5849999990314","3962.0399999986403","632.8649999997579,700.5849999990314,3962.0399999986403","70","70,32,13","enter","7","null","","",""
"no-tradeoff","255","3737253","0.0-11.0-0.93","","","","","","","","4","8","3","img/tree_9.png","img/tree_8.png","978.4750000000931","386.3600000003353","","978.4750000000931,386.3600000003353","70","70,32","null","","null","","",""
"no-tradeoff","256","3747714","0.0-11.0-0.94","","","","","","","","4","4","5","img/tree_7.png","img/tree_3.png","1112.1949999979697","2337.579999999609","611.2299999985844","1112.1949999979697,2337.579999999609,611.2299999985844","74","74,13,32","null","","enter","8","",""
"no-tradeoff","257","3755732","0.0-11.0-0.95","","","","","","","","4","6","2","img/tree_3.png","img/tree_7.png","1083.6349999993108","506.29500000271946","","1083.6349999993108,506.29500000271946","74","74,32","null","","null","","",""
"no-tradeoff","258","3765953","0.0-11.0-0.96","","","","","","","","4","1","1","img/tree_8.png","img/tree_9.png","785.4099999968894","354.85999999940395","2352.3950000018813","785.4099999968894,354.85999999940395,2352.3950000018813","70","70,32,13","enter","7","null","","",""
"no-tradeoff","259","3773796","0.0-11.0-0.97","","","","","","","","1","2","2","img/tree_8.png","img/tree_9.png","1260.0000000018626","332.57000000216067","","1260.0000000018626,332.57000000216067","74","74,32","null","","null","","",""
"no-tradeoff","260","3786512","0.0-11.0-0.98","","","","","","","","4","2","1","img/tree_7.png","img/tree_3.png","776.6899999985471","4678.10499999905","525.9499999992549","776.6899999985471,4678.10499999905,525.9499999992549","74","74,13,32","null","","enter","5","",""
"no-tradeoff","261","3794324","0.0-11.0-0.99","","","","","","","","4","1","2","img/tree_9.png","img/tree_8.png","997.839999999851","301.40000000037253","","997.839999999851,301.40000000037253","70","70,32","null","","null","","",""
"no-tradeoff","262","3805833","0.0-11.0-0.100","","","","","","","","1","2","2","img/tree_7.png","img/tree_3.png","807.2499999981374","472.8849999993108","3524.2050000014715","807.2499999981374,472.8849999993108,3524.2050000014715","70","70,32,13","enter","7","null","","",""
"no-tradeoff","263","3813615","0.0-11.0-0.101","","","","","","","","4","3","0","img/tree_7.png","img/tree_3.png","810.7950000013225","271.6500000022352","","810.7950000013225,271.6500000022352","70","70,32","null","","null","","",""
"no-tradeoff","264","3823602","0.0-11.0-0.102","","","","","","","","1","5","3","img/tree_7.png","img/tree_3.png","623.5950000011362","1988.5900000007823","486.01499999826774","623.5950000011362,1988.5900000007823,486.01499999826774","74","74,13,32","null","","enter","6","",""
"no-tradeoff","265","3831484","0.0-11.0-0.103","","","","","","","","4","3","3","img/tree_9.png","img/tree_8.png","1056.5299999979325","369.1300000026822","","1056.5299999979325,369.1300000026822","74","74,32","null","","null","","",""
"no-tradeoff","266","3841894","0.0-11.0-0.104","","","","","","","","1","2","4","img/tree_9.png","img/tree_8.png","801.8499999996275","252.5099999983795","2643.62000000244","801.8499999996275,252.5099999983795,2643.62000000244","74","74,32,13","enter","4","null","","",""
"no-tradeoff","267","3849879","0.0-11.0-0.105","","","","","","","","1","7","3","img/tree_7.png","img/tree_3.png","721.0550000020303","473.5450000008568","","721.0550000020303,473.5450000008568","70","70,32","null","","null","","",""
"no-tradeoff","268","3860135","0.0-11.0-0.106","","","","","","","","1","2","6","img/tree_9.png","img/tree_8.png","954.2399999988265","2198.144999998156","545.6699999994598","954.2399999988265,2198.144999998156,545.6699999994598","70","70,13,32","null","","enter","5","",""
"no-tradeoff","269","3868136","0.0-11.0-0.107","","","","","","","","4","2","5","img/tree_3.png","img/tree_7.png","702.824999996461","490.78500000201166","","702.824999996461,490.78500000201166","74","74,32","null","","null","","",""
"no-tradeoff","270","3878635","0.0-11.0-0.108","","","","","","","","4","5","3","img/tree_7.png","img/tree_3.png","1114.9050000021234","397.76999999955297","2587.364999999292","1114.9050000021234,397.76999999955297,2587.364999999292","70","70,32,13","enter","6","null","","",""
"no-tradeoff","271","3886515","0.0-11.0-0.109","","","","","","","","4","6","4","img/tree_7.png","img/tree_3.png","964.9050000007264","368.2550000012852","","964.9050000007264,368.2550000012852","70","70,32","null","","null","","",""
"no-tradeoff","272","3896703","0.0-11.0-0.110","","","","","","","","4","7","9","img/tree_9.png","img/tree_8.png","1123.3749999990687","2171.1050000013784","504.160000000149","1123.3749999990687,2171.1050000013784,504.160000000149","74","74,13,32","null","","enter","3","",""
"no-tradeoff","273","3904655","0.0-11.0-0.111","","","","","","","","4","9","7","img/tree_7.png","img/tree_3.png","896.6299999994226","438.50499999849126","","896.6299999994226,438.50499999849126","70","70,32","null","","null","","",""
"no-tradeoff","274","3916518","0.0-11.0-0.112","","","","","","","","1","6","7","img/tree_9.png","img/tree_8.png","1258.0300000007264","511.7050000010058","3838.240000001155","1258.0300000007264,511.7050000010058,3838.240000001155","70","70,32,13","enter","3","null","","",""
"no-tradeoff","275","3924471","0.0-11.0-0.113","","","","","","","","1","8","8","img/tree_9.png","img/tree_8.png","1113.9750000000931","440.8100000000559","","1113.9750000000931,440.8100000000559","70","70,32","null","","null","","",""
"no-tradeoff","276","3936055","0.0-11.0-0.114","","","","","","","","1","4","7","img/tree_7.png","img/tree_3.png","852.464999999851","3549.755000000354","523.2450000005774","852.464999999851,3549.755000000354,523.2450000005774","70","70,13,32","null","","enter","5","",""
"no-tradeoff","277","3943962","0.0-11.0-0.115","","","","","","","","4","3","9","img/tree_7.png","img/tree_3.png","713.5899999993853","395.5749999983236","","713.5899999993853,395.5749999983236","74","74,32","null","","null","","",""
"no-tradeoff","278","3954222","0.0-11.0-0.116","","","","","","","","4","6","8","img/tree_7.png","img/tree_3.png","733.5699999965727","536.6899999971502","2208.9049999993294","733.5699999965727,536.6899999971502,2208.9049999993294","74","74,32,13","enter","7","null","","",""
"no-tradeoff","279","3962132","0.0-11.0-0.117","","","","","","","","1","7","8","img/tree_8.png","img/tree_9.png","1095.155000002589","398.9349999977276","","1095.155000002589,398.9349999977276","70","70,32","null","","null","","",""
"no-tradeoff","280","3974297","0.0-11.0-0.118","","","","","","","","4","8","9","img/tree_7.png","img/tree_3.png","848.925000002142","4100.9550000014715","551.6000000028871","848.925000002142,4100.9550000014715,551.6000000028871","70","70,13,32","null","","enter","6","",""
"no-tradeoff","281","3982263","0.0-11.0-0.119","","","","","","","","4","5","9","img/tree_9.png","img/tree_8.png","1157.5999999986961","455.1050000009127","","1157.5999999986961,455.1050000009127","70","70,32","null","","null","","",""
"call-function","282","3982264","0.0-12.0","","","","","","","","","","","","","","","","","","","","","","","",""
"html-keyboard-response","283","3996898","0.0-13.0-0.0","14632.000000001397","<p><b> Now you will answer a few questionnaires</b></p><br> The following are statements that a person may either agree with or disagree with.</br><p>For each item, indicate how much you agree or disagree with what the item says by clicking your response. </p><p> Choose only one response and be as accurate and honest as you can. Do not worry about being consistent in your responses. </p><p> Press the space bar to start </p>","","","32","","","","","","","","","","","","","","","","","","",""
"survey-likert","284","4122299","0.0-13.0-1.0","125385.32999999728","","","{""BISBAS1"":0,""BISBAS2"":3,""BISBAS3"":1,""BISBAS4"":0,""BISBAS5"":0,""BISBAS6"":0,""BISBAS7"":0,""BISBAS8"":0,""BISBAS9"":2,""BISBAS10"":1,""BISBAS11"":3,""BISBAS12"":2,""BISBAS13"":0,""BISBAS14"":1,""BISBAS15"":1,""BISBAS16"":0,""BISBAS17"":2,""BISBAS18"":0,""BISBAS19"":0,""BISBAS20"":1,""BISBAS21"":1,""BISBAS22"":3,""BISBAS23"":0,""BISBAS24"":0}","","","","","","","","","","","","","","","","","","","","[0,1,2,3,4,5,6,7,8,9,10,11,12,13,14,15,16,17,18,19,20,21,22,23]"
"html-keyboard-response","285","4132788","0.0-14.0-0.0","10476.405000001192","<p>Please indicate for each statement the degree to which each statement is descriptive of your mood <b> at this  moment </b>. </p><p> Press the space bar to start </p>","","","32","","","","","","","","","","","","","","","","","","",""
"survey-likert","286","4240126","0.0-14.0-1.0","107326.92999999924","","","{""STICSAS1"":0,""STICSAS2"":0,""STICSAS3"":2,""STICSAS4"":2,""STICSAS5"":2,""STICSAS6"":1,""STICSAS7"":2,""STICSAS8"":0,""STICSAS9"":2,""STICSAS10"":1,""STICSAS11"":3,""STICSAS12"":2,""STICSAS13"":1,""STICSAS14"":0,""STICSAS15"":3,""STICSAS16"":1,""STICSAS17"":3,""STICSAS18"":0,""STICSAS19"":2,""STICSAS20"":3,""STICSAS21"":0,""STICSAS22"":3}","","","","","","","","","","","","","","","","","","","","[0,1,2,3,4,5,6,7,8,9,10,11,12,13,14,15,16,17,18,19,20,21]"
"html-keyboard-response","287","4248167","0.0-15.0-0.0","8029.955000001006","<p>Please indicate for each statement how often <b> in general </b> the statement is true for you. </p><p> Press the space bar to start </p>","","","32","","","","","","","","","","","","","","","","","","",""
"survey-likert","288","4319589","0.0-15.0-1.0","71409.25499999803","","","{""STICSAT1"":1,""STICSAT2"":3,""STICSAT3"":3,""STICSAT4"":3,""STICSAT5"":3,""STICSAT6"":2,""STICSAT7"":1,""STICSAT8"":2,""STICSAT9"":2,""STICSAT10"":2,""STICSAT11"":3,""STICSAT12"":0,""STICSAT13"":1,""STICSAT14"":2,""STICSAT15"":2,""STICSAT16"":1,""STICSAT17"":3,""STICSAT18"":0,""STICSAT19"":2,""STICSAT20"":0,""STICSAT21"":0}","","","","","","","","","","","","","","","","","","","","[0,1,2,3,4,5,6,7,8,9,10,11,12,13,14,15,16,17,18,19,20]"
"html-keyboard-response","289","4322800","0.0-16.0-0.0","3199.429999999702","<p>Please indicate for each statement how much you agree. </p><p> Press the space bar to start </p>","","","32","","","","","","","","","","","","","","","","","","",""
"survey-likert","290","4391596","0.0-16.0-1.0","68787.87500000186","","","{""IUS1"":3,""IUS2"":2,""IUS3"":4,""IUS4"":1,""IUS5"":4,""IUS6"":4,""IUS7"":4,""IUS8"":3,""IUS9"":2,""IUS10"":4,""IUS11"":1,""IUS12"":4,""IUS13"":4}","","","","","","","","","","","","","","","","","","","","[0,1,2,3,4,5,6,7,8,9,10,11,12]"
"html-keyboard-response","291","4395002","0.0-17.0-0.0","3395.614999998361","<p>Please indicate for each statement how you <b> generally </b> feel. </p><p> Press the space bar to start </p>","","","32","","","","","","","","","","","","","","","","","","",""
"survey-likert","292","4481505","0.0-17.0-1.0","86493.48000000138","","","{""STAIT1"":1,""STAIT2"":3,""STAIT3"":0,""STAIT4"":2,""STAIT5"":3,""STAIT6"":1,""STAIT7"":2,""STAIT8"":3,""STAIT9"":3,""STAIT10"":1,""STAIT11"":2,""STAIT12"":3,""STAIT13"":0,""STAIT14"":1,""STAIT15"":2,""STAIT16"":1,""STAIT17"":1,""STAIT18"":3,""STAIT19"":1,""STAIT20"":3}","","","","","","","","","","","","","","","","","","","","[0,1,2,3,4,5,6,7,8,9,10,11,12,13,14,15,16,17,18,19]"
"html-keyboard-response","293","4493796","0.0-18.0-0.0","12278.279999998398","<p>Please indicate for each statement how much you think each statement is typical of you. </p><p> Press the space bar to start </p>","","","32","","","","","","","","","","","","","","","","","","",""
"survey-likert","294","4693394","0.0-18.0-1.0","199576.04499999806","","","{""ACQ1"":2,""ACQ2"":4,""ACQ3"":5,""ACQ4"":0,""ACQ5"":5,""ACQ6"":4,""ACQ7"":4,""ACQ8"":3,""ACQ9"":3,""ACQ10"":1,""ACQ11"":0,""ACQ12"":2,""ACQ13"":0,""ACQ14"":4,""ACQ15"":3,""ACQ16"":4,""ACQ17"":1,""ACQ18"":5,""ACQ19"":0,""ACQ20"":2,""ACQ21"":1,""ACQ22"":0,""ACQ23"":1,""ACQ24"":5,""ACQ25"":2,""ACQ26"":5,""ACQ27"":2,""ACQ28"":4,""ACQ29"":1,""ACQ30"":4}","","","","","","","","","","","","","","","","","","","","[0,1,2,3,4,5,6,7,8,9,10,11,12,13,14,15,16,17,18,19,20,21,22,23,24,25,26,27,28,29]"
"html-keyboard-response","295","4707004","0.0-19.0-0.0","13599.024999999441","<p> For the following questions, indicate <b> how often </b> you felt or thought a certain way <b> during the last month </b>.</p><p> Press space to start </p>","","","32","","","","","","","","","","","","","","","","","","",""
"survey-likert","296","4766374","0.0-19.0-1.0","59363.08999999892","","","{""Stress1"":1,""Stress2"":4,""Stress3"":3,""Stress4"":1,""Stress5"":1,""Stress6"":2,""Stress7"":2,""Stress8"":2,""Stress9"":2,""Stress10"":2}","","","","","","","","","","","","","","","","","","","","[0,1,2,3,4,5,6,7,8,9]"
