"trial_type","trial_index","time_elapsed","internal_node_id","rt","stimulus","button_pressed","responses","key_press","view_history","correct","stakes","outcome","outcome_notreceived","choice_selected","choice_not_selected","rt_choice","rt_space","rt_certainty","all_rts","key_choice","all_keys","estimate_trial","estimate_val","certainty_trial","certainty_val","value","question_order"
"pavlovia","0","12","0.0-0.0","","","","","","","","","","","","","","","","","","","","","","","",""
"html-button-response","1","2607","0.0-1.0","2592.8449999773875","<p style=""font-size:24px;font-weight:bold"">Consent</p><div class=""consent"" style=""text-align:left; border:1px solid; padding:10px; width:800px; font-size=100%, float:right""><p align=left>Thank you for signing up for this experiment!<p><p align=left>This experiment is being conducted by the California Institute of Technology (Caltech). The lead investigators are Sarah Tashjian, PhD and Dean Mobbs, PhD. This study has been approved by the Caltech Institutional Review Board for research ethics.<p><p align=left>The goal of this study is to understand learning processes. In this experiment, you will complete a task in which you will see images.<p><p align=left>At times, you will receive rewards and penalties. These earnings will determine your eligibility for a bonus payment, which will result in a real increase in your payment in this study.<p><p align=left>Your goal is to learn which images predict the most points. We will also ask how certain you are about your decisions throughout the task.<p><p align=left>This experiment will take approximately 1 hour to complete in its entirety.<p><p align=left><b>You will receive $9.00 for completing the experiment. <u>If you optimize decisions on at least 70% of trials, you will be eligible for a $100 bonus payment.</u></b><p><p align=left>This study involves minimal risk, meaning there will be no more risk than in daily life. Possible risks include physical discomfort/fatigue (eyestrain, tiredness), as well as psychological discomfort (e.g., potential boredom).<p><p align=left> Besides receiving payment, you will not benefit from this study.<p><p align=left><b>Any information that is obtained in connection with this study that can identify you will remain confidential. </b><p><p align=left>When the results of this study are reported, your identifying information will not be disclosed. Because this study is being conducted online, we are unable to fully eliminate the risk of a breach of confidentiality. However, to mitigate the chances of this occurring, we are using secure and confidential data collection systems.<p align=left>You may choose to withdraw from this study at any time and refuse to answer any questions without penalty. Also, you may choose not to participate in this study.<p><p align=left>You are <b>eligible</b> to participate if you (1) are 18-65 years old, (2) are fluent in English, (3) have healthy or corrected vision, (4) are not colorblind, and (5) have no difficulty controlling motor movements. <p><p align=left>If you do not meet these criteria, please exit the experiment now.<p><p align=center><b> If you meet these criteria and consent to participate, you must<br>indicate your consent by clicking the button below.<b></p>","0","","","","","","","","","","","","","","","","","","","","",""
"survey-text","2","9647","0.0-2.0-0.0","7035.254999995232","","","{""Q0"":""5d8c9182bc22d700191aef2b"",""Q1"":""38"",""Q2"":""Male"",""Q3"":""Male""}","","","","","","","","","","","","","","","","","","","",""
"html-keyboard-response","3","14306","0.0-3.0","4657.515000086278","<p>Welcome to the experiment!</p><p> You will play two games and answer a few questions.</p><p>Press the space bar to begin reading the instructions for the first game.</p>","","","32","","","","","","","","","","","","","","","","","","",""
"instructions","4","146044","0.0-4.0","131736.47500004154","","","","","[{""page_index"":0,""viewing_time"":8019.130000029691},{""page_index"":1,""viewing_time"":22860.95999996178},{""page_index"":2,""viewing_time"":4524.779999977909},{""page_index"":3,""viewing_time"":6886.975000030361},{""page_index"":4,""viewing_time"":48950.07000002079},{""page_index"":5,""viewing_time"":21153.879999998026},{""page_index"":6,""viewing_time"":14692.975000012666},{""page_index"":7,""viewing_time"":2819.939999957569},{""page_index"":8,""viewing_time"":1827.14000006672}]","","","","","","","","","","","","","","","","","",""
"html-keyboard-response","5","147418","0.0-5.0-0.0","1373.1550000375137","<p style=""font-size:24px;font-weight:bold"">TEST QUESTION</p><p>Which letter should you press to select the green house on the left?</p><div class=group><table class=table_center><tr><td class=prompt colspan=2>Choose one</td></tr><tr style=""height: 300px;""><td style=""width: 300px;""><img id=""left"" src=img/house_3.png style=""zoom: 100%;""/></td><td style=""width: 300px;""><img id=""right"" src=img/house_2.png style=""zoom: 100%;""/></td></tr></table></div><br>","","","70","","true","","","","","","","","","","","","","","","","",""
"html-keyboard-response","6","150434","0.0-5.0-1.0","null","<p style=""font-size:36px;font-weight:bold"">Correct!</p><p> Remember, press ""F"" for left and ""J"" for right. </p>","","","null","","","","","","","","","","","","","","","","","","",""
"html-keyboard-response","7","150890","0.0-5.0-2.0","455.0949999829754","<p style=""font-size:24px;font-weight:bold"">TEST QUESTION</p><p>Which letter should you press to select the red house on the right?</p><div class=group><table class=table_center><tr><td class=prompt colspan=2>Choose one</td></tr><tr style=""height: 300px;""><td style=""width: 300px;""><img id=""left"" src=img/house_3.png style=""zoom: 100%;""/></td><td style=""width: 300px;""><img id=""right"" src=img/house_2.png style=""zoom: 100%;""/></td></tr></table></div><br>","","","74","","true","","","","","","","","","","","","","","","","",""
"html-keyboard-response","8","153892","0.0-5.0-3.0","null","<p style=""font-size:36px;font-weight:bold"">Correct!</p><p> Remember, press ""F"" for left and ""J"" for right. </p>","","","null","","","","","","","","","","","","","","","","","","",""
"html-keyboard-response","9","193794","0.0-5.0-4.0","39901.91499993671","<p style=""font-size:24px;font-weight:bold"">TEST QUESTION</p><p>Type the number of the <b> maximum </b> amount of sacks an elf can make</p>","","","57","","true","","","","","","","","","","","","","","","","",""
"html-keyboard-response","10","196807","0.0-5.0-5.0","null","<p style=""font-size:36px;font-weight:bold"">Correct!</p><p> Remember, elves can make 0 to 9 sacks. </p>","","","null","","","","","","","","","","","","","","","","","","",""
"html-keyboard-response","11","204338","0.0-5.0-6.0","7529.96999991592","<p style=""font-size:24px;font-weight:bold"">TEST QUESTION</p><p>Remember, the same house always takes you to the same elf. </p><p>On this trial, select the house on the left by pressing ""F"".</p><div class=group><table class=table_center><tr><td class=prompt colspan=2>Choose one</td></tr><tr style=""height: 300px;""><td style=""width: 300px;""><img id=""left"" src=img/house_1.png style=""zoom: 100%;""/></td><td style=""width: 300px;""><img id=""right"" src=img/house_5.png style=""zoom: 100%;""/></td></tr></table></div><br>","","","70","","","","","","","","","","","","","","","","","","",""
"html-keyboard-response","12","215707","0.0-5.0-7.0","11367.075000074692","<p style=""font-size:24px;font-weight:bold"">TEST QUESTION</p><p>The red house took you to the yellow elf. </p><p> The yellow elf gave you 8 sacks. </p><p> The most sacks an elf can make is 9 sacks, so this is a great outcome!</p><div class=group><table class=table_center><tr><td class=prompt colspan=3>You received</td></tr><tr style=""height: 300px;""><td><img src=img/elf_yellow.png style=""zoom: 100%;""/></td><td><img src=img/sack.png style=""zoom: 30%;""/></td><td class=prompt>x 8</td></tr></table></div><br><p> Press space to continue </p>","","","32","","","","","","","","","","","","","","","","","","",""
"html-keyboard-response","13","220978","0.0-5.0-8.0","5270.23000002373","<p style=""font-size:24px;font-weight:bold"">TEST QUESTION</p><p>If you wanted to visit the <b> yellow elf </b> again, which house would you select?</p><div class=group><table class=table_center><tr><td class=prompt colspan=2>Choose one</td></tr><tr style=""height: 300px;""><td style=""width: 300px;""><img id=""left"" src=img/house_1.png style=""zoom: 100%;""/></td><td style=""width: 300px;""><img id=""right"" src=img/house_5.png style=""zoom: 100%;""/></td></tr></table></div><br>","","","70","","true","","","","","","","","","","","","","","","","",""
"html-keyboard-response","14","223988","0.0-5.0-9.0","null","<p style=""font-size:36px;font-weight:bold"">Correct!</p><p> Remember, the same house goes to the same elf. </p>","","","null","","","","","","","","","","","","","","","","","","",""
"html-keyboard-response","15","228346","0.0-5.0-10.0","4357.889999984764","<p style=""font-size:24px;font-weight:bold"">TEST QUESTION</p><p>On this trial, select the house on the right by pressing ""J"".</p><div class=group><table class=table_center><tr><td class=prompt colspan=2>Choose one</td></tr><tr style=""height: 300px;""><td style=""width: 300px;""><img id=""left"" src=img/house_1.png style=""zoom: 100%;""/></td><td style=""width: 300px;""><img id=""right"" src=img/house_5.png style=""zoom: 100%;""/></td></tr></table></div><br>","","","74","","","","","","","","","","","","","","","","","","",""
"html-keyboard-response","16","232530","0.0-5.0-11.0","4182.435000082478","<p style=""font-size:24px;font-weight:bold"">TEST QUESTION</p><p>The blue house took you to the purple elf. </p><p> The purple elf only gave you 1 sack. </p><p> That is not very much and is a pretty bad outcome.</p><div class=group><table class=table_center><tr><td class=prompt colspan=3>You received</td></tr><tr style=""height: 300px;""><td><img src=img/elf_purple.png style=""zoom: 100%;""/></td><td><img src=img/sack.png style=""zoom: 30%;""/></td><td class=prompt>x 1</td></tr></table></div><br><p> Press space to continue </p>","","","32","","","","","","","","","","","","","","","","","","",""
"html-keyboard-response","17","236754","0.0-5.0-12.0","4222.880000015721","<p style=""font-size:24px;font-weight:bold"">TEST QUESTION</p><p>Remember the yellow elf gave you 8 sacks and the purple elf only gave you 1 sack. </p><p> Which elf would you try to visit next? </p><div class=group><table class=table_center><tr><td class=prompt colspan=2>Choose one</td></tr><tr style=""height: 300px;""><td style=""width: 300px;""><img id=""left"" src=img/elf_yellow.png style=""zoom: 100%;""/></td><td style=""width: 300px;""><img id=""right"" src=img/elf_purple.png style=""zoom: 100%;""/></td></tr></table></div><br>","","","70","","true","","","","","","","","","","","","","","","","",""
"html-keyboard-response","18","239758","0.0-5.0-13.0","null","<p style=""font-size:36px;font-weight:bold"">Correct!</p><p> Remember, you want to select the elf who gives you the most sacks.</p>","","","null","","","","","","","","","","","","","","","","","","",""
"html-keyboard-response","19","245211","0.0-5.0-14.0","5451.4300000155345","<p style=""font-size:24px;font-weight:bold"">TEST QUESTION</p><p>To visit the yellow elf, which house should you visit? </p><div class=group><table class=table_center><tr><td class=prompt colspan=2>Choose one</td></tr><tr style=""height: 300px;""><td style=""width: 300px;""><img id=""left"" src=img/house_1.png style=""zoom: 100%;""/></td><td style=""width: 300px;""><img id=""right"" src=img/house_5.png style=""zoom: 100%;""/></td></tr></table></div><br>","","","70","","true","","","","","","","","","","","","","","","","",""
"html-keyboard-response","20","248222","0.0-5.0-15.0","null","<p style=""font-size:36px;font-weight:bold"">Correct!</p><p>Remember, the same house goes to the same elf each time.</p>","","","null","","","","","","","","","","","","","","","","","","",""
"html-keyboard-response","21","252059","0.0-5.0-16.0","3836.2799999304116","<p style=""font-size:36px;font-weight:bold"">You are ready to play!</p><p>The houses and elves in the actual game will be different than the practice. </p><p> Press the space bar to start the game</p>","","","32","","","","","","","","","","","","","","","","","","",""
"no-tradeoff-rwd","22","271665","0.0-6.0-0.0","","","","","","","","4","5","3","img/house_2.png","img/house_3.png","1041.8099999660626","1337.444999953732","9222.960000042804","1041.8099999660626,1337.444999953732,9222.960000042804","70","70,32,13","enter","5","null","","",""
"no-tradeoff-rwd","23","278279","0.0-6.0-0.1","","","","","","","","4","0","","","","3099.680000101216","","","3099.680000101216","32","32","null","","null","","",""
"no-tradeoff-rwd","24","302056","0.0-6.0-0.2","","","","","","","","1","5","4","img/house_2.png","img/house_3.png","589.2899999162182","13544.295000028796","1185.884999926202","589.2899999162182,13544.295000028796,1185.884999926202","70","70,13,32","null","","enter","5","",""
"no-tradeoff-rwd","25","312096","0.0-6.0-0.3","","","","","","","","1","3","7","img/house_3.png","img/house_2.png","1155.365000013262","981.0600000200793","","1155.365000013262,981.0600000200793","70","70,32","null","","null","","",""
"no-tradeoff-rwd","26","328590","0.0-6.0-0.4","","","","","","","","1","9","3","img/house_2.png","img/house_3.png","576.6200000653043","2124.324999982491","5294.445000006817","576.6200000653043,2124.324999982491,5294.445000006817","70","70,32,13","enter","5","null","","",""
"no-tradeoff-rwd","27","336357","0.0-6.0-0.5","","","","","","","","1","7","4","img/house_2.png","img/house_3.png","1490.4749999986961","236.80499999318272","","1490.4749999986961,236.80499999318272","74","74,32","null","","null","","",""
"no-tradeoff-rwd","28","340841","0.0-6.0-0.6","","","","","","","","1","0","","","","961.0950000351295","","","961.0950000351295","32","32","null","","null","","",""
"no-tradeoff-rwd","29","351396","0.0-6.0-0.7","","","","","","","","4","8","1","img/house_6.png","img/house_4.png","1190.8400000538677","1494.1650000400841","","1190.8400000538677,1494.1650000400841","70","70,32","null","","null","","",""
"no-tradeoff-rwd","30","363644","0.0-6.0-0.8","","","","","","","","1","7","2","img/house_6.png","img/house_4.png","1060.7949999393895","79.0200000628829","4606.565000023693","1060.7949999393895,79.0200000628829,4606.565000023693","70","70,32,13","enter","8","null","","",""
"no-tradeoff-rwd","31","371214","0.0-6.0-0.9","","","","","","","","1","3","8","img/house_4.png","img/house_6.png","815.7600000267848","26.24499995727092","","815.7600000267848,26.24499995727092","70","70,32","null","","null","","",""
"no-tradeoff-rwd","32","384982","0.0-6.0-0.10","","","","","","","","1","8","2","img/house_6.png","img/house_4.png","1078.9199999999255","3999.2199999978766","719.9249999830499","1078.9199999999255,3999.2199999978766,719.9249999830499","70","70,13,32","null","","enter","3","",""
"no-tradeoff-rwd","33","394886","0.0-6.0-0.11","","","","","","","","4","9","0","img/house_2.png","img/house_3.png","953.1999999890104","826.1799999745563","","953.1999999890104,826.1799999745563","74","74,32","null","","null","","",""
"no-tradeoff-rwd","34","409419","0.0-6.0-0.12","","","","","","","","4","1","7","img/house_4.png","img/house_6.png","1047.4199999589473","708.4549999563023","6278.339999960735","1047.4199999589473,708.4549999563023,6278.339999960735","70","70,32,13","enter","15","null","","",""
"no-tradeoff-rwd","35","417092","0.0-6.0-0.13","","","","","","","","1","0","6","img/house_4.png","img/house_6.png","1373.9849999547005","119.27000002469867","","1373.9849999547005,119.27000002469867","70","70,32","null","","null","","",""
"no-tradeoff-rwd","36","433397","0.0-6.0-0.14","","","","","","","","1","3","1","img/house_6.png","img/house_4.png","1367.035000002943","5941.83000002522","1289.5799999823794","1367.035000002943,5941.83000002522,1289.5799999823794","74","74,13,32","null","","enter","5","",""
"no-tradeoff-rwd","37","443700","0.0-6.0-0.15","","","","","","","","1","2","0","img/house_2.png","img/house_3.png","600.6399999605492","1264.560000039637","","600.6399999605492,1264.560000039637","70","70,32","null","","null","","",""
"no-tradeoff-rwd","38","461334","0.0-6.0-0.16","","","","","","","","1","4","4","img/house_4.png","img/house_6.png","950.9649999672547","1003.169999923557","7575.359999900684","950.9649999672547,1003.169999923557,7575.359999900684","70","70,32,13","enter","3","null","","",""
"no-tradeoff-rwd","39","469048","0.0-6.0-0.17","","","","","","","","4","1","2","img/house_6.png","img/house_4.png","1313.2750000804663","171.99499998241663","","1313.2750000804663,171.99499998241663","70","70,32","null","","null","","",""
"no-tradeoff-rwd","40","483625","0.0-6.0-0.18","","","","","","","","1","6","5","img/house_4.png","img/house_6.png","1022.910000057891","4732.899999944493","801.659999997355","1022.910000057891,4732.899999944493,801.659999997355","74","74,13,32","null","","enter","8","",""
"no-tradeoff-rwd","41","491720","0.0-6.0-0.19","","","","","","","","1","7","9","img/house_2.png","img/house_3.png","952.9949999414384","547.6300000445917","","952.9949999414384,547.6300000445917","70","70,32","null","","null","","",""
"no-tradeoff-rwd","42","506119","0.0-6.0-0.20","","","","","","","","4","9","9","img/house_6.png","img/house_4.png","1176.4700000640005","794.0949999028817","4542.159999953583","1176.4700000640005,794.0949999028817,4542.159999953583","74","74,32,13","enter","6","null","","",""
"no-tradeoff-rwd","43","515823","0.0-6.0-0.21","","","","","","","","1","9","7","img/house_2.png","img/house_3.png","651.2499999953434","628.9800000376999","","651.2499999953434,628.9800000376999","70","70,32","null","","null","","",""
"no-tradeoff-rwd","44","534608","0.0-6.0-0.22","","","","","","","","1","8","8","img/house_2.png","img/house_3.png","1066.1149999359623","8667.46000002604","1052.5899999774992","1066.1149999359623,8667.46000002604,1052.5899999774992","70","70,13,32","null","","enter","3","",""
"no-tradeoff-rwd","45","538782","0.0-6.0-0.23","","","","","","","","4","0","","","","638.1699999328703","","","638.1699999328703","32","32","null","","null","","",""
"no-tradeoff-rwd","46","552124","0.0-6.0-0.24","","","","","","","","4","3","3","img/house_3.png","img/house_2.png","936.7499999934807","624.9250000109896","3647.090000100434","936.7499999934807,624.9250000109896,3647.090000100434","74","74,32,13","enter","1","null","","",""
"no-tradeoff-rwd","47","561796","0.0-6.0-0.25","","","","","","","","1","4","3","img/house_4.png","img/house_6.png","1001.9349999492988","628.4749999176711","","1001.9349999492988,628.4749999176711","70","70,32","null","","null","","",""
"no-tradeoff-rwd","48","577430","0.0-6.0-0.26","","","","","","","","4","7","4","img/house_4.png","img/house_6.png","1102.2499999962747","4824.390000081621","1773.7200000556186","1102.2499999962747,4824.390000081621,1773.7200000556186","74","74,13,32","null","","enter","3\","",""
"no-tradeoff-rwd","49","585845","0.0-6.0-0.27","","","","","","","","1","8","3","img/house_3.png","img/house_2.png","937.5399999553338","870.8699999842793","","937.5399999553338,870.8699999842793","74","74,32","null","","null","","",""
"no-tradeoff-rwd","50","597125","0.0-6.0-0.28","","","","","","","","1","7","3","img/house_4.png","img/house_6.png","1226.9250000827014","710.9600000549108","3023.600000073202","1226.9250000827014,710.9600000549108,3023.600000073202","74","74,32,13","enter","6","null","","",""
"no-tradeoff-rwd","51","604742","0.0-6.0-0.29","","","","","","","","1","7","7","img/house_6.png","img/house_4.png","1183.5500000743195","61.480000033043325","","1183.5500000743195,61.480000033043325","74","74,32","null","","null","","",""
"no-tradeoff-rwd","52","617894","0.0-6.0-0.30","","","","","","","","4","7","9","img/house_3.png","img/house_2.png","705.9349999763072","2827.790000010282","1254.9150000559166","705.9349999763072,2827.790000010282,1254.9150000559166","70","70,13,32","null","","enter","7","",""
"no-tradeoff-rwd","53","627613","0.0-6.0-0.31","","","","","","","","1","8","7","img/house_3.png","img/house_2.png","943.7850000103936","689.3350000027567","","943.7850000103936,689.3350000027567","74","74,32","null","","null","","",""
"no-tradeoff-rwd","54","639907","0.0-6.0-0.32","","","","","","","","4","9","9","img/house_4.png","img/house_6.png","1209.3350000213832","562.7249999670312","2671.489999978803","1209.3350000213832,562.7249999670312,2671.489999978803","70","70,32,13","enter","4","null","","",""
"no-tradeoff-rwd","55","648391","0.0-6.0-0.33","","","","","","","","1","7","5","img/house_6.png","img/house_4.png","1377.195000066422","937.099999981001","","1377.195000066422,937.099999981001","70","70,32","null","","null","","",""
"no-tradeoff-rwd","56","661871","0.0-6.0-0.34","","","","","","","","4","3","5","img/house_4.png","img/house_6.png","728.4350000554696","3629.5150000369176","798.9049999741837","728.4350000554696,3629.5150000369176,798.9049999741837","70","70,13,32","null","","enter","5","",""
"no-tradeoff-rwd","57","669450","0.0-6.0-0.35","","","","","","","","4","5","2","img/house_3.png","img/house_2.png","1192.3500000266358","8.174999966286123","","1192.3500000266358,8.174999966286123","74","74,32","null","","null","","",""
"no-tradeoff-rwd","58","680801","0.0-6.0-0.36","","","","","","","","1","4","2","img/house_4.png","img/house_6.png","1253.2049999572337","624.6550000505522","3167.170000029728","1253.2049999572337,624.6550000505522,3167.170000029728","70","70,32,13","enter","3","null","","",""
"no-tradeoff-rwd","59","690473","0.0-6.0-0.37","","","","","","","","4","6","4","img/house_3.png","img/house_2.png","608.4800000535324","620.5799999879673","","608.4800000535324,620.5799999879673","74","74,32","null","","null","","",""
"no-tradeoff-rwd","60","702358","0.0-6.0-0.38","","","","","","","","1","5","6","img/house_6.png","img/house_4.png","1492.324999999255","2592.2699999064207","225.3400000045076","1492.324999999255,2592.2699999064207,225.3400000045076","74","74,13,32","null","","enter","4","",""
"no-tradeoff-rwd","61","712185","0.0-6.0-0.39","","","","","","","","1","7","7","img/house_3.png","img/house_2.png","723.3899999409914","767.2349999193102","","723.3899999409914,767.2349999193102","74","74,32","null","","null","","",""
"no-tradeoff-rwd","62","731957","0.0-6.0-0.40","","","","","","","","1","4","8","img/house_6.png","img/house_4.png","1044.7450000792742","971.6849999967963","9734.939999994822","1044.7450000792742,971.6849999967963,9734.939999994822","70","70,32,13","enter","6","null","","",""
"no-tradeoff-rwd","63","740636","0.0-6.0-0.41","","","","","","","","4","6","8","img/house_6.png","img/house_4.png","1275.885000010021","1355.4500000318512","1143.1800000136718","1275.885000010021,1355.4500000318512,1143.1800000136718","74","74,70,32","null","","null","","",""
"no-tradeoff-rwd","64","754762","0.0-6.0-0.42","","","","","","","","1","6","6","img/house_4.png","img/house_6.png","917.479999945499","4277.605000068434","803.4200000111014","917.479999945499,4277.605000068434,803.4200000111014","74","74,13,32","null","","enter","6","",""
"no-tradeoff-rwd","65","765503","0.0-6.0-0.43","","","","","","","","4","4","8","img/house_6.png","img/house_4.png","1034.1699999989942","1682.4550000019372","","1034.1699999989942,1682.4550000019372","70","70,32","null","","null","","",""
"no-tradeoff-rwd","66","777566","0.0-6.0-0.44","","","","","","","","1","7","4","img/house_4.png","img/house_6.png","938.7649999698624","738.6700001079589","3791.480000014417","938.7649999698624,738.6700001079589,3791.480000014417","74","74,32,13","enter","6","null","","",""
"no-tradeoff-rwd","67","787836","0.0-6.0-0.45","","","","","","","","4","8","2","img/house_3.png","img/house_2.png","977.0000000717118","1216.2200000602752","","977.0000000717118,1216.2200000602752","74","74,32","null","","null","","",""
"no-tradeoff-rwd","68","801088","0.0-6.0-0.46","","","","","","","","4","4","9","img/house_6.png","img/house_4.png","1382.0600000908598","3557.8600000590086","630.269999965094","1382.0600000908598,3557.8600000590086,630.269999965094","74","74,13,32","null","","enter","4","",""
"no-tradeoff-rwd","69","811629","0.0-6.0-0.47","","","","","","","","4","9","6","img/house_3.png","img/house_2.png","1008.229999919422","1501.9949999405071","","1008.229999919422,1501.9949999405071","70","70,32","null","","null","","",""
"no-tradeoff-rwd","70","828481","0.0-6.0-0.48","","","","","","","","4","7","6","img/house_3.png","img/house_2.png","916.3450000341982","675.9050000691786","8622.684999951161","916.3450000341982,675.9050000691786,8622.684999951161","70","70,32,13","enter","7","null","","",""
"no-tradeoff-rwd","71","838321","0.0-6.0-0.49","","","","","","","","1","8","5","img/house_3.png","img/house_2.png","873.9050000440329","785.935000050813","","873.9050000440329,785.935000050813","70","70,32","null","","null","","",""
"no-tradeoff-rwd","72","851701","0.0-6.0-0.50","","","","","","","","1","8","8","img/house_3.png","img/house_2.png","803.9499999722466","3790.0900000240654","544.9399999342859","803.9499999722466,3790.0900000240654,544.9399999342859","74","74,13,32","null","","enter","8","",""
"no-tradeoff-rwd","73","861331","0.0-6.0-0.51","","","","","","","","1","4","5","img/house_6.png","img/house_4.png","1082.5049999402836","575.4450000822544","","1082.5049999402836,575.4450000822544","70","70,32","null","","null","","",""
"no-tradeoff-rwd","74","875307","0.0-6.0-0.52","","","","","","","","4","9","7","img/house_4.png","img/house_6.png","1014.5299999276176","501.6400000313297","4423.384999972768","1014.5299999276176,501.6400000313297,4423.384999972768","70","70,32,13","enter","8","null","","",""
"no-tradeoff-rwd","75","884979","0.0-6.0-0.53","","","","","","","","4","7","9","img/house_4.png","img/house_6.png","1087.7149999141693","616.4199999766424","","1087.7149999141693,616.4199999766424","74","74,32","null","","null","","",""
"no-tradeoff-rwd","76","897889","0.0-6.0-0.54","","","","","","","","4","8","9","img/house_3.png","img/house_2.png","594.3299999926239","3668.6600000830367","190.70999999530613","594.3299999926239,3668.6600000830367,190.70999999530613","74","74,13,32","null","","enter","4","",""
"no-tradeoff-rwd","77","907652","0.0-6.0-0.55","","","","","","","","4","8","7","img/house_3.png","img/house_2.png","922.6849999977276","702.5450000073761","","922.6849999977276,702.5450000073761","74","74,32","null","","null","","",""
"no-tradeoff-rwd","78","924147","0.0-6.0-0.56","","","","","","","","1","6","8","img/house_3.png","img/house_2.png","600.0749999657273","497.2449999768287","8447.675000061281","600.0749999657273,497.2449999768287,8447.675000061281","74","74,32,13","enter","8","null","","",""
"no-tradeoff-rwd","79","932306","0.0-6.0-0.57","","","","","","","","1","3","9","img/house_4.png","img/house_6.png","1396.7000000411645","599.3449999950826","","1396.7000000411645,599.3449999950826","74","74,32","null","","null","","",""
"no-tradeoff-rwd","80","945552","0.0-6.0-0.58","","","","","","","","1","2","7","img/house_3.png","img/house_2.png","932.560000102967","3150.329999974929","1035.77000007499","932.560000102967,3150.329999974929,1035.77000007499","70","70,13,32","null","","enter","4","",""
"no-tradeoff-rwd","81","953910","0.0-6.0-0.59","","","","","","","","1","8","0","img/house_6.png","img/house_4.png","1183.089999947697","808.699999935925","","1183.089999947697,808.699999935925","70","70,32","null","","null","","",""
"no-tradeoff-rwd","82","967626","0.0-6.0-0.60","","","","","","","","1","6","0","img/house_2.png","img/house_3.png","813.5049999691546","1006.7000000271946","5175.369999953546","813.5049999691546,1006.7000000271946,5175.369999953546","74","74,32,13","enter","0","null","","",""
"no-tradeoff-rwd","83","971796","0.0-6.0-0.61","","","","","","","","4","0","","","","648.5950000351295","","","648.5950000351295","32","32","null","","null","","",""
"no-tradeoff-rwd","84","986473","0.0-6.0-0.62","","","","","","","","4","9","1","img/house_2.png","img/house_3.png","928.0850000213832","4778.939999989234","832.6900000683963","928.0850000213832,4778.939999989234,832.6900000683963","70","70,13,32","null","","enter","5","",""
"no-tradeoff-rwd","85","996137","0.0-6.0-0.63","","","","","","","","4","8","0","img/house_2.png","img/house_3.png","597.2499999916181","609.9749999120831","","597.2499999916181,609.9749999120831","74","74,32","null","","null","","",""
"no-tradeoff-rwd","86","1009921","0.0-6.0-0.64","","","","","","","","1","8","3","img/house_6.png","img/house_4.png","919.2200000397861","818.900000071153","3911.0299999592826","919.2200000397861,818.900000071153,3911.0299999592826","70","70,32,13","enter","8","null","","",""
"no-tradeoff-rwd","87","1017594","0.0-6.0-0.65","","","","","","","","1","8","3","img/house_6.png","img/house_4.png","1330.2799999946728","144.97500006109476","","1330.2799999946728,144.97500006109476","70","70,32","null","","null","","",""
"no-tradeoff-rwd","88","1030668","0.0-6.0-0.66","","","","","","","","4","7","3","img/house_6.png","img/house_4.png","794.5150000741705","3182.340000057593","839.4449999323115","794.5150000741705,3182.340000057593,839.4449999323115","70","70,13,32","null","","enter","8","",""
"no-tradeoff-rwd","89","1040219","0.0-6.0-0.67","","","","","","","","1","7","3","img/house_6.png","img/house_4.png","1016.8000000994653","513.4350000880659","","1016.8000000994653,513.4350000880659","74","74,32","null","","null","","",""
"no-tradeoff-rwd","90","1053356","0.0-6.0-0.68","","","","","","","","4","8","7","img/house_6.png","img/house_4.png","1154.164999956265","681.5049999859184","3391.6149999713525","1154.164999956265,681.5049999859184,3391.6149999713525","74","74,32,13","enter","7","null","","",""
"no-tradeoff-rwd","91","1062997","0.0-6.0-0.69","","","","","","","","1","9","6","img/house_2.png","img/house_3.png","1025.000000023283","580.4850000422448","","1025.000000023283,580.4850000422448","70","70,32","null","","null","","",""
"no-tradeoff-rwd","92","1076239","0.0-6.0-0.70","","","","","","","","1","5","6","img/house_4.png","img/house_6.png","1372.2650000127032","3636.2799999769777","568.0249999277294","1372.2650000127032,3636.2799999769777,568.0249999277294","74","74,13,32","null","","enter","5","",""
"no-tradeoff-rwd","93","1085973","0.0-6.0-0.71","","","","","","","","1","8","7","img/house_2.png","img/house_3.png","456.415000022389","678.6749999737367","","456.415000022389,678.6749999737367","70","70,32","null","","null","","",""
"no-tradeoff-rwd","94","1097516","0.0-6.0-0.72","","","","","","","","4","8","9","img/house_4.png","img/house_6.png","1331.8299999227747","194.5250000571832","3799.334999988787","1331.8299999227747,194.5250000571832,3799.334999988787","74","74,32,13","enter","5","null","","",""
"no-tradeoff-rwd","95","1107317","0.0-6.0-0.73","","","","","","","","4","8","7","img/house_6.png","img/house_4.png","964.8700000252575","744.2949999822304","","964.8700000252575,744.2949999822304","70","70,32","null","","null","","",""
"no-tradeoff-rwd","96","1120265","0.0-6.0-0.74","","","","","","","","4","9","8","img/house_6.png","img/house_4.png","736.36500001885","3349.7600000118837","549.0849999478087","736.36500001885,3349.7600000118837,549.0849999478087","70","70,13,32","null","","enter","8","",""
"no-tradeoff-rwd","97","1129935","0.0-6.0-0.75","","","","","","","","4","9","4","img/house_2.png","img/house_3.png","1126.4149999478832","614.0299999387935","","1126.4149999478832,614.0299999387935","74","74,32","null","","null","","",""
"no-tradeoff-rwd","98","1142864","0.0-6.0-0.76","","","","","","","","4","2","8","img/house_4.png","img/house_6.png","910.7749999966472","1400.6650000810623","3967.519999947399","910.7749999966472,1400.6650000810623,3967.519999947399","70","70,32,13","enter","5","null","","",""
"no-tradeoff-rwd","99","1151255","0.0-6.0-0.77","","","","","","","","4","1","6","img/house_4.png","img/house_6.png","992.6700000651181","838.6399999726564","","992.6700000651181,838.6399999726564","70","70,32","null","","null","","",""
"no-tradeoff-rwd","100","1166373","0.0-6.0-0.78","","","","","","","","4","6","0","img/house_6.png","img/house_4.png","1119.4949999917299","5494.639999931678","584.6700000111014","1119.4949999917299,5494.639999931678,584.6700000111014","70","70,13,32","null","","enter","2","",""
"no-tradeoff-rwd","101","1176150","0.0-6.0-0.79","","","","","","","","1","4","0","img/house_2.png","img/house_3.png","829.6949999639764","718.9399999333546","","829.6949999639764,718.9399999333546","70","70,32","null","","null","","",""
"no-tradeoff-rwd","102","1189141","0.0-6.0-0.80","","","","","","","","1","5","3","img/house_2.png","img/house_3.png","1224.724999978207","656.4849999267608","3271.5050000697374","1224.724999978207,656.4849999267608,3271.5050000697374","74","74,32,13","enter","4","null","","",""
"no-tradeoff-rwd","103","1198808","0.0-6.0-0.81","","","","","","","","4","4","7","img/house_4.png","img/house_6.png","1034.455000073649","624.9650000827387","","1034.455000073649,624.9650000827387","74","74,32","null","","null","","",""
"no-tradeoff-rwd","104","1211676","0.0-6.0-0.82","","","","","","","","1","5","1","img/house_2.png","img/house_3.png","597.9349999688566","3232.6249999459833","572.5699999602512","597.9349999688566,3232.6249999459833,572.5699999602512","74","74,13,32","null","","enter","5","",""
"no-tradeoff-rwd","105","1221392","0.0-6.0-0.83","","","","","","","","4","5","5","img/house_2.png","img/house_3.png","873.7200000323355","664.5400000270456","","873.7200000323355,664.5400000270456","70","70,32","null","","null","","",""
"no-tradeoff-rwd","106","1233641","0.0-6.0-0.84","","","","","","","","1","4","4","img/house_3.png","img/house_2.png","927.239999989979","896.8699999386445","3807.230000034906","927.239999989979,896.8699999386445,3807.230000034906","70","70,32,13","enter","","null","","",""
"no-tradeoff-rwd","107","1237808","0.0-6.0-0.85","","","","","","","","1","0","","","","654.5700000133365","","","654.5700000133365","32","32","null","","null","","",""
"no-tradeoff-rwd","108","1250077","0.0-6.0-0.86","","","","","","","","1","7","5","img/house_2.png","img/house_3.png","467.9299999261275","2714.5500000333413","513.3099999511614","467.9299999261275,2714.5500000333413,513.3099999511614","70","70,13,32","null","","enter","5","",""
"no-tradeoff-rwd","109","1259671","0.0-6.0-0.87","","","","","","","","4","5","5","img/house_2.png","img/house_3.png","638.5850000660866","556.5949999727309","","638.5850000660866,556.5949999727309","74","74,32","null","","null","","",""
"no-tradeoff-rwd","110","1271418","0.0-6.0-0.88","","","","","","","","4","6","5","img/house_2.png","img/house_3.png","583.4249999606982","1039.1950000775978","3159.2850000597537","583.4249999606982,1039.1950000775978,3159.2850000597537","74","74,32,13","enter","6","null","","",""
"no-tradeoff-rwd","111","1279629","0.0-6.0-0.89","","","","","","","","4","4","7","img/house_4.png","img/house_6.png","863.014999893494","657.9050000291318","","863.014999893494,657.9050000291318","70","70,32","null","","null","","",""
"no-tradeoff-rwd","112","1292376","0.0-6.0-0.90","","","","","","","","4","8","8","img/house_2.png","img/house_3.png","515.5950000043958","3251.899999915622","455.9400000143796","515.5950000043958,3251.899999915622,455.9400000143796","74","74,13,32","null","","enter","6","",""
"no-tradeoff-rwd","113","1301992","0.0-6.0-0.91","","","","","","","","1","8","9","img/house_6.png","img/house_4.png","1032.4649999383837","564.3700000364333","","1032.4649999383837,564.3700000364333","70","70,32","null","","null","","",""
"no-tradeoff-rwd","114","1314484","0.0-6.0-0.92","","","","","","","","4","9","9","img/house_6.png","img/house_4.png","718.0950000183657","486.52499995660037","2951.7500000074506","718.0950000183657,486.52499995660037,2951.7500000074506","70","70,32,13","enter","8","null","","",""
"no-tradeoff-rwd","115","1324151","0.0-6.0-0.93","","","","","","","","1","8","9","img/house_2.png","img/house_3.png","726.2250001076609","605.0199999008328","","726.2250001076609,605.0199999008328","74","74,32","null","","null","","",""
"no-tradeoff-rwd","116","1338228","0.0-6.0-0.94","","","","","","","","1","9","9","img/house_6.png","img/house_4.png","820.5799999414012","2973.1550000142306","2041.899999952875","820.5799999414012,2973.1550000142306,2041.899999952875","70","70,13,32","null","","enter","3","",""
"no-tradeoff-rwd","117","1348239","0.0-6.0-0.95","","","","","","","","4","5","5","img/house_2.png","img/house_3.png","782.2499999310821","946.5750000672415","","782.2499999310821,946.5750000672415","70","70,32","null","","null","","",""
"no-tradeoff-rwd","118","1361382","0.0-6.0-0.96","","","","","","","","4","6","2","img/house_6.png","img/house_4.png","859.0349999722093","646.8800000147894","3439.0300000086427","859.0349999722093,646.8800000147894,3439.0300000086427","70","70,32,13","enter","5","null","","",""
"no-tradeoff-rwd","119","1371095","0.0-6.0-0.97","","","","","","","","1","5","3","img/house_2.png","img/house_3.png","430.38500007241964","658.919999958016","","430.38500007241964,658.919999958016","74","74,32","null","","null","","",""
"no-tradeoff-rwd","120","1382953","0.0-6.0-0.98","","","","","","","","1","4","1","img/house_6.png","img/house_4.png","977.2200000006706","3219.2500000819564","1102.8849999420345","977.2200000006706,3219.2500000819564,1102.8849999420345","74","74,13,32","null","","enter","5","",""
"no-tradeoff-rwd","121","1391793","0.0-6.0-0.99","","","","","","","","4","6","1","img/house_2.png","img/house_3.png","692.1800000127405","1273.8250000402331","","692.1800000127405,1273.8250000402331","74","74,32","null","","null","","",""
"no-tradeoff-rwd","122","1402776","0.0-6.0-0.100","","","","","","","","4","1","0","img/house_6.png","img/house_4.png","1008.4000000497326","595.7349999807775","2822.935000061989","1008.4000000497326,595.7349999807775,2822.935000061989","74","74,32,13","enter","6","null","","",""
"no-tradeoff-rwd","123","1410868","0.0-6.0-0.101","","","","","","","","4","1","4","img/house_3.png","img/house_2.png","954.7100000781938","564.5449999719858","","954.7100000781938,564.5449999719858","70","70,32","null","","null","","",""
"no-tradeoff-rwd","124","1424812","0.0-6.0-0.102","","","","","","","","1","1","1","img/house_6.png","img/house_4.png","799.0249999566004","4354.9150000326335","547.190000070259","799.0249999566004,4354.9150000326335,547.190000070259","74","74,13,32","null","","enter","2","",""
"no-tradeoff-rwd","125","1432773","0.0-6.0-0.103","","","","","","","","1","4","0","img/house_2.png","img/house_3.png","499.7999999905005","427.45499999728054","","499.7999999905005,427.45499999728054","70","70,32","null","","null","","",""
"no-tradeoff-rwd","126","1444189","0.0-6.0-0.104","","","","","","","","1","1","2","img/house_6.png","img/house_4.png","927.8550000162795","501.93999998737127","3359.6300000790507","927.8550000162795,501.93999998737127,3359.6300000790507","74","74,32,13","enter","4","null","","",""
"no-tradeoff-rwd","127","1452329","0.0-6.0-0.105","","","","","","","","1","2","6","img/house_6.png","img/house_4.png","1012.9300000844523","582.979999948293","","1012.9300000844523,582.979999948293","70","70,32","null","","null","","",""
"no-tradeoff-rwd","128","1464474","0.0-6.0-0.106","","","","","","","","1","3","6","img/house_2.png","img/house_3.png","673.5600000247359","3083.9900000719354","8.5400000680238","673.5600000247359,3083.9900000719354,8.5400000680238","70","70,13,32","null","","enter","8","",""
"no-tradeoff-rwd","129","1472524","0.0-6.0-0.107","","","","","","","","4","3","9","img/house_6.png","img/house_4.png","947.4749999353662","501.36999995447695","","947.4749999353662,501.36999995447695","70","70,32","null","","null","","",""
"no-tradeoff-rwd","130","1483562","0.0-6.0-0.108","","","","","","","","1","4","5","img/house_6.png","img/house_4.png","694.4750000257045","456.92499994765967","3031.110000098124","694.4750000257045,456.92499994765967,3031.110000098124","74","74,32,13","enter","4","null","","",""
"no-tradeoff-rwd","131","1491778","0.0-6.0-0.109","","","","","","","","1","2","7","img/house_6.png","img/house_4.png","742.560000042431","653.470000019297","","742.560000042431,653.470000019297","70","70,32","null","","null","","",""
"no-tradeoff-rwd","132","1504404","0.0-6.0-0.110","","","","","","","","4","0","6","img/house_2.png","img/house_3.png","813.8899999903515","4147.439999971539","918.9600000390783","813.8899999903515,4147.439999971539,918.9600000390783","70","70,13,32","null","","enter","7","",""
"no-tradeoff-rwd","133","1512519","0.0-6.0-0.111","","","","","","","","1","1","0","img/house_4.png","img/house_6.png","824.7099999571219","543.6250000493601","","824.7099999571219,543.6250000493601","74","74,32","null","","null","","",""
"no-tradeoff-rwd","134","1523246","0.0-6.0-0.112","","","","","","","","1","2","3","img/house_6.png","img/house_4.png","490.665000048466","499.90499997511506","2670.689999940805","490.665000048466,499.90499997511506,2670.689999940805","74","74,32,13","enter","5","null","","",""
"no-tradeoff-rwd","135","1531698","0.0-6.0-0.113","","","","","","","","1","2","1","img/house_3.png","img/house_2.png","776.3549999799579","901.0450000641868","","776.3549999799579,901.0450000641868","74","74,32","null","","null","","",""
"no-tradeoff-rwd","136","1542784","0.0-6.0-0.114","","","","","","","","1","1","3","img/house_3.png","img/house_2.png","1333.4999999497086","2933.16999997478","630.849999957718","1333.4999999497086,2933.16999997478,630.849999957718","70","70,13,32","null","","enter","3","",""
"no-tradeoff-rwd","137","1550767","0.0-6.0-0.115","","","","","","","","4","5","3","img/house_2.png","img/house_3.png","556.5599999390543","419.2850000690669","","556.5599999390543,419.2850000690669","74","74,32","null","","null","","",""
"no-tradeoff-rwd","138","1563682","0.0-6.0-0.116","","","","","","","","1","7","6","img/house_2.png","img/house_3.png","616.41499993857","460.69999993778765","4911.280000000261","616.41499993857,460.69999993778765,4911.280000000261","74","74,32,13","enter","5","null","","",""
"no-tradeoff-rwd","139","1571817","0.0-6.0-0.117","","","","","","","","1","7","7","img/house_2.png","img/house_3.png","492.3699999926612","603.1599999405444","","492.3699999926612,603.1599999405444","70","70,32","null","","null","","",""
"no-tradeoff-rwd","140","1583697","0.0-6.0-0.118","","","","","","","","4","7","8","img/house_6.png","img/house_4.png","985.9200000064448","3595.259999972768","727.030000067316","985.9200000064448,3595.259999972768,727.030000067316","74","74,13,32","null","","enter","8","",""
"no-tradeoff-rwd","141","1591729","0.0-6.0-0.119","","","","","","","","4","9","7","img/house_6.png","img/house_4.png","792.3449999652803","503.5099999513477","","792.3449999652803,503.5099999513477","70","70,32","null","","null","","",""
"call-function","142","1591730","0.0-7.0","","","","","","","","","","","","","","","","","","","","","","","",""
"html-keyboard-response","143","1595163","0.0-8.0","3431.570000015199","<p>Now you will play the second game!</p><p>Press the space bar to begin reading the instructions for the second game.</p>","","","32","","","","","","","","","","","","","","","","","","",""
"instructions","144","1723523","0.0-9.0","128359.85000000801","","","","","[{""page_index"":0,""viewing_time"":20024.37999995891},{""page_index"":1,""viewing_time"":26840.85999999661},{""page_index"":2,""viewing_time"":11642.334999982268},{""page_index"":3,""viewing_time"":9408.750000060536},{""page_index"":4,""viewing_time"":21956.30999992136},{""page_index"":5,""viewing_time"":12696.585000026971},{""page_index"":6,""viewing_time"":16678.015000070445},{""page_index"":7,""viewing_time"":3222.0049999887124},{""page_index"":8,""viewing_time"":5890.049999929033}]","","","","","","","","","","","","","","","","","",""
"html-keyboard-response","145","1727210","0.0-10.0-0.0","3685.2250000229105","<p style=""font-size:24px;font-weight:bold"">TEST QUESTION</p><p>Which letter should you press to select the green tree on the left?</p><div class=group><table class=table_center><tr><td class=prompt colspan=2>Choose one</td></tr><tr style=""height: 300px;""><td style=""width: 300px;""><img id=""left"" src=img/tree_3.png style=""zoom: 100%;""/></td><td style=""width: 300px;""><img id=""right"" src=img/tree_7.png style=""zoom: 100%;""/></td></tr></table></div><br>","","","70","","true","","","","","","","","","","","","","","","","",""
"html-keyboard-response","146","1730212","0.0-10.0-1.0","null","<p style=""font-size:36px;font-weight:bold"">Correct!</p><p> Remember, press ""F"" for left and ""J"" for right. </p>","","","null","","","","","","","","","","","","","","","","","","",""
"html-keyboard-response","147","1732042","0.0-10.0-2.0","1828.5000000614673","<p style=""font-size:24px;font-weight:bold"">TEST QUESTION</p><p>Which letter should you press to select the red tree on the right?</p><div class=group><table class=table_center><tr><td class=prompt colspan=2>Choose one</td></tr><tr style=""height: 300px;""><td style=""width: 300px;""><img id=""left"" src=img/tree_3.png style=""zoom: 100%;""/></td><td style=""width: 300px;""><img id=""right"" src=img/tree_7.png style=""zoom: 100%;""/></td></tr></table></div><br>","","","74","","true","","","","","","","","","","","","","","","","",""
"html-keyboard-response","148","1735047","0.0-10.0-3.0","null","<p style=""font-size:36px;font-weight:bold"">Correct!</p><p> Remember, press ""F"" for left and ""J"" for right. </p>","","","null","","","","","","","","","","","","","","","","","","",""
"html-keyboard-response","149","1737802","0.0-10.0-4.0","2753.939999965951","<p style=""font-size:24px;font-weight:bold"">TEST QUESTION</p><p>Type the number of the <b> maximum </b> amount of shields an gnome can make</p>","","","57","","true","","","","","","","","","","","","","","","","",""
"html-keyboard-response","150","1740816","0.0-10.0-5.0","null","<p style=""font-size:36px;font-weight:bold"">Correct!</p><p> Remember, gnomes can make 0 to 9 shields. </p>","","","null","","","","","","","","","","","","","","","","","","",""
"html-keyboard-response","151","1745530","0.0-10.0-6.0","4713.110000011511","<p style=""font-size:24px;font-weight:bold"">TEST QUESTION</p><p>Remember, the same tree always takes you to the same gnome. </p><p>On this trial, select the tree on the left by pressing ""F"".</p><div class=group><table class=table_center><tr><td class=prompt colspan=2>Choose one</td></tr><tr style=""height: 300px;""><td style=""width: 300px;""><img id=""left"" src=img/tree_1.png style=""zoom: 100%;""/></td><td style=""width: 300px;""><img id=""right"" src=img/tree_2.png style=""zoom: 100%;""/></td></tr></table></div><br>","","","70","","","","","","","","","","","","","","","","","","",""
"html-keyboard-response","152","1752762","0.0-10.0-7.0","7231.0799999395385","<p style=""font-size:24px;font-weight:bold"">TEST QUESTION</p><p>The orange tree took you to the green gnome. </p><p> The green gnome gave you 8 shields. </p><p> The most shields a gnome can make is 9 shields, so this is a great outcome!</p><div class=group><table class=table_center><tr><td class=prompt colspan=3>You received</td></tr><tr style=""height: 300px;""><td><img src=img/gnome_green.png style=""zoom: 100%;""/></td><td><img src=img/shield.png style=""zoom: 30%;""/></td><td class=prompt>x 8</td></tr></table></div><br><p> Press space to continue </p>","","","32","","","","","","","","","","","","","","","","","","",""
"html-keyboard-response","153","1757066","0.0-10.0-8.0","4302.825000020675","<p style=""font-size:24px;font-weight:bold"">TEST QUESTION</p><p>If you wanted to visit the <b> green gnome </b> again, which tree would you select?</p><div class=group><table class=table_center><tr><td class=prompt colspan=2>Choose one</td></tr><tr style=""height: 300px;""><td style=""width: 300px;""><img id=""left"" src=img/tree_1.png style=""zoom: 100%;""/></td><td style=""width: 300px;""><img id=""right"" src=img/tree_2.png style=""zoom: 100%;""/></td></tr></table></div><br>","","","74","","false","","","","","","","","","","","","","","","","",""
"html-keyboard-response","154","1758193","0.0-10.0-9.0","1126.8750000745058","<p style=""font-size:36px;font-weight:bold"">Wrong answer.</p><p> Remember, the same tree goes to the same gnome. You would select the orange tree to visit the green gnome.</p>","","","74","","","","","","","","","","","","","","","","","","",""
"html-keyboard-response","155","1760410","0.0-10.0-10.0","2215.5499999644235","<p style=""font-size:24px;font-weight:bold"">TEST QUESTION</p><p>On this trial, select the tree on the right by pressing ""J"".</p><div class=group><table class=table_center><tr><td class=prompt colspan=2>Choose one</td></tr><tr style=""height: 300px;""><td style=""width: 300px;""><img id=""left"" src=img/tree_1.png style=""zoom: 100%;""/></td><td style=""width: 300px;""><img id=""right"" src=img/tree_2.png style=""zoom: 100%;""/></td></tr></table></div><br>","","","74","","","","","","","","","","","","","","","","","","",""
"html-keyboard-response","156","1765658","0.0-10.0-11.0","5246.915000025183","<p style=""font-size:24px;font-weight:bold"">TEST QUESTION</p><p>The blue tree took you to the purple gnome. </p><p> The purple gnome only gave you 1 shield. </p><p> That is not very much and is a pretty bad outcome.</p><div class=group><table class=table_center><tr><td class=prompt colspan=3>You received</td></tr><tr style=""height: 300px;""><td><img src=img/gnome_purple.png style=""zoom: 100%;""/></td><td><img src=img/shield.png style=""zoom: 30%;""/></td><td class=prompt>x 1</td></tr></table></div><br><p> Press space to continue </p>","","","32","","","","","","","","","","","","","","","","","","",""
"html-keyboard-response","157","1769586","0.0-10.0-12.0","3926.5850000083447","<p style=""font-size:24px;font-weight:bold"">TEST QUESTION</p><p>Remember the green gnome gave you 8 shields and the purple gnome only gave you 1 shield. </p><p> Which gnome would you try to visit next? </p><div class=group><table class=table_center><tr><td class=prompt colspan=2>Choose one</td></tr><tr style=""height: 300px;""><td style=""width: 300px;""><img id=""left"" src=img/gnome_green.png style=""zoom: 100%;""/></td><td style=""width: 300px;""><img id=""right"" src=img/gnome_purple.png style=""zoom: 100%;""/></td></tr></table></div><br>","","","70","","true","","","","","","","","","","","","","","","","",""
"html-keyboard-response","158","1771994","0.0-10.0-13.0","2407.7450000913814","<p style=""font-size:36px;font-weight:bold"">Correct!</p><p> Remember, you want to select the gnome who gives you the most shields.</p>","","","32","","","","","","","","","","","","","","","","","","",""
"html-keyboard-response","159","1773546","0.0-10.0-14.0","1550.4400000208989","<p style=""font-size:24px;font-weight:bold"">TEST QUESTION</p><p>To visit the green gnome, which tree should you visit? </p><div class=group><table class=table_center><tr><td class=prompt colspan=2>Choose one</td></tr><tr style=""height: 300px;""><td style=""width: 300px;""><img id=""left"" src=img/tree_1.png style=""zoom: 100%;""/></td><td style=""width: 300px;""><img id=""right"" src=img/tree_2.png style=""zoom: 100%;""/></td></tr></table></div><br>","","","70","","true","","","","","","","","","","","","","","","","",""
"html-keyboard-response","160","1775122","0.0-10.0-15.0","1574.8149999417365","<p style=""font-size:36px;font-weight:bold"">Correct!</p><p>Remember, the same tree goes to the same gnome each time.</p>","","","32","","","","","","","","","","","","","","","","","","",""
"html-keyboard-response","161","1777002","0.0-10.0-16.0","1879.7199999680743","<p style=""font-size:36px;font-weight:bold"">You are ready to play!</p><p>The trees and gnomes in the actual game will be different than the practice. </p><p> Press space to start the game</p>","","","32","","","","","","","","","","","","","","","","","","",""
"no-tradeoff","162","1790047","0.0-11.0-0.0","","","","","","","","4","7","7","img/tree_9.png","img/tree_8.png","652.6799999410287","1502.390000037849","3999.074999941513","652.6799999410287,1502.390000037849,3999.074999941513","70","70,32,13","enter","5","null","","",""
"no-tradeoff","163","1798388","0.0-11.0-0.1","","","","","","","","4","8","8","img/tree_9.png","img/tree_8.png","593.8049999531358","776.3450000202283","","593.8049999531358,776.3450000202283","70","70,32","null","","null","","",""
"no-tradeoff","164","1810021","0.0-11.0-0.2","","","","","","","","4","9","6","img/tree_3.png","img/tree_7.png","872.9249999159947","2942.399999941699","1143.1300000986084","872.9249999159947,2942.399999941699,1143.1300000986084","74","74,13,32","null","","enter","2","",""
"no-tradeoff","165","1818120","0.0-11.0-0.3","","","","","","","","4","8","8","img/tree_9.png","img/tree_8.png","645.4399999929592","571.849999949336","","645.4399999929592,571.849999949336","70","70,32","null","","null","","",""
"no-tradeoff","166","1829628","0.0-11.0-0.4","","","","","","","","4","5","5","img/tree_9.png","img/tree_8.png","609.2949999729171","580.2900000708178","3383.0399999860674","609.2949999729171,580.2900000708178,3383.0399999860674","70","70,32,13","enter","8","null","","",""
"no-tradeoff","167","1837765","0.0-11.0-0.5","","","","","","","","4","4","4","img/tree_8.png","img/tree_9.png","774.3250000057742","586.0099999699742","","774.3250000057742,586.0099999699742","70","70,32","null","","null","","",""
"no-tradeoff","168","1849752","0.0-11.0-0.6","","","","","","","","4","5","6","img/tree_3.png","img/tree_7.png","770.5599999753758","3561.005000025034","878.9000000106171","770.5599999753758,3561.005000025034,878.9000000106171","74","74,13,32","null","","enter","2","",""
"no-tradeoff","169","1857797","0.0-11.0-0.7","","","","","","","","1","7","7","img/tree_9.png","img/tree_8.png","907.7499998966232","500.6449999054894","","907.7499998966232,500.6449999054894","74","74,32","null","","null","","",""
"no-tradeoff","170","1868814","0.0-11.0-0.8","","","","","","","","4","7","9","img/tree_8.png","img/tree_9.png","844.9549999786541","469.4100000197068","2991.24500004109","844.9549999786541,469.4100000197068,2991.24500004109","70","70,32,13","enter","2","null","","",""
"no-tradeoff","171","1876950","0.0-11.0-0.9","","","","","","","","1","8","5","img/tree_9.png","img/tree_8.png","858.7950000073761","574.0100000984967","","858.7950000073761,574.0100000984967","70","70,32","null","","null","","",""
"no-tradeoff","172","1889821","0.0-11.0-0.10","","","","","","","","1","8","8","img/tree_3.png","img/tree_7.png","798.4250000445172","4758.40499997139","559.2600000090897","798.4250000445172,4758.40499997139,559.2600000090897","74","74,13,32","null","","enter","5","",""
"no-tradeoff","173","1897790","0.0-11.0-0.11","","","","","","","","1","9","7","img/tree_3.png","img/tree_7.png","674.0650000283495","419.1349999746308","","674.0650000283495,419.1349999746308","74","74,32","null","","null","","",""
"no-tradeoff","174","1909050","0.0-11.0-0.12","","","","","","","","4","9","6","img/tree_3.png","img/tree_7.png","674.2500000400469","397.06999994814396","3327.5249999715015","674.2500000400469,397.06999994814396,3327.5249999715015","70","70,32,13","enter","7","null","","",""
"no-tradeoff","175","1917113","0.0-11.0-0.13","","","","","","","","1","8","7","img/tree_3.png","img/tree_7.png","461.00999996997416","531.6300000995398","","461.00999996997416,531.6300000995398","70","70,32","null","","null","","",""
"no-tradeoff","176","1929427","0.0-11.0-0.14","","","","","","","","1","8","4","img/tree_3.png","img/tree_7.png","676.4500000281259","4265.115000074729","477.4650000035763","676.4500000281259,4265.115000074729,477.4650000035763","70","70,13,32","null","","enter","9","",""
"no-tradeoff","177","1937684","0.0-11.0-0.15","","","","","","","","1","3","6","img/tree_8.png","img/tree_9.png","583.310000016354","710.869999951683","","583.310000016354,710.869999951683","74","74,32","null","","null","","",""
"no-tradeoff","178","1948833","0.0-11.0-0.16","","","","","","","","4","6","1","img/tree_9.png","img/tree_8.png","807.3399999411777","537.9699999466538","3063.4200000204146","807.3399999411777,537.9699999466538,3063.4200000204146","74","74,32,13","enter","7","null","","",""
"no-tradeoff","179","1956939","0.0-11.0-0.17","","","","","","","","4","4","1","img/tree_3.png","img/tree_7.png","490.40999996941537","547.275000018999","","490.40999996941537,547.275000018999","70","70,32","null","","null","","",""
"no-tradeoff","180","1968244","0.0-11.0-0.18","","","","","","","","4","1","4","img/tree_7.png","img/tree_3.png","768.7900000018999","3147.9099999414757","598.8599999109283","768.7900000018999,3147.9099999414757,598.8599999109283","74","74,13,32","null","","enter","3","",""
"no-tradeoff","181","1976304","0.0-11.0-0.19","","","","","","","","1","1","0","img/tree_3.png","img/tree_7.png","582.9749999102205","508.44500004313886","","582.9749999102205,508.44500004313886","70","70,32","null","","null","","",""
"no-tradeoff","182","1987237","0.0-11.0-0.20","","","","","","","","1","3","2","img/tree_9.png","img/tree_8.png","635.9550000634044","577.5000000139698","2823.285000049509","635.9550000634044,577.5000000139698,2823.285000049509","74","74,32,13","enter","6","null","","",""
"no-tradeoff","183","1995274","0.0-11.0-0.21","","","","","","","","1","1","4","img/tree_9.png","img/tree_8.png","664.2299999948591","488.4699999820441","","664.2299999948591,488.4699999820441","70","70,32","null","","null","","",""
"no-tradeoff","184","2006324","0.0-11.0-0.22","","","","","","","","4","4","3","img/tree_8.png","img/tree_9.png","615.7450000755489","2695.670000044629","791.5550000034273","615.7450000755489,2695.670000044629,791.5550000034273","70","70,13,32","null","","enter","2","",""
"no-tradeoff","185","2014341","0.0-11.0-0.23","","","","","","","","4","3","5","img/tree_9.png","img/tree_8.png","517.809999990277","453.22999998461455","","517.809999990277,453.22999998461455","74","74,32","null","","null","","",""
"no-tradeoff","186","2025377","0.0-11.0-0.24","","","","","","","","4","5","2","img/tree_3.png","img/tree_7.png","619.6700000436977","544.8050000704825","2927.015000022948","619.6700000436977,544.8050000704825,2927.015000022948","70","70,32,13","enter","5","null","","",""
"no-tradeoff","187","2033463","0.0-11.0-0.25","","","","","","","","1","4","6","img/tree_3.png","img/tree_7.png","444.1899999510497","524.474999983795","","444.1899999510497,524.474999983795","74","74,32","null","","null","","",""
"no-tradeoff","188","2044211","0.0-11.0-0.26","","","","","","","","1","5","3","img/tree_8.png","img/tree_9.png","1031.9300000555813","2664.7299999604","543.3349999366328","1031.9300000555813,2664.7299999604,543.3349999366328","70","70,13,32","null","","enter","1","",""
"no-tradeoff","189","2052236","0.0-11.0-0.27","","","","","","","","4","3","6","img/tree_3.png","img/tree_7.png","441.17000000551343","469.1549999406561","","441.17000000551343,469.1549999406561","74","74,32","null","","null","","",""
"no-tradeoff","190","2062795","0.0-11.0-0.28","","","","","","","","1","1","8","img/tree_9.png","img/tree_8.png","785.0450000260025","368.5350000159815","2639.379999949597","785.0450000260025,368.5350000159815,2639.379999949597","74","74,32,13","enter","4","null","","",""
"no-tradeoff","191","2071001","0.0-11.0-0.29","","","","","","","","1","8","2","img/tree_7.png","img/tree_3.png","549.5949999894947","664.4899999955669","","549.5949999894947,664.4899999955669","74","74,32","null","","null","","",""
"no-tradeoff","192","2081661","0.0-11.0-0.30","","","","","","","","1","5","3","img/tree_8.png","img/tree_9.png","650.3300000913441","2644.3750000325963","462.8399999346584","650.3300000913441,2644.3750000325963,462.8399999346584","70","70,13,32","null","","enter","4","",""
"no-tradeoff","193","2089763","0.0-11.0-0.31","","","","","","","","1","7","4","img/tree_8.png","img/tree_9.png","494.13500004447997","550.1700000604615","","494.13500004447997,550.1700000604615","70","70,32","null","","null","","",""
"no-tradeoff","194","2100288","0.0-11.0-0.32","","","","","","","","4","6","2","img/tree_7.png","img/tree_3.png","610.2849999442697","421.53499997220933","2542.849999968894","610.2849999442697,421.53499997220933,2542.849999968894","74","74,32,13","enter","7","null","","",""
"no-tradeoff","195","2110395","0.0-11.0-0.33","","","","","","","","1","4","5","img/tree_8.png","img/tree_9.png","676.6999999526888","1045.6400000257418","","676.6999999526888,1045.6400000257418","74","74,32","null","","null","","",""
"no-tradeoff","196","2121498","0.0-11.0-0.34","","","","","","","","1","4","9","img/tree_7.png","img/tree_3.png","748.1499999994412","3158.525000093505","390.5749999685213","748.1499999994412,3158.525000093505,390.5749999685213","70","70,13,32","null","","enter","4","",""
"no-tradeoff","197","2129538","0.0-11.0-0.35","","","","","","","","4","2","4","img/tree_8.png","img/tree_9.png","976.6349999699742","498.96500003524125","","976.6349999699742,498.96500003524125","70","70,32","null","","null","","",""
"no-tradeoff","198","2140238","0.0-11.0-0.36","","","","","","","","4","3","0","img/tree_3.png","img/tree_7.png","898.4199999831617","497.2700000507757","2654.605000047013","898.4199999831617,497.2700000507757,2654.605000047013","74","74,32,13","enter","5","null","","",""
"no-tradeoff","199","2148164","0.0-11.0-0.37","","","","","","","","4","3","1","img/tree_8.png","img/tree_9.png","508.91499989666045","384.1850000899285","","508.91499989666045,384.1850000899285","70","70,32","null","","null","","",""
"no-tradeoff","200","2160084","0.0-11.0-0.38","","","","","","","","4","1","0","img/tree_7.png","img/tree_3.png","688.8099999632686","2779.674999997951","83.8949999306351","688.8099999632686,2779.674999997951,83.8949999306351","70","70,13,32","null","","enter","4","",""
"no-tradeoff","201","2168114","0.0-11.0-0.39","","","","","","","","1","1","2","img/tree_9.png","img/tree_8.png","564.1499999910593","483.9050000300631","","564.1499999910593,483.9050000300631","74","74,32","null","","null","","",""
"no-tradeoff","202","2179498","0.0-11.0-0.40","","","","","","","","4","3","1","img/tree_7.png","img/tree_3.png","678.9599999319762","490.8800000557676","3351.3749999692664","678.9599999319762,490.8800000557676,3351.3749999692664","70","70,32,13","enter","2","null","","",""
"no-tradeoff","203","2187393","0.0-11.0-0.41","","","","","","","","1","7","2","img/tree_8.png","img/tree_9.png","790.5400000745431","359.34500000439584","","790.5400000745431,359.34500000439584","70","70,32","null","","null","","",""
"no-tradeoff","204","2199627","0.0-11.0-0.42","","","","","","","","1","6","1","img/tree_8.png","img/tree_9.png","629.1550000896677","4298.025000025518","383.26999999117106","629.1550000896677,4298.025000025518,383.26999999117106","70","70,13,32","null","","enter","4","",""
"no-tradeoff","205","2207653","0.0-11.0-0.43","","","","","","","","1","7","1","img/tree_8.png","img/tree_9.png","581.7299999762326","460.54999995976686","","581.7299999762326,460.54999995976686","70","70,32","null","","null","","",""
"no-tradeoff","206","2218408","0.0-11.0-0.44","","","","","","","","4","8","1","img/tree_8.png","img/tree_9.png","514.3999999854714","318.25500004924834","2911.5799999563023","514.3999999854714,318.25500004924834,2911.5799999563023","74","74,32,13","enter","6","null","","",""
"no-tradeoff","207","2226340","0.0-11.0-0.45","","","","","","","","1","8","1","img/tree_7.png","img/tree_3.png","698.6850000685081","390.7999999355525","","698.6850000685081,390.7999999355525","74","74,32","null","","null","","",""
"no-tradeoff","208","2238282","0.0-11.0-0.46","","","","","","","","1","5","2","img/tree_8.png","img/tree_9.png","558.6449999827892","3957.6649999944493","447.1149999881163","558.6449999827892,3957.6649999944493,447.1149999881163","70","70,13,32","null","","enter","7","",""
"no-tradeoff","209","2246742","0.0-11.0-0.47","","","","","","","","4","1","1","img/tree_8.png","img/tree_9.png","622.399999992922","926.2550000566989","","622.399999992922,926.2550000566989","70","70,32","null","","null","","",""
"no-tradeoff","210","2258550","0.0-11.0-0.48","","","","","","","","4","3","1","img/tree_8.png","img/tree_9.png","586.2050000578165","435.98000006750226","3831.540000042878","586.2050000578165,435.98000006750226,3831.540000042878","74","74,32,13","enter","2","null","","",""
"no-tradeoff","211","2266750","0.0-11.0-0.49","","","","","","","","1","4","1","img/tree_8.png","img/tree_9.png","711.4450000226498","636.3050000509247","","711.4450000226498,636.3050000509247","70","70,32","null","","null","","",""
"no-tradeoff","212","2277228","0.0-11.0-0.50","","","","","","","","4","2","1","img/tree_8.png","img/tree_9.png","448.0650000041351","2683.6599999805912","239.04999997466803","448.0650000041351,2683.6599999805912,239.04999997466803","74","74,13,32","null","","enter","5","",""
"no-tradeoff","213","2285206","0.0-11.0-0.51","","","","","","","","1","2","1","img/tree_8.png","img/tree_9.png","796.3750000344589","439.4600000232458","","796.3750000344589,439.4600000232458","70","70,32","null","","null","","",""
"no-tradeoff","214","2296010","0.0-11.0-0.52","","","","","","","","1","1","3","img/tree_3.png","img/tree_7.png","466.81999997235835","595.6599999917671","2655.555000063032","466.81999997235835,595.6599999917671,2655.555000063032","74","74,32,13","enter","3","null","","",""
"no-tradeoff","215","2303972","0.0-11.0-0.53","","","","","","","","4","2","1","img/tree_7.png","img/tree_3.png","791.8799999170005","430.86500000208616","","791.8799999170005,430.86500000208616","74","74,32","null","","null","","",""
"no-tradeoff","216","2315851","0.0-11.0-0.54","","","","","","","","4","1","1","img/tree_7.png","img/tree_3.png","476.22499999124557","4086.5750000812113","262.9600000800565","476.22499999124557,4086.5750000812113,262.9600000800565","70","70,13,32","null","","enter","6","",""
"no-tradeoff","217","2323843","0.0-11.0-0.55","","","","","","","","1","0","4","img/tree_9.png","img/tree_8.png","425.87499995715916","438.6449999874458","","425.87499995715916,438.6449999874458","74","74,32","null","","null","","",""
"no-tradeoff","218","2334612","0.0-11.0-0.56","","","","","","","","4","1","2","img/tree_8.png","img/tree_9.png","487.52999992575496","490.06500001996756","2719.245000043884","487.52999992575496,490.06500001996756,2719.245000043884","74","74,32,13","enter","4","null","","",""
"no-tradeoff","219","2342633","0.0-11.0-0.57","","","","","","","","1","1","3","img/tree_8.png","img/tree_9.png","433.1700000911951","471.9150000018999","","433.1700000911951,471.9150000018999","70","70,32","null","","null","","",""
"no-tradeoff","220","2355666","0.0-11.0-0.58","","","","","","","","4","2","4","img/tree_8.png","img/tree_9.png","657.4299999047071","5096.900000004098","390.8650000812486","657.4299999047071,5096.900000004098,390.8650000812486","74","74,13,32","null","","enter","7","",""
"no-tradeoff","221","2363743","0.0-11.0-0.59","","","","","","","","1","1","3","img/tree_7.png","img/tree_3.png","591.3350000046194","545.464999973774","","591.3350000046194,545.464999973774","74","74,32","null","","null","","",""
"no-tradeoff","222","2375026","0.0-11.0-0.60","","","","","","","","4","1","5","img/tree_8.png","img/tree_9.png","649.100000038743","428.46999992616475","3303.4699999261647","649.100000038743,428.46999992616475,3303.4699999261647","70","70,32,13","enter","5","null","","",""
"no-tradeoff","223","2383041","0.0-11.0-0.61","","","","","","","","1","7","3","img/tree_3.png","img/tree_7.png","753.749999916181","467.0599999371916","","753.749999916181,467.0599999371916","70","70,32","null","","null","","",""
"no-tradeoff","224","2393849","0.0-11.0-0.62","","","","","","","","1","7","4","img/tree_9.png","img/tree_8.png","752.4399999529123","2995.1100000180304","262.9899999592453","752.4399999529123,2995.1100000180304,262.9899999592453","70","70,13,32","null","","enter","5","",""
"no-tradeoff","225","2401758","0.0-11.0-0.63","","","","","","","","1","8","0","img/tree_9.png","img/tree_8.png","839.090000023134","356.16500000469387","","839.090000023134,356.16500000469387","74","74,32","null","","null","","",""
"no-tradeoff","226","2412571","0.0-11.0-0.64","","","","","","","","4","8","1","img/tree_9.png","img/tree_8.png","462.25500002037734","472.98000007867813","2783.824999933131","462.25500002037734,472.98000007867813,2783.824999933131","70","70,32,13","enter","5","null","","",""
"no-tradeoff","227","2420465","0.0-11.0-0.65","","","","","","","","1","2","8","img/tree_7.png","img/tree_3.png","951.7950000008568","347.83999994397163","","951.7950000008568,347.83999994397163","74","74,32","null","","null","","",""
"no-tradeoff","228","2431495","0.0-11.0-0.66","","","","","","","","4","6","5","img/tree_9.png","img/tree_8.png","516.4400000358","3147.5349999964237","327.0849999971688","516.4400000358,3147.5349999964237,327.0849999971688","74","74,13,32","null","","enter","6","",""
"no-tradeoff","229","2439685","0.0-11.0-0.67","","","","","","","","4","2","9","img/tree_7.png","img/tree_3.png","1078.6000000080094","642.3400000203401","","1078.6000000080094,642.3400000203401","74","74,32","null","","null","","",""
"no-tradeoff","230","2450257","0.0-11.0-0.68","","","","","","","","4","9","3","img/tree_9.png","img/tree_8.png","466.6549999965355","397.25499995984137","2631.220000097528","466.6549999965355,397.25499995984137,2631.220000097528","70","70,32,13","enter","7","null","","",""
"no-tradeoff","231","2458206","0.0-11.0-0.69","","","","","","","","4","6","3","img/tree_3.png","img/tree_7.png","764.9750000564381","405.09000001475215","","764.9750000564381,405.09000001475215","70","70,32","null","","null","","",""
"no-tradeoff","232","2469251","0.0-11.0-0.70","","","","","","","","4","5","2","img/tree_3.png","img/tree_7.png","506.4849999034777","3250.745000084862","246.68999994173646","506.4849999034777,3250.745000084862,246.68999994173646","70","70,13,32","null","","enter","8","",""
"no-tradeoff","233","2477579","0.0-11.0-0.71","","","","","","","","1","2","2","img/tree_9.png","img/tree_8.png","878.2549999887124","789.3400000175461","","878.2549999887124,789.3400000175461","70","70,32","null","","null","","",""
"no-tradeoff","234","2489116","0.0-11.0-0.72","","","","","","","","4","2","0","img/tree_9.png","img/tree_8.png","619.0199999837205","385.5999999213964","3590.779999969527","619.0199999837205,385.5999999213964,3590.779999969527","70","70,32,13","enter","2","null","","",""
"no-tradeoff","235","2497069","0.0-11.0-0.73","","","","","","","","1","1","2","img/tree_7.png","img/tree_3.png","947.829999960959","407.219999935478","","947.829999960959,407.219999935478","74","74,32","null","","null","","",""
"no-tradeoff","236","2507849","0.0-11.0-0.74","","","","","","","","1","2","5","img/tree_3.png","img/tree_7.png","433.65999998059124","2838.134999969043","398.6400000285357","433.65999998059124,2838.134999969043,398.6400000285357","70","70,13,32","null","","enter","8","",""
"no-tradeoff","237","2515926","0.0-11.0-0.75","","","","","","","","1","5","2","img/tree_3.png","img/tree_7.png","1144.2599999718368","526.564999949187","","1144.2599999718368,526.564999949187","70","70,32","null","","null","","",""
"no-tradeoff","238","2527034","0.0-11.0-0.76","","","","","","","","4","3","3","img/tree_3.png","img/tree_7.png","449.5650000171736","424.4200000539422","3126.3899999903515","449.5650000171736,424.4200000539422,3126.3899999903515","70","70,32,13","enter","5","null","","",""
"no-tradeoff","239","2534984","0.0-11.0-0.77","","","","","","","","1","3","2","img/tree_7.png","img/tree_3.png","646.9400000059977","406.4599999692291","","646.9400000059977,406.4599999692291","70","70,32","null","","null","","",""
"no-tradeoff","240","2545524","0.0-11.0-0.78","","","","","","","","1","0","5","img/tree_3.png","img/tree_7.png","533.7900000158697","2736.434999969788","254.51999995857477","533.7900000158697,2736.434999969788,254.51999995857477","70","70,13,32","null","","enter","9","",""
"no-tradeoff","241","2553476","0.0-11.0-0.79","","","","","","","","1","2","2","img/tree_8.png","img/tree_9.png","1032.4350000591949","420.00499996356666","","1032.4350000591949,420.00499996356666","70","70,32","null","","null","","",""
"no-tradeoff","242","2564294","0.0-11.0-0.80","","","","","","","","4","7","1","img/tree_7.png","img/tree_3.png","1105.3099998971447","591.6150000412017","2677.84500005655","1105.3099998971447,591.6150000412017,2677.84500005655","70","70,32,13","enter","2","null","","",""
"no-tradeoff","243","2572295","0.0-11.0-0.81","","","","","","","","4","3","0","img/tree_7.png","img/tree_3.png","778.7049999460578","444.0900000045076","","778.7049999460578,444.0900000045076","74","74,32","null","","null","","",""
"no-tradeoff","244","2583801","0.0-11.0-0.82","","","","","","","","4","1","1","img/tree_3.png","img/tree_7.png","865.3049999848008","3701.905000023544","247.10000003688037","865.3049999848008,3701.905000023544,247.10000003688037","70","70,13,32","null","","enter","4","",""
"no-tradeoff","245","2591731","0.0-11.0-0.83","","","","","","","","4","1","5","img/tree_7.png","img/tree_3.png","889.4549999386072","372.60000000242144","","889.4549999386072,372.60000000242144","74","74,32","null","","null","","",""
"no-tradeoff","246","2602235","0.0-11.0-0.84","","","","","","","","4","1","5","img/tree_8.png","img/tree_9.png","851.9450000021607","349.9050000682473","2623.3700000448152","851.9450000021607,349.9050000682473,2623.3700000448152","70","70,32,13","enter","5","null","","",""
"no-tradeoff","247","2610186","0.0-11.0-0.85","","","","","","","","4","1","7","img/tree_7.png","img/tree_3.png","968.6799999326468","397.4800000432879","","968.6799999326468,397.4800000432879","70","70,32","null","","null","","",""
"no-tradeoff","248","2620722","0.0-11.0-0.86","","","","","","","","4","6","0","img/tree_3.png","img/tree_7.png","537.514999974519","2653.870000038296","326.7350000096485","537.514999974519,2653.870000038296,326.7350000096485","70","70,13,32","null","","enter","1","",""
"no-tradeoff","249","2628609","0.0-11.0-0.87","","","","","","","","1","7","4","img/tree_3.png","img/tree_7.png","685.6250000419095","361.15500004962087","","685.6250000419095,361.15500004962087","74","74,32","null","","null","","",""
"no-tradeoff","250","2639295","0.0-11.0-0.88","","","","","","","","4","7","2","img/tree_9.png","img/tree_8.png","1026.8400000641122","342.5100001040846","2807.3749999748543","1026.8400000641122,342.5100001040846,2807.3749999748543","74","74,32,13","enter","5","null","","",""
"no-tradeoff","251","2647237","0.0-11.0-0.89","","","","","","","","1","7","0","img/tree_3.png","img/tree_7.png","575.8099999511614","409.5000000670552","","575.8099999511614,409.5000000670552","70","70,32","null","","null","","",""
"no-tradeoff","252","2658304","0.0-11.0-0.90","","","","","","","","1","9","2","img/tree_3.png","img/tree_7.png","884.2149999691173","3263.884999905713","255.0400000764057","884.2149999691173,3263.884999905713,255.0400000764057","70","70,13,32","null","","enter","4","",""
"no-tradeoff","253","2666221","0.0-11.0-0.91","","","","","","","","1","7","3","img/tree_9.png","img/tree_8.png","856.1850000405684","362.84499999601394","","856.1850000405684,362.84499999601394","70","70,32","null","","null","","",""
"no-tradeoff","254","2677396","0.0-11.0-0.92","","","","","","","","1","8","7","img/tree_3.png","img/tree_7.png","713.7550000334159","664.2050000373274","2959.72000004258","713.7550000334159,664.2050000373274,2959.72000004258","70","70,32,13","enter","7","null","","",""
"no-tradeoff","255","2685443","0.0-11.0-0.93","","","","","","","","4","9","9","img/tree_3.png","img/tree_7.png","486.82499991264194","504.27499995566905","","486.82499991264194,504.27499995566905","74","74,32","null","","null","","",""
"no-tradeoff","256","2696538","0.0-11.0-0.94","","","","","","","","4","8","5","img/tree_9.png","img/tree_8.png","631.9249999942258","3143.6049999902025","407.06500003580004","631.9249999942258,3143.6049999902025,407.06500003580004","70","70,13,32","null","","enter","7","",""
"no-tradeoff","257","2704510","0.0-11.0-0.95","","","","","","","","1","7","3","img/tree_3.png","img/tree_7.png","446.1900000460446","434.60500007495284","","446.1900000460446,434.60500007495284","74","74,32","null","","null","","",""
"no-tradeoff","258","2715337","0.0-11.0-0.96","","","","","","","","4","8","3","img/tree_3.png","img/tree_7.png","442.2799999592826","376.8649999983609","2903.040000004694","442.2799999592826,376.8649999983609,2903.040000004694","70","70,32,13","enter","7","null","","",""
"no-tradeoff","259","2723279","0.0-11.0-0.97","","","","","","","","4","9","4","img/tree_3.png","img/tree_7.png","569.6450000395998","385.4849999770522","","569.6450000395998,385.4849999770522","74","74,32","null","","null","","",""
"no-tradeoff","260","2735029","0.0-11.0-0.98","","","","","","","","4","8","3","img/tree_3.png","img/tree_7.png","647.9400000534952","3791.2999999243766","398.81000004243106","647.9400000534952,3791.2999999243766,398.81000004243106","74","74,13,32","null","","enter","9","",""
"no-tradeoff","261","2743135","0.0-11.0-0.99","","","","","","","","1","8","3","img/tree_3.png","img/tree_7.png","1034.2700000619516","1138.2400000002235","564.3249999266118","1034.2700000619516,1138.2400000002235,564.3249999266118","70","70,74,32","null","","null","","",""
"no-tradeoff","262","2754543","0.0-11.0-0.100","","","","","","","","1","8","4","img/tree_3.png","img/tree_7.png","670.6849999027327","393.4700000099838","3463.5300000663847","670.6849999027327,393.4700000099838,3463.5300000663847","70","70,32,13","enter","7","null","","",""
"no-tradeoff","263","2762414","0.0-11.0-0.101","","","","","","","","1","2","4","img/tree_3.png","img/tree_7.png","590.5199999688193","330.0349999917671","","590.5199999688193,330.0349999917671","74","74,32","null","","null","","",""
"no-tradeoff","264","2773458","0.0-11.0-0.102","","","","","","","","4","4","2","img/tree_9.png","img/tree_8.png","469.64999998454005","2999.0149999503046","478.68499998003244","469.64999998454005,2999.0149999503046,478.68499998003244","74","74,13,32","null","","enter","5","",""
"no-tradeoff","265","2781328","0.0-11.0-0.103","","","","","","","","1","4","4","img/tree_7.png","img/tree_3.png","675.1149999909103","345.2900000847876","","675.1149999909103,345.2900000847876","70","70,32","null","","null","","",""
"no-tradeoff","266","2792068","0.0-11.0-0.104","","","","","","","","1","5","2","img/tree_3.png","img/tree_7.png","708.3000000566244","389.19500005431473","2791.510000010021","708.3000000566244,389.19500005431473,2791.510000010021","74","74,32,13","enter","5","null","","",""
"no-tradeoff","267","2800103","0.0-11.0-0.105","","","","","","","","4","3","4","img/tree_3.png","img/tree_7.png","585.4399999370798","484.76499994285405","","585.4399999370798,484.76499994285405","74","74,32","null","","null","","",""
"no-tradeoff","268","2810604","0.0-11.0-0.106","","","","","","","","1","3","4","img/tree_9.png","img/tree_8.png","604.1800000239164","2711.9299999903888","254.92999993730336","604.1800000239164,2711.9299999903888,254.92999993730336","70","70,13,32","null","","enter","4","",""
"no-tradeoff","269","2818576","0.0-11.0-0.107","","","","","","","","1","3","6","img/tree_9.png","img/tree_8.png","692.7399999694899","441.5449999505654","","692.7399999694899,441.5449999505654","74","74,32","null","","null","","",""
"no-tradeoff","270","2829472","0.0-11.0-0.108","","","","","","","","4","5","5","img/tree_3.png","img/tree_7.png","573.0949999997392","599.0000000456348","2735.3349999757484","573.0949999997392,599.0000000456348,2735.3349999757484","74","74,32,13","enter","4","null","","",""
"no-tradeoff","271","2837358","0.0-11.0-0.109","","","","","","","","4","6","4","img/tree_3.png","img/tree_7.png","643.7300000106916","342.39999996498227","","643.7300000106916,342.39999996498227","74","74,32","null","","null","","",""
"no-tradeoff","272","2848118","0.0-11.0-0.110","","","","","","","","4","8","2","img/tree_9.png","img/tree_8.png","698.6599999945611","2927.9249999672174","270.64500004053116","698.6599999945611,2927.9249999672174,270.64500004053116","70","70,13,32","null","","enter","5","",""
"no-tradeoff","273","2855961","0.0-11.0-0.111","","","","","","","","1","7","3","img/tree_3.png","img/tree_7.png","715.2600000845268","302.6850000023842","","715.2600000845268,302.6850000023842","74","74,32","null","","null","","",""
"no-tradeoff","274","2867280","0.0-11.0-0.112","","","","","","","","4","7","2","img/tree_3.png","img/tree_7.png","445.31500001903623","445.94500004313886","3324.915000004694","445.31500001903623,445.94500004313886,3324.915000004694","74","74,32,13","enter","6","null","","",""
"no-tradeoff","275","2875358","0.0-11.0-0.113","","","","","","","","1","9","3","img/tree_9.png","img/tree_8.png","465.68000002298504","528.4650000976399","","465.68000002298504,528.4650000976399","70","70,32","null","","null","","",""
"no-tradeoff","276","2886092","0.0-11.0-0.114","","","","","","","","4","7","2","img/tree_3.png","img/tree_7.png","622.1199999563396","2892.5400000298396","278.8149999687448","622.1199999563396,2892.5400000298396,278.8149999687448","74","74,13,32","null","","enter","5","",""
"no-tradeoff","277","2894164","0.0-11.0-0.115","","","","","","","","4","6","3","img/tree_9.png","img/tree_8.png","975.8199999341741","505.6000000331551","","975.8199999341741,505.6000000331551","74","74,32","null","","null","","",""
"no-tradeoff","278","2905274","0.0-11.0-0.116","","","","","","","","4","3","2","img/tree_9.png","img/tree_8.png","630.4199999431148","393.8599999528378","3159.129999927245","630.4199999431148,393.8599999528378,3159.129999927245","74","74,32,13","enter","7","null","","",""
"no-tradeoff","279","2913290","0.0-11.0-0.117","","","","","","","","4","4","2","img/tree_9.png","img/tree_8.png","1125.389999942854","463.1599999265745","","1125.389999942854,463.1599999265745","70","70,32","null","","null","","",""
"no-tradeoff","280","2926297","0.0-11.0-0.118","","","","","","","","1","5","4","img/tree_3.png","img/tree_7.png","590.1099999900907","5238.464999943972","214.55999999307096","590.1099999900907,5238.464999943972,214.55999999307096","74","74,13,32","null","","enter","5","",""
"no-tradeoff","281","2934293","0.0-11.0-0.119","","","","","","","","4","7","6","img/tree_9.png","img/tree_8.png","662.1049999957904","470.4000001074746","","662.1049999957904,470.4000001074746","74","74,32","null","","null","","",""
"call-function","282","2934293","0.0-12.0","","","","","","","","","","","","","","","","","","","","","","","",""
"html-keyboard-response","283","2934322","0.0-13.0-0.0","27.559999958612025","<p><b> Now you will answer a few questionnaires</b></p><br> The following are statements that a person may either agree with or disagree with.</br><p>For each item, indicate how much you agree or disagree with what the item says by clicking your response. </p><p> Choose only one response and be as accurate and honest as you can. Do not worry about being consistent in your responses. </p><p> Press the space bar to start </p>","","","32","","","","","","","","","","","","","","","","","","",""
"survey-likert","284","3063444","0.0-13.0-1.0","129115.20999995992","","","{""BISBAS1"":2,""BISBAS2"":3,""BISBAS3"":1,""BISBAS4"":1,""BISBAS5"":1,""BISBAS6"":0,""BISBAS7"":0,""BISBAS8"":1,""BISBAS9"":1,""BISBAS10"":2,""BISBAS11"":3,""BISBAS12"":1,""BISBAS13"":0,""BISBAS14"":0,""BISBAS15"":2,""BISBAS16"":1,""BISBAS17"":0,""BISBAS18"":1,""BISBAS19"":0,""BISBAS20"":1,""BISBAS21"":2,""BISBAS22"":2,""BISBAS23"":0,""BISBAS24"":0}","","","","","","","","","","","","","","","","","","","","[0,1,2,3,4,5,6,7,8,9,10,11,12,13,14,15,16,17,18,19,20,21,22,23]"
"html-keyboard-response","285","3069842","0.0-14.0-0.0","6393.284999998286","<p>Please indicate for each statement the degree to which each statement is descriptive of your mood <b> at this  moment </b>. </p><p> Press the space bar to start </p>","","","32","","","","","","","","","","","","","","","","","","",""
"survey-likert","286","3144764","0.0-14.0-1.0","74917.46500006411","","","{""STICSAS1"":0,""STICSAS2"":1,""STICSAS3"":1,""STICSAS4"":1,""STICSAS5"":2,""STICSAS6"":1,""STICSAS7"":0,""STICSAS8"":0,""STICSAS9"":0,""STICSAS10"":0,""STICSAS11"":0,""STICSAS12"":0,""STICSAS13"":0,""STICSAS14"":0,""STICSAS15"":0,""STICSAS16"":0,""STICSAS17"":1,""STICSAS18"":0,""STICSAS19"":1,""STICSAS20"":0,""STICSAS21"":0,""STICSAS22"":3}","","","","","","","","","","","","","","","","","","","","[0,1,2,3,4,5,6,7,8,9,10,11,12,13,14,15,16,17,18,19,20,21]"
"html-keyboard-response","287","3149171","0.0-15.0-0.0","4404.409999959171","<p>Please indicate for each statement how often <b> in general </b> the statement is true for you. </p><p> Press the space bar to start </p>","","","32","","","","","","","","","","","","","","","","","","",""
"survey-likert","288","3203506","0.0-15.0-1.0","54331.99500001501","","","{""STICSAT1"":0,""STICSAT2"":2,""STICSAT3"":2,""STICSAT4"":2,""STICSAT5"":2,""STICSAT6"":0,""STICSAT7"":0,""STICSAT8"":0,""STICSAT9"":1,""STICSAT10"":1,""STICSAT11"":0,""STICSAT12"":0,""STICSAT13"":0,""STICSAT14"":0,""STICSAT15"":0,""STICSAT16"":0,""STICSAT17"":1,""STICSAT18"":0,""STICSAT19"":2,""STICSAT20"":0,""STICSAT21"":0}","","","","","","","","","","","","","","","","","","","","[0,1,2,3,4,5,6,7,8,9,10,11,12,13,14,15,16,17,18,19,20]"
"html-keyboard-response","289","3205985","0.0-16.0-0.0","2476.2799999443814","<p>Please indicate for each statement how much you agree. </p><p> Press the space bar to start </p>","","","32","","","","","","","","","","","","","","","","","","",""
"survey-likert","290","3264023","0.0-16.0-1.0","58034.74999999162","","","{""IUS1"":3,""IUS2"":3,""IUS3"":3,""IUS4"":3,""IUS5"":3,""IUS6"":1,""IUS7"":2,""IUS8"":1,""IUS9"":3,""IUS10"":3,""IUS11"":2,""IUS12"":2,""IUS13"":4}","","","","","","","","","","","","","","","","","","","","[0,1,2,3,4,5,6,7,8,9,10,11,12]"
"html-keyboard-response","291","3266850","0.0-17.0-0.0","2825.3549999790266","<p>Please indicate for each statement how you <b> generally </b> feel. </p><p> Press the space bar to start </p>","","","32","","","","","","","","","","","","","","","","","","",""
"survey-likert","292","3355005","0.0-17.0-1.0","88150.87999997195","","","{""STAIT1"":2,""STAIT2"":2,""STAIT3"":1,""STAIT4"":0,""STAIT5"":2,""STAIT6"":1,""STAIT7"":1,""STAIT8"":1,""STAIT9"":1,""STAIT10"":1,""STAIT11"":1,""STAIT12"":2,""STAIT13"":1,""STAIT14"":1,""STAIT15"":1,""STAIT16"":2,""STAIT17"":1,""STAIT18"":2,""STAIT19"":2,""STAIT20"":1}","","","","","","","","","","","","","","","","","","","","[0,1,2,3,4,5,6,7,8,9,10,11,12,13,14,15,16,17,18,19]"
"html-keyboard-response","293","3357641","0.0-18.0-0.0","2634.4950000056997","<p>Please indicate for each statement how much you think each statement is typical of you. </p><p> Press the space bar to start </p>","","","32","","","","","","","","","","","","","","","","","","",""
"survey-likert","294","3582277","0.0-18.0-1.0","224628.40499996673","","","{""ACQ1"":4,""ACQ2"":2,""ACQ3"":2,""ACQ4"":1,""ACQ5"":1,""ACQ6"":1,""ACQ7"":2,""ACQ8"":1,""ACQ9"":0,""ACQ10"":1,""ACQ11"":5,""ACQ12"":3,""ACQ13"":1,""ACQ14"":2,""ACQ15"":2,""ACQ16"":3,""ACQ17"":2,""ACQ18"":4,""ACQ19"":4,""ACQ20"":2,""ACQ21"":1,""ACQ22"":1,""ACQ23"":1,""ACQ24"":2,""ACQ25"":1,""ACQ26"":4,""ACQ27"":3,""ACQ28"":3,""ACQ29"":4,""ACQ30"":4}","","","","","","","","","","","","","","","","","","","","[0,1,2,3,4,5,6,7,8,9,10,11,12,13,14,15,16,17,18,19,20,21,22,23,24,25,26,27,28,29]"
"html-keyboard-response","295","3585881","0.0-19.0-0.0","3601.575000095181","<p> For the following questions, indicate <b> how often </b> you felt or thought a certain way <b> during the last month </b>.</p><p> Press space to start </p>","","","32","","","","","","","","","","","","","","","","","","",""
"survey-likert","296","3641322","0.0-19.0-1.0","55437.23999999929","","","{""Stress1"":3,""Stress2"":3,""Stress3"":3,""Stress4"":2,""Stress5"":2,""Stress6"":3,""Stress7"":3,""Stress8"":2,""Stress9"":3,""Stress10"":3}","","","","","","","","","","","","","","","","","","","","[0,1,2,3,4,5,6,7,8,9]"
