"trial_type","trial_index","time_elapsed","internal_node_id","rt","stimulus","button_pressed","responses","key_press","view_history","correct","stakes","outcome","outcome_notreceived","choice_selected","choice_not_selected","rt_choice","rt_space","rt_certainty","all_rts","key_choice","all_keys","estimate_trial","estimate_val","certainty_trial","certainty_val","value","question_order"
"pavlovia","0","23","0.0-0.0","","","","","","","","","","","","","","","","","","","","","","","",""
"html-button-response","1","85235","0.0-1.0","85209.00000000076","<p style=""font-size:24px;font-weight:bold"">Consent</p><div class=""consent"" style=""text-align:left; border:1px solid; padding:10px; width:800px; font-size=100%, float:right""><p align=left>Thank you for signing up for this experiment!<p><p align=left>This experiment is being conducted by the California Institute of Technology (Caltech). The lead investigators are Sarah Tashjian, PhD and Dean Mobbs, PhD. This study has been approved by the Caltech Institutional Review Board for research ethics.<p><p align=left>The goal of this study is to understand learning processes. In this experiment, you will complete a task in which you will see images.<p><p align=left>At times, you will receive rewards and penalties. These earnings will determine your eligibility for a bonus payment, which will result in a real increase in your payment in this study.<p><p align=left>Your goal is to learn which images predict the most points. We will also ask how certain you are about your decisions throughout the task.<p><p align=left>This experiment will take approximately 1 hour to complete in its entirety.<p><p align=left><b>You will receive $9.00 for completing the experiment. <u>If you optimize decisions on at least 70% of trials, you will be eligible for a $100 bonus payment.</u></b><p><p align=left>This study involves minimal risk, meaning there will be no more risk than in daily life. Possible risks include physical discomfort/fatigue (eyestrain, tiredness), as well as psychological discomfort (e.g., potential boredom).<p><p align=left> Besides receiving payment, you will not benefit from this study.<p><p align=left><b>Any information that is obtained in connection with this study that can identify you will remain confidential. </b><p><p align=left>When the results of this study are reported, your identifying information will not be disclosed. Because this study is being conducted online, we are unable to fully eliminate the risk of a breach of confidentiality. However, to mitigate the chances of this occurring, we are using secure and confidential data collection systems.<p align=left>You may choose to withdraw from this study at any time and refuse to answer any questions without penalty. Also, you may choose not to participate in this study.<p><p align=left>You are <b>eligible</b> to participate if you (1) are 18-65 years old, (2) are fluent in English, (3) have healthy or corrected vision, (4) are not colorblind, and (5) have no difficulty controlling motor movements. <p><p align=left>If you do not meet these criteria, please exit the experiment now.<p><p align=center><b> If you meet these criteria and consent to participate, you must<br>indicate your consent by clicking the button below.<b></p>","0","","","","","","","","","","","","","","","","","","","","",""
"survey-text","2","134007","0.0-2.0-0.0","48712.99999999974","","","{""Q0"":""5dffb7505cc380bf9945baf6"",""Q1"":""38"",""Q2"":""man"",""Q3"":""man""}","","","","","","","","","","","","","","","","","","","",""
"html-keyboard-response","3","138614","0.0-3.0","4604.000000000262","<p>Welcome to the experiment!</p><p> You will play two games and answer a few questions.</p><p>Press the space bar to begin reading the instructions for the first game.</p>","","","32","","","","","","","","","","","","","","","","","","",""
"instructions","4","289783","0.0-4.0","151166.99999999945","","","","","[{""page_index"":0,""viewing_time"":14985.999999999884},{""page_index"":1,""viewing_time"":22208.999999999825},{""page_index"":2,""viewing_time"":15199.999999999825},{""page_index"":3,""viewing_time"":13655.999999999942},{""page_index"":4,""viewing_time"":21592.999999999854},{""page_index"":5,""viewing_time"":15552.999999999884},{""page_index"":6,""viewing_time"":34001.00000000023},{""page_index"":7,""viewing_time"":6224.000000000116},{""page_index"":8,""viewing_time"":7743.999999999709}]","","","","","","","","","","","","","","","","","",""
"html-keyboard-response","5","296042","0.0-5.0-0.0","6255.999999999418","<p style=""font-size:24px;font-weight:bold"">TEST QUESTION</p><p>Which letter should you press to select the green house on the left?</p><div class=group><table class=table_center><tr><td class=prompt colspan=2>Choose one</td></tr><tr style=""height: 300px;""><td style=""width: 300px;""><img id=""left"" src=img/house_3.png style=""zoom: 100%;""/></td><td style=""width: 300px;""><img id=""right"" src=img/house_2.png style=""zoom: 100%;""/></td></tr></table></div><br>","","","70","","true","","","","","","","","","","","","","","","","",""
"html-keyboard-response","6","299043","0.0-5.0-1.0","null","<p style=""font-size:36px;font-weight:bold"">Correct!</p><p> Remember, press ""F"" for left and ""J"" for right. </p>","","","null","","","","","","","","","","","","","","","","","","",""
"html-keyboard-response","7","302827","0.0-5.0-2.0","3782.0000000001164","<p style=""font-size:24px;font-weight:bold"">TEST QUESTION</p><p>Which letter should you press to select the red house on the right?</p><div class=group><table class=table_center><tr><td class=prompt colspan=2>Choose one</td></tr><tr style=""height: 300px;""><td style=""width: 300px;""><img id=""left"" src=img/house_3.png style=""zoom: 100%;""/></td><td style=""width: 300px;""><img id=""right"" src=img/house_2.png style=""zoom: 100%;""/></td></tr></table></div><br>","","","74","","true","","","","","","","","","","","","","","","","",""
"html-keyboard-response","8","305828","0.0-5.0-3.0","null","<p style=""font-size:36px;font-weight:bold"">Correct!</p><p> Remember, press ""F"" for left and ""J"" for right. </p>","","","null","","","","","","","","","","","","","","","","","","",""
"html-keyboard-response","9","333725","0.0-5.0-4.0","27896.999999999884","<p style=""font-size:24px;font-weight:bold"">TEST QUESTION</p><p>Type the number of the <b> maximum </b> amount of sacks an elf can make</p>","","","57","","true","","","","","","","","","","","","","","","","",""
"html-keyboard-response","10","336727","0.0-5.0-5.0","null","<p style=""font-size:36px;font-weight:bold"">Correct!</p><p> Remember, elves can make 0 to 9 sacks. </p>","","","null","","","","","","","","","","","","","","","","","","",""
"html-keyboard-response","11","349774","0.0-5.0-6.0","13046.000000000291","<p style=""font-size:24px;font-weight:bold"">TEST QUESTION</p><p>Remember, the same house always takes you to the same elf. </p><p>On this trial, select the house on the left by pressing ""F"".</p><div class=group><table class=table_center><tr><td class=prompt colspan=2>Choose one</td></tr><tr style=""height: 300px;""><td style=""width: 300px;""><img id=""left"" src=img/house_1.png style=""zoom: 100%;""/></td><td style=""width: 300px;""><img id=""right"" src=img/house_5.png style=""zoom: 100%;""/></td></tr></table></div><br>","","","70","","","","","","","","","","","","","","","","","","",""
"html-keyboard-response","12","357478","0.0-5.0-7.0","7702.999999999476","<p style=""font-size:24px;font-weight:bold"">TEST QUESTION</p><p>The red house took you to the yellow elf. </p><p> The yellow elf gave you 8 sacks. </p><p> The most sacks an elf can make is 9 sacks, so this is a great outcome!</p><div class=group><table class=table_center><tr><td class=prompt colspan=3>You received</td></tr><tr style=""height: 300px;""><td><img src=img/elf_yellow.png style=""zoom: 100%;""/></td><td><img src=img/sack.png style=""zoom: 30%;""/></td><td class=prompt>x 8</td></tr></table></div><br><p> Press space to continue </p>","","","32","","","","","","","","","","","","","","","","","","",""
"html-keyboard-response","13","361247","0.0-5.0-8.0","3766.9999999998254","<p style=""font-size:24px;font-weight:bold"">TEST QUESTION</p><p>If you wanted to visit the <b> yellow elf </b> again, which house would you select?</p><div class=group><table class=table_center><tr><td class=prompt colspan=2>Choose one</td></tr><tr style=""height: 300px;""><td style=""width: 300px;""><img id=""left"" src=img/house_1.png style=""zoom: 100%;""/></td><td style=""width: 300px;""><img id=""right"" src=img/house_5.png style=""zoom: 100%;""/></td></tr></table></div><br>","","","70","","true","","","","","","","","","","","","","","","","",""
"html-keyboard-response","14","364248","0.0-5.0-9.0","null","<p style=""font-size:36px;font-weight:bold"">Correct!</p><p> Remember, the same house goes to the same elf. </p>","","","null","","","","","","","","","","","","","","","","","","",""
"html-keyboard-response","15","367711","0.0-5.0-10.0","3461.000000000233","<p style=""font-size:24px;font-weight:bold"">TEST QUESTION</p><p>On this trial, select the house on the right by pressing ""J"".</p><div class=group><table class=table_center><tr><td class=prompt colspan=2>Choose one</td></tr><tr style=""height: 300px;""><td style=""width: 300px;""><img id=""left"" src=img/house_1.png style=""zoom: 100%;""/></td><td style=""width: 300px;""><img id=""right"" src=img/house_5.png style=""zoom: 100%;""/></td></tr></table></div><br>","","","74","","","","","","","","","","","","","","","","","","",""
"html-keyboard-response","16","377056","0.0-5.0-11.0","9342.999999999884","<p style=""font-size:24px;font-weight:bold"">TEST QUESTION</p><p>The blue house took you to the purple elf. </p><p> The purple elf only gave you 1 sack. </p><p> That is not very much and is a pretty bad outcome.</p><div class=group><table class=table_center><tr><td class=prompt colspan=3>You received</td></tr><tr style=""height: 300px;""><td><img src=img/elf_purple.png style=""zoom: 100%;""/></td><td><img src=img/sack.png style=""zoom: 30%;""/></td><td class=prompt>x 1</td></tr></table></div><br><p> Press space to continue </p>","","","32","","","","","","","","","","","","","","","","","","",""
"html-keyboard-response","17","381480","0.0-5.0-12.0","4422.999999999767","<p style=""font-size:24px;font-weight:bold"">TEST QUESTION</p><p>Remember the yellow elf gave you 8 sacks and the purple elf only gave you 1 sack. </p><p> Which elf would you try to visit next? </p><div class=group><table class=table_center><tr><td class=prompt colspan=2>Choose one</td></tr><tr style=""height: 300px;""><td style=""width: 300px;""><img id=""left"" src=img/elf_yellow.png style=""zoom: 100%;""/></td><td style=""width: 300px;""><img id=""right"" src=img/elf_purple.png style=""zoom: 100%;""/></td></tr></table></div><br>","","","70","","true","","","","","","","","","","","","","","","","",""
"html-keyboard-response","18","384482","0.0-5.0-13.0","null","<p style=""font-size:36px;font-weight:bold"">Correct!</p><p> Remember, you want to select the elf who gives you the most sacks.</p>","","","null","","","","","","","","","","","","","","","","","","",""
"html-keyboard-response","19","387312","0.0-5.0-14.0","2828.999999999767","<p style=""font-size:24px;font-weight:bold"">TEST QUESTION</p><p>To visit the yellow elf, which house should you visit? </p><div class=group><table class=table_center><tr><td class=prompt colspan=2>Choose one</td></tr><tr style=""height: 300px;""><td style=""width: 300px;""><img id=""left"" src=img/house_1.png style=""zoom: 100%;""/></td><td style=""width: 300px;""><img id=""right"" src=img/house_5.png style=""zoom: 100%;""/></td></tr></table></div><br>","","","70","","true","","","","","","","","","","","","","","","","",""
"html-keyboard-response","20","390314","0.0-5.0-15.0","null","<p style=""font-size:36px;font-weight:bold"">Correct!</p><p>Remember, the same house goes to the same elf each time.</p>","","","null","","","","","","","","","","","","","","","","","","",""
"html-keyboard-response","21","394312","0.0-5.0-16.0","3998.000000000524","<p style=""font-size:36px;font-weight:bold"">You are ready to play!</p><p>The houses and elves in the actual game will be different than the practice. </p><p> Press the space bar to start the game</p>","","","32","","","","","","","","","","","","","","","","","","",""
"no-tradeoff-rwd","22","400503","0.0-6.0-0.0","","","","","","","","1","0","","","","2676.0000000003492","","","2676.0000000003492","32","32","null","","null","","",""
"no-tradeoff-rwd","23","413443","0.0-6.0-0.1","","","","","","","","4","1","7","img/house_4.png","img/house_6.png","810.999999999709","3929.0000000001164","","810.999999999709,3929.0000000001164","70","70,32","null","","null","","",""
"no-tradeoff-rwd","24","434072","0.0-6.0-0.2","","","","","","","","1","9","4","img/house_6.png","img/house_4.png","457.00000000034925","9858.999999999476","1761.999999999709","457.00000000034925,9858.999999999476,1761.999999999709","70","70,13,32","null","","enter","7","",""
"no-tradeoff-rwd","25","444056","0.0-6.0-0.3","","","","","","","","1","7","5","img/house_3.png","img/house_2.png","1016.9999999998254","975.0000000003492","","1016.9999999998254,975.0000000003492","74","74,32","null","","null","","",""
"no-tradeoff-rwd","26","462068","0.0-6.0-0.4","","","","","","","","4","6","9","img/house_6.png","img/house_4.png","418.9999999998836","1202.9999999995343","1015.9999999995925","418.9999999998836,1202.9999999995343,1015.9999999995925,7984.000000000349","74","74,70,32,13","enter","7","null","","",""
"no-tradeoff-rwd","27","472678","0.0-6.0-0.5","","","","","","","","4","3","7","img/house_6.png","img/house_4.png","1190.9999999998254","1605.0000000004657","","1190.9999999998254,1605.0000000004657","70","70,32","null","","null","","",""
"no-tradeoff-rwd","28","488037","0.0-6.0-0.6","","","","","","","","1","9","2","img/house_3.png","img/house_2.png","511.00000000040745","4874.0000000006985","1474.0000000001746","511.00000000040745,4874.0000000006985,1474.0000000001746","74","74,13,32","null","","enter","5","",""
"no-tradeoff-rwd","29","498106","0.0-6.0-0.7","","","","","","","","4","8","4","img/house_3.png","img/house_2.png","733.9999999994761","1061.9999999999418","","733.9999999994761,1061.9999999999418","70","70,32","null","","null","","",""
"no-tradeoff-rwd","30","523581","0.0-6.0-0.8","","","","","","","","4","5","8","img/house_6.png","img/house_4.png","650.0000000005821","6519.999999999534","9944.00000000035","650.0000000005821,6519.999999999534,9944.00000000035","70","70,32,13","enter","4","null","","",""
"no-tradeoff-rwd","31","532036","0.0-6.0-0.9","","","","","","","","4","6","6","img/house_6.png","img/house_4.png","938.0000000001164","948.0000000003492","","938.0000000001164,948.0000000003492","74","74,32","null","","null","","",""
"no-tradeoff-rwd","32","549707","0.0-6.0-0.10","","","","","","","","1","6","6","img/house_2.png","img/house_3.png","769.0000000002328","7667.999999999651","995","769.0000000002328,7667.999999999651,995","70","70,13,32","null","","enter","6","",""
"no-tradeoff-rwd","33","559764","0.0-6.0-0.11","","","","","","","","1","6","8","img/house_6.png","img/house_4.png","666.0000000002328","1050.9999999995343","","666.0000000002328,1050.9999999995343","70","70,32","null","","null","","",""
"no-tradeoff-rwd","34","575922","0.0-6.0-0.12","","","","","","","","4","3","8","img/house_6.png","img/house_4.png","770.9999999996508","773.0000000002328","7879.999999999185","770.9999999996508,773.0000000002328,7879.999999999185","74","74,32,13","enter","8","null","","",""
"no-tradeoff-rwd","35","586457","0.0-6.0-0.13","","","","","","","","1","4","8","img/house_6.png","img/house_4.png","756.0000000002328","1532.0000000001164","","756.0000000002328,1532.0000000001164","74","74,32","null","","null","","",""
"no-tradeoff-rwd","36","601830","0.0-6.0-0.14","","","","","","","","1","1","7","img/house_2.png","img/house_3.png","823.0000000003492","5226.999999999884","1138.000000000815","823.0000000003492,5226.999999999884,1138.000000000815","74","74,13,32","null","","enter","4","",""
"no-tradeoff-rwd","37","616774","0.0-6.0-0.15","","","","","","","","1","0","7","img/house_2.png","img/house_3.png","1019.0000000002328","5939.000000000349","","1019.0000000002328,5939.000000000349","70","70,32","null","","null","","",""
"no-tradeoff-rwd","38","631367","0.0-6.0-0.16","","","","","","","","1","0","7","img/house_6.png","img/house_4.png","1449.9999999997672","815.0000000004657","4766.999999999884","1449.9999999997672,815.0000000004657,4766.999999999884","74","74,32,13","enter","5","null","","",""
"no-tradeoff-rwd","39","641390","0.0-6.0-0.17","","","","","","","","4","0","6","img/house_2.png","img/house_3.png","1135.9999999995343","1015.0000000003492","","1135.9999999995343,1015.0000000003492","74","74,32","null","","null","","",""
"no-tradeoff-rwd","40","656831","0.0-6.0-0.18","","","","","","","","4","1","3","img/house_6.png","img/house_4.png","1122.9999999996508","5373.999999999767","1059.0000000002328","1122.9999999996508,5373.999999999767,1059.0000000002328","70","70,13,32","null","","enter","7","",""
"no-tradeoff-rwd","41","666615","0.0-6.0-0.19","","","","","","","","1","2","2","img/house_4.png","img/house_6.png","1388.000000000815","780.0000000006985","","1388.000000000815,780.0000000006985","74","74,32","null","","null","","",""
"no-tradeoff-rwd","42","682665","0.0-6.0-0.20","","","","","","","","4","3","5","img/house_4.png","img/house_6.png","1331.0000000001164","2144.9999999995343","4895.000000000466","1331.0000000001164,2144.9999999995343,4895.000000000466","74","74,32,13","enter","4","null","","",""
"no-tradeoff-rwd","43","691876","0.0-6.0-0.21","","","","","","","","4","3","4","img/house_2.png","img/house_3.png","1081.0000000001164","207.99999999965075","","1081.0000000001164,207.99999999965075","70","70,32","null","","null","","",""
"no-tradeoff-rwd","44","707593","0.0-6.0-0.22","","","","","","","","4","2","1","img/house_3.png","img/house_2.png","1192","4891.999999999767","1818.0000000001164","1192,4891.999999999767,1818.0000000001164","70","70,13,32","null","","enter","8","",""
"no-tradeoff-rwd","45","716366","0.0-6.0-0.23","","","","","","","","1","0","","","","5268","","","5268","32","32","null","","null","","",""
"no-tradeoff-rwd","46","731123","0.0-6.0-0.24","","","","","","","","4","1","0","img/house_2.png","img/house_3.png","718.0000000006985","1882.9999999997672","3863.9999999996508","718.0000000006985,1882.9999999997672,3863.9999999996508","74","74,32,13","enter","4","null","","",""
"no-tradeoff-rwd","47","738659","0.0-6.0-0.25","","","","","","","","1","0","1","img/house_2.png","img/house_3.png","841.9999999996508","31","","841.9999999996508,31","70","70,32","null","","null","","",""
"no-tradeoff-rwd","48","751417","0.0-6.0-0.26","","","","","","","","1","0","3","img/house_3.png","img/house_2.png","343.9999999991851","4540","710","343.9999999991851,4540,710","74","74,13,32","null","","enter","3","",""
"no-tradeoff-rwd","49","761384","0.0-6.0-0.27","","","","","","","","4","0","6","img/house_3.png","img/house_2.png","1188.0000000001164","962.9999999997672","","1188.0000000001164,962.9999999997672","70","70,32","null","","null","","",""
"no-tradeoff-rwd","50","774364","0.0-6.0-0.28","","","","","","","","1","5","6","img/house_2.png","img/house_3.png","638.9999999991851","845.0000000002328","3126.999999999418","638.9999999991851,845.0000000002328,3126.999999999418","74","74,32,13","enter","4","null","","",""
"no-tradeoff-rwd","51","782598","0.0-6.0-0.29","","","","","","","","1","5","7","img/house_2.png","img/house_3.png","511.99999999965075","725.0000000003492","","511.99999999965075,725.0000000003492","74","74,32","null","","null","","",""
"no-tradeoff-rwd","52","795596","0.0-6.0-0.30","","","","","","","","4","8","9","img/house_6.png","img/house_4.png","1240.000000000582","3882.9999999998836","103.99999999930151","1240.000000000582,3882.9999999998836,103.99999999930151","70","70,13,32","null","","enter","5","",""
"no-tradeoff-rwd","53","806269","0.0-6.0-0.31","","","","","","","","1","8","8","img/house_6.png","img/house_4.png","904.9999999996508","1663.9999999997672","","904.9999999996508,1663.9999999997672","70","70,32","null","","null","","",""
"no-tradeoff-rwd","54","819237","0.0-6.0-0.32","","","","","","","","4","8","6","img/house_6.png","img/house_4.png","728","767.0000000008149","3192","728,767.0000000008149,3192","70","70,32,13","enter","7","null","","",""
"no-tradeoff-rwd","55","828247","0.0-6.0-0.33","","","","","","","","1","9","7","img/house_6.png","img/house_4.png","626.0000000002328","0.9999999993015081","","626.0000000002328,0.9999999993015081","70","70,32","null","","null","","",""
"no-tradeoff-rwd","56","845915","0.0-6.0-0.34","","","","","","","","1","9","7","img/house_6.png","img/house_4.png","560.0000000004657","4676.000000000466","3985.9999999998836","560.0000000004657,4676.000000000466,3985.9999999998836","70","70,13,32","null","","enter","8","",""
"no-tradeoff-rwd","57","855725","0.0-6.0-0.35","","","","","","","","1","8","6","img/house_6.png","img/house_4.png","635.0000000002328","800.9999999994179","","635.0000000002328,800.9999999994179","74","74,32","null","","null","","",""
"no-tradeoff-rwd","58","868670","0.0-6.0-0.36","","","","","","","","1","7","5","img/house_6.png","img/house_4.png","474.9999999994179","696","3239.000000000582","474.9999999994179,696,3239.000000000582","70","70,32,13","enter","9","null","","",""
"no-tradeoff-rwd","59","877373","0.0-6.0-0.37","","","","","","","","1","9","8","img/house_6.png","img/house_4.png","778.0000000002328","1197.0000000001164","","778.0000000002328,1197.0000000001164","74","74,32","null","","null","","",""
"no-tradeoff-rwd","60","889502","0.0-6.0-0.38","","","","","","","","4","8","3","img/house_3.png","img/house_2.png","1051.9999999996508","3431.999999999767","1189.9999999995343","1051.9999999996508,3431.999999999767,1189.9999999995343","74","74,13,32","null","","enter","8","",""
"no-tradeoff-rwd","61","905863","0.0-6.0-0.39","","","","","","","","4","5","7","img/house_6.png","img/house_4.png","1305.0000000003492","7354.000000000233","","1305.0000000003492,7354.000000000233","74","74,32","null","","null","","",""
"no-tradeoff-rwd","62","918434","0.0-6.0-0.40","","","","","","","","4","7","8","img/house_2.png","img/house_3.png","1448.9999999995343","576","2983.0000000001164","1448.9999999995343,576,2983.0000000001164","74","74,32,13","enter","8","null","","",""
"no-tradeoff-rwd","63","934361","0.0-6.0-0.41","","","","","","","","4","7","9","img/house_6.png","img/house_4.png","800.0000000002328","6918.000000000582","","800.0000000002328,6918.000000000582","70","70,32","null","","null","","",""
"no-tradeoff-rwd","64","947275","0.0-6.0-0.42","","","","","","","","4","6","8","img/house_6.png","img/house_4.png","928.9999999991851","3301.0000000003492","602.0000000006985","928.9999999991851,3301.0000000003492,602.0000000006985","70","70,13,32","null","","enter","8","",""
"no-tradeoff-rwd","65","955073","0.0-6.0-0.43","","","","","","","","1","6","9","img/house_6.png","img/house_4.png","951","291.00000000023283","","951,291.00000000023283","70","70,32","null","","null","","",""
"no-tradeoff-rwd","66","966058","0.0-6.0-0.44","","","","","","","","1","7","4","img/house_2.png","img/house_3.png","681.9999999997672","46.000000000349246","3430.000000000233","681.9999999997672,46.000000000349246,3430.000000000233","70","70,32,13","enter","6","null","","",""
"no-tradeoff-rwd","67","974825","0.0-6.0-0.45","","","","","","","","1","4","4","img/house_6.png","img/house_4.png","904.9999999996508","1259","","904.9999999996508,1259","74","74,32","null","","null","","",""
"no-tradeoff-rwd","68","985985","0.0-6.0-0.46","","","","","","","","1","4","6","img/house_2.png","img/house_3.png","672.9999999997672","2828.9999999996508","822.0000000001164","672.9999999997672,2828.9999999996508,822.0000000001164","74","74,13,32","null","","enter","7","",""
"no-tradeoff-rwd","69","994582","0.0-6.0-0.47","","","","","","","","1","7","5","img/house_3.png","img/house_2.png","1202.0000000001164","1091.9999999996508","","1202.0000000001164,1091.9999999996508","70","70,32","null","","null","","",""
"no-tradeoff-rwd","70","1006482","0.0-6.0-0.48","","","","","","","","1","4","6","img/house_6.png","img/house_4.png","1270.9999999996508","1403.0000000002328","2990.9999999998836","1270.9999999996508,1403.0000000002328,2990.9999999998836","74","74,32,13","enter","6","null","","",""
"no-tradeoff-rwd","71","1014787","0.0-6.0-0.49","","","","","","","","4","3","7","img/house_6.png","img/house_4.png","984.9999999996508","795.9999999993015","","984.9999999996508,795.9999999993015","74","74,32","null","","null","","",""
"no-tradeoff-rwd","72","1026290","0.0-6.0-0.50","","","","","","","","4","6","5","img/house_3.png","img/house_2.png","1041.999999999418","2811.9999999998836","1183","1041.999999999418,2811.9999999998836,1183","70","70,13,32","null","","enter","8","",""
"no-tradeoff-rwd","73","1035963","0.0-6.0-0.51","","","","","","","","1","5","3","img/house_3.png","img/house_2.png","786.0000000001164","663.9999999996508","","786.0000000001164,663.9999999996508","70","70,32","null","","null","","",""
"no-tradeoff-rwd","74","1047052","0.0-6.0-0.52","","","","","","","","4","5","2","img/house_3.png","img/house_2.png","858","588.9999999997672","2991","858,588.9999999997672,2991","70","70,32,13","enter","6","null","","",""
"no-tradeoff-rwd","75","1056788","0.0-6.0-0.53","","","","","","","","4","2","6","img/house_6.png","img/house_4.png","1009","726.9999999997672","","1009,726.9999999997672","70","70,32","null","","null","","",""
"no-tradeoff-rwd","76","1070307","0.0-6.0-0.54","","","","","","","","1","3","2","img/house_4.png","img/house_6.png","938","3332.9999999995343","1178.0000000006985","938,3332.9999999995343,1178.0000000006985","74","74,13,32","null","","enter","6","",""
"no-tradeoff-rwd","77","1079974","0.0-6.0-0.55","","","","","","","","1","7","2","img/house_3.png","img/house_2.png","1065.9999999997672","654.9999999997672","","1065.9999999997672,654.9999999997672","74","74,32","null","","null","","",""
"no-tradeoff-rwd","78","1092871","0.0-6.0-0.56","","","","","","","","4","8","2","img/house_4.png","img/house_6.png","1191","782.0000000002328","3103","1191,782.0000000002328,3103","70","70,32,13","enter","6","null","","",""
"no-tradeoff-rwd","79","1101486","0.0-6.0-0.57","","","","","","","","1","6","1","img/house_4.png","img/house_6.png","1080","1107","","1080,1107","70","70,32","null","","null","","",""
"no-tradeoff-rwd","80","1115882","0.0-6.0-0.58","","","","","","","","1","6","2","img/house_3.png","img/house_2.png","777.9999999993015","3118.0000000004657","2271.999999999767","777.9999999993015,3118.0000000004657,2271.999999999767","70","70,13,32","null","","enter","6","",""
"no-tradeoff-rwd","81","1124219","0.0-6.0-0.59","","","","","","","","1","5","0","img/house_3.png","img/house_2.png","997.9999999995343","832.0000000002328","","997.9999999995343,832.0000000002328","70","70,32","null","","null","","",""
"no-tradeoff-rwd","82","1136053","0.0-6.0-0.60","","","","","","","","4","7","2","img/house_4.png","img/house_6.png","846.9999999997672","594.9999999993015","3734.999999999767","846.9999999997672,594.9999999993015,3734.999999999767","74","74,32,13","enter","7","null","","",""
"no-tradeoff-rwd","83","1148540","0.0-6.0-0.61","","","","","","","","1","6","3","img/house_4.png","img/house_6.png","863.0000000002328","3462.0000000004657","","863.0000000002328,3462.0000000004657","70","70,32","null","","null","","",""
"no-tradeoff-rwd","84","1162715","0.0-6.0-0.62","","","","","","","","1","6","4","img/house_4.png","img/house_6.png","749.0000000006985","1253.0000000004657","4537.000000000233","749.0000000006985,1253.0000000004657,4537.000000000233,633.0000000006985","74","74,70,13,32","null","","enter","6","",""
"no-tradeoff-rwd","85","1172479","0.0-6.0-0.63","","","","","","","","1","3","4","img/house_3.png","img/house_2.png","910","758","","910,758","74","74,32","null","","null","","",""
"no-tradeoff-rwd","86","1183500","0.0-6.0-0.64","","","","","","","","4","6","3","img/house_2.png","img/house_3.png","523.0000000002328","630","2886.999999999767","523.0000000002328,630,2886.999999999767","70","70,32,13","enter","7","null","","",""
"no-tradeoff-rwd","87","1191944","0.0-6.0-0.65","","","","","","","","4","8","3","img/house_2.png","img/house_3.png","804","935.9999999995343","","804,935.9999999995343","74","74,32","null","","null","","",""
"no-tradeoff-rwd","88","1204074","0.0-6.0-0.66","","","","","","","","4","9","4","img/house_2.png","img/house_3.png","577.9999999995343","3100.999999999767","18.999999999301508","577.9999999995343,3100.999999999767,18.999999999301508","70","70,13,32","null","","enter","7","",""
"no-tradeoff-rwd","89","1212467","0.0-6.0-0.67","","","","","","","","4","4","8","img/house_4.png","img/house_6.png","1208.0000000004657","867.0000000002328","","1208.0000000004657,867.0000000002328","74","74,32","null","","null","","",""
"no-tradeoff-rwd","90","1224154","0.0-6.0-0.68","","","","","","","","1","2","8","img/house_3.png","img/house_2.png","1216.9999999995343","1095.0000000002328","3062","1216.9999999995343,1095.0000000002328,3062","70","70,32,13","enter","5","null","","",""
"no-tradeoff-rwd","91","1233817","0.0-6.0-0.69","","","","","","","","4","5","2","img/house_2.png","img/house_3.png","840","654.0000000004657","","840,654.0000000004657","74","74,32","null","","null","","",""
"no-tradeoff-rwd","92","1246098","0.0-6.0-0.70","","","","","","","","1","7","2","img/house_2.png","img/house_3.png","912.9999999995343","3212.9999999995343","56.00000000046566","912.9999999995343,3212.9999999995343,56.00000000046566","74","74,13,32","null","","enter","6","",""
"no-tradeoff-rwd","93","1255194","0.0-6.0-0.71","","","","","","","","1","3","5","img/house_4.png","img/house_6.png","1473","86.99999999953434","","1473,86.99999999953434","70","70,32","null","","null","","",""
"no-tradeoff-rwd","94","1266731","0.0-6.0-0.72","","","","","","","","1","5","6","img/house_6.png","img/house_4.png","1121.9999999993015","956.9999999995343","3070.999999999767","1121.9999999993015,956.9999999995343,3070.999999999767","70","70,32,13","enter","7","null","","",""
"no-tradeoff-rwd","95","1276474","0.0-6.0-0.73","","","","","","","","4","4","6","img/house_3.png","img/house_2.png","1177.0000000004657","732.9999999993015","","1177.0000000004657,732.9999999993015","74","74,32","null","","null","","",""
"no-tradeoff-rwd","96","1288426","0.0-6.0-0.74","","","","","","","","4","4","4","img/house_3.png","img/house_2.png","714","3460.9999999993015","982","714,3460.9999999993015,982","70","70,13,32","null","","enter","7","",""
"no-tradeoff-rwd","97","1296723","0.0-6.0-0.75","","","","","","","","4","1","5","img/house_2.png","img/house_3.png","1233.9999999995343","789.0000000006985","","1233.9999999995343,789.0000000006985","70","70,32","null","","null","","",""
"no-tradeoff-rwd","98","1308141","0.0-6.0-0.76","","","","","","","","1","5","5","img/house_6.png","img/house_4.png","1242","788.9999999997672","3118.999999999767","1242,788.9999999997672,3118.999999999767","74","74,32,13","enter","6","null","","",""
"no-tradeoff-rwd","99","1316706","0.0-6.0-0.77","","","","","","","","1","7","5","img/house_2.png","img/house_3.png","1312","1059.0000000002328","","1312,1059.0000000002328","70","70,32","null","","null","","",""
"no-tradeoff-rwd","100","1329564","0.0-6.0-0.78","","","","","","","","1","7","4","img/house_2.png","img/house_3.png","748.9999999997672","3088.999999999767","760.9999999995343","748.9999999997672,3088.999999999767,760.9999999995343","70","70,13,32","null","","enter","6","",""
"no-tradeoff-rwd","101","1337828","0.0-6.0-0.79","","","","","","","","1","7","7","img/house_2.png","img/house_3.png","617.9999999995343","756.9999999995343","","617.9999999995343,756.9999999995343","74","74,32","null","","null","","",""
"no-tradeoff-rwd","102","1348833","0.0-6.0-0.80","","","","","","","","1","5","2","img/house_2.png","img/house_3.png","481.0000000006985","654.0000000004657","2846.999999999767","481.0000000006985,654.0000000004657,2846.999999999767","74","74,32,13","enter","7","null","","",""
"no-tradeoff-rwd","103","1357622","0.0-6.0-0.81","","","","","","","","4","6","5","img/house_6.png","img/house_4.png","989.9999999997672","1281.9999999993015","","989.9999999997672,1281.9999999993015","74","74,32","null","","null","","",""
"no-tradeoff-rwd","104","1370613","0.0-6.0-0.82","","","","","","","","1","8","7","img/house_2.png","img/house_3.png","867.0000000002328","3214","769.9999999995343","867.0000000002328,3214,769.9999999995343","74","74,13,32","null","","enter","7","",""
"no-tradeoff-rwd","105","1380499","0.0-6.0-0.83","","","","","","","","1","8","8","img/house_2.png","img/house_3.png","1009","880","","1009,880","70","70,32","null","","null","","",""
"no-tradeoff-rwd","106","1392150","0.0-6.0-0.84","","","","","","","","1","8","8","img/house_2.png","img/house_3.png","909.9999999997672","929.9999999993015","3215.000000000233","909.9999999997672,929.9999999993015,3215.000000000233","74","74,32,13","enter","6","null","","",""
"no-tradeoff-rwd","107","1401806","0.0-6.0-0.85","","","","","","","","1","8","9","img/house_2.png","img/house_3.png","1017.0000000006985","645.9999999997672","","1017.0000000006985,645.9999999997672","70","70,32","null","","null","","",""
"no-tradeoff-rwd","108","1418455","0.0-6.0-0.86","","","","","","","","4","6","9","img/house_6.png","img/house_4.png","985.9999999997672","2926.0000000004657","4714","985.9999999997672,2926.0000000004657,4714","70","70,13,32","null","","enter","8","",""
"no-tradeoff-rwd","109","1426915","0.0-6.0-0.87","","","","","","","","4","6","8","img/house_2.png","img/house_3.png","1331.9999999993015","958.9999999997672","","1331.9999999993015,958.9999999997672","70","70,32","null","","null","","",""
"no-tradeoff-rwd","110","1438383","0.0-6.0-0.88","","","","","","","","1","6","6","img/house_2.png","img/house_3.png","696.0000000006985","1179","2783.0000000004657","696.0000000006985,1179,2783.0000000004657","74","74,32,13","enter","6","null","","",""
"no-tradeoff-rwd","111","1446656","0.0-6.0-0.89","","","","","","","","1","5","7","img/house_2.png","img/house_3.png","712.9999999997672","765.0000000002328","","712.9999999997672,765.0000000002328","74","74,32","null","","null","","",""
"no-tradeoff-rwd","112","1458216","0.0-6.0-0.90","","","","","","","","1","5","4","img/house_2.png","img/house_3.png","1424","3220.000000000233","831.0000000002328","1424,3220.000000000233,831.0000000002328","70","70,13,32","null","","enter","6","",""
"no-tradeoff-rwd","113","1467936","0.0-6.0-0.91","","","","","","","","1","4","4","img/house_6.png","img/house_4.png","496.99999999953434","711.0000000002328","","496.99999999953434,711.0000000002328","74","74,32","null","","null","","",""
"no-tradeoff-rwd","114","1483839","0.0-6.0-0.92","","","","","","","","1","5","2","img/house_4.png","img/house_6.png","482","3407.000000000233","3487","482,3407.000000000233,3487","70","70,32,13","enter","8","null","","",""
"no-tradeoff-rwd","115","1492449","0.0-6.0-0.93","","","","","","","","1","3","1","img/house_4.png","img/house_6.png","1331.0000000002328","1100.9999999997672","","1331.0000000002328,1100.9999999997672","74","74,32","null","","null","","",""
"no-tradeoff-rwd","116","1505186","0.0-6.0-0.94","","","","","","","","4","4","2","img/house_6.png","img/house_4.png","546.9999999995343","3006.000000000233","720.9999999995343","546.9999999995343,3006.000000000233,720.9999999995343","74","74,13,32","null","","enter","7","",""
"no-tradeoff-rwd","117","1514994","0.0-6.0-0.95","","","","","","","","4","1","5","img/house_6.png","img/house_4.png","518","797.0000000004657","","518,797.0000000004657","74","74,32","null","","null","","",""
"no-tradeoff-rwd","118","1530831","0.0-6.0-0.96","","","","","","","","4","1","5","img/house_2.png","img/house_3.png","1026","3768","3064.0000000004657","1026,3768,3064.0000000004657","70","70,32,13","enter","6","null","","",""
"no-tradeoff-rwd","119","1539283","0.0-6.0-0.97","","","","","","","","4","7","0","img/house_3.png","img/house_2.png","517","944.9999999997672","","517,944.9999999997672","70","70,32","null","","null","","",""
"no-tradeoff-rwd","120","1557307","0.0-6.0-0.98","","","","","","","","1","9","4","img/house_4.png","img/house_6.png","1098","4635.999999999534","4377.000000000233","1098,4635.999999999534,4377.000000000233","74","74,13,32","null","","enter","5","",""
"no-tradeoff-rwd","121","1565921","0.0-6.0-0.99","","","","","","","","4","7","1","img/house_3.png","img/house_2.png","1024.0000000002328","1106.9999999997672","","1024.0000000002328,1106.9999999997672","74","74,32","null","","null","","",""
"no-tradeoff-rwd","122","1590626","0.0-6.0-0.100","","","","","","","","1","8","5","img/house_4.png","img/house_6.png","1449.0000000004657","8152.000000000233","7542.999999999534","1449.0000000004657,8152.000000000233,7542.999999999534","70","70,32,13","enter","7","null","","",""
"no-tradeoff-rwd","123","1598900","0.0-6.0-0.101","","","","","","","","1","7","4","img/house_3.png","img/house_2.png","925","768","","925,768","74","74,32","null","","null","","",""
"no-tradeoff-rwd","124","1608266","0.0-6.0-0.102","","","","","","","","4","0","","","","5862","","","5862","32","32","null","","null","","",""
"no-tradeoff-rwd","125","1623477","0.0-6.0-0.103","","","","","","","","4","8","6","img/house_3.png","img/house_2.png","596.9999999997672","6202.000000000233","","596.9999999997672,6202.000000000233","74","74,32","null","","null","","",""
"no-tradeoff-rwd","126","1636343","0.0-6.0-0.104","","","","","","","","1","6","7","img/house_6.png","img/house_4.png","906","1373.0000000004657","3984.0000000004657","906,1373.0000000004657,3984.0000000004657","70","70,32,13","enter","5","null","","",""
"no-tradeoff-rwd","127","1646031","0.0-6.0-0.105","","","","","","","","4","6","4","img/house_3.png","img/house_2.png","752.0000000004657","677.0000000004657","","752.0000000004657,677.0000000004657","74","74,32","null","","null","","",""
"no-tradeoff-rwd","128","1658574","0.0-6.0-0.106","","","","","","","","4","7","2","img/house_3.png","img/house_2.png","624","2866","665","624,2866,665","70","70,13,32","null","","enter","7","",""
"no-tradeoff-rwd","129","1668232","0.0-6.0-0.107","","","","","","","","4","6","1","img/house_3.png","img/house_2.png","977.0000000006985","646.9999999997672","","977.0000000006985,646.9999999997672","70","70,32","null","","null","","",""
"no-tradeoff-rwd","130","1686488","0.0-6.0-0.108","","","","","","","","4","8","2","img/house_3.png","img/house_2.png","1033.0000000002328","5934.999999999534","3310.999999999767","1033.0000000002328,5934.999999999534,3310.999999999767","70","70,32,13","enter","8","null","","",""
"no-tradeoff-rwd","131","1694719","0.0-6.0-0.109","","","","","","","","1","2","6","img/house_6.png","img/house_4.png","927.9999999997672","723.0000000009313","","927.9999999997672,723.0000000009313","74","74,32","null","","null","","",""
"no-tradeoff-rwd","132","1706488","0.0-6.0-0.110","","","","","","","","1","6","0","img/house_3.png","img/house_2.png","1081","3275.999999999767","983.0000000002328","1081,3275.999999999767,983.0000000002328","70","70,13,32","null","","enter","6","",""
"no-tradeoff-rwd","133","1714877","0.0-6.0-0.111","","","","","","","","4","6","2","img/house_3.png","img/house_2.png","528.9999999995343","884","","528.9999999995343,884","74","74,32","null","","null","","",""
"no-tradeoff-rwd","134","1726877","0.0-6.0-0.112","","","","","","","","4","3","2","img/house_4.png","img/house_6.png","1126.0000000002328","1217.9999999997672","3278.9999999995343","1126.0000000002328,1217.9999999997672,3278.9999999995343","74","74,32,13","enter","8","null","","",""
"no-tradeoff-rwd","135","1736543","0.0-6.0-0.113","","","","","","","","4","2","3","img/house_6.png","img/house_4.png","1132.9999999997672","660","","1132.9999999997672,660","70","70,32","null","","null","","",""
"no-tradeoff-rwd","136","1750402","0.0-6.0-0.114","","","","","","","","4","1","5","img/house_3.png","img/house_2.png","1133","4136.999999999767","713.0000000006985","1133,4136.999999999767,713.0000000006985","74","74,13,32","null","","enter","7","",""
"no-tradeoff-rwd","137","1759998","0.0-6.0-0.115","","","","","","","","1","1","4","img/house_3.png","img/house_2.png","726.9999999997672","576","","726.9999999997672,576","74","74,32","null","","null","","",""
"no-tradeoff-rwd","138","1773539","0.0-6.0-0.116","","","","","","","","4","1","2","img/house_4.png","img/house_6.png","1094","983.0000000002328","3551.000000000233","1094,983.0000000002328,3551.000000000233","74","74,32,13","enter","6","null","","",""
"no-tradeoff-rwd","139","1783167","0.0-6.0-0.117","","","","","","","","4","1","2","img/house_3.png","img/house_2.png","523","625.9999999993015","","523,625.9999999993015","70","70,32","null","","null","","",""
"no-tradeoff-rwd","140","1795890","0.0-6.0-0.118","","","","","","","","1","3","5","img/house_2.png","img/house_3.png","438","3203.000000000233","513","438,3203.000000000233,513","74","74,13,32","null","","enter","6","",""
"no-tradeoff-rwd","141","1805665","0.0-6.0-0.119","","","","","","","","4","5","4","img/house_3.png","img/house_2.png","618.9999999997672","766.9999999997672","","618.9999999997672,766.9999999997672","74","74,32","null","","null","","",""
"call-function","142","1805666","0.0-7.0","","","","","","","","","","","","","","","","","","","","","","","",""
"html-keyboard-response","143","2191490","0.0-8.0","385822","<p>Now you will play the second game!</p><p>Press the space bar to begin reading the instructions for the second game.</p>","","","32","","","","","","","","","","","","","","","","","","",""
"instructions","144","2296123","0.0-9.0","165648","","","","","[{""page_index"":0,""viewing_time"":15682},{""page_index"":1,""viewing_time"":37921},{""page_index"":2,""viewing_time"":18688.999999999534},{""page_index"":3,""viewing_time"":14592.000000000466},{""page_index"":4,""viewing_time"":26089},{""page_index"":5,""viewing_time"":22224.999999999534},{""page_index"":6,""viewing_time"":11976.000000000466},{""page_index"":7,""viewing_time"":11321},{""page_index"":8,""viewing_time"":7152}]","","","","","","","","","","","","","","","","","",""
"html-keyboard-response","145","2304190","0.0-10.0-0.0","8065.000000000466","<p style=""font-size:24px;font-weight:bold"">TEST QUESTION</p><p>Which letter should you press to select the green tree on the left?</p><div class=group><table class=table_center><tr><td class=prompt colspan=2>Choose one</td></tr><tr style=""height: 300px;""><td style=""width: 300px;""><img id=""left"" src=img/tree_3.png style=""zoom: 100%;""/></td><td style=""width: 300px;""><img id=""right"" src=img/tree_7.png style=""zoom: 100%;""/></td></tr></table></div><br>","","","70","","true","","","","","","","","","","","","","","","","",""
"html-keyboard-response","146","2306910","0.0-10.0-1.0","2718","<p style=""font-size:36px;font-weight:bold"">Correct!</p><p> Remember, press ""F"" for left and ""J"" for right. </p>","","","32","","","","","","","","","","","","","","","","","","",""
"html-keyboard-response","147","2324728","0.0-10.0-2.0","17814.999999999534","<p style=""font-size:24px;font-weight:bold"">TEST QUESTION</p><p>Which letter should you press to select the red tree on the right?</p><div class=group><table class=table_center><tr><td class=prompt colspan=2>Choose one</td></tr><tr style=""height: 300px;""><td style=""width: 300px;""><img id=""left"" src=img/tree_3.png style=""zoom: 100%;""/></td><td style=""width: 300px;""><img id=""right"" src=img/tree_7.png style=""zoom: 100%;""/></td></tr></table></div><br>","","","74","","true","","","","","","","","","","","","","","","","",""
"html-keyboard-response","148","2327730","0.0-10.0-3.0","null","<p style=""font-size:36px;font-weight:bold"">Correct!</p><p> Remember, press ""F"" for left and ""J"" for right. </p>","","","null","","","","","","","","","","","","","","","","","","",""
"html-keyboard-response","149","2335143","0.0-10.0-4.0","7412","<p style=""font-size:24px;font-weight:bold"">TEST QUESTION</p><p>Type the number of the <b> maximum </b> amount of shields an gnome can make</p>","","","57","","true","","","","","","","","","","","","","","","","",""
"html-keyboard-response","150","2338145","0.0-10.0-5.0","null","<p style=""font-size:36px;font-weight:bold"">Correct!</p><p> Remember, gnomes can make 0 to 9 shields. </p>","","","null","","","","","","","","","","","","","","","","","","",""
"html-keyboard-response","151","2345031","0.0-10.0-6.0","6884","<p style=""font-size:24px;font-weight:bold"">TEST QUESTION</p><p>Remember, the same tree always takes you to the same gnome. </p><p>On this trial, select the tree on the left by pressing ""F"".</p><div class=group><table class=table_center><tr><td class=prompt colspan=2>Choose one</td></tr><tr style=""height: 300px;""><td style=""width: 300px;""><img id=""left"" src=img/tree_1.png style=""zoom: 100%;""/></td><td style=""width: 300px;""><img id=""right"" src=img/tree_2.png style=""zoom: 100%;""/></td></tr></table></div><br>","","","70","","","","","","","","","","","","","","","","","","",""
"html-keyboard-response","152","2348862","0.0-10.0-7.0","3831","<p style=""font-size:24px;font-weight:bold"">TEST QUESTION</p><p>The orange tree took you to the green gnome. </p><p> The green gnome gave you 8 shields. </p><p> The most shields a gnome can make is 9 shields, so this is a great outcome!</p><div class=group><table class=table_center><tr><td class=prompt colspan=3>You received</td></tr><tr style=""height: 300px;""><td><img src=img/gnome_green.png style=""zoom: 100%;""/></td><td><img src=img/shield.png style=""zoom: 30%;""/></td><td class=prompt>x 8</td></tr></table></div><br><p> Press space to continue </p>","","","32","","","","","","","","","","","","","","","","","","",""
"html-keyboard-response","153","2351678","0.0-10.0-8.0","2814.9999999995343","<p style=""font-size:24px;font-weight:bold"">TEST QUESTION</p><p>If you wanted to visit the <b> green gnome </b> again, which tree would you select?</p><div class=group><table class=table_center><tr><td class=prompt colspan=2>Choose one</td></tr><tr style=""height: 300px;""><td style=""width: 300px;""><img id=""left"" src=img/tree_1.png style=""zoom: 100%;""/></td><td style=""width: 300px;""><img id=""right"" src=img/tree_2.png style=""zoom: 100%;""/></td></tr></table></div><br>","","","70","","true","","","","","","","","","","","","","","","","",""
"html-keyboard-response","154","2354680","0.0-10.0-9.0","null","<p style=""font-size:36px;font-weight:bold"">Correct!</p><p> Remember, the same tree goes to the same gnome. </p>","","","null","","","","","","","","","","","","","","","","","","",""
"html-keyboard-response","155","2357639","0.0-10.0-10.0","2957","<p style=""font-size:24px;font-weight:bold"">TEST QUESTION</p><p>On this trial, select the tree on the right by pressing ""J"".</p><div class=group><table class=table_center><tr><td class=prompt colspan=2>Choose one</td></tr><tr style=""height: 300px;""><td style=""width: 300px;""><img id=""left"" src=img/tree_1.png style=""zoom: 100%;""/></td><td style=""width: 300px;""><img id=""right"" src=img/tree_2.png style=""zoom: 100%;""/></td></tr></table></div><br>","","","74","","","","","","","","","","","","","","","","","","",""
"html-keyboard-response","156","2362327","0.0-10.0-11.0","4687","<p style=""font-size:24px;font-weight:bold"">TEST QUESTION</p><p>The blue tree took you to the purple gnome. </p><p> The purple gnome only gave you 1 shield. </p><p> That is not very much and is a pretty bad outcome.</p><div class=group><table class=table_center><tr><td class=prompt colspan=3>You received</td></tr><tr style=""height: 300px;""><td><img src=img/gnome_purple.png style=""zoom: 100%;""/></td><td><img src=img/shield.png style=""zoom: 30%;""/></td><td class=prompt>x 1</td></tr></table></div><br><p> Press space to continue </p>","","","32","","","","","","","","","","","","","","","","","","",""
"html-keyboard-response","157","2368398","0.0-10.0-12.0","6070.000000000466","<p style=""font-size:24px;font-weight:bold"">TEST QUESTION</p><p>Remember the green gnome gave you 8 shields and the purple gnome only gave you 1 shield. </p><p> Which gnome would you try to visit next? </p><div class=group><table class=table_center><tr><td class=prompt colspan=2>Choose one</td></tr><tr style=""height: 300px;""><td style=""width: 300px;""><img id=""left"" src=img/gnome_green.png style=""zoom: 100%;""/></td><td style=""width: 300px;""><img id=""right"" src=img/gnome_purple.png style=""zoom: 100%;""/></td></tr></table></div><br>","","","70","","true","","","","","","","","","","","","","","","","",""
"html-keyboard-response","158","2371399","0.0-10.0-13.0","null","<p style=""font-size:36px;font-weight:bold"">Correct!</p><p> Remember, you want to select the gnome who gives you the most shields.</p>","","","null","","","","","","","","","","","","","","","","","","",""
"html-keyboard-response","159","2373383","0.0-10.0-14.0","1983","<p style=""font-size:24px;font-weight:bold"">TEST QUESTION</p><p>To visit the green gnome, which tree should you visit? </p><div class=group><table class=table_center><tr><td class=prompt colspan=2>Choose one</td></tr><tr style=""height: 300px;""><td style=""width: 300px;""><img id=""left"" src=img/tree_1.png style=""zoom: 100%;""/></td><td style=""width: 300px;""><img id=""right"" src=img/tree_2.png style=""zoom: 100%;""/></td></tr></table></div><br>","","","70","","true","","","","","","","","","","","","","","","","",""
"html-keyboard-response","160","2376385","0.0-10.0-15.0","null","<p style=""font-size:36px;font-weight:bold"">Correct!</p><p>Remember, the same tree goes to the same gnome each time.</p>","","","null","","","","","","","","","","","","","","","","","","",""
"html-keyboard-response","161","2381271","0.0-10.0-16.0","4885.999999999534","<p style=""font-size:36px;font-weight:bold"">You are ready to play!</p><p>The trees and gnomes in the actual game will be different than the practice. </p><p> Press space to start the game</p>","","","32","","","","","","","","","","","","","","","","","","",""
"no-tradeoff","162","2395400","0.0-11.0-0.0","","","","","","","","4","3","0","img/tree_3.png","img/tree_7.png","1049","1177","3942.9999999995343","1049,1177,3942.9999999995343","74","74,32,13","enter","7","null","","",""
"no-tradeoff","163","2404551","0.0-11.0-0.1","","","","","","","","1","1","4","img/tree_7.png","img/tree_3.png","1207.9999999995343","143","","1207.9999999995343,143","74","74,32","null","","null","","",""
"no-tradeoff","164","2417992","0.0-11.0-0.2","","","","","","","","1","1","1","img/tree_7.png","img/tree_3.png","1104.9999999995343","3675.9999999995343","753.0000000004657","1104.9999999995343,3675.9999999995343,753.0000000004657","70","70,13,32","null","","enter","3","",""
"no-tradeoff","165","2428024","0.0-11.0-0.3","","","","","","","","1","3","3","img/tree_9.png","img/tree_8.png","1255.9999999995343","1019.9999999995343","","1255.9999999995343,1019.9999999995343","74","74,32","null","","null","","",""
"no-tradeoff","166","2444347","0.0-11.0-0.4","","","","","","","","4","4","4","img/tree_9.png","img/tree_8.png","1405","3156","4158","1405,3156,4158","70","70,32,13","enter","6","null","","",""
"no-tradeoff","167","2458190","0.0-11.0-0.5","","","","","","","","1","5","4","img/tree_3.png","img/tree_7.png","1343","4837.000000000466","","1343,4837.000000000466","74","74,32","null","","null","","",""
"no-tradeoff","168","2467278","0.0-11.0-0.6","","","","","","","","4","0","","","","5587.000000000466","","","5587.000000000466","32","32","null","","null","","",""
"no-tradeoff","169","2477139","0.0-11.0-0.7","","","","","","","","1","8","5","img/tree_9.png","img/tree_8.png","639","856","","639,856","74","74,32","null","","null","","",""
"no-tradeoff","170","2491557","0.0-11.0-0.8","","","","","","","","4","9","2","img/tree_3.png","img/tree_7.png","665.9999999995343","2302.9999999995343","3102","665.9999999995343,2302.9999999995343,3102","70","70,32,13","enter","8","null","","",""
"no-tradeoff","171","2506060","0.0-11.0-0.9","","","","","","","","4","6","2","img/tree_9.png","img/tree_8.png","478.99999999953434","5493.000000000466","","478.99999999953434,5493.000000000466","70","70,32","null","","null","","",""
"no-tradeoff","172","2518637","0.0-11.0-0.10","","","","","","","","1","6","2","img/tree_9.png","img/tree_8.png","593","2981","586","593,2981,586","70","70,13,32","null","","enter","5","",""
"no-tradeoff","173","2527147","0.0-11.0-0.11","","","","","","","","1","6","1","img/tree_9.png","img/tree_8.png","663.9999999995343","1004","","663.9999999995343,1004","70","70,32","null","","null","","",""
"no-tradeoff","174","2540972","0.0-11.0-0.12","","","","","","","","1","2","1","img/tree_9.png","img/tree_8.png","452","850.9999999995343","3967.9999999995343","452,850.9999999995343,3967.9999999995343","74","74,32,13","enter","6","null","","",""
"no-tradeoff","175","2552772","0.0-11.0-0.13","","","","","","","","1","4","2","img/tree_9.png","img/tree_8.png","576.9999999995343","2791","","576.9999999995343,2791","74","74,32","null","","null","","",""
"no-tradeoff","176","2565885","0.0-11.0-0.14","","","","","","","","1","2","3","img/tree_3.png","img/tree_7.png","579","3349.9999999995343","751.0000000004657","579,3349.9999999995343,751.0000000004657","70","70,13,32","null","","enter","6","",""
"no-tradeoff","177","2575620","0.0-11.0-0.15","","","","","","","","1","2","3","img/tree_3.png","img/tree_7.png","617.0000000004657","727","","617.0000000004657,727","74","74,32","null","","null","","",""
"no-tradeoff","178","2587214","0.0-11.0-0.16","","","","","","","","4","3","5","img/tree_3.png","img/tree_7.png","490","702","3382.9999999995343","490,702,3382.9999999995343","74","74,32,13","enter","6","null","","",""
"no-tradeoff","179","2595691","0.0-11.0-0.17","","","","","","","","1","5","4","img/tree_7.png","img/tree_3.png","568.9999999995343","972.0000000004657","","568.9999999995343,972.0000000004657","70","70,32","null","","null","","",""
"no-tradeoff","180","2608534","0.0-11.0-0.18","","","","","","","","1","5","4","img/tree_8.png","img/tree_9.png","983.0000000004657","2931.0000000004657","903.9999999995343","983.0000000004657,2931.0000000004657,903.9999999995343","74","74,13,32","null","","enter","6","",""
"no-tradeoff","181","2618108","0.0-11.0-0.19","","","","","","","","4","6","7","img/tree_8.png","img/tree_9.png","683","568.9999999995343","","683,568.9999999995343","70","70,32","null","","null","","",""
"no-tradeoff","182","2633129","0.0-11.0-0.20","","","","","","","","4","6","9","img/tree_7.png","img/tree_3.png","788.0000000004657","2818.9999999995343","3190.0000000004657","788.0000000004657,2818.9999999995343,3190.0000000004657","74","74,32,13","enter","7","null","","",""
"no-tradeoff","183","2642832","0.0-11.0-0.21","","","","","","","","1","9","5","img/tree_9.png","img/tree_8.png","1071.9999999995343","694.0000000004657","","1071.9999999995343,694.0000000004657","74","74,32","null","","null","","",""
"no-tradeoff","184","2655344","0.0-11.0-0.22","","","","","","","","1","4","9","img/tree_7.png","img/tree_3.png","1130","3005","497","1130,3005,497","70","70,13,32","null","","enter","7","",""
"no-tradeoff","185","2663432","0.0-11.0-0.23","","","","","","","","1","2","8","img/tree_8.png","img/tree_9.png","449.00000000046566","579.9999999995343","","449.00000000046566,579.9999999995343","74","74,32","null","","null","","",""
"no-tradeoff","186","2675672","0.0-11.0-0.24","","","","","","","","1","6","8","img/tree_8.png","img/tree_9.png","473","715","4015.9999999995343","473,715,4015.9999999995343","70","70,32,13","enter","7","null","","",""
"no-tradeoff","187","2679942","0.0-11.0-0.25","","","","","","","","1","0","","","","764.9999999995343","","","764.9999999995343","32","32","null","","null","","",""
"no-tradeoff","188","2693032","0.0-11.0-0.26","","","","","","","","4","7","5","img/tree_9.png","img/tree_8.png","781","3463.0000000004657","617","781,3463.0000000004657,617","74","74,13,32","null","","enter","7","",""
"no-tradeoff","189","2701439","0.0-11.0-0.27","","","","","","","","1","7","5","img/tree_8.png","img/tree_9.png","922.0000000004657","900.9999999995343","","922.0000000004657,900.9999999995343","70","70,32","null","","null","","",""
"no-tradeoff","190","2712748","0.0-11.0-0.28","","","","","","","","1","4","3","img/tree_7.png","img/tree_3.png","524.0000000004657","559","3240","524.0000000004657,559,3240","74","74,32,13","enter","7","null","","",""
"no-tradeoff","191","2722330","0.0-11.0-0.29","","","","","","","","1","5","3","img/tree_8.png","img/tree_9.png","550","571","","550,571","74","74,32","null","","null","","",""
"no-tradeoff","192","2734814","0.0-11.0-0.30","","","","","","","","4","7","2","img/tree_8.png","img/tree_9.png","1009.9999999995343","3261.0000000004657","217.00000000046566","1009.9999999995343,3261.0000000004657,217.00000000046566","74","74,13,32","null","","enter","6","",""
"no-tradeoff","193","2743231","0.0-11.0-0.31","","","","","","","","4","6","4","img/tree_7.png","img/tree_3.png","1150.0000000004657","915","","1150.0000000004657,915","70","70,32","null","","null","","",""
"no-tradeoff","194","2757354","0.0-11.0-0.32","","","","","","","","4","5","6","img/tree_7.png","img/tree_3.png","893","1461","3656","893,1461,3656","70","70,32,13","enter","7","null","","",""
"no-tradeoff","195","2765914","0.0-11.0-0.33","","","","","","","","4","2","6","img/tree_7.png","img/tree_3.png","674","1054","","674,1054","74","74,32","null","","null","","",""
"no-tradeoff","196","2778165","0.0-11.0-0.34","","","","","","","","4","7","2","img/tree_3.png","img/tree_7.png","874","3293.0000000004657","1446","874,3293.0000000004657,1446","70","70,13,32","null","","enter","6","",""
"no-tradeoff","197","2786420","0.0-11.0-0.35","","","","","","","","1","9","2","img/tree_9.png","img/tree_8.png","871","745","","871,745","70","70,32","null","","null","","",""
"no-tradeoff","198","2801726","0.0-11.0-0.36","","","","","","","","4","9","2","img/tree_9.png","img/tree_8.png","769.9999999995343","2479","3817","769.9999999995343,2479,3817","70","70,32,13","enter","8","null","","",""
"no-tradeoff","199","2810214","0.0-11.0-0.37","","","","","","","","4","8","4","img/tree_3.png","img/tree_7.png","503","978","","503,978","70","70,32","null","","null","","",""
"no-tradeoff","200","2823055","0.0-11.0-0.38","","","","","","","","1","7","2","img/tree_9.png","img/tree_8.png","737","3196","632.9999999995343","737,3196,632.9999999995343","70","70,13,32","null","","enter","8","",""
"no-tradeoff","201","2832564","0.0-11.0-0.39","","","","","","","","1","8","0","img/tree_9.png","img/tree_8.png","625","502.99999999953434","","625,502.99999999953434","74","74,32","null","","null","","",""
"no-tradeoff","202","2960763","0.0-11.0-0.40","","","","","","","","1","7","3","img/tree_9.png","img/tree_8.png","827.0000000004657","116132","3055.9999999995343","827.0000000004657,116132,3055.9999999995343","70","70,32,13","enter","7","null","","",""
"no-tradeoff","203","2969634","0.0-11.0-0.41","","","","","","","","4","8","5","img/tree_3.png","img/tree_7.png","481","1363","","481,1363","74","74,32","null","","null","","",""
"no-tradeoff","204","2982539","0.0-11.0-0.42","","","","","","","","1","8","4","img/tree_9.png","img/tree_8.png","537.9999999995343","3253.9999999995343","641.0000000004657","537.9999999995343,3253.9999999995343,641.0000000004657","74","74,13,32","null","","enter","8","",""
"no-tradeoff","205","2996003","0.0-11.0-0.43","","","","","","","","1","7","4","img/tree_3.png","img/tree_7.png","791.9999999995343","4455","","791.9999999995343,4455","74","74,32","null","","null","","",""
"no-tradeoff","206","3009065","0.0-11.0-0.44","","","","","","","","4","8","1","img/tree_3.png","img/tree_7.png","530","607","3449.0000000004657","530,607,3449.0000000004657","74","74,32,13","enter","8","null","","",""
"no-tradeoff","207","3017407","0.0-11.0-0.45","","","","","","","","4","9","6","img/tree_9.png","img/tree_8.png","563","838","","563,838","74","74,32","null","","null","","",""
"no-tradeoff","208","3029508","0.0-11.0-0.46","","","","","","","","1","7","4","img/tree_3.png","img/tree_7.png","494","3459","1134.9999999995343","494,3459,1134.9999999995343","74","74,13,32","null","","enter","6","",""
"no-tradeoff","209","3041409","0.0-11.0-0.47","","","","","","","","4","7","3","img/tree_9.png","img/tree_8.png","799.9999999990687","2894.0000000004657","","799.9999999990687,2894.0000000004657","70","70,32","null","","null","","",""
"no-tradeoff","210","3054292","0.0-11.0-0.48","","","","","","","","1","7","2","img/tree_9.png","img/tree_8.png","507.99999999953434","579.0000000004657","3294","507.99999999953434,579.0000000004657,3294","70","70,32,13","enter","7","null","","",""
"no-tradeoff","211","3063905","0.0-11.0-0.49","","","","","","","","4","7","4","img/tree_3.png","img/tree_7.png","473","607","","473,607","74","74,32","null","","null","","",""
"no-tradeoff","212","3075805","0.0-11.0-0.50","","","","","","","","1","6","1","img/tree_3.png","img/tree_7.png","675","3143","1246","675,3143,1246","70","70,13,32","null","","enter","7","",""
"no-tradeoff","213","3084314","0.0-11.0-0.51","","","","","","","","4","8","2","img/tree_9.png","img/tree_8.png","814.9999999995343","1003","","814.9999999995343,1003","74","74,32","null","","null","","",""
"no-tradeoff","214","3095614","0.0-11.0-0.52","","","","","","","","1","7","4","img/tree_3.png","img/tree_7.png","406","578.0000000004657","3214","406,578.0000000004657,3214","74","74,32,13","enter","8","null","","",""
"no-tradeoff","215","3106402","0.0-11.0-0.53","","","","","","","","1","9","5","img/tree_9.png","img/tree_8.png","648.9999999995343","1778","","648.9999999995343,1778","74","74,32","null","","null","","",""
"no-tradeoff","216","3110835","0.0-11.0-0.54","","","","","","","","1","0","","","","929.9999999990687","","","929.9999999990687","32","32","null","","null","","",""
"no-tradeoff","217","3122365","0.0-11.0-0.55","","","","","","","","1","5","9","img/tree_9.png","img/tree_8.png","1123.9999999995343","2520.9999999995343","","1123.9999999995343,2520.9999999995343","74","74,32","null","","null","","",""
"no-tradeoff","218","3133799","0.0-11.0-0.56","","","","","","","","1","3","7","img/tree_3.png","img/tree_7.png","573","967.9999999995343","2958.9999999995343","573,967.9999999995343,2958.9999999995343","74","74,32,13","enter","7","null","","",""
"no-tradeoff","219","3146600","0.0-11.0-0.57","","","","","","","","4","5","8","img/tree_7.png","img/tree_3.png","513","3790.9999999990687","","513,3790.9999999990687","74","74,32","null","","null","","",""
"no-tradeoff","220","3164856","0.0-11.0-0.58","","","","","","","","1","5","6","img/tree_8.png","img/tree_9.png","970.9999999995343","3156.9999999995343","6090","970.9999999995343,3156.9999999995343,6090","70","70,13,32","null","","enter","7","",""
"no-tradeoff","221","3173217","0.0-11.0-0.59","","","","","","","","4","6","7","img/tree_8.png","img/tree_9.png","580","854.9999999995343","","580,854.9999999995343","74","74,32","null","","null","","",""
"no-tradeoff","222","3185554","0.0-11.0-0.60","","","","","","","","4","5","8","img/tree_7.png","img/tree_3.png","545.999999998603","22.00000000046566","3304","545.999999998603,22.00000000046566,3304","74","74,32,13","enter","7","null","","",""
"no-tradeoff","223","3194744","0.0-11.0-0.61","","","","","","","","4","7","7","img/tree_7.png","img/tree_3.png","638.9999999990687","181.99999999860302","","638.9999999990687,181.99999999860302","74","74,32","null","","null","","",""
"no-tradeoff","224","3206641","0.0-11.0-0.62","","","","","","","","1","6","6","img/tree_7.png","img/tree_3.png","618.0000000004657","3006.000000001397","1383","618.0000000004657,3006.000000001397,1383","74","74,13,32","null","","enter","6","",""
"no-tradeoff","225","3214850","0.0-11.0-0.63","","","","","","","","4","8","5","img/tree_7.png","img/tree_3.png","625","699.999999998603","","625,699.999999998603","74","74,32","null","","null","","",""
"no-tradeoff","226","3226074","0.0-11.0-0.64","","","","","","","","1","7","5","img/tree_7.png","img/tree_3.png","519.0000000004657","1018","2693.9999999995343","519.0000000004657,1018,2693.9999999995343","74","74,32,13","enter","7","null","","",""
"no-tradeoff","227","3234439","0.0-11.0-0.65","","","","","","","","1","4","5","img/tree_7.png","img/tree_3.png","584.0000000009313","860.0000000004657","","584.0000000009313,860.0000000004657","74","74,32","null","","null","","",""
"no-tradeoff","228","3246170","0.0-11.0-0.66","","","","","","","","1","9","5","img/tree_9.png","img/tree_8.png","789.9999999990687","3120.9999999990687","1101.0000000004657","789.9999999990687,3120.9999999990687,1101.0000000004657","70","70,13,32","null","","enter","7","",""
"no-tradeoff","229","3255835","0.0-11.0-0.67","","","","","","","","4","7","5","img/tree_9.png","img/tree_8.png","1081","655.0000000004657","","1081,655.0000000004657","74","74,32","null","","null","","",""
"no-tradeoff","230","3268963","0.0-11.0-0.68","","","","","","","","4","7","6","img/tree_9.png","img/tree_8.png","488.99999999953434","655.0000000009313","3463","488.99999999953434,655.0000000009313,3463","70","70,32,13","enter","8","null","","",""
"no-tradeoff","231","3277231","0.0-11.0-0.69","","","","","","","","4","9","6","img/tree_3.png","img/tree_7.png","519","762.9999999990687","","519,762.9999999990687","74","74,32","null","","null","","",""
"no-tradeoff","232","3289627","0.0-11.0-0.70","","","","","","","","4","6","4","img/tree_3.png","img/tree_7.png","916.9999999995343","3680","1207.0000000004657","916.9999999995343,3680,1207.0000000004657","74","74,13,32","null","","enter","8","",""
"no-tradeoff","233","3297747","0.0-11.0-0.71","","","","","","","","4","9","6","img/tree_3.png","img/tree_7.png","706","612.0000000009313","","706,612.0000000009313","74","74,32","null","","null","","",""
"no-tradeoff","234","3311147","0.0-11.0-0.72","","","","","","","","4","7","5","img/tree_9.png","img/tree_8.png","475.00000000046566","744.0000000004657","3640.000000001397","475.00000000046566,744.0000000004657,3640.000000001397","74","74,32,13","enter","8","null","","",""
"no-tradeoff","235","3319478","0.0-11.0-0.73","","","","","","","","4","6","8","img/tree_9.png","img/tree_8.png","426.000000001397","822","","426.000000001397,822","74","74,32","null","","null","","",""
"no-tradeoff","236","3332701","0.0-11.0-0.74","","","","","","","","4","3","9","img/tree_9.png","img/tree_8.png","577.000000001397","3524.0000000009313","688","577.000000001397,3524.0000000009313,688","74","74,13,32","null","","enter","8","",""
"no-tradeoff","237","3340982","0.0-11.0-0.75","","","","","","","","4","8","2","img/tree_8.png","img/tree_9.png","450.0000000009313","774.0000000009313","","450.0000000009313,774.0000000009313","74","74,32","null","","null","","",""
"no-tradeoff","238","3353631","0.0-11.0-0.76","","","","","","","","4","7","1","img/tree_7.png","img/tree_3.png","860.0000000004657","540.0000000009313","3102.9999999995343","860.0000000004657,540.0000000009313,3102.9999999995343","70","70,32,13","enter","8","null","","",""
"no-tradeoff","239","3363231","0.0-11.0-0.77","","","","","","","","4","7","1","img/tree_7.png","img/tree_3.png","544","591.0000000004657","","544,591.0000000004657","74","74,32","null","","null","","",""
"no-tradeoff","240","3376373","0.0-11.0-0.78","","","","","","","","4","9","3","img/tree_7.png","img/tree_3.png","602.0000000009313","3461.9999999995343","673.0000000009313","602.0000000009313,3461.9999999995343,673.0000000009313","70","70,13,32","null","","enter","8","",""
"no-tradeoff","241","3390366","0.0-11.0-0.79","","","","","","","","4","8","6","img/tree_7.png","img/tree_3.png","655.9999999990687","4982","","655.9999999990687,4982","70","70,32","null","","null","","",""
"no-tradeoff","242","3403357","0.0-11.0-0.80","","","","","","","","1","8","2","img/tree_8.png","img/tree_9.png","946","520.0000000004657","3464","946,520.0000000004657,3464","74","74,32,13","enter","6","null","","",""
"no-tradeoff","243","3412929","0.0-11.0-0.81","","","","","","","","1","9","2","img/tree_8.png","img/tree_9.png","412.00000000046566","562","","412.00000000046566,562","74","74,32","null","","null","","",""
"no-tradeoff","244","3426078","0.0-11.0-0.82","","","","","","","","4","9","2","img/tree_7.png","img/tree_3.png","470.99999999953434","3426.9999999995343","714","470.99999999953434,3426.9999999995343,714","74","74,13,32","null","","enter","8","",""
"no-tradeoff","245","3435693","0.0-11.0-0.83","","","","","","","","4","8","3","img/tree_7.png","img/tree_3.png","476.0000000009313","608","","476.0000000009313,608","74","74,32","null","","null","","",""
"no-tradeoff","246","3448808","0.0-11.0-0.84","","","","","","","","4","6","2","img/tree_8.png","img/tree_9.png","716.0000000004657","497.99999999953434","3608.0000000004657","716.0000000004657,497.99999999953434,3608.0000000004657","70","70,32,13","enter","8","null","","",""
"no-tradeoff","247","3458368","0.0-11.0-0.85","","","","","","","","4","6","6","img/tree_8.png","img/tree_9.png","913.0000000004657","550.9999999995343","","913.0000000004657,550.9999999995343","74","74,32","null","","null","","",""
"no-tradeoff","248","3471318","0.0-11.0-0.86","","","","","","","","4","5","8","img/tree_7.png","img/tree_3.png","793.000000001397","3164.0000000009313","776","793.000000001397,3164.0000000009313,776","74","74,13,32","null","","enter","6","",""
"no-tradeoff","249","3479616","0.0-11.0-0.87","","","","","","","","4","6","7","img/tree_7.png","img/tree_3.png","964","792.9999999995343","","964,792.9999999995343","70","70,32","null","","null","","",""
"no-tradeoff","250","3492059","0.0-11.0-0.88","","","","","","","","4","3","8","img/tree_8.png","img/tree_9.png","1099.0000000004657","128.00000000046566","3302.9999999995343","1099.0000000004657,128.00000000046566,3302.9999999995343","70","70,32,13","enter","6","null","","",""
"no-tradeoff","251","3500530","0.0-11.0-0.89","","","","","","","","1","8","3","img/tree_9.png","img/tree_8.png","497.000000001397","963","","497.000000001397,963","74","74,32","null","","null","","",""
"no-tradeoff","252","3513458","0.0-11.0-0.90","","","","","","","","1","8","2","img/tree_9.png","img/tree_8.png","770.0000000004657","3885.0000000004657","32.99999999953434","770.0000000004657,3885.0000000004657,32.99999999953434","70","70,13,32","null","","enter","7","",""
"no-tradeoff","253","3521779","0.0-11.0-0.91","","","","","","","","1","6","5","img/tree_3.png","img/tree_7.png","554","810.9999999995343","","554,810.9999999995343","74","74,32","null","","null","","",""
"no-tradeoff","254","3535290","0.0-11.0-0.92","","","","","","","","1","5","8","img/tree_3.png","img/tree_7.png","576.9999999995343","736.0000000009313","3765.9999999995343","576.9999999995343,736.0000000009313,3765.9999999995343","70","70,32,13","enter","7","null","","",""
"no-tradeoff","255","3541481","0.0-11.0-0.93","","","","","","","","4","0","","","","2685.9999999995343","","","2685.9999999995343","32","32","null","","null","","",""
"no-tradeoff","256","3553689","0.0-11.0-0.94","","","","","","","","1","8","8","img/tree_9.png","img/tree_8.png","692.9999999990687","3120.9999999990687","82.00000000046566","692.9999999990687,3120.9999999990687,82.00000000046566","74","74,13,32","null","","enter","7","",""
"no-tradeoff","257","3561811","0.0-11.0-0.95","","","","","","","","1","6","8","img/tree_8.png","img/tree_9.png","532.9999999995343","616","","532.9999999995343,616","74","74,32","null","","null","","",""
"no-tradeoff","258","3573212","0.0-11.0-0.96","","","","","","","","4","3","8","img/tree_7.png","img/tree_3.png","530.9999999990687","686","3207.0000000004657","530.9999999990687,686,3207.0000000004657","74","74,32,13","enter","8","null","","",""
"no-tradeoff","259","3582865","0.0-11.0-0.97","","","","","","","","1","5","4","img/tree_9.png","img/tree_8.png","529.0000000004657","646.9999999990687","","529.0000000004657,646.9999999990687","70","70,32","null","","null","","",""
"no-tradeoff","260","3595838","0.0-11.0-0.98","","","","","","","","1","5","3","img/tree_9.png","img/tree_8.png","582","3386","577.0000000009313","582,3386,577.0000000009313","74","74,13,32","null","","enter","8","",""
"no-tradeoff","261","3605381","0.0-11.0-0.99","","","","","","","","4","6","8","img/tree_3.png","img/tree_7.png","512.9999999990687","533.9999999995343","","512.9999999990687,533.9999999995343","74","74,32","null","","null","","",""
"no-tradeoff","262","3616998","0.0-11.0-0.100","","","","","","","","1","7","8","img/tree_9.png","img/tree_8.png","441.00000000046566","1116","2991","441.00000000046566,1116,2991","74","74,32,13","enter","6","null","","",""
"no-tradeoff","263","3626741","0.0-11.0-0.101","","","","","","","","4","9","8","img/tree_9.png","img/tree_8.png","503.9999999990687","732","","503.9999999990687,732","70","70,32","null","","null","","",""
"no-tradeoff","264","3639663","0.0-11.0-0.102","","","","","","","","1","8","6","img/tree_9.png","img/tree_8.png","1377.9999999990687","3404.999999998603","505.99999999953434","1377.9999999990687,3404.999999998603,505.99999999953434","70","70,13,32","null","","enter","7","",""
"no-tradeoff","265","3649253","0.0-11.0-0.103","","","","","","","","4","6","7","img/tree_9.png","img/tree_8.png","521.0000000004657","581.0000000004657","","521.0000000004657,581.0000000004657","70","70,32","null","","null","","",""
"no-tradeoff","266","3661879","0.0-11.0-0.104","","","","","","","","4","8","9","img/tree_9.png","img/tree_8.png","610.0000000009313","553","3062","610.0000000009313,553,3062","70","70,32,13","enter","6","null","","",""
"no-tradeoff","267","3676480","0.0-11.0-0.105","","","","","","","","4","7","8","img/tree_9.png","img/tree_8.png","585.0000000009313","5590","","585.0000000009313,5590","70","70,32","null","","null","","",""
"no-tradeoff","268","3689801","0.0-11.0-0.106","","","","","","","","1","6","8","img/tree_9.png","img/tree_8.png","826.0000000009313","3062","1247.9999999995343","826.0000000009313,3062,1247.9999999995343","70","70,13,32","null","","enter","7","",""
"no-tradeoff","269","3699824","0.0-11.0-0.107","","","","","","","","1","9","4","img/tree_7.png","img/tree_3.png","1304.0000000004657","1013.9999999995343","","1304.0000000004657,1013.9999999995343","70","70,32","null","","null","","",""
"no-tradeoff","270","3712042","0.0-11.0-0.108","","","","","","","","4","5","4","img/tree_8.png","img/tree_9.png","649.000000001397","891.9999999995343","3815.0000000004657","649.000000001397,891.9999999995343,3815.0000000004657","70","70,32,13","enter","8","null","","",""
"no-tradeoff","271","3721649","0.0-11.0-0.109","","","","","","","","4","8","2","img/tree_7.png","img/tree_3.png","744.0000000009313","599.0000000004657","","744.0000000009313,599.0000000004657","70","70,32","null","","null","","",""
"no-tradeoff","272","3735401","0.0-11.0-0.110","","","","","","","","1","8","2","img/tree_8.png","img/tree_9.png","457.00000000046566","3540.9999999990687","1203.0000000009313","457.00000000046566,3540.9999999990687,1203.0000000009313","70","70,13,32","null","","enter","8","",""
"no-tradeoff","273","3745058","0.0-11.0-0.111","","","","","","","","1","2","2","img/tree_8.png","img/tree_9.png","1288.999999998603","647.9999999990687","","1288.999999998603,647.9999999990687","70","70,32","null","","null","","",""
"no-tradeoff","274","3760171","0.0-11.0-0.112","","","","","","","","4","7","2","img/tree_3.png","img/tree_7.png","897.0000000004657","2776","3327.0000000009313","897.0000000004657,2776,3327.0000000009313","70","70,32,13","enter","8","null","","",""
"no-tradeoff","275","3769803","0.0-11.0-0.113","","","","","","","","1","8","2","img/tree_9.png","img/tree_8.png","703.9999999995343","622.000000001397","","703.9999999995343,622.000000001397","70","70,32","null","","null","","",""
"no-tradeoff","276","3782239","0.0-11.0-0.114","","","","","","","","4","8","5","img/tree_3.png","img/tree_7.png","769.0000000004657","3323.999999998603","104.99999999953434","769.0000000004657,3323.999999998603,104.99999999953434","74","74,13,32","null","","enter","8","",""
"no-tradeoff","277","3791794","0.0-11.0-0.115","","","","","","","","1","7","1","img/tree_3.png","img/tree_7.png","637.0000000004657","549.0000000004657","","637.0000000004657,549.0000000004657","74","74,32","null","","null","","",""
"no-tradeoff","278","3804035","0.0-11.0-0.116","","","","","","","","1","9","2","img/tree_3.png","img/tree_7.png","817.9999999995343","845.9999999995343","3886.0000000004657","817.9999999995343,845.9999999995343,3886.0000000004657","74","74,32,13","enter","8","null","","",""
"no-tradeoff","279","3819348","0.0-11.0-0.117","","","","","","","","1","5","0","img/tree_3.png","img/tree_7.png","625","6302.000000001863","","625,6302.000000001863","74","74,32","null","","null","","",""
"no-tradeoff","280","3831523","0.0-11.0-0.118","","","","","","","","4","7","1","img/tree_9.png","img/tree_8.png","1121.9999999995343","3357","1311","1121.9999999995343,3357,1311","70","70,13,32","null","","enter","8","",""
"no-tradeoff","281","3840053","0.0-11.0-0.119","","","","","","","","1","8","1","img/tree_3.png","img/tree_7.png","771.0000000004657","1023.0000000009313","","771.0000000004657,1023.0000000009313","74","74,32","null","","null","","",""
"call-function","282","3840054","0.0-12.0","","","","","","","","","","","","","","","","","","","","","","","",""
"html-keyboard-response","283","3851279","0.0-13.0-0.0","11222","<p><b> Now you will answer a few questionnaires</b></p><br> The following are statements that a person may either agree with or disagree with.</br><p>For each item, indicate how much you agree or disagree with what the item says by clicking your response. </p><p> Choose only one response and be as accurate and honest as you can. Do not worry about being consistent in your responses. </p><p> Press the space bar to start </p>","","","32","","","","","","","","","","","","","","","","","","",""
"survey-likert","284","3938906","0.0-13.0-1.0","87594.99999999907","","","{""BISBAS1"":0,""BISBAS2"":1,""BISBAS3"":1,""BISBAS4"":0,""BISBAS5"":0,""BISBAS6"":1,""BISBAS7"":0,""BISBAS8"":0,""BISBAS9"":1,""BISBAS10"":1,""BISBAS11"":2,""BISBAS12"":1,""BISBAS13"":1,""BISBAS14"":1,""BISBAS15"":1,""BISBAS16"":0,""BISBAS17"":1,""BISBAS18"":1,""BISBAS19"":0,""BISBAS20"":1,""BISBAS21"":2,""BISBAS22"":2,""BISBAS23"":0,""BISBAS24"":0}","","","","","","","","","","","","","","","","","","","","[0,1,2,3,4,5,6,7,8,9,10,11,12,13,14,15,16,17,18,19,20,21,22,23]"
"html-keyboard-response","285","3944527","0.0-14.0-0.0","5617.000000000466","<p>Please indicate for each statement the degree to which each statement is descriptive of your mood <b> at this  moment </b>. </p><p> Press the space bar to start </p>","","","32","","","","","","","","","","","","","","","","","","",""
"survey-likert","286","4000231","0.0-14.0-1.0","55694.0000000014","","","{""STICSAS1"":1,""STICSAS2"":0,""STICSAS3"":1,""STICSAS4"":0,""STICSAS5"":0,""STICSAS6"":0,""STICSAS7"":0,""STICSAS8"":0,""STICSAS9"":1,""STICSAS10"":1,""STICSAS11"":1,""STICSAS12"":0,""STICSAS13"":1,""STICSAS14"":0,""STICSAS15"":0,""STICSAS16"":0,""STICSAS17"":0,""STICSAS18"":0,""STICSAS19"":1,""STICSAS20"":0,""STICSAS21"":0,""STICSAS22"":3}","","","","","","","","","","","","","","","","","","","","[0,1,2,3,4,5,6,7,8,9,10,11,12,13,14,15,16,17,18,19,20,21]"
"html-keyboard-response","287","4003811","0.0-15.0-0.0","3577.9999999995343","<p>Please indicate for each statement how often <b> in general </b> the statement is true for you. </p><p> Press the space bar to start </p>","","","32","","","","","","","","","","","","","","","","","","",""
"survey-likert","288","4055593","0.0-15.0-1.0","51772.999999999534","","","{""STICSAT1"":1,""STICSAT2"":0,""STICSAT3"":1,""STICSAT4"":0,""STICSAT5"":1,""STICSAT6"":0,""STICSAT7"":0,""STICSAT8"":0,""STICSAT9"":1,""STICSAT10"":1,""STICSAT11"":1,""STICSAT12"":0,""STICSAT13"":1,""STICSAT14"":0,""STICSAT15"":0,""STICSAT16"":0,""STICSAT17"":1,""STICSAT18"":0,""STICSAT19"":1,""STICSAT20"":0,""STICSAT21"":0}","","","","","","","","","","","","","","","","","","","","[0,1,2,3,4,5,6,7,8,9,10,11,12,13,14,15,16,17,18,19,20]"
"html-keyboard-response","289","4058772","0.0-16.0-0.0","3176.9999999995343","<p>Please indicate for each statement how much you agree. </p><p> Press the space bar to start </p>","","","32","","","","","","","","","","","","","","","","","","",""
"survey-likert","290","4104446","0.0-16.0-1.0","45669","","","{""IUS1"":3,""IUS2"":3,""IUS3"":4,""IUS4"":3,""IUS5"":3,""IUS6"":3,""IUS7"":3,""IUS8"":4,""IUS9"":3,""IUS10"":3,""IUS11"":3,""IUS12"":3,""IUS13"":4}","","","","","","","","","","","","","","","","","","","","[0,1,2,3,4,5,6,7,8,9,10,11,12]"
"html-keyboard-response","291","4106452","0.0-17.0-0.0","2002.999999998603","<p>Please indicate for each statement how you <b> generally </b> feel. </p><p> Press the space bar to start </p>","","","32","","","","","","","","","","","","","","","","","","",""
"survey-likert","292","4158527","0.0-17.0-1.0","52065.00000000093","","","{""STAIT1"":1,""STAIT2"":2,""STAIT3"":1,""STAIT4"":2,""STAIT5"":1,""STAIT6"":1,""STAIT7"":1,""STAIT8"":1,""STAIT9"":1,""STAIT10"":1,""STAIT11"":2,""STAIT12"":2,""STAIT13"":1,""STAIT14"":1,""STAIT15"":1,""STAIT16"":1,""STAIT17"":2,""STAIT18"":3,""STAIT19"":1,""STAIT20"":1}","","","","","","","","","","","","","","","","","","","","[0,1,2,3,4,5,6,7,8,9,10,11,12,13,14,15,16,17,18,19]"
"html-keyboard-response","293","4162216","0.0-18.0-0.0","3686","<p>Please indicate for each statement how much you think each statement is typical of you. </p><p> Press the space bar to start </p>","","","32","","","","","","","","","","","","","","","","","","",""
"survey-likert","294","4262774","0.0-18.0-1.0","100541.99999999907","","","{""ACQ1"":3,""ACQ2"":3,""ACQ3"":4,""ACQ4"":3,""ACQ5"":2,""ACQ6"":3,""ACQ7"":3,""ACQ8"":3,""ACQ9"":3,""ACQ10"":1,""ACQ11"":2,""ACQ12"":2,""ACQ13"":1,""ACQ14"":3,""ACQ15"":3,""ACQ16"":3,""ACQ17"":2,""ACQ18"":4,""ACQ19"":3,""ACQ20"":3,""ACQ21"":3,""ACQ22"":3,""ACQ23"":2,""ACQ24"":3,""ACQ25"":3,""ACQ26"":3,""ACQ27"":3,""ACQ28"":2,""ACQ29"":2,""ACQ30"":3}","","","","","","","","","","","","","","","","","","","","[0,1,2,3,4,5,6,7,8,9,10,11,12,13,14,15,16,17,18,19,20,21,22,23,24,25,26,27,28,29]"
"html-keyboard-response","295","4266506","0.0-19.0-0.0","3726.9999999990687","<p> For the following questions, indicate <b> how often </b> you felt or thought a certain way <b> during the last month </b>.</p><p> Press space to start </p>","","","32","","","","","","","","","","","","","","","","","","",""
"survey-likert","296","4299093","0.0-19.0-1.0","32580","","","{""Stress1"":3,""Stress2"":3,""Stress3"":3,""Stress4"":3,""Stress5"":2,""Stress6"":3,""Stress7"":1,""Stress8"":1,""Stress9"":4,""Stress10"":3}","","","","","","","","","","","","","","","","","","","","[0,1,2,3,4,5,6,7,8,9]"
