"trial_type","trial_index","time_elapsed","internal_node_id","rt","stimulus","button_pressed","responses","key_press","view_history","correct","stakes","outcome","outcome_notreceived","choice_selected","choice_not_selected","rt_choice","rt_space","rt_certainty","all_rts","key_choice","all_keys","estimate_trial","estimate_val","certainty_trial","certainty_val","value","question_order"
"pavlovia","0","23","0.0-0.0","","","","","","","","","","","","","","","","","","","","","","","",""
"html-button-response","1","30963","0.0-1.0","30937.629999999896","<p style=""font-size:24px;font-weight:bold"">Consent</p><div class=""consent"" style=""text-align:left; border:1px solid; padding:10px; width:800px; font-size=100%, float:right""><p align=left>Thank you for signing up for this experiment!<p><p align=left>This experiment is being conducted by the California Institute of Technology (Caltech). The lead investigators are Sarah Tashjian, PhD and Dean Mobbs, PhD. This study has been approved by the Caltech Institutional Review Board for research ethics.<p><p align=left>The goal of this study is to understand learning processes. In this experiment, you will complete a task in which you will see images.<p><p align=left>At times, you will receive rewards and penalties. These earnings will determine your eligibility for a bonus payment, which will result in a real increase in your payment in this study.<p><p align=left>Your goal is to learn which images predict the most points. We will also ask how certain you are about your decisions throughout the task.<p><p align=left>This experiment will take approximately 1 hour to complete in its entirety.<p><p align=left><b>You will receive $9.00 for completing the experiment. <u>If you optimize decisions on at least 70% of trials, you will be eligible for a $100 bonus payment.</u></b><p><p align=left>This study involves minimal risk, meaning there will be no more risk than in daily life. Possible risks include physical discomfort/fatigue (eyestrain, tiredness), as well as psychological discomfort (e.g., potential boredom).<p><p align=left> Besides receiving payment, you will not benefit from this study.<p><p align=left><b>Any information that is obtained in connection with this study that can identify you will remain confidential. </b><p><p align=left>When the results of this study are reported, your identifying information will not be disclosed. Because this study is being conducted online, we are unable to fully eliminate the risk of a breach of confidentiality. However, to mitigate the chances of this occurring, we are using secure and confidential data collection systems.<p align=left>You may choose to withdraw from this study at any time and refuse to answer any questions without penalty. Also, you may choose not to participate in this study.<p><p align=left>You are <b>eligible</b> to participate if you (1) are 18-65 years old, (2) are fluent in English, (3) have healthy or corrected vision, (4) are not colorblind, and (5) have no difficulty controlling motor movements. <p><p align=left>If you do not meet these criteria, please exit the experiment now.<p><p align=center><b> If you meet these criteria and consent to participate, you must<br>indicate your consent by clicking the button below.<b></p>","0","","","","","","","","","","","","","","","","","","","","",""
"survey-text","2","53405","0.0-2.0-0.0","22426.44999999993","","","{""Q0"":""5d95c68ac9a1c50019225baf"",""Q1"":""30"",""Q2"":""female"",""Q3"":""female""}","","","","","","","","","","","","","","","","","","","",""
"html-keyboard-response","3","59238","0.0-3.0","5830.855000000156","<p>Welcome to the experiment!</p><p> You will play two games and answer a few questions.</p><p>Press the space bar to begin reading the instructions for the first game.</p>","","","32","","","","","","","","","","","","","","","","","","",""
"instructions","4","338997","0.0-4.0","279758.33499999996","","","","","[{""page_index"":0,""viewing_time"":23873.395000000077},{""page_index"":1,""viewing_time"":30907.35499999982},{""page_index"":2,""viewing_time"":46147.414999999906},{""page_index"":3,""viewing_time"":25079.729999999923},{""page_index"":4,""viewing_time"":72015.05000000042},{""page_index"":5,""viewing_time"":38191.394999999815},{""page_index"":6,""viewing_time"":17095.890000000072},{""page_index"":7,""viewing_time"":16487.849999999977},{""page_index"":8,""viewing_time"":9959.844999999856}]","","","","","","","","","","","","","","","","","",""
"html-keyboard-response","5","345438","0.0-5.0-0.0","6439.774999999849","<p style=""font-size:24px;font-weight:bold"">TEST QUESTION</p><p>Which letter should you press to select the green house on the left?</p><div class=group><table class=table_center><tr><td class=prompt colspan=2>Choose one</td></tr><tr style=""height: 300px;""><td style=""width: 300px;""><img id=""left"" src=img/house_3.png style=""zoom: 100%;""/></td><td style=""width: 300px;""><img id=""right"" src=img/house_2.png style=""zoom: 100%;""/></td></tr></table></div><br>","","","70","","true","","","","","","","","","","","","","","","","",""
"html-keyboard-response","6","348441","0.0-5.0-1.0","null","<p style=""font-size:36px;font-weight:bold"">Correct!</p><p> Remember, press ""F"" for left and ""J"" for right. </p>","","","null","","","","","","","","","","","","","","","","","","",""
"html-keyboard-response","7","357720","0.0-5.0-2.0","9277.98500000016","<p style=""font-size:24px;font-weight:bold"">TEST QUESTION</p><p>Which letter should you press to select the red house on the right?</p><div class=group><table class=table_center><tr><td class=prompt colspan=2>Choose one</td></tr><tr style=""height: 300px;""><td style=""width: 300px;""><img id=""left"" src=img/house_3.png style=""zoom: 100%;""/></td><td style=""width: 300px;""><img id=""right"" src=img/house_2.png style=""zoom: 100%;""/></td></tr></table></div><br>","","","74","","true","","","","","","","","","","","","","","","","",""
"html-keyboard-response","8","360722","0.0-5.0-3.0","null","<p style=""font-size:36px;font-weight:bold"">Correct!</p><p> Remember, press ""F"" for left and ""J"" for right. </p>","","","null","","","","","","","","","","","","","","","","","","",""
"html-keyboard-response","9","371470","0.0-5.0-4.0","10747.669999999693","<p style=""font-size:24px;font-weight:bold"">TEST QUESTION</p><p>Type the number of the <b> maximum </b> amount of sacks an elf can make</p>","","","53","","false","","","","","","","","","","","","","","","","",""
"html-keyboard-response","10","374472","0.0-5.0-5.0","null","<p style=""font-size:36px;font-weight:bold"">Wrong answer.</p><p> Remember, elves can make 0 to 9 sacks.</p>","","","null","","","","","","","","","","","","","","","","","","",""
"html-keyboard-response","11","384991","0.0-5.0-6.0","10518.564999999886","<p style=""font-size:24px;font-weight:bold"">TEST QUESTION</p><p>Remember, the same house always takes you to the same elf. </p><p>On this trial, select the house on the left by pressing ""F"".</p><div class=group><table class=table_center><tr><td class=prompt colspan=2>Choose one</td></tr><tr style=""height: 300px;""><td style=""width: 300px;""><img id=""left"" src=img/house_1.png style=""zoom: 100%;""/></td><td style=""width: 300px;""><img id=""right"" src=img/house_5.png style=""zoom: 100%;""/></td></tr></table></div><br>","","","70","","","","","","","","","","","","","","","","","","",""
"html-keyboard-response","12","402174","0.0-5.0-7.0","17181.885000000417","<p style=""font-size:24px;font-weight:bold"">TEST QUESTION</p><p>The red house took you to the yellow elf. </p><p> The yellow elf gave you 8 sacks. </p><p> The most sacks an elf can make is 9 sacks, so this is a great outcome!</p><div class=group><table class=table_center><tr><td class=prompt colspan=3>You received</td></tr><tr style=""height: 300px;""><td><img src=img/elf_yellow.png style=""zoom: 100%;""/></td><td><img src=img/sack.png style=""zoom: 30%;""/></td><td class=prompt>x 8</td></tr></table></div><br><p> Press space to continue </p>","","","32","","","","","","","","","","","","","","","","","","",""
"html-keyboard-response","13","408535","0.0-5.0-8.0","6360.619999999937","<p style=""font-size:24px;font-weight:bold"">TEST QUESTION</p><p>If you wanted to visit the <b> yellow elf </b> again, which house would you select?</p><div class=group><table class=table_center><tr><td class=prompt colspan=2>Choose one</td></tr><tr style=""height: 300px;""><td style=""width: 300px;""><img id=""left"" src=img/house_1.png style=""zoom: 100%;""/></td><td style=""width: 300px;""><img id=""right"" src=img/house_5.png style=""zoom: 100%;""/></td></tr></table></div><br>","","","70","","true","","","","","","","","","","","","","","","","",""
"html-keyboard-response","14","411537","0.0-5.0-9.0","null","<p style=""font-size:36px;font-weight:bold"">Correct!</p><p> Remember, the same house goes to the same elf. </p>","","","null","","","","","","","","","","","","","","","","","","",""
"html-keyboard-response","15","415744","0.0-5.0-10.0","4205.9249999997555","<p style=""font-size:24px;font-weight:bold"">TEST QUESTION</p><p>On this trial, select the house on the right by pressing ""J"".</p><div class=group><table class=table_center><tr><td class=prompt colspan=2>Choose one</td></tr><tr style=""height: 300px;""><td style=""width: 300px;""><img id=""left"" src=img/house_1.png style=""zoom: 100%;""/></td><td style=""width: 300px;""><img id=""right"" src=img/house_5.png style=""zoom: 100%;""/></td></tr></table></div><br>","","","74","","","","","","","","","","","","","","","","","","",""
"html-keyboard-response","16","427228","0.0-5.0-11.0","11483.67499999993","<p style=""font-size:24px;font-weight:bold"">TEST QUESTION</p><p>The blue house took you to the purple elf. </p><p> The purple elf only gave you 1 sack. </p><p> That is not very much and is a pretty bad outcome.</p><div class=group><table class=table_center><tr><td class=prompt colspan=3>You received</td></tr><tr style=""height: 300px;""><td><img src=img/elf_purple.png style=""zoom: 100%;""/></td><td><img src=img/sack.png style=""zoom: 30%;""/></td><td class=prompt>x 1</td></tr></table></div><br><p> Press space to continue </p>","","","32","","","","","","","","","","","","","","","","","","",""
"html-keyboard-response","17","435148","0.0-5.0-12.0","7918.789999999688","<p style=""font-size:24px;font-weight:bold"">TEST QUESTION</p><p>Remember the yellow elf gave you 8 sacks and the purple elf only gave you 1 sack. </p><p> Which elf would you try to visit next? </p><div class=group><table class=table_center><tr><td class=prompt colspan=2>Choose one</td></tr><tr style=""height: 300px;""><td style=""width: 300px;""><img id=""left"" src=img/elf_yellow.png style=""zoom: 100%;""/></td><td style=""width: 300px;""><img id=""right"" src=img/elf_purple.png style=""zoom: 100%;""/></td></tr></table></div><br>","","","70","","true","","","","","","","","","","","","","","","","",""
"html-keyboard-response","18","438150","0.0-5.0-13.0","null","<p style=""font-size:36px;font-weight:bold"">Correct!</p><p> Remember, you want to select the elf who gives you the most sacks.</p>","","","null","","","","","","","","","","","","","","","","","","",""
"html-keyboard-response","19","441343","0.0-5.0-14.0","3191.710000000079","<p style=""font-size:24px;font-weight:bold"">TEST QUESTION</p><p>To visit the yellow elf, which house should you visit? </p><div class=group><table class=table_center><tr><td class=prompt colspan=2>Choose one</td></tr><tr style=""height: 300px;""><td style=""width: 300px;""><img id=""left"" src=img/house_1.png style=""zoom: 100%;""/></td><td style=""width: 300px;""><img id=""right"" src=img/house_5.png style=""zoom: 100%;""/></td></tr></table></div><br>","","","70","","true","","","","","","","","","","","","","","","","",""
"html-keyboard-response","20","444344","0.0-5.0-15.0","null","<p style=""font-size:36px;font-weight:bold"">Correct!</p><p>Remember, the same house goes to the same elf each time.</p>","","","null","","","","","","","","","","","","","","","","","","",""
"html-keyboard-response","21","462152","0.0-5.0-16.0","17808.275000000314","<p style=""font-size:36px;font-weight:bold"">You are ready to play!</p><p>The houses and elves in the actual game will be different than the practice. </p><p> Press the space bar to start the game</p>","","","32","","","","","","","","","","","","","","","","","","",""
"no-tradeoff-rwd","22","473474","0.0-6.0-0.0","","","","","","","","4","0","","","","7814.690000000119","","","7814.690000000119","32","32","null","","null","","",""
"no-tradeoff-rwd","23","484212","0.0-6.0-0.1","","","","","","","","1","3","8","img/house_4.png","img/house_6.png","1137.3599999997532","1726.1250000001164","","1137.3599999997532,1726.1250000001164","70","70,32","null","","null","","",""
"no-tradeoff-rwd","24","491516","0.0-6.0-0.2","","","","","","","","4","0","","","","3801.2900000003283","","","3801.2900000003283","32","32","null","","null","","",""
"no-tradeoff-rwd","25","501632","0.0-6.0-0.3","","","","","","","","4","8","9","img/house_3.png","img/house_2.png","586.6750000000466","1102.8449999998556","","586.6750000000466,1102.8449999998556","74","74,32","null","","null","","",""
"no-tradeoff-rwd","26","526050","0.0-6.0-0.4","","","","","","","","4","8","8","img/house_6.png","img/house_4.png","1383.3549999999232","2898.9949999999953","12509.239999999874","1383.3549999999232,2898.9949999999953,12509.239999999874","70","70,32,13","enter","5 ","null","","",""
"no-tradeoff-rwd","27","532816","0.0-6.0-0.5","","","","","","","","4","0","","","","3259.9749999998603","","","3259.9749999998603","32","32","null","","null","","",""
"no-tradeoff-rwd","28","554440","0.0-6.0-0.6","","","","","","","","1","8","7","img/house_6.png","img/house_4.png","876.4550000000745","11226.889999999898","1385.6250000003492","876.4550000000745,11226.889999999898,1385.6250000003492","74","74,13,32","null","","enter","3","",""
"no-tradeoff-rwd","29","564354","0.0-6.0-0.7","","","","","","","","1","5","4","img/house_6.png","img/house_4.png","1126.089999999851","900.964999999851","","1126.089999999851,900.964999999851","74","74,32","null","","null","","",""
"no-tradeoff-rwd","30","583338","0.0-6.0-0.8","","","","","","","","4","6","6","img/house_3.png","img/house_2.png","1254.7150000000838","2991.065000000177","6981.580000000191","1254.7150000000838,2991.065000000177,6981.580000000191","70","70,32,13","enter","8","null","","",""
"no-tradeoff-rwd","31","593367","0.0-6.0-0.9","","","","","","","","4","6","7","img/house_3.png","img/house_2.png","710.1499999999069","1018.5449999998091","","710.1499999999069,1018.5449999998091","70","70,32","null","","null","","",""
"no-tradeoff-rwd","32","608419","0.0-6.0-0.10","","","","","","","","1","6","8","img/house_4.png","img/house_6.png","1059.009999999893","4757.094999999972","1283.859999999986","1059.009999999893,4757.094999999972,1283.859999999986","74","74,13,32","null","","enter","4","",""
"no-tradeoff-rwd","33","618970","0.0-6.0-0.11","","","","","","","","1","8","6","img/house_2.png","img/house_3.png","987.160000000149","1540.9400000002934","","987.160000000149,1540.9400000002934","70","70,32","null","","null","","",""
"no-tradeoff-rwd","34","632449","0.0-6.0-0.12","","","","","","","","1","4","7","img/house_3.png","img/house_2.png","816.8500000000931","811.6949999998324","3657.920000000042","816.8500000000931,811.6949999998324,3657.920000000042","70","70,32,13","enter","6","null","","",""
"no-tradeoff-rwd","35","642492","0.0-6.0-0.13","","","","","","","","1","7","6","img/house_2.png","img/house_3.png","886.6149999999907","1031.8550000000978","","886.6149999999907,1031.8550000000978","70","70,32","null","","null","","",""
"no-tradeoff-rwd","36","656777","0.0-6.0-0.14","","","","","","","","4","7","3","img/house_2.png","img/house_3.png","1243.3549999999814","4247.879999999888","1026.0399999998044","1243.3549999999814,4247.879999999888,1026.0399999998044","74","74,13,32","null","","enter","7","",""
"no-tradeoff-rwd","37","667317","0.0-6.0-0.15","","","","","","","","1","4","3","img/house_4.png","img/house_6.png","1099.6899999999441","1528.79000000027","","1099.6899999999441,1528.79000000027","70","70,32","null","","null","","",""
"no-tradeoff-rwd","38","680459","0.0-6.0-0.16","","","","","","","","4","3","6","img/house_2.png","img/house_3.png","754.9949999997625","778.0899999997346","3352.6700000002747","754.9949999997625,778.0899999997346,3352.6700000002747","70","70,32,13","enter","8","null","","",""
"no-tradeoff-rwd","39","690326","0.0-6.0-0.17","","","","","","","","1","8","4","img/house_3.png","img/house_2.png","1393.990000000107","856.6699999996927","","1393.990000000107,856.6699999996927","74","74,32","null","","null","","",""
"no-tradeoff-rwd","40","706639","0.0-6.0-0.18","","","","","","","","1","4","5","img/house_2.png","img/house_3.png","1480.5349999996834","6115.519999999902","1186.5849999999627","1480.5349999996834,6115.519999999902,1186.5849999999627","74","74,13,32","null","","enter","6","",""
"no-tradeoff-rwd","41","716715","0.0-6.0-0.19","","","","","","","","4","3","8","img/house_4.png","img/house_6.png","886.6450000000186","1065.8499999999767","","886.6450000000186,1065.8499999999767","74","74,32","null","","null","","",""
"no-tradeoff-rwd","42","730591","0.0-6.0-0.20","","","","","","","","1","6","6","img/house_6.png","img/house_4.png","884.820000000298","1170.7000000001863","3696.455000000191","884.820000000298,1170.7000000001863,3696.455000000191","70","70,32,13","enter","3","null","","",""
"no-tradeoff-rwd","43","740690","0.0-6.0-0.21","","","","","","","","1","9","7","img/house_4.png","img/house_6.png","1119.2099999998463","1089.2600000002421","","1119.2099999998463,1089.2600000002421","70","70,32","null","","null","","",""
"no-tradeoff-rwd","44","759920","0.0-6.0-0.22","","","","","","","","4","7","7","img/house_2.png","img/house_3.png","973.2149999999674","7252.899999999907","2966.6099999998696","973.2149999999674,7252.899999999907,2966.6099999998696","74","74,13,32","null","","enter","7","",""
"no-tradeoff-rwd","45","769826","0.0-6.0-0.23","","","","","","","","1","5","7","img/house_3.png","img/house_2.png","1107.9749999998603","895.8349999997299","","1107.9749999998603,895.8349999997299","70","70,32","null","","null","","",""
"no-tradeoff-rwd","46","783006","0.0-6.0-0.24","","","","","","","","4","6","6","img/house_4.png","img/house_6.png","1196.675000000163","1161.8250000000698","3005.545000000042","1196.675000000163,1161.8250000000698,3005.545000000042","74","74,32,13","enter","7","null","","",""
"no-tradeoff-rwd","47","792893","0.0-6.0-0.25","","","","","","","","1","8","7","img/house_6.png","img/house_4.png","994.6500000000233","875.6749999998137","","994.6500000000233,875.6749999998137","70","70,32","null","","null","","",""
"no-tradeoff-rwd","48","810404","0.0-6.0-0.26","","","","","","","","4","9","8","img/house_2.png","img/house_3.png","852.6200000001118","7587.219999999856","913.6250000002328","852.6200000001118,7587.219999999856,913.6250000002328","74","74,13,32","null","","enter","6","",""
"no-tradeoff-rwd","49","820141","0.0-6.0-0.27","","","","","","","","4","9","5","img/house_6.png","img/house_4.png","1241.769999999553","725.5400000002701","","1241.769999999553,725.5400000002701","70","70,32","null","","null","","",""
"no-tradeoff-rwd","50","836059","0.0-6.0-0.28","","","","","","","","1","4","9","img/house_3.png","img/house_2.png","1085.0049999998882","823.2550000002375","6081.040000000037","1085.0049999998882,823.2550000002375,6081.040000000037","74","74,32,13","enter","4","null","","",""
"no-tradeoff-rwd","51","845894","0.0-6.0-0.29","","","","","","","","4","8","5","img/house_2.png","img/house_3.png","1172.0549999999348","825.984999999986","","1172.0549999999348,825.984999999986","74","74,32","null","","null","","",""
"no-tradeoff-rwd","52","861607","0.0-6.0-0.30","","","","","","","","1","6","9","img/house_3.png","img/house_2.png","849.680000000284","5968.684999999823","735.3299999999581","849.680000000284,5968.684999999823,735.3299999999581","70","70,13,32","null","","enter","6","",""
"no-tradeoff-rwd","53","871458","0.0-6.0-0.31","","","","","","","","4","4","5","img/house_6.png","img/house_4.png","917.8400000000838","840.6600000002654","","917.8400000000838,840.6600000002654","70","70,32","null","","null","","",""
"no-tradeoff-rwd","54","884747","0.0-6.0-0.32","","","","","","","","4","3","4","img/house_3.png","img/house_2.png","781.4950000002282","667.819999999716","3609.4050000001444","781.4950000002282,667.819999999716,3609.4050000001444","74","74,32,13","enter","6","null","","",""
"no-tradeoff-rwd","55","896535","0.0-6.0-0.33","","","","","","","","4","5","7","img/house_2.png","img/house_3.png","979.625","2780.060000000056","","979.625,2780.060000000056","70","70,32","null","","null","","",""
"no-tradeoff-rwd","56","913352","0.0-6.0-0.34","","","","","","","","1","5","5","img/house_6.png","img/house_4.png","861.0100000001257","5359.375","2445.2949999999255","861.0100000001257,5359.375,2445.2949999999255","70","70,13,32","null","","enter","7","",""
"no-tradeoff-rwd","57","923840","0.0-6.0-0.35","","","","","","","","1","7","7","img/house_6.png","img/house_4.png","913.8250000000698","1477.1199999999953","","913.8250000000698,1477.1199999999953","70","70,32","null","","null","","",""
"no-tradeoff-rwd","58","941355","0.0-6.0-0.36","","","","","","","","4","8","3","img/house_6.png","img/house_4.png","1001.824999999837","841.0049999997718","7664.040000000037","1001.824999999837,841.0049999997718,7664.040000000037","70","70,32,13","enter","9","null","","",""
"no-tradeoff-rwd","59","950206","0.0-6.0-0.37","","","","","","","","4","8","4","img/house_2.png","img/house_3.png","1016.8300000000745","1341.6200000002282","","1016.8300000000745,1341.6200000002282","70","70,32","null","","null","","",""
"no-tradeoff-rwd","60","965470","0.0-6.0-0.38","","","","","","","","4","3","9","img/house_3.png","img/house_2.png","895.6450000000186","5044.354999999981","1207.1049999999814","895.6450000000186,5044.354999999981,1207.1049999999814","70","70,13,32","null","","enter","4","",""
"no-tradeoff-rwd","61","974604","0.0-6.0-0.39","","","","","","","","1","8","3","img/house_2.png","img/house_3.png","584.4450000000652","122.77999999979511","","584.4450000000652,122.77999999979511","70","70,32","null","","null","","",""
"no-tradeoff-rwd","62","987921","0.0-6.0-0.40","","","","","","","","4","7","0","img/house_2.png","img/house_3.png","521.0799999999581","699.6099999996368","3603.975000000093","521.0799999999581,699.6099999996368,3603.975000000093","70","70,32,13","enter","9","null","","",""
"no-tradeoff-rwd","63","997787","0.0-6.0-0.41","","","","","","","","1","4","4","img/house_6.png","img/house_4.png","1153.4049999995623","854.7150000004331","","1153.4049999995623,854.7150000004331","70","70,32","null","","null","","",""
"no-tradeoff-rwd","64","1012121","0.0-6.0-0.42","","","","","","","","4","5","5","img/house_4.png","img/house_6.png","940.2250000002095","4474.2299999997485","849.3850000000093","940.2250000002095,4474.2299999997485,849.3850000000093","74","74,13,32","null","","enter","6","",""
"no-tradeoff-rwd","65","1020428","0.0-6.0-0.43","","","","","","","","1","7","4","img/house_2.png","img/house_3.png","824.285000000149","795.2299999996321","","824.285000000149,795.2299999996321","74","74,32","null","","null","","",""
"no-tradeoff-rwd","66","1035214","0.0-6.0-0.44","","","","","","","","1","7","2","img/house_6.png","img/house_4.png","972.1299999996554","906.9800000002142","4867.749999999884","972.1299999996554,906.9800000002142,4867.749999999884","70","70,32,13","enter","6","null","","",""
"no-tradeoff-rwd","67","1043662","0.0-6.0-0.45","","","","","","","","4","4","1","img/house_6.png","img/house_4.png","1419.2100000000792","937.565000000177","","1419.2100000000792,937.565000000177","70","70,32","null","","null","","",""
"no-tradeoff-rwd","68","1057701","0.0-6.0-0.46","","","","","","","","1","2","0","img/house_2.png","img/house_3.png","614.5700000001816","4028.905000000028","1001.5900000003166","614.5700000001816,4028.905000000028,1001.5900000003166","70","70,13,32","null","","enter","9","",""
"no-tradeoff-rwd","69","1067638","0.0-6.0-0.47","","","","","","","","4","1","0","img/house_6.png","img/house_4.png","1240.924999999581","923.7699999997858","","1240.924999999581,923.7699999997858","74","74,32","null","","null","","",""
"no-tradeoff-rwd","70","1081411","0.0-6.0-0.48","","","","","","","","1","2","1","img/house_4.png","img/house_6.png","893.5249999999069","1088.9099999999162","5174.549999999814","893.5249999999069,1088.9099999999162,5174.549999999814","70","70,32,13","enter","4","null","","",""
"no-tradeoff-rwd","71","1091288","0.0-6.0-0.49","","","","","","","","1","0","4","img/house_2.png","img/house_3.png","591.0550000001676","865.9450000000652","","591.0550000001676,865.9450000000652","74","74,32","null","","null","","",""
"no-tradeoff-rwd","72","1106374","0.0-6.0-0.50","","","","","","","","1","1","2","img/house_4.png","img/house_6.png","1066.155000000028","5311.3950000002515","764.4549999998417","1066.155000000028,5311.3950000002515,764.4549999998417","70","70,13,32","null","","enter","5","",""
"no-tradeoff-rwd","73","1115243","0.0-6.0-0.51","","","","","","","","4","4","3","img/house_2.png","img/house_3.png","754.0049999996554","1360.2500000002328","","754.0049999996554,1360.2500000002328","70","70,32","null","","null","","",""
"no-tradeoff-rwd","74","1127976","0.0-6.0-0.52","","","","","","","","1","6","4","img/house_6.png","img/house_4.png","1290.434999999823","1352.809999999823","3870.964999999851","1290.434999999823,1352.809999999823,3870.964999999851","74","74,32,13","enter","5","null","","",""
"no-tradeoff-rwd","75","1137661","0.0-6.0-0.53","","","","","","","","4","2","3","img/house_2.png","img/house_3.png","703.9099999996834","674.5649999999441","","703.9099999996834,674.5649999999441","70","70,32","null","","null","","",""
"no-tradeoff-rwd","76","1151829","0.0-6.0-0.54","","","","","","","","1","2","0","img/house_6.png","img/house_4.png","1103.8650000002235","4673.824999999721","481.7050000000745","1103.8650000002235,4673.824999999721,481.7050000000745","70","70,13,32","null","","enter","7","",""
"no-tradeoff-rwd","77","1160532","0.0-6.0-0.55","","","","","","","","4","3","1","img/house_3.png","img/house_2.png","931.7449999998789","1192.4650000000838","","931.7449999998789,1192.4650000000838","74","74,32","null","","null","","",""
"no-tradeoff-rwd","78","1173949","0.0-6.0-0.56","","","","","","","","4","2","0","img/house_4.png","img/house_6.png","947.7750000001397","729.3200000000652","3675.3199999998324","947.7750000001397,729.3200000000652,3675.3199999998324","74","74,32,13","enter","7","null","","",""
"no-tradeoff-rwd","79","1184420","0.0-6.0-0.57","","","","","","","","1","2","1","img/house_4.png","img/house_6.png","1085.8500000000931","1457.464999999851","","1085.8500000000931,1457.464999999851","74","74,32","null","","null","","",""
"no-tradeoff-rwd","80","1198409","0.0-6.0-0.58","","","","","","","","4","0","0","img/house_6.png","img/house_4.png","1141.059999999823","4033.1150000002235","946.4049999995623","1141.059999999823,4033.1150000002235,946.4049999995623","70","70,13,32","null","","enter","7","",""
"no-tradeoff-rwd","81","1208100","0.0-6.0-0.59","","","","","","","","1","0","2","img/house_6.png","img/house_4.png","1248.3999999999069","677.2700000000186","","1248.3999999999069,677.2700000000186","70","70,32","null","","null","","",""
"no-tradeoff-rwd","82","1221637","0.0-6.0-0.60","","","","","","","","1","1","5","img/house_4.png","img/house_6.png","853.8399999996182","1309.975000000326","3217.184999999823","853.8399999996182,1309.975000000326,3217.184999999823","74","74,32,13","enter","9","null","","",""
"no-tradeoff-rwd","83","1232172","0.0-6.0-0.61","","","","","","","","1","3","4","img/house_4.png","img/house_6.png","1323.3900000001304","1524.25","","1323.3900000001304,1524.25","74","74,32","null","","null","","",""
"no-tradeoff-rwd","84","1245389","0.0-6.0-0.62","","","","","","","","1","2","8","img/house_4.png","img/house_6.png","1157.970000000205","3489.6949999998324","715.7050000000745","1157.970000000205,3489.6949999998324,715.7050000000745","70","70,13,32","null","","enter","6","",""
"no-tradeoff-rwd","85","1254597","0.0-6.0-0.63","","","","","","","","4","8","0","img/house_2.png","img/house_3.png","875.2100000001956","197.4750000005588","","875.2100000001956,197.4750000005588","70","70,32","null","","null","","",""
"no-tradeoff-rwd","86","1267636","0.0-6.0-0.64","","","","","","","","1","8","0","img/house_2.png","img/house_3.png","712.1350000002421","716.8049999999348","3312.6999999999534","712.1350000002421,716.8049999999348,3312.6999999999534","70","70,32,13","enter","8","null","","",""
"no-tradeoff-rwd","87","1272807","0.0-6.0-0.65","","","","","","","","1","0","","","","1665.0749999999534","","","1665.0749999999534","32","32","null","","null","","",""
"no-tradeoff-rwd","88","1287569","0.0-6.0-0.66","","","","","","","","4","1","8","img/house_4.png","img/house_6.png","824.9750000000931","5899.8849999997765","1353.3100000000559","824.9750000000931,5899.8849999997765,1353.3100000000559","74","74,13,32","null","","enter","6","",""
"no-tradeoff-rwd","89","1297262","0.0-6.0-0.67","","","","","","","","4","7","3","img/house_2.png","img/house_3.png","519.2949999996927","681.2399999997579","","519.2949999996927,681.2399999997579","70","70,32","null","","null","","",""
"no-tradeoff-rwd","90","1311333","0.0-6.0-0.68","","","","","","","","4","5","3","img/house_6.png","img/house_4.png","657.7200000002049","1842.7949999999255","3215.535000000149","657.7200000002049,1842.7949999999255,3215.535000000149","70","70,32,13","enter","7","null","","",""
"no-tradeoff-rwd","91","1321154","0.0-6.0-0.69","","","","","","","","4","5","2","img/house_6.png","img/house_4.png","638.1549999995623","808.7799999997951","","638.1549999995623,808.7799999997951","70","70,32","null","","null","","",""
"no-tradeoff-rwd","92","1334806","0.0-6.0-0.70","","","","","","","","4","4","3","img/house_6.png","img/house_4.png","1021.7600000000093","3876.9300000004005","765.0500000000466","1021.7600000000093,3876.9300000004005,765.0500000000466","74","74,13,32","null","","enter","8","",""
"no-tradeoff-rwd","93","1343647","0.0-6.0-0.71","","","","","","","","1","2","1","img/house_6.png","img/house_4.png","748.3149999997113","1330.1399999998976","","748.3149999997113,1330.1399999998976","74","74,32","null","","null","","",""
"no-tradeoff-rwd","94","1357803","0.0-6.0-0.72","","","","","","","","1","4","1","img/house_4.png","img/house_6.png","1337.1299999998882","686.9099999999162","4457.060000000289","1337.1299999998882,686.9099999999162,4457.060000000289","74","74,32,13","enter","5","null","","",""
"no-tradeoff-rwd","95","1367597","0.0-6.0-0.73","","","","","","","","1","2","4","img/house_2.png","img/house_3.png","830.3400000000838","782.6399999998976","","830.3400000000838,782.6399999998976","74","74,32","null","","null","","",""
"no-tradeoff-rwd","96","1382560","0.0-6.0-0.74","","","","","","","","1","5","7","img/house_2.png","img/house_3.png","669.5700000000652","4637.340000000084","1314.9149999998044","669.5700000000652,4637.340000000084,1314.9149999998044","74","74,13,32","null","","enter","9","",""
"no-tradeoff-rwd","97","1392578","0.0-6.0-0.75","","","","","","","","1","7","7","img/house_6.png","img/house_4.png","797.1049999999814","1006.1700000001583","","797.1049999999814,1006.1700000001583","70","70,32","null","","null","","",""
"no-tradeoff-rwd","98","1406009","0.0-6.0-0.76","","","","","","","","1","6","7","img/house_2.png","img/house_3.png","746.4550000000745","1327.690000000177","4592.855000000447","746.4550000000745,1327.690000000177,4592.855000000447","70","70,32,13","enter","8","null","","",""
"no-tradeoff-rwd","99","1414576","0.0-6.0-0.77","","","","","","","","1","7","7","img/house_4.png","img/house_6.png","611.7650000001304","1057.2699999997858","","611.7650000001304,1057.2699999997858","74","74,32","null","","null","","",""
"no-tradeoff-rwd","100","1430027","0.0-6.0-0.78","","","","","","","","1","8","9","img/house_4.png","img/house_6.png","897.1150000002235","5684.655000000028","754.1450000002515","897.1150000002235,5684.655000000028,754.1450000002515","74","74,13,32","null","","enter","5","",""
"no-tradeoff-rwd","101","1438386","0.0-6.0-0.79","","","","","","","","1","5","8","img/house_4.png","img/house_6.png","1190.1700000003912","850.2199999997392","","1190.1700000003912,850.2199999997392","74","74,32","null","","null","","",""
"no-tradeoff-rwd","102","1450479","0.0-6.0-0.80","","","","","","","","4","4","9","img/house_4.png","img/house_6.png","1065.970000000205","1116.5549999999348","3465.1699999999255","1065.970000000205,1116.5549999999348,3465.1699999999255","74","74,32,13","enter","7","null","","",""
"no-tradeoff-rwd","103","1459632","0.0-6.0-0.81","","","","","","","","4","7","1","img/house_2.png","img/house_3.png","704.3450000002049","142.54499999969266","","704.3450000002049,142.54499999969266","70","70,32","null","","null","","",""
"no-tradeoff-rwd","104","1474507","0.0-6.0-0.82","","","","","","","","1","0","4","img/house_4.png","img/house_6.png","1043.5600000000559","4459.585000000196","1405.1449999997858","1043.5600000000559,4459.585000000196,1405.1449999997858","70","70,13,32","null","","enter","7","",""
"no-tradeoff-rwd","105","1484400","0.0-6.0-0.83","","","","","","","","1","2","0","img/house_2.png","img/house_3.png","778.7849999999162","883.3249999997206","","778.7849999999162,883.3249999997206","70","70,32","null","","null","","",""
"no-tradeoff-rwd","106","1489372","0.0-6.0-0.84","","","","","","","","4","0","","","","1464.4900000004563","","","1464.4900000004563","32","32","null","","null","","",""
"no-tradeoff-rwd","107","1499108","0.0-6.0-0.85","","","","","","","","4","0","1","img/house_4.png","img/house_6.png","644.7549999998882","724.385000000475","","644.7549999998882,724.385000000475","74","74,32","null","","null","","",""
"no-tradeoff-rwd","108","1516164","0.0-6.0-0.86","","","","","","","","1","1","1","img/house_2.png","img/house_3.png","741.3800000001211","6600.520000000019","1443.6200000001118","741.3800000001211,6600.520000000019,1443.6200000001118","70","70,13,32","null","","enter","5","",""
"no-tradeoff-rwd","109","1528601","0.0-6.0-0.87","","","","","","","","1","0","1","img/house_2.png","img/house_3.png","963.5999999998603","3426.4749999996275","","963.5999999998603,3426.4749999996275","74","74,32","null","","null","","",""
"no-tradeoff-rwd","110","1541903","0.0-6.0-0.88","","","","","","","","4","1","5","img/house_2.png","img/house_3.png","952.9200000001583","800.940000000177","3487.7600000000093","952.9200000001583,800.940000000177,3487.7600000000093","74","74,32,13","enter","5","null","","",""
"no-tradeoff-rwd","111","1552178","0.0-6.0-0.89","","","","","","","","4","6","3","img/house_3.png","img/house_2.png","991.5299999997951","1265.470000000205","","991.5299999997951,1265.470000000205","74","74,32","null","","null","","",""
"no-tradeoff-rwd","112","1565059","0.0-6.0-0.90","","","","","","","","4","4","1","img/house_3.png","img/house_2.png","1067.1000000000931","3456.2350000001024","412.8599999998696","1067.1000000000931,3456.2350000001024,412.8599999998696","70","70,13,32","null","","enter","7","",""
"no-tradeoff-rwd","113","1574790","0.0-6.0-0.91","","","","","","","","1","6","2","img/house_4.png","img/house_6.png","1291.2399999999907","720.2600000000093","","1291.2399999999907,720.2600000000093","74","74,32","null","","null","","",""
"no-tradeoff-rwd","114","1586109","0.0-6.0-0.92","","","","","","","","1","4","2","img/house_3.png","img/house_2.png","941.1200000003446","1324.4399999999441","2483.469999999972","941.1200000003446,1324.4399999999441,2483.469999999972","74","74,32,13","enter","7","null","","",""
"no-tradeoff-rwd","115","1596042","0.0-6.0-0.93","","","","","","","","1","1","4","img/house_4.png","img/house_6.png","968.2849999999162","924.4600000001956","","968.2849999999162,924.4600000001956","74","74,32","null","","null","","",""
"no-tradeoff-rwd","116","1610178","0.0-6.0-0.94","","","","","","","","1","1","0","img/house_2.png","img/house_3.png","990.7600000000093","4618.455000000307","504.45999999996275","990.7600000000093,4618.455000000307,504.45999999996275","74","74,13,32","null","","enter","8","",""
"no-tradeoff-rwd","117","1619821","0.0-6.0-0.95","","","","","","","","4","0","2","img/house_4.png","img/house_6.png","1042.5450000003912","633.2899999998044","","1042.5450000003912,633.2899999998044","74","74,32","null","","null","","",""
"no-tradeoff-rwd","118","1632613","0.0-6.0-0.96","","","","","","","","4","1","1","img/house_2.png","img/house_3.png","855.7100000004284","1166.1100000001024","4117.475000000093","855.7100000004284,1166.1100000001024,4117.475000000093","74","74,32,13","enter","7","null","","",""
"no-tradeoff-rwd","119","1643539","0.0-6.0-0.97","","","","","","","","4","1","3","img/house_3.png","img/house_2.png","927.6449999997858","1914.3300000000745","","927.6449999997858,1914.3300000000745","74","74,32","null","","null","","",""
"no-tradeoff-rwd","120","1660882","0.0-6.0-0.98","","","","","","","","1","0","6","img/house_3.png","img/house_2.png","1147.3700000001118","7408.719999999972","922.2499999995343","1147.3700000001118,7408.719999999972,922.2499999995343","70","70,13,32","null","","enter","6","",""
"no-tradeoff-rwd","121","1672360","0.0-6.0-0.99","","","","","","","","4","5","2","img/house_6.png","img/house_4.png","1029.8850000000093","2467.304999999935","","1029.8850000000093,2467.304999999935","70","70,32","null","","null","","",""
"no-tradeoff-rwd","122","1684862","0.0-6.0-0.100","","","","","","","","4","7","0","img/house_6.png","img/house_4.png","1353.945000000298","690.3349999997299","2803.6649999998044","1353.945000000298,690.3349999997299,2803.6649999998044","74","74,32,13","enter","7","null","","",""
"no-tradeoff-rwd","123","1694890","0.0-6.0-0.101","","","","","","","","4","8","2","img/house_2.png","img/house_3.png","566.4399999999441","1016.0299999997951","","566.4399999999441,1016.0299999997951","70","70,32","null","","null","","",""
"no-tradeoff-rwd","124","1709513","0.0-6.0-0.102","","","","","","","","4","8","3","img/house_2.png","img/house_3.png","988.3249999997206","1067.494999999646","4139.6450000002515","988.3249999997206,1067.494999999646,4139.6450000002515,1470.530000000028","70","70,74,13,32","null","","enter","","",""
"no-tradeoff-rwd","125","1719196","0.0-6.0-0.103","","","","","","","","4","8","1","img/house_2.png","img/house_3.png","546.5300000000279","673.0149999996647","","546.5300000000279,673.0149999996647","70","70,32","null","","null","","",""
"no-tradeoff-rwd","126","1731825","0.0-6.0-0.104","","","","","","","","1","6","1","img/house_6.png","img/house_4.png","951.6650000000373","692.4250000002794","2925.2599999997765","951.6650000000373,692.4250000002794,2925.2599999997765","70","70,32,13","enter","7","null","","",""
"no-tradeoff-rwd","127","1741590","0.0-6.0-0.105","","","","","","","","1","9","2","img/house_2.png","img/house_3.png","651.5900000000838","752.9399999997113","","651.5900000000838,752.9399999997113","70","70,32","null","","null","","",""
"no-tradeoff-rwd","128","1754608","0.0-6.0-0.106","","","","","","","","1","9","1","img/house_6.png","img/house_4.png","773.7350000001024","3494.029999999795","512.0950000002049","773.7350000001024,3494.029999999795,512.0950000002049","70","70,13,32","null","","enter","7","",""
"no-tradeoff-rwd","129","1764388","0.0-6.0-0.107","","","","","","","","1","1","8","img/house_4.png","img/house_6.png","1040.5549999999348","769.1550000000279","","1040.5549999999348,769.1550000000279","70","70,32","null","","null","","",""
"no-tradeoff-rwd","130","1777332","0.0-6.0-0.108","","","","","","","","1","8","2","img/house_2.png","img/house_3.png","801.6150000002235","979.5300000000279","2952.9900000002235","801.6150000002235,979.5300000000279,2952.9900000002235","74","74,32,13","enter","7","null","","",""
"no-tradeoff-rwd","131","1786067","0.0-6.0-0.109","","","","","","","","1","7","8","img/house_6.png","img/house_4.png","1008.1599999999162","1224.9499999999534","","1008.1599999999162,1224.9499999999534","70","70,32","null","","null","","",""
"no-tradeoff-rwd","132","1805536","0.0-6.0-0.110","","","","","","","","1","7","7","img/house_6.png","img/house_4.png","757.7049999998417","9482.029999999795","975.7100000001956","757.7049999998417,9482.029999999795,975.7100000001956","74","74,13,32","null","","enter","8","",""
"no-tradeoff-rwd","133","1815167","0.0-6.0-0.111","","","","","","","","4","9","5","img/house_6.png","img/house_4.png","833.2500000002328","619.875","","833.2500000002328,619.875","74","74,32","null","","null","","",""
"no-tradeoff-rwd","134","1829608","0.0-6.0-0.112","","","","","","","","1","8","6","img/house_6.png","img/house_4.png","964.4250000000466","2506.054999999935","2923.5049999998882","964.4250000000466,2506.054999999935,2923.5049999998882","74","74,32,13","enter","7","null","","",""
"no-tradeoff-rwd","135","1838265","0.0-6.0-0.113","","","","","","","","1","4","7","img/house_6.png","img/house_4.png","801.815000000177","1148.1050000002142","","801.815000000177,1148.1050000002142","74","74,32","null","","null","","",""
"no-tradeoff-rwd","136","1851751","0.0-6.0-0.114","","","","","","","","4","7","6","img/house_2.png","img/house_3.png","826.5550000001676","3726.9000000001397","746.3000000002794","826.5550000001676,3726.9000000001397,746.3000000002794","74","74,13,32","null","","enter","9","",""
"no-tradeoff-rwd","137","1861764","0.0-6.0-0.115","","","","","","","","4","8","9","img/house_2.png","img/house_3.png","772.350000000326","1002.7900000000373","","772.350000000326,1002.7900000000373","70","70,32","null","","null","","",""
"no-tradeoff-rwd","138","1874209","0.0-6.0-0.116","","","","","","","","4","8","8","img/house_4.png","img/house_6.png","952.9949999998789","713.3649999999907","2721.7350000001024","952.9949999998789,713.3649999999907,2721.7350000001024","70","70,32,13","enter","5","null","","",""
"no-tradeoff-rwd","139","1883791","0.0-6.0-0.117","","","","","","","","1","8","9","img/house_2.png","img/house_3.png","731.7400000002235","571.125","","731.7400000002235,571.125","74","74,32","null","","null","","",""
"no-tradeoff-rwd","140","1896525","0.0-6.0-0.118","","","","","","","","1","8","6","img/house_2.png","img/house_3.png","741.0099999997765","3068.5399999998044","652.3550000002142","741.0099999997765,3068.5399999998044,652.3550000002142","70","70,13,32","null","","enter","9","",""
"no-tradeoff-rwd","141","1906186","0.0-6.0-0.119","","","","","","","","4","8","5","img/house_2.png","img/house_3.png","722.2849999999162","649.0950000002049","","722.2849999999162,649.0950000002049","74","74,32","null","","null","","",""
"call-function","142","1906187","0.0-7.0","","","","","","","","","","","","","","","","","","","","","","","",""
"html-keyboard-response","143","1915061","0.0-8.0","8872.739999999758","<p>Now you will play the second game!</p><p>Press the space bar to begin reading the instructions for the second game.</p>","","","32","","","","","","","","","","","","","","","","","","",""
"instructions","144","2111364","0.0-9.0","196302.7649999992","","","","","[{""page_index"":0,""viewing_time"":20225.054999999935},{""page_index"":1,""viewing_time"":31717.54000000027},{""page_index"":2,""viewing_time"":16344.83499999973},{""page_index"":3,""viewing_time"":26119.435000000056},{""page_index"":4,""viewing_time"":26225.01500000013},{""page_index"":5,""viewing_time"":39213.214999999385},{""page_index"":6,""viewing_time"":18745.11500000069},{""page_index"":7,""viewing_time"":7991.4099999994505},{""page_index"":8,""viewing_time"":9720.700000000186}]","","","","","","","","","","","","","","","","","",""
"html-keyboard-response","145","2114700","0.0-10.0-0.0","3335.3900000001304","<p style=""font-size:24px;font-weight:bold"">TEST QUESTION</p><p>Which letter should you press to select the green tree on the left?</p><div class=group><table class=table_center><tr><td class=prompt colspan=2>Choose one</td></tr><tr style=""height: 300px;""><td style=""width: 300px;""><img id=""left"" src=img/tree_3.png style=""zoom: 100%;""/></td><td style=""width: 300px;""><img id=""right"" src=img/tree_7.png style=""zoom: 100%;""/></td></tr></table></div><br>","","","70","","true","","","","","","","","","","","","","","","","",""
"html-keyboard-response","146","2117702","0.0-10.0-1.0","null","<p style=""font-size:36px;font-weight:bold"">Correct!</p><p> Remember, press ""F"" for left and ""J"" for right. </p>","","","null","","","","","","","","","","","","","","","","","","",""
"html-keyboard-response","147","2120348","0.0-10.0-2.0","2644.6550000002608","<p style=""font-size:24px;font-weight:bold"">TEST QUESTION</p><p>Which letter should you press to select the red tree on the right?</p><div class=group><table class=table_center><tr><td class=prompt colspan=2>Choose one</td></tr><tr style=""height: 300px;""><td style=""width: 300px;""><img id=""left"" src=img/tree_3.png style=""zoom: 100%;""/></td><td style=""width: 300px;""><img id=""right"" src=img/tree_7.png style=""zoom: 100%;""/></td></tr></table></div><br>","","","74","","true","","","","","","","","","","","","","","","","",""
"html-keyboard-response","148","2123349","0.0-10.0-3.0","null","<p style=""font-size:36px;font-weight:bold"">Correct!</p><p> Remember, press ""F"" for left and ""J"" for right. </p>","","","null","","","","","","","","","","","","","","","","","","",""
"html-keyboard-response","149","2128497","0.0-10.0-4.0","5147.450000000652","<p style=""font-size:24px;font-weight:bold"">TEST QUESTION</p><p>Type the number of the <b> maximum </b> amount of shields an gnome can make</p>","","","57","","true","","","","","","","","","","","","","","","","",""
"html-keyboard-response","150","2131499","0.0-10.0-5.0","null","<p style=""font-size:36px;font-weight:bold"">Correct!</p><p> Remember, gnomes can make 0 to 9 shields. </p>","","","null","","","","","","","","","","","","","","","","","","",""
"html-keyboard-response","151","2147982","0.0-10.0-6.0","16482.56000000052","<p style=""font-size:24px;font-weight:bold"">TEST QUESTION</p><p>Remember, the same tree always takes you to the same gnome. </p><p>On this trial, select the tree on the left by pressing ""F"".</p><div class=group><table class=table_center><tr><td class=prompt colspan=2>Choose one</td></tr><tr style=""height: 300px;""><td style=""width: 300px;""><img id=""left"" src=img/tree_1.png style=""zoom: 100%;""/></td><td style=""width: 300px;""><img id=""right"" src=img/tree_2.png style=""zoom: 100%;""/></td></tr></table></div><br>","","","70","","","","","","","","","","","","","","","","","","",""
"html-keyboard-response","152","2162219","0.0-10.0-7.0","14235.625","<p style=""font-size:24px;font-weight:bold"">TEST QUESTION</p><p>The orange tree took you to the green gnome. </p><p> The green gnome gave you 8 shields. </p><p> The most shields a gnome can make is 9 shields, so this is a great outcome!</p><div class=group><table class=table_center><tr><td class=prompt colspan=3>You received</td></tr><tr style=""height: 300px;""><td><img src=img/gnome_green.png style=""zoom: 100%;""/></td><td><img src=img/shield.png style=""zoom: 30%;""/></td><td class=prompt>x 8</td></tr></table></div><br><p> Press space to continue </p>","","","32","","","","","","","","","","","","","","","","","","",""
"html-keyboard-response","153","2168438","0.0-10.0-8.0","6217.9350000005215","<p style=""font-size:24px;font-weight:bold"">TEST QUESTION</p><p>If you wanted to visit the <b> green gnome </b> again, which tree would you select?</p><div class=group><table class=table_center><tr><td class=prompt colspan=2>Choose one</td></tr><tr style=""height: 300px;""><td style=""width: 300px;""><img id=""left"" src=img/tree_1.png style=""zoom: 100%;""/></td><td style=""width: 300px;""><img id=""right"" src=img/tree_2.png style=""zoom: 100%;""/></td></tr></table></div><br>","","","70","","true","","","","","","","","","","","","","","","","",""
"html-keyboard-response","154","2171440","0.0-10.0-9.0","null","<p style=""font-size:36px;font-weight:bold"">Correct!</p><p> Remember, the same tree goes to the same gnome. </p>","","","null","","","","","","","","","","","","","","","","","","",""
"html-keyboard-response","155","2173534","0.0-10.0-10.0","2092.9399999994785","<p style=""font-size:24px;font-weight:bold"">TEST QUESTION</p><p>On this trial, select the tree on the right by pressing ""J"".</p><div class=group><table class=table_center><tr><td class=prompt colspan=2>Choose one</td></tr><tr style=""height: 300px;""><td style=""width: 300px;""><img id=""left"" src=img/tree_1.png style=""zoom: 100%;""/></td><td style=""width: 300px;""><img id=""right"" src=img/tree_2.png style=""zoom: 100%;""/></td></tr></table></div><br>","","","74","","","","","","","","","","","","","","","","","","",""
"html-keyboard-response","156","2175640","0.0-10.0-11.0","2105.4099999992177","<p style=""font-size:24px;font-weight:bold"">TEST QUESTION</p><p>The blue tree took you to the purple gnome. </p><p> The purple gnome only gave you 1 shield. </p><p> That is not very much and is a pretty bad outcome.</p><div class=group><table class=table_center><tr><td class=prompt colspan=3>You received</td></tr><tr style=""height: 300px;""><td><img src=img/gnome_purple.png style=""zoom: 100%;""/></td><td><img src=img/shield.png style=""zoom: 30%;""/></td><td class=prompt>x 1</td></tr></table></div><br><p> Press space to continue </p>","","","32","","","","","","","","","","","","","","","","","","",""
"html-keyboard-response","157","2180645","0.0-10.0-12.0","5003.9399999994785","<p style=""font-size:24px;font-weight:bold"">TEST QUESTION</p><p>Remember the green gnome gave you 8 shields and the purple gnome only gave you 1 shield. </p><p> Which gnome would you try to visit next? </p><div class=group><table class=table_center><tr><td class=prompt colspan=2>Choose one</td></tr><tr style=""height: 300px;""><td style=""width: 300px;""><img id=""left"" src=img/gnome_green.png style=""zoom: 100%;""/></td><td style=""width: 300px;""><img id=""right"" src=img/gnome_purple.png style=""zoom: 100%;""/></td></tr></table></div><br>","","","70","","true","","","","","","","","","","","","","","","","",""
"html-keyboard-response","158","2183646","0.0-10.0-13.0","null","<p style=""font-size:36px;font-weight:bold"">Correct!</p><p> Remember, you want to select the gnome who gives you the most shields.</p>","","","null","","","","","","","","","","","","","","","","","","",""
"html-keyboard-response","159","2186763","0.0-10.0-14.0","3115.8700000005774","<p style=""font-size:24px;font-weight:bold"">TEST QUESTION</p><p>To visit the green gnome, which tree should you visit? </p><div class=group><table class=table_center><tr><td class=prompt colspan=2>Choose one</td></tr><tr style=""height: 300px;""><td style=""width: 300px;""><img id=""left"" src=img/tree_1.png style=""zoom: 100%;""/></td><td style=""width: 300px;""><img id=""right"" src=img/tree_2.png style=""zoom: 100%;""/></td></tr></table></div><br>","","","70","","true","","","","","","","","","","","","","","","","",""
"html-keyboard-response","160","2189765","0.0-10.0-15.0","null","<p style=""font-size:36px;font-weight:bold"">Correct!</p><p>Remember, the same tree goes to the same gnome each time.</p>","","","null","","","","","","","","","","","","","","","","","","",""
"html-keyboard-response","161","2246035","0.0-10.0-16.0","56269.9450000003","<p style=""font-size:36px;font-weight:bold"">You are ready to play!</p><p>The trees and gnomes in the actual game will be different than the practice. </p><p> Press space to start the game</p>","","","32","","","","","","","","","","","","","","","","","","",""
"no-tradeoff","162","2251111","0.0-11.0-0.0","","","","","","","","1","0","","","","1571.5","","","1571.5","32","32","null","","null","","",""
"no-tradeoff","163","2260880","0.0-11.0-0.1","","","","","","","","4","5","5","img/tree_9.png","img/tree_8.png","692.5949999997392","757.5300000007264","","692.5949999997392,757.5300000007264","70","70,32","null","","null","","",""
"no-tradeoff","164","2273834","0.0-11.0-0.2","","","","","","","","4","3","8","img/tree_7.png","img/tree_3.png","1034.0850000004284","3204.079999999609","738.9599999994971","1034.0850000004284,3204.079999999609,738.9599999994971","74","74,13,32","null","","enter","5","",""
"no-tradeoff","165","2283800","0.0-11.0-0.3","","","","","","","","4","3","5","img/tree_8.png","img/tree_9.png","1301.910000000149","954.2949999994598","","1301.910000000149,954.2949999994598","74","74,32","null","","null","","",""
"no-tradeoff","166","2296064","0.0-11.0-0.4","","","","","","","","4","2","7","img/tree_3.png","img/tree_7.png","1245.1850000000559","821.109999999404","2432.850000000093","1245.1850000000559,821.109999999404,2432.850000000093","70","70,32,13","enter","7","null","","",""
"no-tradeoff","167","2305911","0.0-11.0-0.5","","","","","","","","1","1","4","img/tree_9.png","img/tree_8.png","946.9599999999627","835.839999999851","","946.9599999999627,835.839999999851","70","70,32","null","","null","","",""
"no-tradeoff","168","2319862","0.0-11.0-0.6","","","","","","","","1","4","0","img/tree_8.png","img/tree_9.png","1091.6450000004843","3763.5949999997392","1177.2749999999069","1091.6450000004843,3763.5949999997392,1177.2749999999069","74","74,13,32","null","","enter","5","",""
"no-tradeoff","169","2329299","0.0-11.0-0.7","","","","","","","","1","4","6","img/tree_3.png","img/tree_7.png","945.7000000001863","425.9399999999441","","945.7000000001863,425.9399999999441","74","74,32","null","","null","","",""
"no-tradeoff","170","2342621","0.0-11.0-0.8","","","","","","","","1","6","6","img/tree_7.png","img/tree_3.png","1068.4449999998324","605.4199999999255","3704.1549999993294","1068.4449999998324,605.4199999999255,3704.1549999993294","70","70,32,13","enter","6","null","","",""
"no-tradeoff","171","2352340","0.0-11.0-0.9","","","","","","","","1","5","3","img/tree_7.png","img/tree_3.png","1020.3450000006706","709.7050000000745","","1020.3450000006706,709.7050000000745","70","70,32","null","","null","","",""
"no-tradeoff","172","2364690","0.0-11.0-0.10","","","","","","","","1","7","7","img/tree_9.png","img/tree_8.png","1178.665000000503","2711.9449999998324","625.8700000010431","1178.665000000503,2711.9449999998324,625.8700000010431","74","74,13,32","null","","enter","5","",""
"no-tradeoff","173","2374359","0.0-11.0-0.11","","","","","","","","4","8","6","img/tree_8.png","img/tree_9.png","965.5749999992549","658.2149999993853","","965.5749999992549,658.2149999993853","70","70,32","null","","null","","",""
"no-tradeoff","174","2386204","0.0-11.0-0.12","","","","","","","","1","8","7","img/tree_7.png","img/tree_3.png","973.6550000007264","1437.6599999996834","2896.7700000000186","973.6550000007264,1437.6599999996834,2896.7700000000186","70","70,32,13","enter","6","null","","",""
"no-tradeoff","175","2395724","0.0-11.0-0.13","","","","","","","","1","9","4","img/tree_7.png","img/tree_3.png","846.6850000000559","508.46999999973923","","846.6850000000559,508.46999999973923","74","74,32","null","","null","","",""
"no-tradeoff","176","2410495","0.0-11.0-0.14","","","","","","","","4","8","2","img/tree_7.png","img/tree_3.png","879.6499999999069","5123.355000000913","637.2849999996834","879.6499999999069,5123.355000000913,637.2849999996834","74","74,13,32","null","","enter","9","",""
"no-tradeoff","177","2420279","0.0-11.0-0.15","","","","","","","","4","7","2","img/tree_8.png","img/tree_9.png","1148.6349999993108","773.8599999989383","","1148.6349999993108,773.8599999989383","70","70,32","null","","null","","",""
"no-tradeoff","178","2434175","0.0-11.0-0.16","","","","","","","","1","2","6","img/tree_9.png","img/tree_8.png","1014.6299999994226","1018.2949999999255","3865.6049999999814","1014.6299999994226,1018.2949999999255,3865.6049999999814","74","74,32,13","enter","6","null","","",""
"no-tradeoff","179","2443734","0.0-11.0-0.17","","","","","","","","1","6","3","img/tree_7.png","img/tree_3.png","839.265000000596","550.25","","839.265000000596,550.25","70","70,32","null","","null","","",""
"no-tradeoff","180","2456141","0.0-11.0-0.18","","","","","","","","1","5","3","img/tree_7.png","img/tree_3.png","734.570000000298","2758.820000000298","636.375","734.570000000298,2758.820000000298,636.375","74","74,13,32","null","","enter","8","",""
"no-tradeoff","181","2466329","0.0-11.0-0.19","","","","","","","","1","3","4","img/tree_8.png","img/tree_9.png","807.8699999996461","1176.875","","807.8699999996461,1176.875","70","70,32","null","","null","","",""
"no-tradeoff","182","2478474","0.0-11.0-0.20","","","","","","","","4","3","1","img/tree_9.png","img/tree_8.png","781.1899999999441","600.0800000005402","2533.4350000005215","781.1899999999441,600.0800000005402,2533.4350000005215","74","74,32,13","enter","7","null","","",""
"no-tradeoff","183","2488339","0.0-11.0-0.21","","","","","","","","4","0","4","img/tree_8.png","img/tree_9.png","945.0450000003912","851.4099999996834","","945.0450000003912,851.4099999996834","70","70,32","null","","null","","",""
"no-tradeoff","184","2499761","0.0-11.0-0.22","","","","","","","","1","4","3","img/tree_8.png","img/tree_9.png","849.9849999998696","2466.054999999702","1447.7549999998882","849.9849999998696,2466.054999999702,1447.7549999998882","70","70,13,32","null","","enter","5","",""
"no-tradeoff","185","2509237","0.0-11.0-0.23","","","","","","","","4","5","4","img/tree_9.png","img/tree_8.png","981.5499999993481","465.78000000026077","","981.5499999993481,465.78000000026077","74","74,32","null","","null","","",""
"no-tradeoff","186","2521695","0.0-11.0-0.24","","","","","","","","1","1","3","img/tree_7.png","img/tree_3.png","918.0400000005029","526.0850000004284","2919.584999999497","918.0400000005029,526.0850000004284,2919.584999999497","74","74,32,13","enter","6","null","","",""
"no-tradeoff","187","2531531","0.0-11.0-0.25","","","","","","","","4","6","2","img/tree_7.png","img/tree_3.png","1070.029999999795","826.8150000004098","","1070.029999999795,826.8150000004098","74","74,32","null","","null","","",""
"no-tradeoff","188","2543532","0.0-11.0-0.26","","","","","","","","1","6","1","img/tree_7.png","img/tree_3.png","910.9050000007264","2409.589999999851","579.9150000000373","910.9050000007264,2409.589999999851,579.9150000000373","74","74,13,32","null","","enter","8","",""
"no-tradeoff","189","2552206","0.0-11.0-0.27","","","","","","","","4","5","1","img/tree_8.png","img/tree_9.png","1126.1150000002235","1166.755000000354","","1126.1150000002235,1166.755000000354","70","70,32","null","","null","","",""
"no-tradeoff","190","2564292","0.0-11.0-0.28","","","","","","","","1","8","0","img/tree_7.png","img/tree_3.png","870.1749999998137","1486.3500000000931","3088.920000000391","870.1749999998137,1486.3500000000931,3088.920000000391","74","74,32,13","enter","7","null","","",""
"no-tradeoff","191","2574005","0.0-11.0-0.29","","","","","","","","1","7","2","img/tree_8.png","img/tree_9.png","885.3650000002235","702.035000000149","","885.3650000002235,702.035000000149","74","74,32","null","","null","","",""
"no-tradeoff","192","2584967","0.0-11.0-0.30","","","","","","","","4","5","1","img/tree_8.png","img/tree_9.png","834.3699999996461","2297.545000000391","1154.2949999994598","834.3699999996461,2297.545000000391,1154.2949999994598","74","74,13,32","null","","enter","8","",""
"no-tradeoff","193","2594662","0.0-11.0-0.31","","","","","","","","4","6","5","img/tree_8.png","img/tree_9.png","845.1299999998882","683.5250000003725","","845.1299999998882,683.5250000003725","74","74,32","null","","null","","",""
"no-tradeoff","194","2606964","0.0-11.0-0.32","","","","","","","","4","9","4","img/tree_7.png","img/tree_3.png","725.9799999999814","506.0150000001304","2786.1599999996834","725.9799999999814,506.0150000001304,2786.1599999996834","70","70,32,13","enter","7","null","","",""
"no-tradeoff","195","2618070","0.0-11.0-0.33","","","","","","","","1","7","4","img/tree_8.png","img/tree_9.png","1253.049999999348","2093.9900000002235","","1253.049999999348,2093.9900000002235","70","70,32","null","","null","","",""
"no-tradeoff","196","2630088","0.0-11.0-0.34","","","","","","","","1","8","2","img/tree_7.png","img/tree_3.png","712.6550000002608","2725.510000000242","282.8999999994412","712.6550000002608,2725.510000000242,282.8999999994412","70","70,13,32","null","","enter","9","",""
"no-tradeoff","197","2639820","0.0-11.0-0.35","","","","","","","","1","7","5","img/tree_7.png","img/tree_3.png","706.6249999995343","721.8849999997765","","706.6249999995343,721.8849999997765","70","70,32","null","","null","","",""
"no-tradeoff","198","2654644","0.0-11.0-0.36","","","","","","","","1","7","2","img/tree_7.png","img/tree_3.png","757.7350000003353","2794.700000000652","3017.43499999959","757.7350000003353,2794.700000000652,3017.43499999959","74","74,32,13","enter","6","null","","",""
"no-tradeoff","199","2664290","0.0-11.0-0.37","","","","","","","","1","8","6","img/tree_7.png","img/tree_3.png","857.3700000005774","633.429999999702","","857.3700000005774,633.429999999702","70","70,32","null","","null","","",""
"no-tradeoff","200","2676364","0.0-11.0-0.38","","","","","","","","4","8","6","img/tree_8.png","img/tree_9.png","817.6949999998324","2501.605000000447","561.0750000006519","817.6949999998324,2501.605000000447,561.0750000006519","74","74,13,32","null","","enter","9","",""
"no-tradeoff","201","2685903","0.0-11.0-0.39","","","","","","","","4","8","6","img/tree_8.png","img/tree_9.png","852.9949999991804","525.7599999997765","","852.9949999991804,525.7599999997765","70","70,32","null","","null","","",""
"no-tradeoff","202","2697851","0.0-11.0-0.40","","","","","","","","1","6","2","img/tree_8.png","img/tree_9.png","754.6049999999814","573.9449999998324","2361.4950000001118","754.6049999999814,573.9449999998324,2361.4950000001118","74","74,32,13","enter","7","null","","",""
"no-tradeoff","203","2707456","0.0-11.0-0.41","","","","","","","","4","4","8","img/tree_9.png","img/tree_8.png","983.019999999553","594.6150000002235","","983.019999999553,594.6150000002235","74","74,32","null","","null","","",""
"no-tradeoff","204","2720127","0.0-11.0-0.42","","","","","","","","4","7","5","img/tree_7.png","img/tree_3.png","883.3049999992363","3185.005000000354","475.0799999991432","883.3049999992363,3185.005000000354,475.0799999991432","70","70,13,32","null","","enter","9","",""
"no-tradeoff","205","2729915","0.0-11.0-0.43","","","","","","","","4","7","5","img/tree_8.png","img/tree_9.png","772.7100000004284","778.1550000002608","","772.7100000004284,778.1550000002608","70","70,32","null","","null","","",""
"no-tradeoff","206","2742425","0.0-11.0-0.44","","","","","","","","1","4","7","img/tree_9.png","img/tree_8.png","898.2050000005402","574.2600000002421","2924.935000000056","898.2050000005402,574.2600000002421,2924.935000000056","70","70,32,13","enter","5","null","","",""
"no-tradeoff","207","2751290","0.0-11.0-0.45","","","","","","","","4","5","3","img/tree_8.png","img/tree_9.png","739.3349999999627","1354.6499999994412","","739.3349999999627,1354.6499999994412","74","74,32","null","","null","","",""
"no-tradeoff","208","2763493","0.0-11.0-0.46","","","","","","","","4","5","3","img/tree_8.png","img/tree_9.png","740.1999999992549","2635.975000000093","555.1200000001118","740.1999999992549,2635.975000000093,555.1200000001118","70","70,13,32","null","","enter","9","",""
"no-tradeoff","209","2773078","0.0-11.0-0.47","","","","","","","","4","8","2","img/tree_7.png","img/tree_3.png","789.1149999997579","575.8950000000186","","789.1149999997579,575.8950000000186","70","70,32","null","","null","","",""
"no-tradeoff","210","2784994","0.0-11.0-0.48","","","","","","","","4","7","0","img/tree_8.png","img/tree_9.png","815.2250000000931","560.2250000000931","2341.320000000298","815.2250000000931,560.2250000000931,2341.320000000298","74","74,32,13","enter","6","null","","",""
"no-tradeoff","211","2794668","0.0-11.0-0.49","","","","","","","","4","5","0","img/tree_8.png","img/tree_9.png","847.5049999994226","664.3950000000186","","847.5049999994226,664.3950000000186","70","70,32","null","","null","","",""
"no-tradeoff","212","2807283","0.0-11.0-0.50","","","","","","","","4","6","1","img/tree_7.png","img/tree_3.png","824.6400000001304","2634.6049999999814","967.6650000000373","824.6400000001304,2634.6049999999814,967.6650000000373","70","70,13,32","null","","enter","9","",""
"no-tradeoff","213","2817842","0.0-11.0-0.51","","","","","","","","1","7","1","img/tree_7.png","img/tree_3.png","662.4650000003166","1549.6899999999441","","662.4650000003166,1549.6899999999441","74","74,32","null","","null","","",""
"no-tradeoff","214","2830063","0.0-11.0-0.52","","","","","","","","1","4","1","img/tree_7.png","img/tree_3.png","659.2099999994971","794.4749999996275","2413.2000000001863","659.2099999994971,794.4749999996275,2413.2000000001863","74","74,32,13","enter","7","null","","",""
"no-tradeoff","215","2839800","0.0-11.0-0.53","","","","","","","","1","6","1","img/tree_7.png","img/tree_3.png","756.6849999991246","728.2499999990687","","756.6849999991246,728.2499999990687","74","74,32","null","","null","","",""
"no-tradeoff","216","2851967","0.0-11.0-0.54","","","","","","","","1","6","0","img/tree_8.png","img/tree_9.png","890.5850000004284","2476.2050000000745","677.5850000004284","890.5850000004284,2476.2050000000745,677.5850000004284","70","70,13,32","null","","enter","","",""
"no-tradeoff","217","2861785","0.0-11.0-0.55","","","","","","","","4","7","1","img/tree_8.png","img/tree_9.png","640.2899999995716","807.7000000001863","","640.2899999995716,807.7000000001863","74","74,32","null","","null","","",""
"no-tradeoff","218","2874076","0.0-11.0-0.56","","","","","","","","1","7","1","img/tree_8.png","img/tree_9.png","757.660000000149","627.5900000003166","2650.1299999998882","757.660000000149,627.5900000003166,2650.1299999998882","74","74,32,13","enter","4","null","","",""
"no-tradeoff","219","2883846","0.0-11.0-0.57","","","","","","","","1","4","0","img/tree_7.png","img/tree_3.png","789.8150000004098","760.5800000000745","","789.8150000004098,760.5800000000745","70","70,32","null","","null","","",""
"no-tradeoff","220","2898802","0.0-11.0-0.58","","","","","","","","4","2","0","img/tree_7.png","img/tree_3.png","674.6899999999441","3546.4599999999627","2398.3250000001863","674.6899999999441,3546.4599999999627,2398.3250000001863","74","74,13,32","null","","enter","9","",""
"no-tradeoff","221","2908437","0.0-11.0-0.59","","","","","","","","1","2","1","img/tree_7.png","img/tree_3.png","702.8250000001863","624.8199999998324","","702.8250000001863,624.8199999998324","70","70,32","null","","null","","",""
"no-tradeoff","222","2921280","0.0-11.0-0.60","","","","","","","","4","2","5","img/tree_7.png","img/tree_3.png","777.9250000002794","1010.1550000002608","2822.260000000242","777.9250000002794,1010.1550000002608,2822.260000000242","74","74,32,13","enter","4","null","","",""
"no-tradeoff","223","2931090","0.0-11.0-0.61","","","","","","","","4","2","5","img/tree_7.png","img/tree_3.png","720.9900000006892","799.5899999993853","","720.9900000006892,799.5899999993853","74","74,32","null","","null","","",""
"no-tradeoff","224","2943422","0.0-11.0-0.62","","","","","","","","1","3","7","img/tree_7.png","img/tree_3.png","856.0200000000186","2624.75","697.2550000003539","856.0200000000186,2624.75,697.2550000003539","70","70,13,32","null","","enter","9","",""
"no-tradeoff","225","2953227","0.0-11.0-0.63","","","","","","","","4","3","4","img/tree_8.png","img/tree_9.png","743.7799999997951","796.8450000002049","","743.7799999997951,796.8450000002049","74","74,32","null","","null","","",""
"no-tradeoff","226","2965361","0.0-11.0-0.64","","","","","","","","1","4","4","img/tree_7.png","img/tree_3.png","737.1649999995716","566.5950000002049","2555.7499999995343","737.1649999995716,566.5950000002049,2555.7499999995343","70","70,32,13","enter","6","null","","",""
"no-tradeoff","227","2976263","0.0-11.0-0.65","","","","","","","","4","7","4","img/tree_9.png","img/tree_8.png","949.214999999851","1890.4650000007823","","949.214999999851,1890.4650000007823","74","74,32","null","","null","","",""
"no-tradeoff","228","2988251","0.0-11.0-0.66","","","","","","","","4","8","6","img/tree_9.png","img/tree_8.png","1115.9550000000745","2381.4050000002608","596.4500000001863","1115.9550000000745,2381.4050000002608,596.4500000001863","70","70,13,32","null","","enter","5","",""
"no-tradeoff","229","2997927","0.0-11.0-0.67","","","","","","","","4","7","2","img/tree_3.png","img/tree_7.png","1047.9150000000373","662.8300000000745","","1047.9150000000373,662.8300000000745","74","74,32","null","","null","","",""
"no-tradeoff","230","3010124","0.0-11.0-0.68","","","","","","","","1","9","1","img/tree_3.png","img/tree_7.png","983.0650000004098","710.839999999851","2475.5949999997392","983.0650000004098,710.839999999851,2475.5949999997392","74","74,32,13","enter","6","null","","",""
"no-tradeoff","231","3020431","0.0-11.0-0.69","","","","","","","","4","4","1","img/tree_3.png","img/tree_7.png","982.9350000000559","1295.735000000801","","982.9350000000559,1295.735000000801","70","70,32","null","","null","","",""
"no-tradeoff","232","3032250","0.0-11.0-0.70","","","","","","","","4","5","1","img/tree_9.png","img/tree_8.png","716.5149999991991","2291.0900000007823","516.4749999996275","716.5149999991991,2291.0900000007823,516.4749999996275","70","70,13,32","null","","enter","6","",""
"no-tradeoff","233","3041848","0.0-11.0-0.71","","","","","","","","1","7","2","img/tree_3.png","img/tree_7.png","843.4250000002794","589.0449999999255","","843.4250000002794,589.0449999999255","74","74,32","null","","null","","",""
"no-tradeoff","234","3054800","0.0-11.0-0.72","","","","","","","","4","7","0","img/tree_3.png","img/tree_7.png","800.1800000001676","741.4049999997951","3200.4450000007637","800.1800000001676,741.4049999997951,3200.4450000007637","74","74,32,13","enter","7","null","","",""
"no-tradeoff","235","3065273","0.0-11.0-0.73","","","","","","","","4","7","5","img/tree_3.png","img/tree_7.png","1273.8500000005588","1461.8600000003353","","1273.8500000005588,1461.8600000003353","70","70,32","null","","null","","",""
"no-tradeoff","236","3077332","0.0-11.0-0.74","","","","","","","","1","6","7","img/tree_3.png","img/tree_7.png","762.4799999995157","2533.125","515.0050000003539","762.4799999995157,2533.125,515.0050000003539","70","70,13,32","null","","enter","7","",""
"no-tradeoff","237","3086892","0.0-11.0-0.75","","","","","","","","1","3","6","img/tree_9.png","img/tree_8.png","719.5400000000373","549.1000000000931","","719.5400000000373,549.1000000000931","74","74,32","null","","null","","",""
"no-tradeoff","238","3099065","0.0-11.0-0.76","","","","","","","","4","7","4","img/tree_8.png","img/tree_9.png","932.2949999999255","630.6800000001676","2530.2499999995343","932.2949999999255,630.6800000001676,2530.2499999995343","70","70,32,13","enter","7","null","","",""
"no-tradeoff","239","3108724","0.0-11.0-0.77","","","","","","","","1","5","5","img/tree_3.png","img/tree_7.png","992.7349999998696","648.5050000003539","","992.7349999998696,648.5050000003539","74","74,32","null","","null","","",""
"no-tradeoff","240","3122250","0.0-11.0-0.78","","","","","","","","4","2","2","img/tree_9.png","img/tree_8.png","549.1250000004657","2770.295000000391","1744.2150000007823","549.1250000004657,2770.295000000391,1744.2150000007823","74","74,13,32","null","","enter","7","",""
"no-tradeoff","241","3131967","0.0-11.0-0.79","","","","","","","","4","1","3","img/tree_9.png","img/tree_8.png","1104.1350000002421","707.1250000009313","","1104.1350000002421,707.1250000009313","70","70,32","null","","null","","",""
"no-tradeoff","242","3144044","0.0-11.0-0.80","","","","","","","","1","1","8","img/tree_3.png","img/tree_7.png","1136.9199999999255","625.484999999404","2441.7750000003725","1136.9199999999255,625.484999999404,2441.7750000003725","74","74,32,13","enter","7","null","","",""
"no-tradeoff","243","3153110","0.0-11.0-0.81","","","","","","","","1","8","1","img/tree_8.png","img/tree_9.png","709.8850000002421","55.610000000335276","","709.8850000002421,55.610000000335276","74","74,32","null","","null","","",""
"no-tradeoff","244","3164553","0.0-11.0-0.82","","","","","","","","1","6","2","img/tree_7.png","img/tree_3.png","692.9750000000931","2644.1299999998882","1288.470000000205","692.9750000000931,2644.1299999998882,1288.470000000205","70","70,13,32","null","","enter","9","",""
"no-tradeoff","245","3174231","0.0-11.0-0.83","","","","","","","","4","4","1","img/tree_7.png","img/tree_3.png","907.9899999997579","665.9949999991804","","907.9899999997579,665.9949999991804","74","74,32","null","","null","","",""
"no-tradeoff","246","3185936","0.0-11.0-0.84","","","","","","","","4","2","3","img/tree_8.png","img/tree_9.png","997.0000000004657","559.2349999998696","2135.8650000002235","997.0000000004657,559.2349999998696,2135.8650000002235","70","70,32,13","enter","7","null","","",""
"no-tradeoff","247","3195418","0.0-11.0-0.85","","","","","","","","4","2","1","img/tree_7.png","img/tree_3.png","1082.304999999702","472.28000000026077","","1082.304999999702,472.28000000026077","70","70,32","null","","null","","",""
"no-tradeoff","248","3207676","0.0-11.0-0.86","","","","","","","","1","3","6","img/tree_3.png","img/tree_7.png","1062.769999999553","3304.369999999646","1441.9200000003912","1062.769999999553,3304.369999999646,1441.9200000003912","74","74,13,32","null","","enter","6","",""
"no-tradeoff","249","3217413","0.0-11.0-0.87","","","","","","","","4","6","9","img/tree_8.png","img/tree_9.png","856.0349999996834","725.2549999994226","","856.0349999996834,725.2549999994226","74","74,32","null","","null","","",""
"no-tradeoff","250","3230155","0.0-11.0-0.88","","","","","","","","4","9","9","img/tree_8.png","img/tree_9.png","640.4550000005402","789.0099999993108","2941.3350000004284","640.4550000005402,789.0099999993108,2941.3350000004284","74","74,32,13","enter","8","null","","",""
"no-tradeoff","251","3239923","0.0-11.0-0.89","","","","","","","","4","6","8","img/tree_7.png","img/tree_3.png","738.6499999999069","755.1200000005774","","738.6499999999069,755.1200000005774","70","70,32","null","","null","","",""
"no-tradeoff","252","3252552","0.0-11.0-0.90","","","","","","","","4","6","9","img/tree_7.png","img/tree_3.png","636.9399999994785","3125.234999999404","493.8749999990687","636.9399999994785,3125.234999999404,493.8749999990687","70","70,13,32","null","","enter","9","",""
"no-tradeoff","253","3262569","0.0-11.0-0.91","","","","","","","","4","2","7","img/tree_8.png","img/tree_9.png","725.8050000001676","1004.8799999994226","","725.8050000001676,1004.8799999994226","70","70,32","null","","null","","",""
"no-tradeoff","254","3277128","0.0-11.0-0.92","","","","","","","","1","1","6","img/tree_8.png","img/tree_9.png","869.9000000008382","1998.4999999995343","3549.029999999795","869.9000000008382,1998.4999999995343,3549.029999999795","70","70,32,13","enter","9","null","","",""
"no-tradeoff","255","3286767","0.0-11.0-0.93","","","","","","","","4","5","5","img/tree_7.png","img/tree_3.png","1075.6150000006892","626.8650000002235","","1075.6150000006892,626.8650000002235","74","74,32","null","","null","","",""
"no-tradeoff","256","3298675","0.0-11.0-0.94","","","","","","","","4","7","2","img/tree_8.png","img/tree_9.png","773.1450000000186","2179.519999999553","718.4500000006519","773.1450000000186,2179.519999999553,718.4500000006519","70","70,13,32","null","","enter","9","",""
"no-tradeoff","257","3308449","0.0-11.0-0.95","","","","","","","","4","6","0","img/tree_8.png","img/tree_9.png","854.5100000002421","763.0850000004284","","854.5100000002421,763.0850000004284","70","70,32","null","","null","","",""
"no-tradeoff","258","3322880","0.0-11.0-0.96","","","","","","","","1","5","0","img/tree_8.png","img/tree_9.png","943.535000000149","1076.1450000000186","4345.360000000335","943.535000000149,1076.1450000000186,4345.360000000335","74","74,32,13","enter","7","null","","",""
"no-tradeoff","259","3333596","0.0-11.0-0.97","","","","","","","","4","8","1","img/tree_7.png","img/tree_3.png","768.8949999990873","1705.5900000007823","","768.8949999990873,1705.5900000007823","70","70,32","null","","null","","",""
"no-tradeoff","260","3348440","0.0-11.0-0.98","","","","","","","","1","6","1","img/tree_8.png","img/tree_9.png","821.2299999995157","4797.800000000279","1034.279999999795","821.2299999995157,4797.800000000279,1034.279999999795","70","70,13,32","null","","enter","9","",""
"no-tradeoff","261","3357193","0.0-11.0-0.99","","","","","","","","1","8","2","img/tree_8.png","img/tree_9.png","863.3000000002794","1242.6249999995343","","863.3000000002794,1242.6249999995343","74","74,32","null","","null","","",""
"no-tradeoff","262","3370395","0.0-11.0-0.100","","","","","","","","4","9","2","img/tree_7.png","img/tree_3.png","771.9150000000373","664.1000000000931","3527","771.9150000000373,664.1000000000931,3527","70","70,32,13","enter","7","null","","",""
"no-tradeoff","263","3378969","0.0-11.0-0.101","","","","","","","","1","8","3","img/tree_8.png","img/tree_9.png","783.4350000005215","1065.2100000004284","","783.4350000005215,1065.2100000004284","74","74,32","null","","null","","",""
"no-tradeoff","264","3392236","0.0-11.0-0.102","","","","","","","","4","7","6","img/tree_8.png","img/tree_9.png","1274.4700000006706","3721.9199999999255","534.3950000000186","1274.4700000006706,3721.9199999999255,534.3950000000186","70","70,13,32","null","","enter","9","",""
"no-tradeoff","265","3401013","0.0-11.0-0.103","","","","","","","","1","8","7","img/tree_8.png","img/tree_9.png","1360.4850000003353","1266.6299999998882","","1360.4850000003353,1266.6299999998882","70","70,32","null","","null","","",""
"no-tradeoff","266","3411872","0.0-11.0-0.104","","","","","","","","1","6","8","img/tree_8.png","img/tree_9.png","790.6850000000559","1143.6100000003353","2207.3950000004843","790.6850000000559,1143.6100000003353,2207.3950000004843","70","70,32,13","enter","6","null","","",""
"no-tradeoff","267","3421690","0.0-11.0-0.105","","","","","","","","4","8","6","img/tree_7.png","img/tree_3.png","677.7799999997951","807.0950000002049","","677.7799999997951,807.0950000002049","70","70,32","null","","null","","",""
"no-tradeoff","268","3435229","0.0-11.0-0.106","","","","","","","","1","8","3","img/tree_8.png","img/tree_9.png","692.3850000002421","2713.8199999998324","1812.2899999995716","692.3850000002421,2713.8199999998324,1812.2899999995716","70","70,13,32","null","","enter","9","",""
"no-tradeoff","269","3444879","0.0-11.0-0.107","","","","","","","","1","6","0","img/tree_8.png","img/tree_9.png","783.3899999996647","639.9449999998324","","783.3899999996647,639.9449999998324","74","74,32","null","","null","","",""
"no-tradeoff","270","3456854","0.0-11.0-0.108","","","","","","","","1","7","3","img/tree_8.png","img/tree_9.png","832.8250000006519","633.1850000005215","2331.220000000205","832.8250000006519,633.1850000005215,2331.220000000205","74","74,32,13","enter","5","null","","",""
"no-tradeoff","271","3466441","0.0-11.0-0.109","","","","","","","","4","5","1","img/tree_7.png","img/tree_3.png","863.2750000003725","577.0650000004098","","863.2750000003725,577.0650000004098","74","74,32","null","","null","","",""
"no-tradeoff","272","3478913","0.0-11.0-0.110","","","","","","","","1","4","1","img/tree_8.png","img/tree_9.png","788.5200000000186","3744.1349999997765","1217.6550000002608","788.5200000000186,3744.1349999997765,1217.6550000002608","70","70,13,32","null","","enter","9","",""
"no-tradeoff","273","3488626","0.0-11.0-0.111","","","","","","","","4","8","3","img/tree_8.png","img/tree_9.png","672.0800000005402","703.5350000006147","","672.0800000005402,703.5350000006147","70","70,32","null","","null","","",""
"no-tradeoff","274","3501205","0.0-11.0-0.112","","","","","","","","4","8","0","img/tree_8.png","img/tree_9.png","668.5550000001676","818.0699999993667","2750.4699999997392","668.5550000001676,818.0699999993667,2750.4699999997392","74","74,32,13","enter","6","null","","",""
"no-tradeoff","275","3510868","0.0-11.0-0.113","","","","","","","","4","7","2","img/tree_7.png","img/tree_3.png","617.6499999999069","651.1599999996834","","617.6499999999069,651.1599999996834","74","74,32","null","","null","","",""
"no-tradeoff","276","3527599","0.0-11.0-0.114","","","","","","","","1","8","1","img/tree_7.png","img/tree_3.png","1077.2150000003166","4779.665000000037","2940.029999999795","1077.2150000003166,4779.665000000037,2940.029999999795","74","74,13,32","null","","enter","9","",""
"no-tradeoff","277","3535810","0.0-11.0-0.115","","","","","","","","4","7","2","img/tree_8.png","img/tree_9.png","737.0449999999255","701.1600000006147","","737.0449999999255,701.1600000006147","70","70,32","null","","null","","",""
"no-tradeoff","278","3547499","0.0-11.0-0.116","","","","","","","","4","9","3","img/tree_7.png","img/tree_3.png","799.9000000003725","138.68999999994412","2538.3199999998324","799.9000000003725,138.68999999994412,2538.3199999998324","70","70,32,13","enter","7","null","","",""
"no-tradeoff","279","3555636","0.0-11.0-0.117","","","","","","","","1","8","2","img/tree_7.png","img/tree_3.png","655.964999999851","629.5","","655.964999999851,629.5","70","70,32","null","","null","","",""
"no-tradeoff","280","3567034","0.0-11.0-0.118","","","","","","","","4","4","3","img/tree_7.png","img/tree_3.png","543.339999999851","3075.8749999995343","814.1599999996834","543.339999999851,3075.8749999995343,814.1599999996834","70","70,13,32","null","","enter","9","",""
"no-tradeoff","281","3575147","0.0-11.0-0.119","","","","","","","","4","2","2","img/tree_7.png","img/tree_3.png","689.9000000003725","603.5500000007451","","689.9000000003725,603.5500000007451","74","74,32","null","","null","","",""
"call-function","282","3575148","0.0-12.0","","","","","","","","","","","","","","","","","","","","","","","",""
"html-keyboard-response","283","3590648","0.0-13.0-0.0","15499.829999999609","<p><b> Now you will answer a few questionnaires</b></p><br> The following are statements that a person may either agree with or disagree with.</br><p>For each item, indicate how much you agree or disagree with what the item says by clicking your response. </p><p> Choose only one response and be as accurate and honest as you can. Do not worry about being consistent in your responses. </p><p> Press the space bar to start </p>","","","32","","","","","","","","","","","","","","","","","","",""
"survey-likert","284","3620570","0.0-13.0-1.0","29916.525000000373","","","{""BISBAS1"":1,""BISBAS2"":2,""BISBAS3"":1,""BISBAS4"":"""",""BISBAS5"":"""",""BISBAS6"":"""",""BISBAS7"":"""",""BISBAS8"":"""",""BISBAS9"":"""",""BISBAS10"":"""",""BISBAS11"":"""",""BISBAS12"":"""",""BISBAS13"":"""",""BISBAS14"":"""",""BISBAS15"":"""",""BISBAS16"":"""",""BISBAS17"":"""",""BISBAS18"":"""",""BISBAS19"":"""",""BISBAS20"":"""",""BISBAS21"":"""",""BISBAS22"":"""",""BISBAS23"":"""",""BISBAS24"":""""}","","","","","","","","","","","","","","","","","","","","[0,1,2,3,4,5,6,7,8,9,10,11,12,13,14,15,16,17,18,19,20,21,22,23]"
"html-keyboard-response","285","3630482","0.0-14.0-0.0","9907.504999999888","<p>Please indicate for each statement the degree to which each statement is descriptive of your mood <b> at this  moment </b>. </p><p> Press the space bar to start </p>","","","32","","","","","","","","","","","","","","","","","","",""
"survey-likert","286","3748992","0.0-14.0-1.0","118505.75499999942","","","{""STICSAS1"":0,""STICSAS2"":2,""STICSAS3"":1,""STICSAS4"":2,""STICSAS5"":3,""STICSAS6"":0,""STICSAS7"":1,""STICSAS8"":"""",""STICSAS9"":0,""STICSAS10"":1,""STICSAS11"":2,""STICSAS12"":0,""STICSAS13"":2,""STICSAS14"":1,""STICSAS15"":0,""STICSAS16"":1,""STICSAS17"":2,""STICSAS18"":0,""STICSAS19"":2,""STICSAS20"":1,""STICSAS21"":0,""STICSAS22"":3}","","","","","","","","","","","","","","","","","","","","[0,1,2,3,4,5,6,7,8,9,10,11,12,13,14,15,16,17,18,19,20,21]"
"html-keyboard-response","287","3761698","0.0-15.0-0.0","12701.75","<p>Please indicate for each statement how often <b> in general </b> the statement is true for you. </p><p> Press the space bar to start </p>","","","32","","","","","","","","","","","","","","","","","","",""
"survey-likert","288","3843495","0.0-15.0-1.0","81793.97999999952","","","{""STICSAT1"":0,""STICSAT2"":3,""STICSAT3"":2,""STICSAT4"":1,""STICSAT5"":3,""STICSAT6"":1,""STICSAT7"":1,""STICSAT8"":0,""STICSAT9"":1,""STICSAT10"":2,""STICSAT11"":3,""STICSAT12"":0,""STICSAT13"":1,""STICSAT14"":1,""STICSAT15"":0,""STICSAT16"":1,""STICSAT17"":2,""STICSAT18"":0,""STICSAT19"":3,""STICSAT20"":0,""STICSAT21"":0}","","","","","","","","","","","","","","","","","","","","[0,1,2,3,4,5,6,7,8,9,10,11,12,13,14,15,16,17,18,19,20]"
"html-keyboard-response","289","3847824","0.0-16.0-0.0","4324.379999999888","<p>Please indicate for each statement how much you agree. </p><p> Press the space bar to start </p>","","","32","","","","","","","","","","","","","","","","","","",""
"survey-likert","290","3944816","0.0-16.0-1.0","96988.75000000047","","","{""IUS1"":1,""IUS2"":2,""IUS3"":0,""IUS4"":2,""IUS5"":0,""IUS6"":0,""IUS7"":2,""IUS8"":3,""IUS9"":1,""IUS10"":3,""IUS11"":2,""IUS12"":0,""IUS13"":4}","","","","","","","","","","","","","","","","","","","","[0,1,2,3,4,5,6,7,8,9,10,11,12]"
"html-keyboard-response","291","3949736","0.0-17.0-0.0","4916.389999999199","<p>Please indicate for each statement how you <b> generally </b> feel. </p><p> Press the space bar to start </p>","","","32","","","","","","","","","","","","","","","","","","",""
"survey-likert","292","4054751","0.0-17.0-1.0","105011.7650000006","","","{""STAIT1"":2,""STAIT2"":1,""STAIT3"":1,""STAIT4"":0,""STAIT5"":0,""STAIT6"":1,""STAIT7"":1,""STAIT8"":2,""STAIT9"":1,""STAIT10"":3,""STAIT11"":0,""STAIT12"":1,""STAIT13"":1,""STAIT14"":0,""STAIT15"":0,""STAIT16"":2,""STAIT17"":1,""STAIT18"":1,""STAIT19"":2,""STAIT20"":0}","","","","","","","","","","","","","","","","","","","","[0,1,2,3,4,5,6,7,8,9,10,11,12,13,14,15,16,17,18,19]"
"html-keyboard-response","293","4059306","0.0-18.0-0.0","4550.24499999918","<p>Please indicate for each statement how much you think each statement is typical of you. </p><p> Press the space bar to start </p>","","","32","","","","","","","","","","","","","","","","","","",""
"survey-likert","294","4330557","0.0-18.0-1.0","271243.6750000012","","","{""ACQ1"":3,""ACQ2"":3,""ACQ3"":1,""ACQ4"":4,""ACQ5"":2,""ACQ6"":0,""ACQ7"":0,""ACQ8"":1,""ACQ9"":0,""ACQ10"":3,""ACQ11"":2,""ACQ12"":3,""ACQ13"":3,""ACQ14"":2,""ACQ15"":1,""ACQ16"":2,""ACQ17"":5,""ACQ18"":1,""ACQ19"":5,""ACQ20"":1,""ACQ21"":3,""ACQ22"":4,""ACQ23"":2,""ACQ24"":1,""ACQ25"":0,""ACQ26"":1,""ACQ27"":3,""ACQ28"":1,""ACQ29"":1,""ACQ30"":2}","","","","","","","","","","","","","","","","","","","","[0,1,2,3,4,5,6,7,8,9,10,11,12,13,14,15,16,17,18,19,20,21,22,23,24,25,26,27,28,29]"
"html-keyboard-response","295","4338968","0.0-19.0-0.0","8407.395000000484","<p> For the following questions, indicate <b> how often </b> you felt or thought a certain way <b> during the last month </b>.</p><p> Press space to start </p>","","","32","","","","","","","","","","","","","","","","","","",""
"survey-likert","296","4417619","0.0-19.0-1.0","78648.96999999974","","","{""Stress1"":2,""Stress2"":3,""Stress3"":3,""Stress4"":4,""Stress5"":2,""Stress6"":1,""Stress7"":2,""Stress8"":3,""Stress9"":2,""Stress10"":2}","","","","","","","","","","","","","","","","","","","","[0,1,2,3,4,5,6,7,8,9]"
