"trial_type","trial_index","time_elapsed","internal_node_id","rt","stimulus","button_pressed","responses","key_press","view_history","correct","stakes","outcome","outcome_notreceived","choice_selected","choice_not_selected","rt_choice","rt_space","rt_certainty","all_rts","key_choice","all_keys","estimate_trial","estimate_val","certainty_trial","certainty_val","value","question_order"
"pavlovia","0","20","0.0-0.0","","","","","","","","","","","","","","","","","","","","","","","",""
"html-button-response","1","61493","0.0-1.0","61471.099999995204","<p style=""font-size:24px;font-weight:bold"">Consent</p><div class=""consent"" style=""text-align:left; border:1px solid; padding:10px; width:800px; font-size=100%, float:right""><p align=left>Thank you for signing up for this experiment!<p><p align=left>This experiment is being conducted by the California Institute of Technology (Caltech). The lead investigators are Sarah Tashjian, PhD and Dean Mobbs, PhD. This study has been approved by the Caltech Institutional Review Board for research ethics.<p><p align=left>The goal of this study is to understand learning processes. In this experiment, you will complete a task in which you will see images.<p><p align=left>At times, you will receive rewards and penalties. These earnings will determine your eligibility for a bonus payment, which will result in a real increase in your payment in this study.<p><p align=left>Your goal is to learn which images predict the most points. We will also ask how certain you are about your decisions throughout the task.<p><p align=left>This experiment will take approximately 1 hour to complete in its entirety.<p><p align=left><b>You will receive $9.00 for completing the experiment. <u>If you optimize decisions on at least 70% of trials, you will be eligible for a $100 bonus payment.</u></b><p><p align=left>This study involves minimal risk, meaning there will be no more risk than in daily life. Possible risks include physical discomfort/fatigue (eyestrain, tiredness), as well as psychological discomfort (e.g., potential boredom).<p><p align=left> Besides receiving payment, you will not benefit from this study.<p><p align=left><b>Any information that is obtained in connection with this study that can identify you will remain confidential. </b><p><p align=left>When the results of this study are reported, your identifying information will not be disclosed. Because this study is being conducted online, we are unable to fully eliminate the risk of a breach of confidentiality. However, to mitigate the chances of this occurring, we are using secure and confidential data collection systems.<p align=left>You may choose to withdraw from this study at any time and refuse to answer any questions without penalty. Also, you may choose not to participate in this study.<p><p align=left>You are <b>eligible</b> to participate if you (1) are 18-65 years old, (2) are fluent in English, (3) have healthy or corrected vision, (4) are not colorblind, and (5) have no difficulty controlling motor movements. <p><p align=left>If you do not meet these criteria, please exit the experiment now.<p><p align=center><b> If you meet these criteria and consent to participate, you must<br>indicate your consent by clicking the button below.<b></p>","0","","","","","","","","","","","","","","","","","","","","",""
"survey-text","2","77293","0.0-2.0-0.0","15797.135000000708","","","{""Q0"":""5c8fe91371f3100016181dfd"",""Q1"":""37"",""Q2"":""Female"",""Q3"":""Female""}","","","","","","","","","","","","","","","","","","","",""
"html-keyboard-response","3","81725","0.0-3.0","4430.8750000054715","<p>Welcome to the experiment!</p><p> You will play two games and answer a few questions.</p><p>Press the space bar to begin reading the instructions for the first game.</p>","","","32","","","","","","","","","","","","","","","","","","",""
"instructions","4","251852","0.0-4.0","170126.63499999326","","","","","[{""page_index"":0,""viewing_time"":17758.729999986826},{""page_index"":1,""viewing_time"":23031.78500001377},{""page_index"":2,""viewing_time"":12824.044999986654},{""page_index"":3,""viewing_time"":15655.84000000672},{""page_index"":4,""viewing_time"":43223.91499999503},{""page_index"":5,""viewing_time"":21223.870000001625},{""page_index"":6,""viewing_time"":19967.92500000447},{""page_index"":7,""viewing_time"":8647.960000002058},{""page_index"":8,""viewing_time"":7791.9699999911245}]","","","","","","","","","","","","","","","","","",""
"html-keyboard-response","5","256492","0.0-5.0-0.0","4638.055000003078","<p style=""font-size:24px;font-weight:bold"">TEST QUESTION</p><p>Which letter should you press to select the green house on the left?</p><div class=group><table class=table_center><tr><td class=prompt colspan=2>Choose one</td></tr><tr style=""height: 300px;""><td style=""width: 300px;""><img id=""left"" src=img/house_3.png style=""zoom: 100%;""/></td><td style=""width: 300px;""><img id=""right"" src=img/house_2.png style=""zoom: 100%;""/></td></tr></table></div><br>","","","70","","true","","","","","","","","","","","","","","","","",""
"html-keyboard-response","6","259500","0.0-5.0-1.0","null","<p style=""font-size:36px;font-weight:bold"">Correct!</p><p> Remember, press ""F"" for left and ""J"" for right. </p>","","","null","","","","","","","","","","","","","","","","","","",""
"html-keyboard-response","7","262404","0.0-5.0-2.0","2903.8299999956507","<p style=""font-size:24px;font-weight:bold"">TEST QUESTION</p><p>Which letter should you press to select the red house on the right?</p><div class=group><table class=table_center><tr><td class=prompt colspan=2>Choose one</td></tr><tr style=""height: 300px;""><td style=""width: 300px;""><img id=""left"" src=img/house_3.png style=""zoom: 100%;""/></td><td style=""width: 300px;""><img id=""right"" src=img/house_2.png style=""zoom: 100%;""/></td></tr></table></div><br>","","","74","","true","","","","","","","","","","","","","","","","",""
"html-keyboard-response","8","265405","0.0-5.0-3.0","null","<p style=""font-size:36px;font-weight:bold"">Correct!</p><p> Remember, press ""F"" for left and ""J"" for right. </p>","","","null","","","","","","","","","","","","","","","","","","",""
"html-keyboard-response","9","281460","0.0-5.0-4.0","16054.394999999204","<p style=""font-size:24px;font-weight:bold"">TEST QUESTION</p><p>Type the number of the <b> maximum </b> amount of sacks an elf can make</p>","","","57","","true","","","","","","","","","","","","","","","","",""
"html-keyboard-response","10","284475","0.0-5.0-5.0","null","<p style=""font-size:36px;font-weight:bold"">Correct!</p><p> Remember, elves can make 0 to 9 sacks. </p>","","","null","","","","","","","","","","","","","","","","","","",""
"html-keyboard-response","11","291220","0.0-5.0-6.0","6744.0349999960745","<p style=""font-size:24px;font-weight:bold"">TEST QUESTION</p><p>Remember, the same house always takes you to the same elf. </p><p>On this trial, select the house on the left by pressing ""F"".</p><div class=group><table class=table_center><tr><td class=prompt colspan=2>Choose one</td></tr><tr style=""height: 300px;""><td style=""width: 300px;""><img id=""left"" src=img/house_1.png style=""zoom: 100%;""/></td><td style=""width: 300px;""><img id=""right"" src=img/house_5.png style=""zoom: 100%;""/></td></tr></table></div><br>","","","70","","","","","","","","","","","","","","","","","","",""
"html-keyboard-response","12","300252","0.0-5.0-7.0","9031.220000004396","<p style=""font-size:24px;font-weight:bold"">TEST QUESTION</p><p>The red house took you to the yellow elf. </p><p> The yellow elf gave you 8 sacks. </p><p> The most sacks an elf can make is 9 sacks, so this is a great outcome!</p><div class=group><table class=table_center><tr><td class=prompt colspan=3>You received</td></tr><tr style=""height: 300px;""><td><img src=img/elf_yellow.png style=""zoom: 100%;""/></td><td><img src=img/sack.png style=""zoom: 30%;""/></td><td class=prompt>x 8</td></tr></table></div><br><p> Press space to continue </p>","","","32","","","","","","","","","","","","","","","","","","",""
"html-keyboard-response","13","304708","0.0-5.0-8.0","4455.34499999485","<p style=""font-size:24px;font-weight:bold"">TEST QUESTION</p><p>If you wanted to visit the <b> yellow elf </b> again, which house would you select?</p><div class=group><table class=table_center><tr><td class=prompt colspan=2>Choose one</td></tr><tr style=""height: 300px;""><td style=""width: 300px;""><img id=""left"" src=img/house_1.png style=""zoom: 100%;""/></td><td style=""width: 300px;""><img id=""right"" src=img/house_5.png style=""zoom: 100%;""/></td></tr></table></div><br>","","","70","","true","","","","","","","","","","","","","","","","",""
"html-keyboard-response","14","307723","0.0-5.0-9.0","null","<p style=""font-size:36px;font-weight:bold"">Correct!</p><p> Remember, the same house goes to the same elf. </p>","","","null","","","","","","","","","","","","","","","","","","",""
"html-keyboard-response","15","310524","0.0-5.0-10.0","2799.8550000047544","<p style=""font-size:24px;font-weight:bold"">TEST QUESTION</p><p>On this trial, select the house on the right by pressing ""J"".</p><div class=group><table class=table_center><tr><td class=prompt colspan=2>Choose one</td></tr><tr style=""height: 300px;""><td style=""width: 300px;""><img id=""left"" src=img/house_1.png style=""zoom: 100%;""/></td><td style=""width: 300px;""><img id=""right"" src=img/house_5.png style=""zoom: 100%;""/></td></tr></table></div><br>","","","74","","","","","","","","","","","","","","","","","","",""
"html-keyboard-response","16","315908","0.0-5.0-11.0","5383.589999997639","<p style=""font-size:24px;font-weight:bold"">TEST QUESTION</p><p>The blue house took you to the purple elf. </p><p> The purple elf only gave you 1 sack. </p><p> That is not very much and is a pretty bad outcome.</p><div class=group><table class=table_center><tr><td class=prompt colspan=3>You received</td></tr><tr style=""height: 300px;""><td><img src=img/elf_purple.png style=""zoom: 100%;""/></td><td><img src=img/sack.png style=""zoom: 30%;""/></td><td class=prompt>x 1</td></tr></table></div><br><p> Press space to continue </p>","","","32","","","","","","","","","","","","","","","","","","",""
"html-keyboard-response","17","321556","0.0-5.0-12.0","5647.1049999963725","<p style=""font-size:24px;font-weight:bold"">TEST QUESTION</p><p>Remember the yellow elf gave you 8 sacks and the purple elf only gave you 1 sack. </p><p> Which elf would you try to visit next? </p><div class=group><table class=table_center><tr><td class=prompt colspan=2>Choose one</td></tr><tr style=""height: 300px;""><td style=""width: 300px;""><img id=""left"" src=img/elf_yellow.png style=""zoom: 100%;""/></td><td style=""width: 300px;""><img id=""right"" src=img/elf_purple.png style=""zoom: 100%;""/></td></tr></table></div><br>","","","70","","true","","","","","","","","","","","","","","","","",""
"html-keyboard-response","18","324564","0.0-5.0-13.0","null","<p style=""font-size:36px;font-weight:bold"">Correct!</p><p> Remember, you want to select the elf who gives you the most sacks.</p>","","","null","","","","","","","","","","","","","","","","","","",""
"html-keyboard-response","19","330636","0.0-5.0-14.0","6071.154999997816","<p style=""font-size:24px;font-weight:bold"">TEST QUESTION</p><p>To visit the yellow elf, which house should you visit? </p><div class=group><table class=table_center><tr><td class=prompt colspan=2>Choose one</td></tr><tr style=""height: 300px;""><td style=""width: 300px;""><img id=""left"" src=img/house_1.png style=""zoom: 100%;""/></td><td style=""width: 300px;""><img id=""right"" src=img/house_5.png style=""zoom: 100%;""/></td></tr></table></div><br>","","","70","","true","","","","","","","","","","","","","","","","",""
"html-keyboard-response","20","333647","0.0-5.0-15.0","null","<p style=""font-size:36px;font-weight:bold"">Correct!</p><p>Remember, the same house goes to the same elf each time.</p>","","","null","","","","","","","","","","","","","","","","","","",""
"html-keyboard-response","21","336484","0.0-5.0-16.0","2835.980000003474","<p style=""font-size:36px;font-weight:bold"">You are ready to play!</p><p>The houses and elves in the actual game will be different than the practice. </p><p> Press the space bar to start the game</p>","","","32","","","","","","","","","","","","","","","","","","",""
"no-tradeoff-rwd","22","356898","0.0-6.0-0.0","","","","","","","","1","4","6","img/house_3.png","img/house_2.png","1263.2249999878695","1065.3349999920465","10311.535000000731","1263.2249999878695,1065.3349999920465,10311.535000000731","74","74,32,13","enter","5","null","","",""
"no-tradeoff-rwd","23","367502","0.0-6.0-0.1","","","","","","","","4","4","5","img/house_2.png","img/house_3.png","1067.8850000113016","1551.4150000090012","","1067.8850000113016,1551.4150000090012","70","70,32","null","","null","","",""
"no-tradeoff-rwd","24","389123","0.0-6.0-0.2","","","","","","","","4","5","4","img/house_4.png","img/house_6.png","729.2850000085309","11265.309999987949","1305.6450000003679","729.2850000085309,11265.309999987949,1305.6450000003679","74","74,13,32","null","","enter","5","",""
"no-tradeoff-rwd","25","398987","0.0-6.0-0.3","","","","","","","","4","7","5","img/house_4.png","img/house_6.png","550.4899999941699","817.3450000031153","","550.4899999941699,817.3450000031153","74","74,32","null","","null","","",""
"no-tradeoff-rwd","26","414591","0.0-6.0-0.4","","","","","","","","4","4","3","img/house_4.png","img/house_6.png","781.2600000033854","923.3399999939138","5631.56500000332","781.2600000033854,923.3399999939138,5631.56500000332","70","70,32,13","enter","6","null","","",""
"no-tradeoff-rwd","27","424793","0.0-6.0-0.5","","","","","","","","1","6","3","img/house_2.png","img/house_3.png","1031.7599999980303","1143.8399999897229","","1031.7599999980303,1143.8399999897229","70","70,32","null","","null","","",""
"no-tradeoff-rwd","28","441251","0.0-6.0-0.6","","","","","","","","4","8","5","img/house_2.png","img/house_3.png","1316.8000000005122","6606.464999989839","792.2699999908218","1316.8000000005122,6606.464999989839,792.2699999908218","74","74,13,32","null","","enter","4","",""
"no-tradeoff-rwd","29","451839","0.0-6.0-0.7","","","","","","","","1","5","6","img/house_3.png","img/house_2.png","972.844999996596","1558.5950000095181","","972.844999996596,1558.5950000095181","74","74,32","null","","null","","",""
"no-tradeoff-rwd","30","465667","0.0-6.0-0.8","","","","","","","","4","8","3","img/house_3.png","img/house_2.png","680.980000004638","677.4100000038743","5599.579999994603","680.980000004638,677.4100000038743,5599.579999994603","70","70,32,13","enter","4","null","","",""
"no-tradeoff-rwd","31","473811","0.0-6.0-0.9","","","","","","","","1","7","6","img/house_3.png","img/house_2.png","860.3749999892898","611.1300000047777","","860.3749999892898,611.1300000047777","70","70,32","null","","null","","",""
"no-tradeoff-rwd","32","488377","0.0-6.0-0.10","","","","","","","","4","7","5","img/house_4.png","img/house_6.png","792.8249999968102","4806.720000007772","698.0800000019372","792.8249999968102,4806.720000007772,698.0800000019372","74","74,13,32","null","","enter","6","",""
"no-tradeoff-rwd","33","496853","0.0-6.0-0.11","","","","","","","","1","6","7","img/house_3.png","img/house_2.png","852.9100000014296","933.3699999988312","","852.9100000014296,933.3699999988312","70","70,32","null","","null","","",""
"no-tradeoff-rwd","34","511234","0.0-6.0-0.12","","","","","","","","1","6","9","img/house_4.png","img/house_6.png","771.2599999940721","718.5050000116462","4607.099999993807","771.2599999940721,718.5050000116462,4607.099999993807","70","70,32,13","enter","7","null","","",""
"no-tradeoff-rwd","35","520908","0.0-6.0-0.13","","","","","","","","1","7","8","img/house_4.png","img/house_6.png","782.6599999971222","627.1799999958603","","782.6599999971222,627.1799999958603","70","70,32","null","","null","","",""
"no-tradeoff-rwd","36","534761","0.0-6.0-0.14","","","","","","","","1","6","7","img/house_3.png","img/house_2.png","641.0449999966659","4168.485000001965","634.9599999957718","641.0449999966659,4168.485000001965,634.9599999957718","74","74,13,32","null","","enter","6","",""
"no-tradeoff-rwd","37","544421","0.0-6.0-0.15","","","","","","","","1","6","5","img/house_6.png","img/house_4.png","867.2900000092341","588.5100000014063","","867.2900000092341,588.5100000014063","74","74,32","null","","null","","",""
"no-tradeoff-rwd","38","558624","0.0-6.0-0.16","","","","","","","","4","6","8","img/house_3.png","img/house_2.png","626.7200000002049","458.2749999972293","4687.374999994063","626.7200000002049,458.2749999972293,4687.374999994063","70","70,32,13","enter","7","null","","",""
"no-tradeoff-rwd","39","566827","0.0-6.0-0.17","","","","","","","","4","4","5","img/house_2.png","img/house_3.png","847.1850000059931","666.7949999973644","","847.1850000059931,666.7949999973644","70","70,32","null","","null","","",""
"no-tradeoff-rwd","40","581825","0.0-6.0-0.18","","","","","","","","4","2","6","img/house_3.png","img/house_2.png","550.665000002482","5325.429999997141","634.5299999957206","550.665000002482,5325.429999997141,634.5299999957206","70","70,13,32","null","","enter","7","",""
"no-tradeoff-rwd","41","589846","0.0-6.0-0.19","","","","","","","","1","2","8","img/house_4.png","img/house_6.png","680.6050000013784","490.2050000091549","","680.6050000013784,490.2050000091549","70","70,32","null","","null","","",""
"no-tradeoff-rwd","42","600842","0.0-6.0-0.20","","","","","","","","4","6","2","img/house_2.png","img/house_3.png","1044.1399999981513","3.3100000000558794","3447.6449999929173","1044.1399999981513,3.3100000000558794,3447.6449999929173","74","74,32,13","enter","6","null","","",""
"no-tradeoff-rwd","43","608713","0.0-6.0-0.21","","","","","","","","1","1","9","img/house_3.png","img/house_2.png","526.7500000045402","314.7549999994226","","526.7500000045402,314.7549999994226","70","70,32","null","","null","","",""
"no-tradeoff-rwd","44","621811","0.0-6.0-0.22","","","","","","","","4","9","2","img/house_2.png","img/house_3.png","508.18999999319203","3589.69999999681","455.7300000014948","508.18999999319203,3589.69999999681,455.7300000014948","74","74,13,32","null","","enter","7","",""
"no-tradeoff-rwd","45","630032","0.0-6.0-0.23","","","","","","","","1","9","3","img/house_2.png","img/house_3.png","1122.4250000086613","674.6399999974528","","1122.4250000086613,674.6399999974528","70","70,32","null","","null","","",""
"no-tradeoff-rwd","46","641576","0.0-6.0-0.24","","","","","","","","1","8","2","img/house_6.png","img/house_4.png","914.7649999940768","1410.5500000005122","138.5700000100769","914.7649999940768,1410.5500000005122,138.5700000100769,3855.5599999963306","74","74,70,32,13","enter","7","null","","",""
"no-tradeoff-rwd","47","650235","0.0-6.0-0.25","","","","","","","","1","7","4","img/house_6.png","img/house_4.png","528.0500000080792","1106.3699999940582","","528.0500000080792,1106.3699999940582","74","74,32","null","","null","","",""
"no-tradeoff-rwd","48","662453","0.0-6.0-0.26","","","","","","","","1","8","5","img/house_2.png","img/house_3.png","875.7199999963632","3977.885000000242","703.5650000034366","875.7199999963632,3977.885000000242,703.5650000034366","74","74,13,32","null","","enter","8","",""
"no-tradeoff-rwd","49","670584","0.0-6.0-0.27","","","","","","","","4","6","4","img/house_2.png","img/house_3.png","771.9200000137789","575.1349999918602","","771.9200000137789,575.1349999918602","70","70,32","null","","null","","",""
"no-tradeoff-rwd","50","682716","0.0-6.0-0.28","","","","","","","","1","9","2","img/house_6.png","img/house_4.png","680.1150000101188","633.0700000107754","3967.7150000061374","680.1150000101188,633.0700000107754,3967.7150000061374","74","74,32,13","enter","8","null","","",""
"no-tradeoff-rwd","51","691119","0.0-6.0-0.29","","","","","","","","4","7","1","img/house_6.png","img/house_4.png","967.4099999974715","846.8300000095041","","967.4099999974715,846.8300000095041","70","70,32","null","","null","","",""
"no-tradeoff-rwd","52","702889","0.0-6.0-0.30","","","","","","","","4","6","3","img/house_6.png","img/house_4.png","854.7800000087591","3520.649999991292","711.6449999884935","854.7800000087591,3520.649999991292,711.6449999884935","74","74,13,32","null","","enter","7","",""
"no-tradeoff-rwd","53","711963","0.0-6.0-0.31","","","","","","","","1","1","8","img/house_3.png","img/house_2.png","1220.3949999966426","1492.3149999958696","39.49999999895226","1220.3949999966426,1492.3149999958696,39.49999999895226","74","74,70,32","null","","null","","",""
"no-tradeoff-rwd","54","724373","0.0-6.0-0.32","","","","","","","","4","5","2","img/house_2.png","img/house_3.png","512.0500000048196","984.4499999890104","3887.829999992391","512.0500000048196,984.4499999890104,3887.829999992391","70","70,32,13","enter","8","null","","",""
"no-tradeoff-rwd","55","732643","0.0-6.0-0.33","","","","","","","","4","2","4","img/house_6.png","img/house_4.png","842.2750000027008","722.1300000092015","","842.2750000027008,722.1300000092015","74","74,32","null","","null","","",""
"no-tradeoff-rwd","56","744808","0.0-6.0-0.34","","","","","","","","4","7","4","img/house_3.png","img/house_2.png","811.8800000083866","3526.819999999134","1111.5999999892665","811.8800000083866,3526.819999999134,1111.5999999892665","74","74,13,32","null","","enter","6","",""
"no-tradeoff-rwd","57","753150","0.0-6.0-0.35","","","","","","","","4","3","4","img/house_2.png","img/house_3.png","669.7299999941606","815.600000001723","","669.7299999941606,815.600000001723","70","70,32","null","","null","","",""
"no-tradeoff-rwd","58","765097","0.0-6.0-0.36","","","","","","","","1","3","3","img/house_3.png","img/house_2.png","757.805000001099","858.1100000010338","3551.6399999905843","757.805000001099,858.1100000010338,3551.6399999905843","74","74,32,13","enter","7","null","","",""
"no-tradeoff-rwd","59","773342","0.0-6.0-0.37","","","","","","","","4","2","3","img/house_4.png","img/house_6.png","872.2650000127032","713.2500000006985","","872.2650000127032,713.2500000006985","70","70,32","null","","null","","",""
"no-tradeoff-rwd","60","785734","0.0-6.0-0.38","","","","","","","","4","3","1","img/house_6.png","img/house_4.png","673.0549999920186","928.9949999947567","4143.710000003921","673.0549999920186,928.9949999947567,4143.710000003921,703.2949999993434","74","74,70,13,32","null","","enter","5","",""
"no-tradeoff-rwd","61","793923","0.0-6.0-0.39","","","","","","","","4","7","5","img/house_2.png","img/house_3.png","607.6449999964098","655.9700000070734","","607.6449999964098,655.9700000070734","74","74,32","null","","null","","",""
"no-tradeoff-rwd","62","805232","0.0-6.0-0.40","","","","","","","","4","6","3","img/house_6.png","img/house_4.png","905.5450000014389","708.3500000007916","3071.55999999668","905.5450000014389,708.3500000007916,3071.55999999668","70","70,32,13","enter","7","null","","",""
"no-tradeoff-rwd","63","813415","0.0-6.0-0.41","","","","","","","","1","2","5","img/house_3.png","img/house_2.png","811.2099999998463","641.4700000023004","","811.2099999998463,641.4700000023004","70","70,32","null","","null","","",""
"no-tradeoff-rwd","64","824984","0.0-6.0-0.42","","","","","","","","1","4","5","img/house_4.png","img/house_6.png","840.41000000434","3383.514999994077","639.3200000020443","840.41000000434,3383.514999994077,639.3200000020443","74","74,13,32","null","","enter","4","",""
"no-tradeoff-rwd","65","833376","0.0-6.0-0.43","","","","","","","","4","4","3","img/house_2.png","img/house_3.png","979.36500000651","1227.0949999947334","841.4599999960046","979.36500000651,1227.0949999947334,841.4599999960046","74","74,70,32","null","","null","","",""
"no-tradeoff-rwd","66","844902","0.0-6.0-0.44","","","","","","","","1","1","6","img/house_4.png","img/house_6.png","398.41499998874497","871.1499999917578","3127.4149999953806","398.41499998874497,871.1499999917578,3127.4149999953806","74","74,32,13","enter","4","null","","",""
"no-tradeoff-rwd","67","852881","0.0-6.0-0.45","","","","","","","","4","6","3","img/house_2.png","img/house_3.png","690.6349999917438","426.0199999989709","","690.6349999917438,426.0199999989709","70","70,32","null","","null","","",""
"no-tradeoff-rwd","68","864831","0.0-6.0-0.46","","","","","","","","1","2","6","img/house_4.png","img/house_6.png","852.5450000015553","3582.8049999981886","839.3150000047171","852.5450000015553,3582.8049999981886,839.3150000047171","70","70,13,32","null","","enter","5","",""
"no-tradeoff-rwd","69","873133","0.0-6.0-0.47","","","","","","","","1","5","2","img/house_6.png","img/house_4.png","978.304999996908","746.3699999934761","","978.304999996908,746.3699999934761","70","70,32","null","","null","","",""
"no-tradeoff-rwd","70","884540","0.0-6.0-0.48","","","","","","","","1","4","4","img/house_6.png","img/house_4.png","784.3050000083167","674.9799999961397","3191.4749999996275","784.3050000083167,674.9799999961397,3191.4749999996275","70","70,32,13","enter","6","null","","",""
"no-tradeoff-rwd","71","892838","0.0-6.0-0.49","","","","","","","","4","3","3","img/house_2.png","img/house_3.png","815.6200000084937","754.8749999987194","","815.6200000084937,754.8749999987194","70","70,32","null","","null","","",""
"no-tradeoff-rwd","72","905564","0.0-6.0-0.50","","","","","","","","4","4","4","img/house_3.png","img/house_2.png","436.30500001017936","4372.105000002193","807.3900000017602","436.30500001017936,4372.105000002193,807.3900000017602","74","74,13,32","null","","enter","7","",""
"no-tradeoff-rwd","73","913670","0.0-6.0-0.51","","","","","","","","4","6","0","img/house_3.png","img/house_2.png","820.7400000101188","560.2249999938067","","820.7400000101188,560.2249999938067","74","74,32","null","","null","","",""
"no-tradeoff-rwd","74","925119","0.0-6.0-0.52","","","","","","","","4","2","4","img/house_6.png","img/house_4.png","1047.3050000000512","709.419999999227","3199.5699999970384","1047.3050000000512,709.419999999227,3199.5699999970384","70","70,32,13","enter","7","null","","",""
"no-tradeoff-rwd","75","933648","0.0-6.0-0.53","","","","","","","","4","4","2","img/house_2.png","img/house_3.png","1014.7799999976996","969.1449999954784","","1014.7799999976996,969.1449999954784","74","74,32","null","","null","","",""
"no-tradeoff-rwd","76","945707","0.0-6.0-0.54","","","","","","","","4","2","7","img/house_3.png","img/house_2.png","540.1199999905657","3594.8799999896437","927.0350000006147","540.1199999905657,3594.8799999896437,927.0350000006147","70","70,13,32","null","","enter","6","",""
"no-tradeoff-rwd","77","953834","0.0-6.0-0.55","","","","","","","","4","8","2","img/house_2.png","img/house_3.png","793.2699999946635","579.2950000031851","","793.2699999946635,579.2950000031851","70","70,32","null","","null","","",""
"no-tradeoff-rwd","78","965159","0.0-6.0-0.56","","","","","","","","4","5","2","img/house_6.png","img/house_4.png","940.5100000003586","738.839999990887","3055.4899999988265","940.5100000003586,738.839999990887,3055.4899999988265","74","74,32,13","enter","6","null","","",""
"no-tradeoff-rwd","79","973418","0.0-6.0-0.57","","","","","","","","4","7","1","img/house_6.png","img/house_4.png","866.1550000106217","718.4549999947194","","866.1550000106217,718.4549999947194","70","70,32","null","","null","","",""
"no-tradeoff-rwd","80","984810","0.0-6.0-0.58","","","","","","","","1","7","1","img/house_6.png","img/house_4.png","676.900000005844","3143.0549999931827","703.2900000049267","676.900000005844,3143.0549999931827,703.2900000049267","74","74,13,32","null","","enter","7","",""
"no-tradeoff-rwd","81","993067","0.0-6.0-0.59","","","","","","","","1","2","6","img/house_4.png","img/house_6.png","587.9549999954179","718.6799999908544","","587.9549999954179,718.6799999908544","70","70,32","null","","null","","",""
"no-tradeoff-rwd","82","1006252","0.0-6.0-0.60","","","","","","","","4","4","5","img/house_6.png","img/house_4.png","821.509999994305","897.3249999980908","3223.549999995157","821.509999994305,897.3249999980908,3223.549999995157","74","74,32,13","enter","7","null","","",""
"no-tradeoff-rwd","83","1015340","0.0-6.0-0.61","","","","","","","","4","3","5","img/house_6.png","img/house_4.png","625.5550000059884","41.81999999855179","","625.5550000059884,41.81999999855179","74","74,32","null","","null","","",""
"no-tradeoff-rwd","84","1027815","0.0-6.0-0.62","","","","","","","","4","5","6","img/house_6.png","img/house_4.png","848.760000008042","4105.275000008987","831.3249999919208","848.760000008042,4105.275000008987,831.3249999919208","70","70,13,32","null","","enter","6","",""
"no-tradeoff-rwd","85","1035951","0.0-6.0-0.63","","","","","","","","1","5","8","img/house_2.png","img/house_3.png","626.9400000019232","591.4149999880465","","626.9400000019232,591.4149999880465","70","70,32","null","","null","","",""
"no-tradeoff-rwd","86","1047807","0.0-6.0-0.64","","","","","","","","4","6","7","img/house_2.png","img/house_3.png","547.9649999906542","630.315000002156","3687.625000005937","547.9649999906542,630.315000002156,3687.625000005937","74","74,32,13","enter","7","null","","",""
"no-tradeoff-rwd","87","1056007","0.0-6.0-0.65","","","","","","","","1","2","7","img/house_2.png","img/house_3.png","836.5950000006706","664.964999988908","","836.5950000006706,664.964999988908","70","70,32","null","","null","","",""
"no-tradeoff-rwd","88","1067281","0.0-6.0-0.66","","","","","","","","1","6","2","img/house_4.png","img/house_6.png","967.8350000032224","3090.490000002319","639.2650000052527","967.8350000032224,3090.490000002319,639.2650000052527","74","74,13,32","null","","enter","5","",""
"no-tradeoff-rwd","89","1075403","0.0-6.0-0.67","","","","","","","","1","4","4","img/house_4.png","img/house_6.png","985.755000001518","588.0550000001676","","985.755000001518,588.0550000001676","74","74,32","null","","null","","",""
"no-tradeoff-rwd","90","1086938","0.0-6.0-0.68","","","","","","","","1","5","2","img/house_2.png","img/house_3.png","422.0050000003539","632.2499999948777","3367.459999993909","422.0050000003539,632.2499999948777,3367.459999993909","70","70,32,13","enter","6","null","","",""
"no-tradeoff-rwd","91","1095042","0.0-6.0-0.69","","","","","","","","4","4","3","img/house_6.png","img/house_4.png","849.5650000113528","558.5649999994785","","849.5650000113528,558.5649999994785","70","70,32","null","","null","","",""
"no-tradeoff-rwd","92","1108065","0.0-6.0-0.70","","","","","","","","4","6","3","img/house_4.png","img/house_6.png","971.6699999989942","4287.314999994123","1207.3850000016391","971.6699999989942,4287.314999994123,1207.3850000016391","70","70,13,32","null","","enter","6","",""
"no-tradeoff-rwd","93","1116412","0.0-6.0-0.71","","","","","","","","4","3","8","img/house_2.png","img/house_3.png","567.639999993844","800.3549999992829","","567.639999993844,800.3549999992829","70","70,32","null","","null","","",""
"no-tradeoff-rwd","94","1128061","0.0-6.0-0.72","","","","","","","","1","2","7","img/house_6.png","img/house_4.png","787.175000004936","556.100000001723","3543.864999999758","787.175000004936,556.100000001723,3543.864999999758","74","74,32,13","enter","6","null","","",""
"no-tradeoff-rwd","95","1136036","0.0-6.0-0.73","","","","","","","","1","9","3","img/house_4.png","img/house_6.png","412.25500000291504","429.02999999932945","","412.25500000291504,429.02999999932945","70","70,32","null","","null","","",""
"no-tradeoff-rwd","96","1147433","0.0-6.0-0.74","","","","","","","","1","8","2","img/house_3.png","img/house_2.png","875.0100000035018","3303.5200000014156","559.3850000002421","875.0100000035018,3303.5200000014156,559.3850000002421","70","70,13,32","null","","enter","6","",""
"no-tradeoff-rwd","97","1155384","0.0-6.0-0.75","","","","","","","","4","6","0","img/house_4.png","img/house_6.png","348.3599999891594","421.6550000128336","","348.3599999891594,421.6550000128336","74","74,32","null","","null","","",""
"no-tradeoff-rwd","98","1166631","0.0-6.0-0.76","","","","","","","","4","3","6","img/house_6.png","img/house_4.png","609.5050000003539","599.9750000045169","3103.6000000021886","609.5050000003539,599.9750000045169,3103.6000000021886","70","70,32,13","enter","8","null","","",""
"no-tradeoff-rwd","99","1174921","0.0-6.0-0.77","","","","","","","","1","8","6","img/house_2.png","img/house_3.png","943.6700000078417","745.7500000018626","","943.6700000078417,745.7500000018626","74","74,32","null","","null","","",""
"no-tradeoff-rwd","100","1186121","0.0-6.0-0.78","","","","","","","","4","6","8","img/house_3.png","img/house_2.png","538.1000000052154","3117.8849999997765","543.3300000005402","538.1000000052154,3117.8849999997765,543.3300000005402","70","70,13,32","null","","enter","7","",""
"no-tradeoff-rwd","101","1194310","0.0-6.0-0.79","","","","","","","","4","6","4","img/house_3.png","img/house_2.png","874.8200000117067","650.8199999951757","","874.8200000117067,650.8199999951757","74","74,32","null","","null","","",""
"no-tradeoff-rwd","102","1205509","0.0-6.0-0.80","","","","","","","","4","3","5","img/house_3.png","img/house_2.png","947.7250000052154","477.10999999265186","3167.5749999994878","947.7250000052154,477.10999999265186,3167.5749999994878","70","70,32,13","enter","7","null","","",""
"no-tradeoff-rwd","103","1213643","0.0-6.0-0.81","","","","","","","","1","6","4","img/house_4.png","img/house_6.png","977.0149999968708","588.505000007106","","977.0149999968708,588.505000007106","74","74,32","null","","null","","",""
"no-tradeoff-rwd","104","1225386","0.0-6.0-0.82","","","","","","","","4","4","8","img/house_6.png","img/house_4.png","1266.3849999953527","3510.3349999990314","695.2849999940954","1266.3849999953527,3510.3349999990314,695.2849999940954","74","74,13,32","null","","enter","5","",""
"no-tradeoff-rwd","105","1233631","0.0-6.0-0.83","","","","","","","","4","7","3","img/house_3.png","img/house_2.png","1083.1350000079256","704.3850000044331","","1083.1350000079256,704.3850000044331","70","70,32","null","","null","","",""
"no-tradeoff-rwd","106","1244921","0.0-6.0-0.84","","","","","","","","1","7","5","img/house_4.png","img/house_6.png","841.2149999928661","809.3650000081398","2927.5199999974575","841.2149999928661,809.3650000081398,2927.5199999974575","74","74,32,13","enter","6","null","","",""
"no-tradeoff-rwd","107","1253150","0.0-6.0-0.85","","","","","","","","4","8","3","img/house_3.png","img/house_2.png","869.6750000088941","703.6300000036135","","869.6750000088941,703.6300000036135","70","70,32","null","","null","","",""
"no-tradeoff-rwd","108","1265469","0.0-6.0-0.86","","","","","","","","4","1","9","img/house_6.png","img/house_4.png","1023.9149999979418","4038.485000011977","735.4049999995623","1023.9149999979418,4038.485000011977,735.4049999995623","70","70,13,32","null","","enter","4","",""
"no-tradeoff-rwd","109","1273594","0.0-6.0-0.87","","","","","","","","4","7","4","img/house_4.png","img/house_6.png","487.97499999636784","584.909999990603","","487.97499999636784,584.909999990603","70","70,32","null","","null","","",""
"no-tradeoff-rwd","110","1285140","0.0-6.0-0.88","","","","","","","","1","8","4","img/house_4.png","img/house_6.png","711.1299999959301","806.1349999916274","3199.535000006901","711.1299999959301,806.1349999916274,3199.535000006901","74","74,32,13","enter","6","null","","",""
"no-tradeoff-rwd","111","1293170","0.0-6.0-0.89","","","","","","","","4","9","3","img/house_4.png","img/house_6.png","559.2049999977462","488.08500000461936","","559.2049999977462,488.08500000461936","70","70,32","null","","null","","",""
"no-tradeoff-rwd","112","1304555","0.0-6.0-0.90","","","","","","","","1","7","5","img/house_4.png","img/house_6.png","510.6550000056159","3210.6549999879207","631.0149999917485","510.6550000056159,3210.6549999879207,631.0149999917485","70","70,13,32","null","","enter","7","",""
"no-tradeoff-rwd","113","1312803","0.0-6.0-0.91","","","","","","","","1","6","4","img/house_4.png","img/house_6.png","991.2250000052154","714.9150000042282","","991.2250000052154,714.9150000042282","70","70,32","null","","null","","",""
"no-tradeoff-rwd","114","1324384","0.0-6.0-0.92","","","","","","","","4","3","4","img/house_2.png","img/house_3.png","959.4950000029057","525.9400000066962","3503.9600000018254","959.4950000029057,525.9400000066962,3503.9600000018254","70","70,32,13","enter","4","null","","",""
"no-tradeoff-rwd","115","1332360","0.0-6.0-0.93","","","","","","","","1","3","1","img/house_3.png","img/house_2.png","766.0800000010058","421.49500000220723","","766.0800000010058,421.49500000220723","70","70,32","null","","null","","",""
"no-tradeoff-rwd","116","1344563","0.0-6.0-0.94","","","","","","","","4","4","2","img/house_4.png","img/house_6.png","662.794999996433","3984.5950000018347","679.2550000099","662.794999996433,3984.5950000018347,679.2550000099","70","70,13,32","null","","enter","6","",""
"no-tradeoff-rwd","117","1352656","0.0-6.0-0.95","","","","","","","","1","3","6","img/house_2.png","img/house_3.png","468.84499999601394","545.7450000103563","","468.84499999601394,545.7450000103563","74","74,32","null","","null","","",""
"no-tradeoff-rwd","118","1363620","0.0-6.0-0.96","","","","","","","","4","5","3","img/house_4.png","img/house_6.png","572.7949999999255","503.2000000064727","2911.5549999987707","572.7949999999255,503.2000000064727,2911.5549999987707","70","70,32,13","enter","6","null","","",""
"no-tradeoff-rwd","119","1371629","0.0-6.0-0.97","","","","","","","","4","5","5","img/house_4.png","img/house_6.png","664.9299999992363","461.9000000092201","","664.9299999992363,461.9000000092201","74","74,32","null","","null","","",""
"no-tradeoff-rwd","120","1382799","0.0-6.0-0.98","","","","","","","","1","5","7","img/house_3.png","img/house_2.png","581.0449999989942","3062.080000003334","567.4100000031758","581.0449999989942,3062.080000003334,567.4100000031758","70","70,13,32","null","","enter","6","",""
"no-tradeoff-rwd","121","1391492","0.0-6.0-0.99","","","","","","","","1","7","5","img/house_4.png","img/house_6.png","1128.5950000018347","1146.9900000086054","","1128.5950000018347,1146.9900000086054","74","74,32","null","","null","","",""
"no-tradeoff-rwd","122","1402897","0.0-6.0-0.100","","","","","","","","1","7","4","img/house_3.png","img/house_2.png","798.9649999944959","601.3649999951012","3263.5699999956414","798.9649999944959,601.3649999951012,3263.5699999956414","74","74,32,13","enter","6","null","","",""
"no-tradeoff-rwd","123","1410912","0.0-6.0-0.101","","","","","","","","1","7","5","img/house_3.png","img/house_2.png","913.7950000003912","470.6949999961071","","913.7950000003912,470.6949999961071","74","74,32","null","","null","","",""
"no-tradeoff-rwd","124","1421996","0.0-6.0-0.102","","","","","","","","4","5","5","img/house_4.png","img/house_6.png","719.5599999977276","2894.2700000042096","631.3350000130013","719.5599999977276,2894.2700000042096,631.3350000130013","74","74,13,32","null","","enter","7","",""
"no-tradeoff-rwd","125","1430154","0.0-6.0-0.103","","","","","","","","1","3","5","img/house_3.png","img/house_2.png","739.8700000050012","607.4349999979604","","739.8700000050012,607.4349999979604","74","74,32","null","","null","","",""
"no-tradeoff-rwd","126","1442415","0.0-6.0-0.104","","","","","","","","4","3","2","img/house_2.png","img/house_3.png","1010.6499999966472","597.7750000020023","4127.545000010403","1010.6499999966472,597.7750000020023,4127.545000010403","74","74,32,13","enter","5","null","","",""
"no-tradeoff-rwd","127","1450548","0.0-6.0-0.105","","","","","","","","4","3","4","img/house_3.png","img/house_2.png","1033.4549999968149","594.1250000032596","","1033.4549999968149,594.1250000032596","74","74,32","null","","null","","",""
"no-tradeoff-rwd","128","1462116","0.0-6.0-0.106","","","","","","","","1","3","5","img/house_3.png","img/house_2.png","841.5600000007544","3326.6200000070967","695.3800000045449","841.5600000007544,3326.6200000070967,695.3800000045449","74","74,13,32","null","","enter","7","",""
"no-tradeoff-rwd","129","1470280","0.0-6.0-0.107","","","","","","","","1","2","4","img/house_6.png","img/house_4.png","766.6999999929685","622.1649999932852","","766.6999999929685,622.1649999932852","74","74,32","null","","null","","",""
"no-tradeoff-rwd","130","1481399","0.0-6.0-0.108","","","","","","","","1","2","2","img/house_4.png","img/house_6.png","415.33000000333413","419.99500000383705","3151.595000002999","415.33000000333413,419.99500000383705,3151.595000002999","70","70,32,13","enter","5","null","","",""
"no-tradeoff-rwd","131","1489405","0.0-6.0-0.109","","","","","","","","4","2","1","img/house_2.png","img/house_3.png","437.304999999702","466.79999999469146","","437.304999999702,466.79999999469146","74","74,32","null","","null","","",""
"no-tradeoff-rwd","132","1500422","0.0-6.0-0.110","","","","","","","","1","4","4","img/house_3.png","img/house_2.png","621.595000004163","3046.6749999905005","423.320000001695","621.595000004163,3046.6749999905005,423.320000001695","74","74,13,32","null","","enter","7","",""
"no-tradeoff-rwd","133","1508489","0.0-6.0-0.111","","","","","","","","1","4","5","img/house_3.png","img/house_2.png","869.6500000078231","522.1699999966659","","869.6500000078231,522.1699999966659","70","70,32","null","","null","","",""
"no-tradeoff-rwd","134","1519382","0.0-6.0-0.112","","","","","","","","1","4","1","img/house_2.png","img/house_3.png","726.175000003539","462.19499998539686","2879.740000003949","726.175000003539,462.19499998539686,2879.740000003949","74","74,32,13","enter","6","null","","",""
"no-tradeoff-rwd","135","1527342","0.0-6.0-0.113","","","","","","","","1","2","5","img/house_3.png","img/house_2.png","613.93500000122","418.814999997383","","613.93500000122,418.814999997383","70","70,32","null","","null","","",""
"no-tradeoff-rwd","136","1538265","0.0-6.0-0.114","","","","","","","","4","3","6","img/house_3.png","img/house_2.png","703.1049999934621","2857.98000000068","527.2799999949057","703.1049999934621,2857.98000000068,527.2799999949057","74","74,13,32","null","","enter","7","",""
"no-tradeoff-rwd","137","1546182","0.0-6.0-0.115","","","","","","","","1","4","5","img/house_6.png","img/house_4.png","935.4749999912456","373.4000000115484","","935.4749999912456,373.4000000115484","70","70,32","null","","null","","",""
"no-tradeoff-rwd","138","1556872","0.0-6.0-0.116","","","","","","","","1","3","9","img/house_6.png","img/house_4.png","680.6700000015553","410.0299999990966","2743.645000009332","680.6700000015553,410.0299999990966,2743.645000009332","74","74,32,13","enter","7","null","","",""
"no-tradeoff-rwd","139","1564843","0.0-6.0-0.117","","","","","","","","1","8","3","img/house_4.png","img/house_6.png","676.9449999991339","423.3749999983702","","676.9449999991339,423.3749999983702","70","70,32","null","","null","","",""
"no-tradeoff-rwd","140","1575798","0.0-6.0-0.118","","","","","","","","1","9","6","img/house_4.png","img/house_6.png","913.7849999971222","2951.175000009127","463.64500001072884","913.7849999971222,2951.175000009127,463.64500001072884","74","74,13,32","null","","enter","7","",""
"no-tradeoff-rwd","141","1583841","0.0-6.0-0.119","","","","","","","","1","7","3","img/house_4.png","img/house_6.png","737.7049999921583","508.52999999187887","","737.7049999921583,508.52999999187887","70","70,32","null","","null","","",""
"call-function","142","1583842","0.0-7.0","","","","","","","","","","","","","","","","","","","","","","","",""
"html-keyboard-response","143","1586392","0.0-8.0","2549.1550000007264","<p>Now you will play the second game!</p><p>Press the space bar to begin reading the instructions for the second game.</p>","","","32","","","","","","","","","","","","","","","","","","",""
"instructions","144","1801214","0.0-9.0","214822.66000000527","","","","","[{""page_index"":0,""viewing_time"":31062.925000005635},{""page_index"":1,""viewing_time"":130663.49500000058},{""page_index"":2,""viewing_time"":8271.94500000053},{""page_index"":3,""viewing_time"":3807.9199999920093},{""page_index"":4,""viewing_time"":11311.975000004051},{""page_index"":5,""viewing_time"":7016.044999996666},{""page_index"":6,""viewing_time"":13607.910000006203},{""page_index"":7,""viewing_time"":7479.974999994738},{""page_index"":8,""viewing_time"":1600.1650000107475}]","","","","","","","","","","","","","","","","","",""
"html-keyboard-response","145","1808543","0.0-10.0-0.0","7327.364999990212","<p style=""font-size:24px;font-weight:bold"">TEST QUESTION</p><p>Which letter should you press to select the green tree on the left?</p><div class=group><table class=table_center><tr><td class=prompt colspan=2>Choose one</td></tr><tr style=""height: 300px;""><td style=""width: 300px;""><img id=""left"" src=img/tree_3.png style=""zoom: 100%;""/></td><td style=""width: 300px;""><img id=""right"" src=img/tree_7.png style=""zoom: 100%;""/></td></tr></table></div><br>","","","70","","true","","","","","","","","","","","","","","","","",""
"html-keyboard-response","146","1811546","0.0-10.0-1.0","null","<p style=""font-size:36px;font-weight:bold"">Correct!</p><p> Remember, press ""F"" for left and ""J"" for right. </p>","","","null","","","","","","","","","","","","","","","","","","",""
"html-keyboard-response","147","1815398","0.0-10.0-2.0","3851.330000004964","<p style=""font-size:24px;font-weight:bold"">TEST QUESTION</p><p>Which letter should you press to select the red tree on the right?</p><div class=group><table class=table_center><tr><td class=prompt colspan=2>Choose one</td></tr><tr style=""height: 300px;""><td style=""width: 300px;""><img id=""left"" src=img/tree_3.png style=""zoom: 100%;""/></td><td style=""width: 300px;""><img id=""right"" src=img/tree_7.png style=""zoom: 100%;""/></td></tr></table></div><br>","","","74","","true","","","","","","","","","","","","","","","","",""
"html-keyboard-response","148","1818403","0.0-10.0-3.0","null","<p style=""font-size:36px;font-weight:bold"">Correct!</p><p> Remember, press ""F"" for left and ""J"" for right. </p>","","","null","","","","","","","","","","","","","","","","","","",""
"html-keyboard-response","149","1822582","0.0-10.0-4.0","4178.65999999037","<p style=""font-size:24px;font-weight:bold"">TEST QUESTION</p><p>Type the number of the <b> maximum </b> amount of shields an gnome can make</p>","","","57","","true","","","","","","","","","","","","","","","","",""
"html-keyboard-response","150","1825598","0.0-10.0-5.0","null","<p style=""font-size:36px;font-weight:bold"">Correct!</p><p> Remember, gnomes can make 0 to 9 shields. </p>","","","null","","","","","","","","","","","","","","","","","","",""
"html-keyboard-response","151","1830271","0.0-10.0-6.0","4671.319999993779","<p style=""font-size:24px;font-weight:bold"">TEST QUESTION</p><p>Remember, the same tree always takes you to the same gnome. </p><p>On this trial, select the tree on the left by pressing ""F"".</p><div class=group><table class=table_center><tr><td class=prompt colspan=2>Choose one</td></tr><tr style=""height: 300px;""><td style=""width: 300px;""><img id=""left"" src=img/tree_1.png style=""zoom: 100%;""/></td><td style=""width: 300px;""><img id=""right"" src=img/tree_2.png style=""zoom: 100%;""/></td></tr></table></div><br>","","","70","","","","","","","","","","","","","","","","","","",""
"html-keyboard-response","152","1838894","0.0-10.0-7.0","8623.195000007516","<p style=""font-size:24px;font-weight:bold"">TEST QUESTION</p><p>The orange tree took you to the green gnome. </p><p> The green gnome gave you 8 shields. </p><p> The most shields a gnome can make is 9 shields, so this is a great outcome!</p><div class=group><table class=table_center><tr><td class=prompt colspan=3>You received</td></tr><tr style=""height: 300px;""><td><img src=img/gnome_green.png style=""zoom: 100%;""/></td><td><img src=img/shield.png style=""zoom: 30%;""/></td><td class=prompt>x 8</td></tr></table></div><br><p> Press space to continue </p>","","","32","","","","","","","","","","","","","","","","","","",""
"html-keyboard-response","153","1842222","0.0-10.0-8.0","3327.1349999997765","<p style=""font-size:24px;font-weight:bold"">TEST QUESTION</p><p>If you wanted to visit the <b> green gnome </b> again, which tree would you select?</p><div class=group><table class=table_center><tr><td class=prompt colspan=2>Choose one</td></tr><tr style=""height: 300px;""><td style=""width: 300px;""><img id=""left"" src=img/tree_1.png style=""zoom: 100%;""/></td><td style=""width: 300px;""><img id=""right"" src=img/tree_2.png style=""zoom: 100%;""/></td></tr></table></div><br>","","","70","","true","","","","","","","","","","","","","","","","",""
"html-keyboard-response","154","1845236","0.0-10.0-9.0","null","<p style=""font-size:36px;font-weight:bold"">Correct!</p><p> Remember, the same tree goes to the same gnome. </p>","","","null","","","","","","","","","","","","","","","","","","",""
"html-keyboard-response","155","1849230","0.0-10.0-10.0","3993.5399999958463","<p style=""font-size:24px;font-weight:bold"">TEST QUESTION</p><p>On this trial, select the tree on the right by pressing ""J"".</p><div class=group><table class=table_center><tr><td class=prompt colspan=2>Choose one</td></tr><tr style=""height: 300px;""><td style=""width: 300px;""><img id=""left"" src=img/tree_1.png style=""zoom: 100%;""/></td><td style=""width: 300px;""><img id=""right"" src=img/tree_2.png style=""zoom: 100%;""/></td></tr></table></div><br>","","","74","","","","","","","","","","","","","","","","","","",""
"html-keyboard-response","156","1854166","0.0-10.0-11.0","4935.154999999329","<p style=""font-size:24px;font-weight:bold"">TEST QUESTION</p><p>The blue tree took you to the purple gnome. </p><p> The purple gnome only gave you 1 shield. </p><p> That is not very much and is a pretty bad outcome.</p><div class=group><table class=table_center><tr><td class=prompt colspan=3>You received</td></tr><tr style=""height: 300px;""><td><img src=img/gnome_purple.png style=""zoom: 100%;""/></td><td><img src=img/shield.png style=""zoom: 30%;""/></td><td class=prompt>x 1</td></tr></table></div><br><p> Press space to continue </p>","","","32","","","","","","","","","","","","","","","","","","",""
"html-keyboard-response","157","1859670","0.0-10.0-12.0","5503.4649999868125","<p style=""font-size:24px;font-weight:bold"">TEST QUESTION</p><p>Remember the green gnome gave you 8 shields and the purple gnome only gave you 1 shield. </p><p> Which gnome would you try to visit next? </p><div class=group><table class=table_center><tr><td class=prompt colspan=2>Choose one</td></tr><tr style=""height: 300px;""><td style=""width: 300px;""><img id=""left"" src=img/gnome_green.png style=""zoom: 100%;""/></td><td style=""width: 300px;""><img id=""right"" src=img/gnome_purple.png style=""zoom: 100%;""/></td></tr></table></div><br>","","","70","","true","","","","","","","","","","","","","","","","",""
"html-keyboard-response","158","1862687","0.0-10.0-13.0","null","<p style=""font-size:36px;font-weight:bold"">Correct!</p><p> Remember, you want to select the gnome who gives you the most shields.</p>","","","null","","","","","","","","","","","","","","","","","","",""
"html-keyboard-response","159","1865022","0.0-10.0-14.0","2334.7250000077765","<p style=""font-size:24px;font-weight:bold"">TEST QUESTION</p><p>To visit the green gnome, which tree should you visit? </p><div class=group><table class=table_center><tr><td class=prompt colspan=2>Choose one</td></tr><tr style=""height: 300px;""><td style=""width: 300px;""><img id=""left"" src=img/tree_1.png style=""zoom: 100%;""/></td><td style=""width: 300px;""><img id=""right"" src=img/tree_2.png style=""zoom: 100%;""/></td></tr></table></div><br>","","","70","","true","","","","","","","","","","","","","","","","",""
"html-keyboard-response","160","1868035","0.0-10.0-15.0","null","<p style=""font-size:36px;font-weight:bold"">Correct!</p><p>Remember, the same tree goes to the same gnome each time.</p>","","","null","","","","","","","","","","","","","","","","","","",""
"html-keyboard-response","161","1869991","0.0-10.0-16.0","1954.859999998007","<p style=""font-size:36px;font-weight:bold"">You are ready to play!</p><p>The trees and gnomes in the actual game will be different than the practice. </p><p> Press space to start the game</p>","","","32","","","","","","","","","","","","","","","","","","",""
"no-tradeoff","162","1883859","0.0-11.0-0.0","","","","","","","","4","6","1","img/tree_9.png","img/tree_8.png","1027.97999999905","1237.8049999971408","5071.425000001909","1027.97999999905,1237.8049999971408,5071.425000001909","70","70,32,13","enter","7","null","","",""
"no-tradeoff","163","1892873","0.0-11.0-0.1","","","","","","","","4","0","4","img/tree_8.png","img/tree_9.png","1344.0150000094436","1469.825000007404","","1344.0150000094436,1469.825000007404","70","70,32","null","","null","","",""
"no-tradeoff","164","1905753","0.0-11.0-0.2","","","","","","","","4","5","5","img/tree_9.png","img/tree_8.png","1435.8650000067428","4758.814999993658","607.2899999998044","1435.8650000067428,4758.814999993658,607.2899999998044","70","70,13,32","null","","enter","7","",""
"no-tradeoff","165","1914040","0.0-11.0-0.3","","","","","","","","1","2","4","img/tree_9.png","img/tree_8.png","1113.8899999931455","764.6799999931827","","1113.8899999931455,764.6799999931827","74","74,32","null","","null","","",""
"no-tradeoff","166","1926048","0.0-11.0-0.4","","","","","","","","1","4","0","img/tree_7.png","img/tree_3.png","650.8999999933876","623.6050000006799","3847.559999994701","650.8999999933876,623.6050000006799,3847.559999994701","70","70,32,13","enter","6","null","","",""
"no-tradeoff","167","1934239","0.0-11.0-0.5","","","","","","","","4","1","1","img/tree_3.png","img/tree_7.png","1293.1299999908078","646.9499999948312","","1293.1299999908078,646.9499999948312","70","70,32","null","","null","","",""
"no-tradeoff","168","1946338","0.0-11.0-0.6","","","","","","","","4","2","1","img/tree_7.png","img/tree_3.png","1011.3249999994878","3510.1500000020023","1039.214999997057","1011.3249999994878,3510.1500000020023,1039.214999997057","74","74,13,32","null","","enter","6","",""
"no-tradeoff","169","1954506","0.0-11.0-0.7","","","","","","","","4","1","4","img/tree_9.png","img/tree_8.png","923.8349999939092","615.5999999898486","","923.8349999939092,615.5999999898486","74","74,32","null","","null","","",""
"no-tradeoff","170","1966825","0.0-11.0-0.8","","","","","","","","4","5","3","img/tree_8.png","img/tree_9.png","967.0099999930244","569.5050000068732","4199.624999993714","967.0099999930244,569.5050000068732,4199.624999993714","74","74,32,13","enter","7","null","","",""
"no-tradeoff","171","1974429","0.0-11.0-0.9","","","","","","","","4","6","6","img/tree_8.png","img/tree_9.png","995.4500000020489","77.2799999974668","","995.4500000020489,77.2799999974668","74","74,32","null","","null","","",""
"no-tradeoff","172","1986385","0.0-11.0-0.10","","","","","","","","4","4","9","img/tree_8.png","img/tree_9.png","878.9600000018254","3790.9600000130013","623.5199999937322","878.9600000018254,3790.9600000130013,623.5199999937322","70","70,13,32","null","","enter","4","",""
"no-tradeoff","173","1994340","0.0-11.0-0.11","","","","","","","","1","8","4","img/tree_9.png","img/tree_8.png","819.5649999978486","412.3649999964982","","819.5649999978486,412.3649999964982","70","70,32","null","","null","","",""
"no-tradeoff","174","2005462","0.0-11.0-0.12","","","","","","","","1","7","9","img/tree_9.png","img/tree_8.png","605.5449999985285","343.3299999886658","3239.6850000077393","605.5449999985285,343.3299999886658,3239.6850000077393","70","70,32,13","enter","9","null","","",""
"no-tradeoff","175","2013545","0.0-11.0-0.13","","","","","","","","1","7","8","img/tree_3.png","img/tree_7.png","1227.3600000045262","549.3299999944866","","1227.3600000045262,549.3299999944866","70","70,32","null","","null","","",""
"no-tradeoff","176","2024672","0.0-11.0-0.14","","","","","","","","1","9","7","img/tree_9.png","img/tree_8.png","544.3000000086613","2977.1900000050664","607.2350000031292","544.3000000086613,2977.1900000050664,607.2350000031292","70","70,13,32","null","","enter","6","",""
"no-tradeoff","177","2032617","0.0-11.0-0.15","","","","","","","","4","6","7","img/tree_3.png","img/tree_7.png","815.1050000013784","390.1800000022631","","815.1050000013784,390.1800000022631","74","74,32","null","","null","","",""
"no-tradeoff","178","2044186","0.0-11.0-0.16","","","","","","","","4","6","7","img/tree_3.png","img/tree_7.png","584.1550000039861","474.8249999976251","3551.54000000027","584.1550000039861,474.8249999976251,3551.54000000027","70","70,32,13","enter","8","null","","",""
"no-tradeoff","179","2052188","0.0-11.0-0.17","","","","","","","","1","9","7","img/tree_7.png","img/tree_3.png","1096.3999999947846","465.3249999973923","","1096.3999999947846,465.3249999973923","70","70,32","null","","null","","",""
"no-tradeoff","180","2063384","0.0-11.0-0.18","","","","","","","","1","7","9","img/tree_7.png","img/tree_3.png","593.6649999930523","3048.6550000060815","599.4150000042282","593.6649999930523,3048.6550000060815,599.4150000042282","74","74,13,32","null","","enter","8","",""
"no-tradeoff","181","2071462","0.0-11.0-0.19","","","","","","","","1","5","8","img/tree_7.png","img/tree_3.png","594.2750000106171","533.7000000001863","","594.2750000106171,533.7000000001863","70","70,32","null","","null","","",""
"no-tradeoff","182","2082390","0.0-11.0-0.20","","","","","","","","1","1","6","img/tree_8.png","img/tree_9.png","687.2250000014901","513.7099999994971","2871.2700000032783","687.2250000014901,513.7099999994971,2871.2700000032783","70","70,32,13","enter","7","null","","",""
"no-tradeoff","183","2090506","0.0-11.0-0.21","","","","","","","","4","8","3","img/tree_9.png","img/tree_8.png","778.4899999969639","568.8999999985099","","778.4899999969639,568.8999999985099","70","70,32","null","","null","","",""
"no-tradeoff","184","2101588","0.0-11.0-0.22","","","","","","","","4","9","5","img/tree_9.png","img/tree_8.png","821.9699999899603","3023.2549999926705","511.36000000406057","821.9699999899603,3023.2549999926705,511.36000000406057","74","74,13,32","null","","enter","7","",""
"no-tradeoff","185","2109585","0.0-11.0-0.23","","","","","","","","4","7","4","img/tree_9.png","img/tree_8.png","469.6200000033714","456.2750000040978","","469.6200000033714,456.2750000040978","70","70,32","null","","null","","",""
"no-tradeoff","186","2121089","0.0-11.0-0.24","","","","","","","","1","9","6","img/tree_9.png","img/tree_8.png","657.1899999980815","704.8999999971129","3255.5649999994785","657.1899999980815,704.8999999971129,3255.5649999994785","70","70,32,13","enter","7","null","","",""
"no-tradeoff","187","2129244","0.0-11.0-0.25","","","","","","","","1","8","2","img/tree_3.png","img/tree_7.png","1188.1649999995716","602.7400000020862","","1188.1649999995716,602.7400000020862","70","70,32","null","","null","","",""
"no-tradeoff","188","2140255","0.0-11.0-0.26","","","","","","","","4","4","1","img/tree_3.png","img/tree_7.png","629.4199999975972","3015.534999998752","455.2350000012666","629.4199999975972,3015.534999998752,455.2350000012666","70","70,13,32","null","","enter","7","",""
"no-tradeoff","189","2148368","0.0-11.0-0.27","","","","","","","","1","2","4","img/tree_8.png","img/tree_9.png","973.1999999932013","565.1550000039861","","973.1999999932013,565.1550000039861","70","70,32","null","","null","","",""
"no-tradeoff","190","2159558","0.0-11.0-0.28","","","","","","","","1","5","4","img/tree_3.png","img/tree_7.png","878.4449999947101","349.71999999834225","3295.509999996517","878.4449999947101,349.71999999834225,3295.509999996517","70","70,32,13","enter","6","null","","",""
"no-tradeoff","191","2167659","0.0-11.0-0.29","","","","","","","","1","3","3","img/tree_9.png","img/tree_8.png","843.949999995064","557.8200000021607","","843.949999995064,557.8200000021607","74","74,32","null","","null","","",""
"no-tradeoff","192","2179159","0.0-11.0-0.30","","","","","","","","1","4","4","img/tree_7.png","img/tree_3.png","1069.4700000020675","3420.165000003297","551.3400000054389","1069.4700000020675,3420.165000003297,551.3400000054389","70","70,13,32","null","","enter","4","",""
"no-tradeoff","193","2187116","0.0-11.0-0.31","","","","","","","","1","2","6","img/tree_3.png","img/tree_7.png","619.1000000108033","416.7150000138208","","619.1000000108033,416.7150000138208","74","74,32","null","","null","","",""
"no-tradeoff","194","2198468","0.0-11.0-0.32","","","","","","","","1","1","8","img/tree_9.png","img/tree_8.png","635.9700000034645","428.8649999941699","3383.634999990929","635.9700000034645,428.8649999941699,3383.634999990929","74","74,32,13","enter","8","null","","",""
"no-tradeoff","195","2206286","0.0-11.0-0.33","","","","","","","","1","2","8","img/tree_3.png","img/tree_7.png","844.4699999964796","270.29499999433756","","844.4699999964796,270.29499999433756","70","70,32","null","","null","","",""
"no-tradeoff","196","2217763","0.0-11.0-0.34","","","","","","","","1","8","0","img/tree_8.png","img/tree_9.png","1210.6099999947473","3381.43500000285","543.3650000048801","1210.6099999947473,3381.43500000285,543.3650000048801","74","74,13,32","null","","enter","6","",""
"no-tradeoff","197","2225960","0.0-11.0-0.35","","","","","","","","4","7","1","img/tree_7.png","img/tree_3.png","656.8649999969639","649.7099999981001","","656.8649999969639,649.7099999981001","74","74,32","null","","null","","",""
"no-tradeoff","198","2237041","0.0-11.0-0.36","","","","","","","","4","6","2","img/tree_8.png","img/tree_9.png","1307.0149999987334","595.8900000113063","2935.7149999993853","1307.0149999987334,595.8900000113063,2935.7149999993853","74","74,32,13","enter","6","null","","",""
"no-tradeoff","199","2245022","0.0-11.0-0.37","","","","","","","","1","7","1","img/tree_7.png","img/tree_3.png","598.2649999931455","438.9899999955669","","598.2649999931455,438.9899999955669","74","74,32","null","","null","","",""
"no-tradeoff","200","2256576","0.0-11.0-0.38","","","","","","","","1","4","9","img/tree_3.png","img/tree_7.png","1220.5150000080466","3517.3699999866076","503.3050000057556","1220.5150000080466,3517.3699999866076,503.3050000057556","70","70,13,32","null","","enter","3","",""
"no-tradeoff","201","2264520","0.0-11.0-0.39","","","","","","","","1","7","4","img/tree_7.png","img/tree_3.png","606.5849999869242","390.9050000072457","","606.5849999869242,390.9050000072457","74","74,32","null","","null","","",""
"no-tradeoff","202","2275353","0.0-11.0-0.40","","","","","","","","4","7","3","img/tree_8.png","img/tree_9.png","918.98499999661","468.2800000011921","2831.609999993816","918.98499999661,468.2800000011921,2831.609999993816","74","74,32,13","enter","7","null","","",""
"no-tradeoff","203","2283255","0.0-11.0-0.41","","","","","","","","4","8","2","img/tree_8.png","img/tree_9.png","995.8150000018068","373.500000001397","","995.8150000018068,373.500000001397","74","74,32","null","","null","","",""
"no-tradeoff","204","2294618","0.0-11.0-0.42","","","","","","","","1","7","3","img/tree_8.png","img/tree_9.png","952.7649999945424","3278.9599999962375","559.3349999981001","952.7649999945424,3278.9599999962375,559.3349999981001","70","70,13,32","null","","enter","6","",""
"no-tradeoff","205","2302638","0.0-11.0-0.43","","","","","","","","1","6","2","img/tree_8.png","img/tree_9.png","663.0600000061095","481.05500001087785","","663.0600000061095,481.05500001087785","74","74,32","null","","null","","",""
"no-tradeoff","206","2314066","0.0-11.0-0.44","","","","","","","","4","4","3","img/tree_7.png","img/tree_3.png","1053.865000009071","648.8200000021607","3231.629999994766","1053.865000009071,648.8200000021607,3231.629999994766","74","74,32,13","enter","8","null","","",""
"no-tradeoff","207","2322134","0.0-11.0-0.45","","","","","","","","1","1","5","img/tree_3.png","img/tree_7.png","624.7799999983981","522.1549999988638","","624.7799999983981,522.1549999988638","70","70,32","null","","null","","",""
"no-tradeoff","208","2333015","0.0-11.0-0.46","","","","","","","","1","8","2","img/tree_8.png","img/tree_9.png","547.0400000051595","2813.815000001341","535.3549999999814","547.0400000051595,2813.815000001341,535.3549999999814","70","70,13,32","null","","enter","7","",""
"no-tradeoff","209","2341051","0.0-11.0-0.47","","","","","","","","4","5","0","img/tree_7.png","img/tree_3.png","787.4850000077859","496.4849999961443","","787.4850000077859,496.4849999961443","74","74,32","null","","null","","",""
"no-tradeoff","210","2353119","0.0-11.0-0.48","","","","","","","","4","0","6","img/tree_3.png","img/tree_7.png","620.1900000013411","525.1450000070035","3991.5199999958277","620.1900000013411,525.1450000070035,3991.5199999958277","74","74,32,13","enter","5","null","","",""
"no-tradeoff","211","2361280","0.0-11.0-0.49","","","","","","","","1","8","2","img/tree_8.png","img/tree_9.png","964.4550000084564","612.3899999950081","","964.4550000084564,612.3899999950081","70","70,32","null","","null","","",""
"no-tradeoff","212","2372670","0.0-11.0-0.50","","","","","","","","4","9","0","img/tree_7.png","img/tree_3.png","573.9450000110082","3324.5599999935366","535.4450000012293","573.9450000110082,3324.5599999935366,535.4450000012293","74","74,13,32","null","","enter","8","",""
"no-tradeoff","213","2380707","0.0-11.0-0.51","","","","","","","","4","7","1","img/tree_8.png","img/tree_9.png","620.7750000031665","484.41000000433996","","620.7750000031665,484.41000000433996","70","70,32","null","","null","","",""
"no-tradeoff","214","2391703","0.0-11.0-0.52","","","","","","","","1","6","2","img/tree_8.png","img/tree_9.png","568.4449999970384","291.0249999985099","3159.699999989476","568.4449999970384,291.0249999985099,3159.699999989476","70","70,32,13","enter","6","null","","",""
"no-tradeoff","215","2399498","0.0-11.0-0.53","","","","","","","","4","7","1","img/tree_8.png","img/tree_9.png","543.699999995064","246.8899999950081","","543.699999995064,246.8899999950081","70","70,32","null","","null","","",""
"no-tradeoff","216","2412311","0.0-11.0-0.54","","","","","","","","1","9","1","img/tree_8.png","img/tree_9.png","526.9899999983609","3545.1099999919534","214.214999999851","526.9899999983609,3545.1099999919534,214.214999999851","74","74,13,32","null","","enter","","",""
"no-tradeoff","217","2420398","0.0-11.0-0.55","","","","","","","","4","8","2","img/tree_8.png","img/tree_9.png","657.785000002943","540.9799999906681","","657.785000002943,540.9799999906681","74","74,32","null","","null","","",""
"no-tradeoff","218","2431610","0.0-11.0-0.56","","","","","","","","4","6","1","img/tree_8.png","img/tree_9.png","704.5999999972992","455.2449999898672","3215.555000002496","704.5999999972992,455.2449999898672,3215.555000002496","70","70,32,13","enter","7","null","","",""
"no-tradeoff","219","2439628","0.0-11.0-0.57","","","","","","","","4","9","0","img/tree_8.png","img/tree_9.png","549.9599999892525","480.8100000084378","","549.9599999892525,480.8100000084378","70","70,32","null","","null","","",""
"no-tradeoff","220","2450819","0.0-11.0-0.58","","","","","","","","1","8","1","img/tree_7.png","img/tree_3.png","396.1099999868311","3123.990000007674","519.3199999923818","396.1099999868311,3123.990000007674,519.3199999923818","74","74,13,32","null","","enter","7","",""
"no-tradeoff","221","2458814","0.0-11.0-0.59","","","","","","","","1","8","3","img/tree_7.png","img/tree_3.png","419.00499998871237","457.31000001262873","","419.00499998871237,457.31000001262873","70","70,32","null","","null","","",""
"no-tradeoff","222","2469937","0.0-11.0-0.60","","","","","","","","4","9","1","img/tree_7.png","img/tree_3.png","541.1199999940582","462.1349999946542","3111.7349999984726","541.1199999940582,462.1349999946542,3111.7349999984726","74","74,32,13","enter","7","null","","",""
"no-tradeoff","223","2478026","0.0-11.0-0.61","","","","","","","","1","7","1","img/tree_8.png","img/tree_9.png","526.0399999972433","556.1749999905005","","526.0399999972433,556.1749999905005","74","74,32","null","","null","","",""
"no-tradeoff","224","2489338","0.0-11.0-0.62","","","","","","","","4","7","0","img/tree_8.png","img/tree_9.png","536.6849999995902","3141.8299999930896","631.3899999950081","536.6849999995902,3141.8299999930896,631.3899999950081","70","70,13,32","null","","enter","8","",""
"no-tradeoff","225","2497397","0.0-11.0-0.63","","","","","","","","4","4","1","img/tree_8.png","img/tree_9.png","376.35000000614673","500.8450000025332","","376.35000000614673,500.8450000025332","70","70,32","null","","null","","",""
"no-tradeoff","226","2508630","0.0-11.0-0.64","","","","","","","","1","0","5","img/tree_3.png","img/tree_7.png","614.9000000003725","426.85499999765307","3263.4000000110827","614.9000000003725,426.85499999765307,3263.4000000110827","74","74,32,13","enter","6","null","","",""
"no-tradeoff","227","2516648","0.0-11.0-0.65","","","","","","","","1","8","0","img/tree_8.png","img/tree_9.png","483.4650000119582","466.48000000277534","","483.4650000119582,466.48000000277534","74","74,32","null","","null","","",""
"no-tradeoff","228","2527722","0.0-11.0-0.66","","","","","","","","1","8","3","img/tree_7.png","img/tree_3.png","528.124999997206","3029.4399999980815","503.465000001248","528.124999997206,3029.4399999980815,503.465000001248","74","74,13,32","null","","enter","8","",""
"no-tradeoff","229","2535814","0.0-11.0-0.67","","","","","","","","1","6","3","img/tree_7.png","img/tree_3.png","486.10500000370666","545.3100000009872","","486.10500000370666,545.3100000009872","70","70,32","null","","null","","",""
"no-tradeoff","230","2546736","0.0-11.0-0.68","","","","","","","","4","4","1","img/tree_8.png","img/tree_9.png","633.9549999972805","677.1600000066683","2719.6099999998696","633.9549999972805,677.1600000066683,2719.6099999998696","70","70,32,13","enter","9","null","","",""
"no-tradeoff","231","2554591","0.0-11.0-0.69","","","","","","","","1","3","2","img/tree_7.png","img/tree_3.png","610.4950000010431","314.6050000069663","","610.4950000010431,314.6050000069663","74","74,32","null","","null","","",""
"no-tradeoff","232","2566120","0.0-11.0-0.70","","","","","","","","1","1","4","img/tree_3.png","img/tree_7.png","601.0099999983795","3465.0099999997765","519.289999996312","601.0099999983795,3465.0099999997765,519.289999996312","70","70,13,32","null","","enter","3","",""
"no-tradeoff","233","2574312","0.0-11.0-0.71","","","","","","","","1","4","1","img/tree_8.png","img/tree_9.png","538.3600000059232","643.429999996908","","538.3600000059232,643.429999996908","74","74,32","null","","null","","",""
"no-tradeoff","234","2585955","0.0-11.0-0.72","","","","","","","","1","5","6","img/tree_9.png","img/tree_8.png","622.5699999923818","513.8399999993853","3591.5450000027195","622.5699999923818,513.8399999993853,3591.5450000027195","70","70,32,13","enter","3","null","","",""
"no-tradeoff","235","2593959","0.0-11.0-0.73","","","","","","","","1","6","0","img/tree_7.png","img/tree_3.png","539.7850000006147","461.38999999687076","","539.7850000006147,461.38999999687076","74","74,32","null","","null","","",""
"no-tradeoff","236","2605090","0.0-11.0-0.74","","","","","","","","1","3","3","img/tree_7.png","img/tree_3.png","721.274999988731","3077.5799999972805","511.6200000047684","721.274999988731,3077.5799999972805,511.6200000047684","70","70,13,32","null","","enter","6","",""
"no-tradeoff","237","2613023","0.0-11.0-0.75","","","","","","","","4","2","0","img/tree_3.png","img/tree_7.png","611.4000000087544","384.59499999601394","","611.4000000087544,384.59499999601394","70","70,32","null","","null","","",""
"no-tradeoff","238","2624242","0.0-11.0-0.76","","","","","","","","1","0","4","img/tree_8.png","img/tree_9.png","799.5649999938905","615.2350000049919","3063.500000004191","799.5649999938905,615.2350000049919,3063.500000004191","74","74,32,13","enter","8","null","","",""
"no-tradeoff","239","2632140","0.0-11.0-0.77","","","","","","","","4","3","4","img/tree_3.png","img/tree_7.png","572.855000006035","368.58500000368804","","572.855000006035,368.58500000368804","74","74,32","null","","null","","",""
"no-tradeoff","240","2643732","0.0-11.0-0.78","","","","","","","","4","5","3","img/tree_7.png","img/tree_3.png","1056.0149999945424","3538.490000006277","519.2300000055693","1056.0149999945424,3538.490000006277,519.2300000055693","74","74,13,32","null","","enter","4","",""
"no-tradeoff","241","2651735","0.0-11.0-0.79","","","","","","","","4","3","1","img/tree_3.png","img/tree_7.png","657.0000000065193","452.1600000006147","","657.0000000065193,452.1600000006147","74","74,32","null","","null","","",""
"no-tradeoff","242","2662650","0.0-11.0-0.80","","","","","","","","4","3","2","img/tree_7.png","img/tree_3.png","851.1349999899976","467.2399999978952","2919.5450000120327","851.1349999899976,467.2399999978952,2919.5450000120327","74","74,32,13","enter","7","null","","",""
"no-tradeoff","243","2670536","0.0-11.0-0.81","","","","","","","","1","3","2","img/tree_8.png","img/tree_9.png","742.1399999875575","343.5100000058301","","742.1399999875575,343.5100000058301","74","74,32","null","","null","","",""
"no-tradeoff","244","2683410","0.0-11.0-0.82","","","","","","","","4","1","5","img/tree_3.png","img/tree_7.png","924.0900000007823","4700.054999993648","623.445000004489","924.0900000007823,4700.054999993648,623.445000004489","74","74,13,32","null","","enter","6","",""
"no-tradeoff","245","2691280","0.0-11.0-0.83","","","","","","","","1","4","1","img/tree_7.png","img/tree_3.png","639.1900000018068","336.64000000897795","","639.1900000018068,336.64000000897795","74","74,32","null","","null","","",""
"no-tradeoff","246","2702471","0.0-11.0-0.84","","","","","","","","1","0","9","img/tree_9.png","img/tree_8.png","923.4999999897555","603.2399999964982","3045.5650000073947","923.4999999897555,603.2399999964982,3045.5650000073947","74","74,32,13","enter","5","null","","",""
"no-tradeoff","247","2710565","0.0-11.0-0.85","","","","","","","","4","0","5","img/tree_3.png","img/tree_7.png","969.054999994114","567.6999999997206","","969.054999994114,567.6999999997206","70","70,32","null","","null","","",""
"no-tradeoff","248","2721862","0.0-11.0-0.86","","","","","","","","1","7","3","img/tree_7.png","img/tree_3.png","586.9749999982305","3335.3449999997392","415.2999999932945","586.9749999982305,3335.3449999997392,415.2999999932945","70","70,13,32","null","","enter","6","",""
"no-tradeoff","249","2729749","0.0-11.0-0.87","","","","","","","","4","8","4","img/tree_8.png","img/tree_9.png","1031.5700000068173","333.63000000827014","","1031.5700000068173,333.63000000827014","70","70,32","null","","null","","",""
"no-tradeoff","250","2740784","0.0-11.0-0.88","","","","","","","","1","4","5","img/tree_8.png","img/tree_9.png","742.9700000062585","380.90999999269843","3103.529999993276","742.9700000062585,380.90999999269843,3103.529999993276","70","70,32,13","enter","7","null","","",""
"no-tradeoff","251","2748926","0.0-11.0-0.89","","","","","","","","4","0","7","img/tree_3.png","img/tree_7.png","688.2850000113249","598.6499999994412","","688.2850000113249,598.6499999994412","70","70,32","null","","null","","",""
"no-tradeoff","252","2760705","0.0-11.0-0.90","","","","","","","","1","4","1","img/tree_7.png","img/tree_3.png","735.5349999996834","3567.4700000090525","663.3450000081211","735.5349999996834,3567.4700000090525,663.3450000081211","74","74,13,32","null","","enter","6","",""
"no-tradeoff","253","2768672","0.0-11.0-0.91","","","","","","","","4","4","2","img/tree_8.png","img/tree_9.png","661.6300000022165","427.0850000027567","","661.6300000022165,427.0850000027567","70","70,32","null","","null","","",""
"no-tradeoff","254","2780070","0.0-11.0-0.92","","","","","","","","4","6","3","img/tree_9.png","img/tree_8.png","837.679999996908","350.2100000041537","3495.794999995269","837.679999996908,350.2100000041537,3495.794999995269","70","70,32,13","enter","2","null","","",""
"no-tradeoff","255","2787924","0.0-11.0-0.93","","","","","","","","1","6","6","img/tree_7.png","img/tree_3.png","513.2250000024214","303.57499999785796","","513.2250000024214,303.57499999785796","74","74,32","null","","null","","",""
"no-tradeoff","256","2799475","0.0-11.0-0.94","","","","","","","","4","5","8","img/tree_8.png","img/tree_9.png","1065.1300000026822","3123.7650000113063","887.5499999993481","1065.1300000026822,3123.7650000113063,887.5499999993481","74","74,13,32","null","","enter","7","",""
"no-tradeoff","257","2807653","0.0-11.0-0.95","","","","","","","","1","6","6","img/tree_7.png","img/tree_3.png","1307.4350000098348","634.4600000013597","","1307.4350000098348,634.4600000013597","70","70,32","null","","null","","",""
"no-tradeoff","258","2818917","0.0-11.0-0.96","","","","","","","","1","5","7","img/tree_9.png","img/tree_8.png","808.0599999953993","322.8999999994412","3399.299999989569","808.0599999953993,322.8999999994412,3399.299999989569","74","74,32,13","enter","3","null","","",""
"no-tradeoff","259","2826880","0.0-11.0-0.97","","","","","","","","4","5","7","img/tree_9.png","img/tree_8.png","1001.9999999930151","419.1850000061095","","1001.9999999930151,419.1850000061095","70","70,32","null","","null","","",""
"no-tradeoff","260","2838322","0.0-11.0-0.98","","","","","","","","1","6","6","img/tree_8.png","img/tree_9.png","614.2900000126101","3439.2399999923073","463.43000000342727","614.2900000126101,3439.2399999923073,463.43000000342727","74","74,13,32","null","","enter","7","",""
"no-tradeoff","261","2846338","0.0-11.0-0.99","","","","","","","","1","5","5","img/tree_7.png","img/tree_3.png","949.8650000025518","478.3199999947101","","949.8650000025518,478.3199999947101","74","74,32","null","","null","","",""
"no-tradeoff","262","2857162","0.0-11.0-0.100","","","","","","","","4","5","5","img/tree_3.png","img/tree_7.png","880.3800000022165","593.460000003688","2695.5249999882653","880.3800000022165,593.460000003688,2695.5249999882653","74","74,32,13","enter","9","null","","",""
"no-tradeoff","263","2865101","0.0-11.0-0.101","","","","","","","","1","8","6","img/tree_7.png","img/tree_3.png","759.0250000068918","390.1000000042841","","759.0250000068918,390.1000000042841","70","70,32","null","","null","","",""
"no-tradeoff","264","2876332","0.0-11.0-0.102","","","","","","","","1","6","8","img/tree_9.png","img/tree_8.png","898.5749999992549","3167.724999992177","519.3650000002235","898.5749999992549,3167.724999992177,519.3650000002235","74","74,13,32","null","","enter","4","",""
"no-tradeoff","265","2884196","0.0-11.0-0.103","","","","","","","","1","7","7","img/tree_7.png","img/tree_3.png","662.570000000298","316.2700000102632","","662.570000000298,316.2700000102632","74","74,32","null","","null","","",""
"no-tradeoff","266","2895622","0.0-11.0-0.104","","","","","","","","4","7","7","img/tree_7.png","img/tree_3.png","730.925000010524","505.30499999877065","3375.590000010561","730.925000010524,505.30499999877065,3375.590000010561","70","70,32,13","enter","7","null","","",""
"no-tradeoff","267","2903666","0.0-11.0-0.105","","","","","","","","4","7","8","img/tree_7.png","img/tree_3.png","766.370000012219","511.36000000406057","","766.370000012219,511.36000000406057","74","74,32","null","","null","","",""
"no-tradeoff","268","2914753","0.0-11.0-0.106","","","","","","","","4","8","8","img/tree_7.png","img/tree_3.png","684.7100000013597","3101.569999998901","447.35999999102205","684.7100000013597,3101.569999998901,447.35999999102205","74","74,13,32","null","","enter","6","",""
"no-tradeoff","269","2922598","0.0-11.0-0.107","","","","","","","","1","8","8","img/tree_7.png","img/tree_3.png","590.2149999891408","313.76999999349937","","590.2149999891408,313.76999999349937","70","70,32","null","","null","","",""
"no-tradeoff","270","2933557","0.0-11.0-0.108","","","","","","","","1","8","7","img/tree_8.png","img/tree_9.png","689.6700000069104","332.0700000040233","3079.6200000043027","689.6700000069104,332.0700000040233,3079.6200000043027","74","74,32,13","enter","6","null","","",""
"no-tradeoff","271","2941615","0.0-11.0-0.109","","","","","","","","4","8","8","img/tree_8.png","img/tree_9.png","558.0849999971688","514.7399999988265","","558.0849999971688,514.7399999988265","74","74,32","null","","null","","",""
"no-tradeoff","272","2952446","0.0-11.0-0.110","","","","","","","","1","8","9","img/tree_7.png","img/tree_3.png","574.9349999967963","2863.2999999970198","423.21500000264496","574.9349999967963,2863.2999999970198,423.21500000264496","70","70,13,32","null","","enter","7","",""
"no-tradeoff","273","2960538","0.0-11.0-0.111","","","","","","","","4","6","8","img/tree_8.png","img/tree_9.png","547.6199999973178","556.5099999946542","","547.6199999973178,556.5099999946542","74","74,32","null","","null","","",""
"no-tradeoff","274","2971514","0.0-11.0-0.112","","","","","","","","4","5","8","img/tree_8.png","img/tree_9.png","488.455000013113","358.94000000553206","3063.529999999795","488.455000013113,358.94000000553206,3063.529999999795","70","70,32,13","enter","7","null","","",""
"no-tradeoff","275","2979470","0.0-11.0-0.113","","","","","","","","1","4","8","img/tree_8.png","img/tree_9.png","590.9899999974295","426.609999995213","","590.9899999974295,426.609999995213","70","70,32","null","","null","","",""
"no-tradeoff","276","2990601","0.0-11.0-0.114","","","","","","","","4","6","5","img/tree_9.png","img/tree_8.png","546.100000007078","3106.3749999883585","479.34499999973923","546.100000007078,3106.3749999883585,479.34499999973923","70","70,13,32","null","","enter","4","",""
"no-tradeoff","277","2998784","0.0-11.0-0.115","","","","","","","","4","7","8","img/tree_7.png","img/tree_3.png","530.5849999999627","637.0150000001304","","530.5849999999627,637.0150000001304","74","74,32","null","","null","","",""
"no-tradeoff","278","3009664","0.0-11.0-0.116","","","","","","","","4","7","4","img/tree_9.png","img/tree_8.png","716.5799999930896","443.4299999992363","2887.514999995008","716.5799999930896,443.4299999992363,2887.514999995008","70","70,32,13","enter","5","null","","",""
"no-tradeoff","279","3017583","0.0-11.0-0.117","","","","","","","","1","9","4","img/tree_9.png","img/tree_8.png","391.6800000006333","378.08500000368804","","391.6800000006333,378.08500000368804","74","74,32","null","","null","","",""
"no-tradeoff","280","3028280","0.0-11.0-0.118","","","","","","","","4","4","4","img/tree_9.png","img/tree_8.png","640.6149999964982","2753.995000006631","399.35500000137836","640.6149999964982,2753.995000006631,399.35500000137836","74","74,13,32","null","","enter","7","",""
"no-tradeoff","281","3036124","0.0-11.0-0.119","","","","","","","","4","6","6","img/tree_7.png","img/tree_3.png","445.83500000601634","312.0199999976903","","445.83500000601634,312.0199999976903","74","74,32","null","","null","","",""
"call-function","282","3036125","0.0-12.0","","","","","","","","","","","","","","","","","","","","","","","",""
"html-keyboard-response","283","3055611","0.0-13.0-0.0","19485.59499999089","<p><b> Now you will answer a few questionnaires</b></p><br> The following are statements that a person may either agree with or disagree with.</br><p>For each item, indicate how much you agree or disagree with what the item says by clicking your response. </p><p> Choose only one response and be as accurate and honest as you can. Do not worry about being consistent in your responses. </p><p> Press the space bar to start </p>","","","32","","","","","","","","","","","","","","","","","","",""
"survey-likert","284","3205462","0.0-13.0-1.0","149846.7050000038","","","{""BISBAS1"":1,""BISBAS2"":2,""BISBAS3"":2,""BISBAS4"":1,""BISBAS5"":1,""BISBAS6"":1,""BISBAS7"":1,""BISBAS8"":3,""BISBAS9"":2,""BISBAS10"":1,""BISBAS11"":0,""BISBAS12"":2,""BISBAS13"":1,""BISBAS14"":1,""BISBAS15"":3,""BISBAS16"":1,""BISBAS17"":0,""BISBAS18"":1,""BISBAS19"":1,""BISBAS20"":2,""BISBAS21"":2,""BISBAS22"":1,""BISBAS23"":1,""BISBAS24"":2}","","","","","","","","","","","","","","","","","","","","[0,1,2,3,4,5,6,7,8,9,10,11,12,13,14,15,16,17,18,19,20,21,22,23]"
"html-keyboard-response","285","3211475","0.0-14.0-0.0","6010.379999992438","<p>Please indicate for each statement the degree to which each statement is descriptive of your mood <b> at this  moment </b>. </p><p> Press the space bar to start </p>","","","32","","","","","","","","","","","","","","","","","","",""
"survey-likert","286","3303453","0.0-14.0-1.0","91974.8799999943","","","{""STICSAS1"":0,""STICSAS2"":1,""STICSAS3"":1,""STICSAS4"":2,""STICSAS5"":1,""STICSAS6"":1,""STICSAS7"":1,""STICSAS8"":0,""STICSAS9"":3,""STICSAS10"":2,""STICSAS11"":0,""STICSAS12"":1,""STICSAS13"":3,""STICSAS14"":2,""STICSAS15"":1,""STICSAS16"":1,""STICSAS17"":2,""STICSAS18"":0,""STICSAS19"":2,""STICSAS20"":0,""STICSAS21"":0,""STICSAS22"":3}","","","","","","","","","","","","","","","","","","","","[0,1,2,3,4,5,6,7,8,9,10,11,12,13,14,15,16,17,18,19,20,21]"
"html-keyboard-response","287","3307634","0.0-15.0-0.0","4180.199999988079","<p>Please indicate for each statement how often <b> in general </b> the statement is true for you. </p><p> Press the space bar to start </p>","","","32","","","","","","","","","","","","","","","","","","",""
"survey-likert","288","3375676","0.0-15.0-1.0","68039.43500001356","","","{""STICSAT1"":1,""STICSAT2"":1,""STICSAT3"":2,""STICSAT4"":2,""STICSAT5"":2,""STICSAT6"":1,""STICSAT7"":2,""STICSAT8"":0,""STICSAT9"":3,""STICSAT10"":2,""STICSAT11"":1,""STICSAT12"":0,""STICSAT13"":3,""STICSAT14"":1,""STICSAT15"":1,""STICSAT16"":2,""STICSAT17"":3,""STICSAT18"":1,""STICSAT19"":2,""STICSAT20"":0,""STICSAT21"":1}","","","","","","","","","","","","","","","","","","","","[0,1,2,3,4,5,6,7,8,9,10,11,12,13,14,15,16,17,18,19,20]"
"html-keyboard-response","289","3377898","0.0-16.0-0.0","2220.4499999932013","<p>Please indicate for each statement how much you agree. </p><p> Press the space bar to start </p>","","","32","","","","","","","","","","","","","","","","","","",""
"survey-likert","290","3483539","0.0-16.0-1.0","105639.33999999426","","","{""IUS1"":2,""IUS2"":2,""IUS3"":3,""IUS4"":2,""IUS5"":2,""IUS6"":0,""IUS7"":1,""IUS8"":1,""IUS9"":3,""IUS10"":2,""IUS11"":3,""IUS12"":1,""IUS13"":4}","","","","","","","","","","","","","","","","","","","","[0,1,2,3,4,5,6,7,8,9,10,11,12]"
"html-keyboard-response","291","3487362","0.0-17.0-0.0","3821.7049999949522","<p>Please indicate for each statement how you <b> generally </b> feel. </p><p> Press the space bar to start </p>","","","32","","","","","","","","","","","","","","","","","","",""
"survey-likert","292","3591107","0.0-17.0-1.0","103742.91000000061","","","{""STAIT1"":1,""STAIT2"":1,""STAIT3"":0,""STAIT4"":1,""STAIT5"":3,""STAIT6"":1,""STAIT7"":2,""STAIT8"":3,""STAIT9"":1,""STAIT10"":0,""STAIT11"":2,""STAIT12"":1,""STAIT13"":1,""STAIT14"":2,""STAIT15"":2,""STAIT16"":0,""STAIT17"":2,""STAIT18"":1,""STAIT19"":2,""STAIT20"":1}","","","","","","","","","","","","","","","","","","","","[0,1,2,3,4,5,6,7,8,9,10,11,12,13,14,15,16,17,18,19]"
"html-keyboard-response","293","3594257","0.0-18.0-0.0","3148.650000002701","<p>Please indicate for each statement how much you think each statement is typical of you. </p><p> Press the space bar to start </p>","","","32","","","","","","","","","","","","","","","","","","",""
"survey-likert","294","3829782","0.0-18.0-1.0","235519.41999999667","","","{""ACQ1"":4,""ACQ2"":0,""ACQ3"":0,""ACQ4"":4,""ACQ5"":2,""ACQ6"":1,""ACQ7"":1,""ACQ8"":1,""ACQ9"":0,""ACQ10"":3,""ACQ11"":3,""ACQ12"":3,""ACQ13"":3,""ACQ14"":2,""ACQ15"":2,""ACQ16"":1,""ACQ17"":1,""ACQ18"":0,""ACQ19"":4,""ACQ20"":3,""ACQ21"":3,""ACQ22"":4,""ACQ23"":4,""ACQ24"":2,""ACQ25"":3,""ACQ26"":2,""ACQ27"":4,""ACQ28"":2,""ACQ29"":3,""ACQ30"":1}","","","","","","","","","","","","","","","","","","","","[0,1,2,3,4,5,6,7,8,9,10,11,12,13,14,15,16,17,18,19,20,21,22,23,24,25,26,27,28,29]"
"html-keyboard-response","295","3835969","0.0-19.0-0.0","6184.4599999892525","<p> For the following questions, indicate <b> how often </b> you felt or thought a certain way <b> during the last month </b>.</p><p> Press space to start </p>","","","32","","","","","","","","","","","","","","","","","","",""
"survey-likert","296","3915234","0.0-19.0-1.0","79262.4799999902","","","{""Stress1"":1,""Stress2"":4,""Stress3"":2,""Stress4"":2,""Stress5"":1,""Stress6"":3,""Stress7"":2,""Stress8"":0,""Stress9"":2,""Stress10"":3}","","","","","","","","","","","","","","","","","","","","[0,1,2,3,4,5,6,7,8,9]"
