"trial_type","trial_index","time_elapsed","internal_node_id","rt","stimulus","button_pressed","responses","key_press","view_history","correct","stakes","outcome","outcome_notreceived","choice_selected","choice_not_selected","rt_choice","rt_space","rt_certainty","all_rts","key_choice","all_keys","estimate_trial","estimate_val","certainty_trial","certainty_val","value","question_order"
"pavlovia","0","52","0.0-0.0","","","","","","","","","","","","","","","","","","","","","","","",""
"html-button-response","1","2347657","0.0-1.0","2286135.949999967","<p style=""font-size:24px;font-weight:bold"">Consent</p><div class=""consent"" style=""text-align:left; border:1px solid; padding:10px; width:800px; font-size=100%, float:right""><p align=left>Thank you for signing up for this experiment!<p><p align=left>This experiment is being conducted by the California Institute of Technology (Caltech). The lead investigators are Sarah Tashjian, PhD and Dean Mobbs, PhD. This study has been approved by the Caltech Institutional Review Board for research ethics.<p><p align=left>The goal of this study is to understand learning processes. In this experiment, you will complete a task in which you will see images.<p><p align=left>At times, you will receive rewards and penalties. These earnings will determine your eligibility for a bonus payment, which will result in a real increase in your payment in this study.<p><p align=left>Your goal is to learn which images predict the most points. We will also ask how certain you are about your decisions throughout the task.<p><p align=left>This experiment will take approximately 1 hour to complete in its entirety.<p><p align=left><b>You will receive $9.00 for completing the experiment. <u>If you optimize decisions on at least 70% of trials, you will be eligible for a $100 bonus payment.</u></b><p><p align=left>This study involves minimal risk, meaning there will be no more risk than in daily life. Possible risks include physical discomfort/fatigue (eyestrain, tiredness), as well as psychological discomfort (e.g., potential boredom).<p><p align=left> Besides receiving payment, you will not benefit from this study.<p><p align=left><b>Any information that is obtained in connection with this study that can identify you will remain confidential. </b><p><p align=left>When the results of this study are reported, your identifying information will not be disclosed. Because this study is being conducted online, we are unable to fully eliminate the risk of a breach of confidentiality. However, to mitigate the chances of this occurring, we are using secure and confidential data collection systems.<p align=left>You may choose to withdraw from this study at any time and refuse to answer any questions without penalty. Also, you may choose not to participate in this study.<p><p align=left>You are <b>eligible</b> to participate if you (1) are 18-65 years old, (2) are fluent in English, (3) have healthy or corrected vision, (4) are not colorblind, and (5) have no difficulty controlling motor movements. <p><p align=left>If you do not meet these criteria, please exit the experiment now.<p><p align=center><b> If you meet these criteria and consent to participate, you must<br>indicate your consent by clicking the button below.<b></p>","0","","","","","","","","","","","","","","","","","","","","",""
"survey-text","2","2357264","0.0-2.0-0.0","9595.060000021476","","","{""Q0"":""5ec7710df5c1121c2f494601"",""Q1"":""28"",""Q2"":""Female"",""Q3"":""Female""}","","","","","","","","","","","","","","","","","","","",""
"html-keyboard-response","3","2360008","0.0-3.0","2741.2099999492057","<p>Welcome to the experiment!</p><p> You will play two games and answer a few questions.</p><p>Press the space bar to begin reading the instructions for the first game.</p>","","","32","","","","","","","","","","","","","","","","","","",""
"instructions","4","2516160","0.0-4.0","156146.9700000016","","","","","[{""page_index"":0,""viewing_time"":15674.689999956172},{""page_index"":1,""viewing_time"":32767.909999995027},{""page_index"":2,""viewing_time"":14971.715000050608},{""page_index"":3,""viewing_time"":11865.835000004154},{""page_index"":4,""viewing_time"":20045.819999999367},{""page_index"":5,""viewing_time"":22697.149999963585},{""page_index"":6,""viewing_time"":8013.595000025816},{""page_index"":7,""viewing_time"":20803.639999998268},{""page_index"":8,""viewing_time"":9306.059999973513}]","","","","","","","","","","","","","","","","","",""
"html-keyboard-response","5","2520907","0.0-5.0-0.0","4743.200000026263","<p style=""font-size:24px;font-weight:bold"">TEST QUESTION</p><p>Which letter should you press to select the green house on the left?</p><div class=group><table class=table_center><tr><td class=prompt colspan=2>Choose one</td></tr><tr style=""height: 300px;""><td style=""width: 300px;""><img id=""left"" src=img/house_3.png style=""zoom: 100%;""/></td><td style=""width: 300px;""><img id=""right"" src=img/house_2.png style=""zoom: 100%;""/></td></tr></table></div><br>","","","70","","true","","","","","","","","","","","","","","","","",""
"html-keyboard-response","6","2523818","0.0-5.0-1.0","2907.050000037998","<p style=""font-size:36px;font-weight:bold"">Correct!</p><p> Remember, press ""F"" for left and ""J"" for right. </p>","","","70","","","","","","","","","","","","","","","","","","",""
"html-keyboard-response","7","2528047","0.0-5.0-2.0","4227.805000031367","<p style=""font-size:24px;font-weight:bold"">TEST QUESTION</p><p>Which letter should you press to select the red house on the right?</p><div class=group><table class=table_center><tr><td class=prompt colspan=2>Choose one</td></tr><tr style=""height: 300px;""><td style=""width: 300px;""><img id=""left"" src=img/house_3.png style=""zoom: 100%;""/></td><td style=""width: 300px;""><img id=""right"" src=img/house_2.png style=""zoom: 100%;""/></td></tr></table></div><br>","","","74","","true","","","","","","","","","","","","","","","","",""
"html-keyboard-response","8","2529547","0.0-5.0-3.0","1498.3800000045449","<p style=""font-size:36px;font-weight:bold"">Correct!</p><p> Remember, press ""F"" for left and ""J"" for right. </p>","","","74","","","","","","","","","","","","","","","","","","",""
"html-keyboard-response","9","2538790","0.0-5.0-4.0","9242.505000031088","<p style=""font-size:24px;font-weight:bold"">TEST QUESTION</p><p>Type the number of the <b> maximum </b> amount of sacks an elf can make</p>","","","53","","false","","","","","","","","","","","","","","","","",""
"html-keyboard-response","10","2541791","0.0-5.0-5.0","null","<p style=""font-size:36px;font-weight:bold"">Wrong answer.</p><p> Remember, elves can make 0 to 9 sacks.</p>","","","null","","","","","","","","","","","","","","","","","","",""
"html-keyboard-response","11","2550892","0.0-5.0-6.0","9099.440000019968","<p style=""font-size:24px;font-weight:bold"">TEST QUESTION</p><p>Remember, the same house always takes you to the same elf. </p><p>On this trial, select the house on the left by pressing ""F"".</p><div class=group><table class=table_center><tr><td class=prompt colspan=2>Choose one</td></tr><tr style=""height: 300px;""><td style=""width: 300px;""><img id=""left"" src=img/house_1.png style=""zoom: 100%;""/></td><td style=""width: 300px;""><img id=""right"" src=img/house_5.png style=""zoom: 100%;""/></td></tr></table></div><br>","","","70","","","","","","","","","","","","","","","","","","",""
"html-keyboard-response","12","2560919","0.0-5.0-7.0","10026.299999968614","<p style=""font-size:24px;font-weight:bold"">TEST QUESTION</p><p>The red house took you to the yellow elf. </p><p> The yellow elf gave you 8 sacks. </p><p> The most sacks an elf can make is 9 sacks, so this is a great outcome!</p><div class=group><table class=table_center><tr><td class=prompt colspan=3>You received</td></tr><tr style=""height: 300px;""><td><img src=img/elf_yellow.png style=""zoom: 100%;""/></td><td><img src=img/sack.png style=""zoom: 30%;""/></td><td class=prompt>x 8</td></tr></table></div><br><p> Press space to continue </p>","","","32","","","","","","","","","","","","","","","","","","",""
"html-keyboard-response","13","2564485","0.0-5.0-8.0","3564.4699999829754","<p style=""font-size:24px;font-weight:bold"">TEST QUESTION</p><p>If you wanted to visit the <b> yellow elf </b> again, which house would you select?</p><div class=group><table class=table_center><tr><td class=prompt colspan=2>Choose one</td></tr><tr style=""height: 300px;""><td style=""width: 300px;""><img id=""left"" src=img/house_1.png style=""zoom: 100%;""/></td><td style=""width: 300px;""><img id=""right"" src=img/house_5.png style=""zoom: 100%;""/></td></tr></table></div><br>","","","70","","true","","","","","","","","","","","","","","","","",""
"html-keyboard-response","14","2565816","0.0-5.0-9.0","1329.8650000360794","<p style=""font-size:36px;font-weight:bold"">Correct!</p><p> Remember, the same house goes to the same elf. </p>","","","32","","","","","","","","","","","","","","","","","","",""
"html-keyboard-response","15","2568557","0.0-5.0-10.0","2739.8749999701977","<p style=""font-size:24px;font-weight:bold"">TEST QUESTION</p><p>On this trial, select the house on the right by pressing ""J"".</p><div class=group><table class=table_center><tr><td class=prompt colspan=2>Choose one</td></tr><tr style=""height: 300px;""><td style=""width: 300px;""><img id=""left"" src=img/house_1.png style=""zoom: 100%;""/></td><td style=""width: 300px;""><img id=""right"" src=img/house_5.png style=""zoom: 100%;""/></td></tr></table></div><br>","","","74","","","","","","","","","","","","","","","","","","",""
"html-keyboard-response","16","2573735","0.0-5.0-11.0","5177.080000052229","<p style=""font-size:24px;font-weight:bold"">TEST QUESTION</p><p>The blue house took you to the purple elf. </p><p> The purple elf only gave you 1 sack. </p><p> That is not very much and is a pretty bad outcome.</p><div class=group><table class=table_center><tr><td class=prompt colspan=3>You received</td></tr><tr style=""height: 300px;""><td><img src=img/elf_purple.png style=""zoom: 100%;""/></td><td><img src=img/sack.png style=""zoom: 30%;""/></td><td class=prompt>x 1</td></tr></table></div><br><p> Press space to continue </p>","","","32","","","","","","","","","","","","","","","","","","",""
"html-keyboard-response","17","2579528","0.0-5.0-12.0","5791.519999969751","<p style=""font-size:24px;font-weight:bold"">TEST QUESTION</p><p>Remember the yellow elf gave you 8 sacks and the purple elf only gave you 1 sack. </p><p> Which elf would you try to visit next? </p><div class=group><table class=table_center><tr><td class=prompt colspan=2>Choose one</td></tr><tr style=""height: 300px;""><td style=""width: 300px;""><img id=""left"" src=img/elf_yellow.png style=""zoom: 100%;""/></td><td style=""width: 300px;""><img id=""right"" src=img/elf_purple.png style=""zoom: 100%;""/></td></tr></table></div><br>","","","70","","true","","","","","","","","","","","","","","","","",""
"html-keyboard-response","18","2580465","0.0-5.0-13.0","936.3149999990128","<p style=""font-size:36px;font-weight:bold"">Correct!</p><p> Remember, you want to select the elf who gives you the most sacks.</p>","","","32","","","","","","","","","","","","","","","","","","",""
"html-keyboard-response","19","2583025","0.0-5.0-14.0","2558.6550000007264","<p style=""font-size:24px;font-weight:bold"">TEST QUESTION</p><p>To visit the yellow elf, which house should you visit? </p><div class=group><table class=table_center><tr><td class=prompt colspan=2>Choose one</td></tr><tr style=""height: 300px;""><td style=""width: 300px;""><img id=""left"" src=img/house_1.png style=""zoom: 100%;""/></td><td style=""width: 300px;""><img id=""right"" src=img/house_5.png style=""zoom: 100%;""/></td></tr></table></div><br>","","","70","","true","","","","","","","","","","","","","","","","",""
"html-keyboard-response","20","2583807","0.0-5.0-15.0","781.1450000153854","<p style=""font-size:36px;font-weight:bold"">Correct!</p><p>Remember, the same house goes to the same elf each time.</p>","","","32","","","","","","","","","","","","","","","","","","",""
"html-keyboard-response","21","3735831","0.0-5.0-16.0","1151990.0149999885","<p style=""font-size:36px;font-weight:bold"">You are ready to play!</p><p>The houses and elves in the actual game will be different than the practice. </p><p> Press the space bar to start the game</p>","","","32","","","","","","","","","","","","","","","","","","",""
"no-tradeoff-rwd","22","3743948","0.0-6.0-0.0","","","","","","","","1","0","","","","4600.80499999458","","","4600.80499999458","32","32","null","","null","","",""
"no-tradeoff-rwd","23","3755128","0.0-6.0-0.1","","","","","","","","4","2","5","img/house_3.png","img/house_2.png","1483.0150000052527","2165.244999981951","","1483.0150000052527,2165.244999981951","70","70,32","null","","null","","",""
"no-tradeoff-rwd","24","3773642","0.0-6.0-0.2","","","","","","","","4","1","7","img/house_3.png","img/house_2.png","1084.0249999891967","8613.585000042804","876.0650000185706","1084.0249999891967,8613.585000042804,876.0650000185706","74","74,13,32","null","","enter","7","",""
"no-tradeoff-rwd","25","3778449","0.0-6.0-0.3","","","","","","","","1","0","","","","1294.8949999990873","","","1294.8949999990873","32","32","null","","null","","",""
"no-tradeoff-rwd","26","3799681","0.0-6.0-0.4","","","","","","","","4","3","5","img/house_3.png","img/house_2.png","607.7599999844097","1179.824999999255","11021.070000017062","607.7599999844097,1179.824999999255,11021.070000017062","70","70,32,13","enter","3","null","","",""
"no-tradeoff-rwd","27","3809561","0.0-6.0-0.5","","","","","","","","4","5","1","img/house_6.png","img/house_4.png","454.7550000133924","855.5699999560602","","454.7550000133924,855.5699999560602","74","74,32","null","","null","","",""
"no-tradeoff-rwd","28","3823301","0.0-6.0-0.6","","","","","","","","4","1","6","img/house_3.png","img/house_2.png","649.4900000398047","3874.5600000256673","841.4150000317022","649.4900000398047,3874.5600000256673,841.4150000317022","74","74,13,32","null","","enter","6","",""
"no-tradeoff-rwd","29","3829609","0.0-6.0-0.7","","","","","","","","1","0","","","","2793.2550000259653","","","2793.2550000259653","32","32","null","","null","","",""
"no-tradeoff-rwd","30","3842267","0.0-6.0-0.8","","","","","","","","4","4","0","img/house_2.png","img/house_3.png","518.8399999751709","755.2600000053644","2877.3999999975786","518.8399999751709,755.2600000053644,2877.3999999975786","70","70,32,13","enter","7","null","","",""
"no-tradeoff-rwd","31","3852608","0.0-6.0-0.9","","","","","","","","4","1","4","img/house_6.png","img/house_4.png","876.8400000408292","1313.1200000061654","","876.8400000408292,1313.1200000061654","70","70,32","null","","null","","",""
"no-tradeoff-rwd","32","3864852","0.0-6.0-0.10","","","","","","","","4","4","6","img/house_6.png","img/house_4.png","754.9700000090525","2178.650000016205","1038.3850000216626","754.9700000090525,2178.650000016205,1038.3850000216626","70","70,13,32","null","","enter","8","",""
"no-tradeoff-rwd","33","3874765","0.0-6.0-0.11","","","","","","","","1","5","7","img/house_4.png","img/house_6.png","1049.9950000084937","886.1299999989569","","1049.9950000084937,886.1299999989569","70","70,32","null","","null","","",""
"no-tradeoff-rwd","34","3887033","0.0-6.0-0.12","","","","","","","","1","4","6","img/house_2.png","img/house_3.png","1199.5049999677576","801.4850000035949","2442.605000047479","1199.5049999677576,801.4850000035949,2442.605000047479","74","74,32,13","enter","7","null","","",""
"no-tradeoff-rwd","35","3897207","0.0-6.0-0.13","","","","","","","","1","7","4","img/house_3.png","img/house_2.png","1363.9350000303239","1150.1350000035018","","1363.9350000303239,1150.1350000035018","70","70,32","null","","null","","",""
"no-tradeoff-rwd","36","3909190","0.0-6.0-0.14","","","","","","","","1","2","7","img/house_2.png","img/house_3.png","1203.0999999842606","2041.5750000393018","913.1850000121631","1203.0999999842606,2041.5750000393018,913.1850000121631","74","74,13,32","null","","enter","7","",""
"no-tradeoff-rwd","37","3920010","0.0-6.0-0.15","","","","","","","","1","2","9","img/house_6.png","img/house_4.png","361.38999997638166","1799.6750000165775","","361.38999997638166,1799.6750000165775","70","70,32","null","","null","","",""
"no-tradeoff-rwd","38","3932289","0.0-6.0-0.16","","","","","","","","1","2","9","img/house_6.png","img/house_4.png","1478.5000000265427","841.275000013411","2420.0800000107847","1478.5000000265427,841.275000013411,2420.0800000107847","74","74,32,13","enter","6","null","","",""
"no-tradeoff-rwd","39","3942169","0.0-6.0-0.17","","","","","","","","4","2","7","img/house_6.png","img/house_4.png","881.3550000195391","859.085000003688","","881.3550000195391,859.085000003688","70","70,32","null","","null","","",""
"no-tradeoff-rwd","40","3953652","0.0-6.0-0.18","","","","","","","","1","7","0","img/house_4.png","img/house_6.png","331.32999995723367","1618.6150000430644","840.0549999787472","331.32999995723367,1618.6150000430644,840.0549999787472","74","74,13,32","null","","enter","4","",""
"no-tradeoff-rwd","41","3963669","0.0-6.0-0.19","","","","","","","","4","2","8","img/house_2.png","img/house_3.png","1057.5100000132807","983.719999960158","","1057.5100000132807,983.719999960158","70","70,32","null","","null","","",""
"no-tradeoff-rwd","42","3975332","0.0-6.0-0.20","","","","","","","","4","1","7","img/house_2.png","img/house_3.png","362.50500002643093","577.2800000268035","2067.3899999819696","362.50500002643093,577.2800000268035,2067.3899999819696","74","74,32,13","enter","4","null","","",""
"no-tradeoff-rwd","43","3981109","0.0-6.0-0.21","","","","","","","","4","0","","","","2261.034999974072","","","2261.034999974072","32","32","null","","null","","",""
"no-tradeoff-rwd","44","3993186","0.0-6.0-0.22","","","","","","","","1","9","4","img/house_3.png","img/house_2.png","530.8249999652617","2343.9800000051036","704.1849999804981","530.8249999652617,2343.9800000051036,704.1849999804981","70","70,13,32","null","","enter","3","",""
"no-tradeoff-rwd","45","3998292","0.0-6.0-0.23","","","","","","","","4","0","","","","1591.8799999635667","","","1591.8799999635667","32","32","null","","null","","",""
"no-tradeoff-rwd","46","4010463","0.0-6.0-0.24","","","","","","","","4","4","7","img/house_2.png","img/house_3.png","372.97000002581626","711.5600000252016","2427.9199999873526","372.97000002581626,711.5600000252016,2427.9199999873526","70","70,32,13","enter","2","null","","",""
"no-tradeoff-rwd","47","4015900","0.0-6.0-0.25","","","","","","","","1","0","","","","1928.3999999752268","","","1928.3999999752268","32","32","null","","null","","",""
"no-tradeoff-rwd","48","4029372","0.0-6.0-0.26","","","","","","","","1","6","6","img/house_4.png","img/house_6.png","389.18500003637746","3692.144999979064","749.3499999982305","389.18500003637746,3692.144999979064,749.3499999982305","74","74,13,32","null","","enter","3","",""
"no-tradeoff-rwd","49","4038200","0.0-6.0-0.27","","","","","","","","1","0","","","","5413.869999989402","","","5413.869999989402","32","32","null","","null","","",""
"no-tradeoff-rwd","50","4049569","0.0-6.0-0.28","","","","","","","","1","9","4","img/house_4.png","img/house_6.png","502.41000001551583","638.0600000265986","1699.6149999904446","502.41000001551583,638.0600000265986,1699.6149999904446","70","70,32,13","enter","3","null","","",""
"no-tradeoff-rwd","51","4059259","0.0-6.0-0.29","","","","","","","","1","0","8","img/house_6.png","img/house_4.png","349.6900000027381","664.5499999867752","","349.6900000027381,664.5499999867752","70","70,32","null","","null","","",""
"no-tradeoff-rwd","52","4499942","0.0-6.0-0.30","","","","","","","","4","8","2","img/house_4.png","img/house_6.png","1063.4849999914877","2197.2850000020117","429447.7450000127","1063.4849999914877,2197.2850000020117,429447.7450000127","70","70,13,32","null","","enter","4","",""
"no-tradeoff-rwd","53","4509763","0.0-6.0-0.31","","","","","","","","1","3","7","img/house_2.png","img/house_3.png","1312.5649999706075","792.725000007078","","1312.5649999706075,792.725000007078","74","74,32","null","","null","","",""
"no-tradeoff-rwd","54","4528197","0.0-6.0-0.32","","","","","","","","1","7","4","img/house_3.png","img/house_2.png","916.265000006184","7068.604999978095","2340.5099999504164","916.265000006184,7068.604999978095,2340.5099999504164","70","70,32,13","enter","3","null","","",""
"no-tradeoff-rwd","55","4532331","0.0-6.0-0.33","","","","","","","","4","0","","","","619.4700000341982","","","619.4700000341982","32","32","null","","null","","",""
"no-tradeoff-rwd","56","4544450","0.0-6.0-0.34","","","","","","","","4","8","8","img/house_6.png","img/house_4.png","1319.8400000110269","2184.52500004787","907.5699999816716","1319.8400000110269,2184.52500004787,907.5699999816716","74","74,13,32","null","","enter","3","",""
"no-tradeoff-rwd","57","4554224","0.0-6.0-0.35","","","","","","","","4","2","7","img/house_2.png","img/house_3.png","535.3299999851733","739.3300000112504","","535.3299999851733,739.3300000112504","74","74,32","null","","null","","",""
"no-tradeoff-rwd","58","4567226","0.0-6.0-0.36","","","","","","","","1","1","8","img/house_2.png","img/house_3.png","305.9750000247732","736.4550000056624","3242.064999997616","305.9750000247732,736.4550000056624,3242.064999997616","70","70,32,13","enter","2","null","","",""
"no-tradeoff-rwd","59","4575460","0.0-6.0-0.37","","","","","","","","4","7","1","img/house_3.png","img/house_2.png","531.9149999991059","709.4899999797344","","531.9149999991059,709.4899999797344","74","74,32","null","","null","","",""
"no-tradeoff-rwd","60","4586636","0.0-6.0-0.38","","","","","","","","1","5","1","img/house_3.png","img/house_2.png","363.41500002890825","1864.0749999899417","282.4549999786541","363.41500002890825,1864.0749999899417,282.4549999786541","70","70,13,32","null","","enter","","",""
"no-tradeoff-rwd","61","4592100","0.0-6.0-0.39","","","","","","","","1","0","","","","1953.2699999976903","","","1953.2699999976903","32","32","null","","null","","",""
"no-tradeoff-rwd","62","4603541","0.0-6.0-0.40","","","","","","","","1","4","8","img/house_2.png","img/house_3.png","528.445000003092","683.6699999989942","1723.6849999763072","528.445000003092,683.6699999989942,1723.6849999763072","70","70,32,13","enter","3","null","","",""
"no-tradeoff-rwd","63","4608340","0.0-6.0-0.41","","","","","","","","4","0","","","","1288.1699999561533","","","1288.1699999561533","32","32","null","","null","","",""
"no-tradeoff-rwd","64","4619845","0.0-6.0-0.42","","","","","","","","1","9","6","img/house_6.png","img/house_4.png","354.65499997418374","1878.760000050068","603.8350000157952","354.65499997418374,1878.760000050068,603.8350000157952","70","70,13,32","null","","enter","5","",""
"no-tradeoff-rwd","65","4628040","0.0-6.0-0.43","","","","","","","","1","7","5","img/house_2.png","img/house_3.png","320.3749999515712","675.6999999638647","","320.3749999515712,675.6999999638647","70","70,32","null","","null","","",""
"no-tradeoff-rwd","66","4639202","0.0-6.0-0.44","","","","","","","","4","6","8","img/house_3.png","img/house_2.png","1208.600000012666","167.79999999515712","1971.6950000142679","1208.600000012666,167.79999999515712,1971.6950000142679","74","74,32,13","enter","5","null","","",""
"no-tradeoff-rwd","67","4648900","0.0-6.0-0.45","","","","","","","","1","8","8","img/house_4.png","img/house_6.png","1131.2949999701232","670.7600000081584","","1131.2949999701232,670.7600000081584","70","70,32","null","","null","","",""
"no-tradeoff-rwd","68","4660517","0.0-6.0-0.46","","","","","","","","1","7","9","img/house_3.png","img/house_2.png","559.0800000354648","1703.3600000422448","883.6749999895692","559.0800000354648,1703.3600000422448,883.6749999895692","70","70,13,32","null","","enter","5","",""
"no-tradeoff-rwd","69","4670127","0.0-6.0-0.47","","","","","","","","4","3","6","img/house_4.png","img/house_6.png","1196.375","589.9450000133365","","1196.375,589.9450000133365","70","70,32","null","","null","","",""
"no-tradeoff-rwd","70","4681579","0.0-6.0-0.48","","","","","","","","4","2","7","img/house_3.png","img/house_2.png","513.4599999878556","683.0850000260398","1745.2649999754503","513.4599999878556,683.0850000260398,1745.2649999754503","74","74,32,13","enter","7","null","","",""
"no-tradeoff-rwd","71","4691368","0.0-6.0-0.49","","","","","","","","1","1","7","img/house_4.png","img/house_6.png","330.2350000012666","762.6750000054017","","330.2350000012666,762.6750000054017","70","70,32","null","","null","","",""
"no-tradeoff-rwd","72","4704552","0.0-6.0-0.50","","","","","","","","4","8","1","img/house_6.png","img/house_4.png","1038.3199999928474","1182.5550000071526","3482.1700000315905","1038.3199999928474,1182.5550000071526,3482.1700000315905,671.7800000328571","74","74,74,13,32","null","","enter","8","",""
"no-tradeoff-rwd","73","4709141","0.0-6.0-0.51","","","","","","","","4","0","","","","1085.5199999641627","","","1085.5199999641627","32","32","null","","null","","",""
"no-tradeoff-rwd","74","4720508","0.0-6.0-0.52","","","","","","","","1","8","3","img/house_2.png","img/house_3.png","1143.8699999703094","517.5999999623746","1827.9500000057742","1143.8699999703094,517.5999999623746,1827.9500000057742","74","74,32,13","enter","8","null","","",""
"no-tradeoff-rwd","75","4730254","0.0-6.0-0.53","","","","","","","","1","7","2","img/house_2.png","img/house_3.png","754.5450000325218","723.5550000332296","","754.5450000325218,723.5550000332296","70","70,32","null","","null","","",""
"no-tradeoff-rwd","76","4741917","0.0-6.0-0.54","","","","","","","","1","5","3","img/house_6.png","img/house_4.png","800.3449999950826","1967.9550000000745","665.4499999713153","800.3449999950826,1967.9550000000745,665.4499999713153","70","70,13,32","null","","enter","2","",""
"no-tradeoff-rwd","77","4750129","0.0-6.0-0.55","","","","","","","","4","2","4","img/house_4.png","img/house_6.png","147.62000000383705","690.5799999944866","","147.62000000383705,690.5799999944866","74","74,32","null","","null","","",""
"no-tradeoff-rwd","78","4762317","0.0-6.0-0.56","","","","","","","","1","1","4","img/house_4.png","img/house_6.png","761.8549999902025","666.6549999499694","2496.5200000442564","761.8549999902025,666.6549999499694,2496.5200000442564","70","70,32,13","enter","2","null","","",""
"no-tradeoff-rwd","79","4772726","0.0-6.0-0.57","","","","","","","","1","2","4","img/house_3.png","img/house_2.png","442.2400000039488","1394.9300000090152","","442.2400000039488,1394.9300000090152","70","70,32","null","","null","","",""
"no-tradeoff-rwd","80","4784289","0.0-6.0-0.58","","","","","","","","1","2","8","img/house_4.png","img/house_6.png","394.0750000178814","1960.9899999918416","582.3600000012666","394.0750000178814,1960.9899999918416,582.3600000012666","70","70,13,32","null","","enter","3","",""
"no-tradeoff-rwd","81","4794046","0.0-6.0-0.59","","","","","","","","4","5","4","img/house_6.png","img/house_4.png","855.0549999931827","730.489999987185","","855.0549999931827,730.489999987185","70","70,32","null","","null","","",""
"no-tradeoff-rwd","82","4808377","0.0-6.0-0.60","","","","","","","","4","4","3","img/house_2.png","img/house_3.png","479.6100000385195","1043.6349999504164","4271.505000011995","479.6100000385195,1043.6349999504164,4271.505000011995","74","74,32,13","enter","4","null","","",""
"no-tradeoff-rwd","83","4821407","0.0-6.0-0.61","","","","","","","","1","4","4","img/house_2.png","img/house_3.png","644.8699999600649","4007.874999951571","","644.8699999600649,4007.874999951571","70","70,32","null","","null","","",""
"no-tradeoff-rwd","84","4832417","0.0-6.0-0.62","","","","","","","","4","2","5","img/house_4.png","img/house_6.png","802.060000016354","1427.8250000206754","558.0300000142306","802.060000016354,1427.8250000206754,558.0300000142306","70","70,13,32","null","","enter","4","",""
"no-tradeoff-rwd","85","4842242","0.0-6.0-0.63","","","","","","","","1","2","4","img/house_6.png","img/house_4.png","1474.695000040345","796.160000026226","","1474.695000040345,796.160000026226","74","74,32","null","","null","","",""
"no-tradeoff-rwd","86","4856474","0.0-6.0-0.64","","","","","","","","1","4","1","img/house_2.png","img/house_3.png","815.9999999916181","1317.4200000353158","3895.535000017844","815.9999999916181,1317.4200000353158,3895.535000017844","70","70,32,13","enter","3","null","","",""
"no-tradeoff-rwd","87","4866146","0.0-6.0-0.65","","","","","","","","4","4","3","img/house_2.png","img/house_3.png","458.99000001419336","646.4949999935925","","458.99000001419336,646.4949999935925","74","74,32","null","","null","","",""
"no-tradeoff-rwd","88","4877737","0.0-6.0-0.66","","","","","","","","1","4","3","img/house_3.png","img/house_2.png","475.15000001341105","2071.474999946542","491.57000001333654","475.15000001341105,2071.474999946542,491.57000001333654","70","70,13,32","null","","enter","4","",""
"no-tradeoff-rwd","89","4887385","0.0-6.0-0.67","","","","","","","","4","5","5","img/house_4.png","img/house_6.png","840.3800000092015","628.885000012815","","840.3800000092015,628.885000012815","70","70,32","null","","null","","",""
"no-tradeoff-rwd","90","4899518","0.0-6.0-0.68","","","","","","","","4","7","3","img/house_4.png","img/house_6.png","1365.6300000147894","650.6450000442564","2462.5799999916926","1365.6300000147894,650.6450000442564,2462.5799999916926","74","74,32,13","enter","8","null","","",""
"no-tradeoff-rwd","91","4908346","0.0-6.0-0.69","","","","","","","","1","2","6","img/house_2.png","img/house_3.png","531.0649999883026","1304.9149999860674","","531.0649999883026,1304.9149999860674","70","70,32","null","","null","","",""
"no-tradeoff-rwd","92","4919360","0.0-6.0-0.70","","","","","","","","1","4","7","img/house_6.png","img/house_4.png","1094.385000004433","1428.4099999926984","561.3199999779463","1094.385000004433,1428.4099999926984,561.3199999779463","70","70,13,32","null","","enter","4","",""
"no-tradeoff-rwd","93","4929223","0.0-6.0-0.71","","","","","","","","1","4","9","img/house_6.png","img/house_4.png","195.81999996397644","844.8999999668449","","195.81999996397644,844.8999999668449","70","70,32","null","","null","","",""
"no-tradeoff-rwd","94","4939042","0.0-6.0-0.72","","","","","","","","1","4","8","img/house_2.png","img/house_3.png","566.580000041984","767.2400000151247","1534.3649999704212","566.580000041984,767.2400000151247,1534.3649999704212","70","70,32,13","enter","3","null","","",""
"no-tradeoff-rwd","95","4949544","0.0-6.0-0.73","","","","","","","","4","7","3","img/house_4.png","img/house_6.png","688.0099999830127","630.2850000206381","","688.0099999830127,630.2850000206381","70","70,32","null","","null","","",""
"no-tradeoff-rwd","96","4961381","0.0-6.0-0.74","","","","","","","","1","4","8","img/house_6.png","img/house_4.png","981.4149999869987","1948.6700000120327","859.6699999766424","981.4149999869987,1948.6700000120327,859.6699999766424","70","70,13,32","null","","enter","3","",""
"no-tradeoff-rwd","97","4973726","0.0-6.0-0.75","","","","","","","","1","5","8","img/house_6.png","img/house_4.png","697.1500000227243","3313.660000043921","","697.1500000227243,3313.660000043921","70","70,32","null","","null","","",""
"no-tradeoff-rwd","98","4985655","0.0-6.0-0.76","","","","","","","","4","7","8","img/house_6.png","img/house_4.png","728.0500000342727","681.0600000312552","2227.4450000254437","728.0500000342727,681.0600000312552,2227.4450000254437","70","70,32,13","enter","4","null","","",""
"no-tradeoff-rwd","99","4995288","0.0-6.0-0.77","","","","","","","","1","9","6","img/house_3.png","img/house_2.png","967.9349999632686","611.900000018999","","967.9349999632686,611.900000018999","70","70,32","null","","null","","",""
"no-tradeoff-rwd","100","5006297","0.0-6.0-0.78","","","","","","","","1","8","9","img/house_2.png","img/house_3.png","332.70000002905726","1378.7149999989197","601.4250000007451","332.70000002905726,1378.7149999989197,601.4250000007451","70","70,13,32","null","","enter","4","",""
"no-tradeoff-rwd","101","5015886","0.0-6.0-0.79","","","","","","","","4","7","8","img/house_2.png","img/house_3.png","360.90499994996935","562.390000035055","","360.90499994996935,562.390000035055","74","74,32","null","","null","","",""
"no-tradeoff-rwd","102","5029785","0.0-6.0-0.80","","","","","","","","4","8","6","img/house_6.png","img/house_4.png","989.5649999957532","2922.0499999932945","1950.6799999503419","989.5649999957532,2922.0499999932945,1950.6799999503419","70","70,32,13","enter","4","null","","",""
"no-tradeoff-rwd","103","5296988","0.0-6.0-0.81","","","","","","","","1","9","6","img/house_6.png","img/house_4.png","1118.5699999909848","258130.9599999804","","1118.5699999909848,258130.9599999804","70","70,32","null","","null","","",""
"no-tradeoff-rwd","104","5309207","0.0-6.0-0.82","","","","","","","","1","6","9","img/house_3.png","img/house_2.png","751.8150000246242","2050.619999994524","1138.939999975264","751.8150000246242,2050.619999994524,1138.939999975264","70","70,13,32","null","","enter","3","",""
"no-tradeoff-rwd","105","5318803","0.0-6.0-0.83","","","","","","","","4","8","4","img/house_3.png","img/house_2.png","438.29000002052635","573.7049999879673","","438.29000002052635,573.7049999879673","74","74,32","null","","null","","",""
"no-tradeoff-rwd","106","5329323","0.0-6.0-0.84","","","","","","","","1","5","3","img/house_3.png","img/house_2.png","594.4850000087172","1138.1249999981374","1863.8849999988452","594.4850000087172,1138.1249999981374,1863.8849999988452","70","70,32,13","enter","3","null","","",""
"no-tradeoff-rwd","107","5345205","0.0-6.0-0.85","","","","","","","","4","1","8","img/house_2.png","img/house_3.png","903.0849999971688","6858.965000021271","","903.0849999971688,6858.965000021271","70","70,32","null","","null","","",""
"no-tradeoff-rwd","108","5351948","0.0-6.0-0.86","","","","","","","","4","0","","","","3236.4050000319257","","","3236.4050000319257","32","32","null","","null","","",""
"no-tradeoff-rwd","109","5357142","0.0-6.0-0.87","","","","","","","","1","0","","","","1683.38499998115","","","1683.38499998115","32","32","null","","null","","",""
"no-tradeoff-rwd","110","5366636","0.0-6.0-0.88","","","","","","","","1","0","","","","5981.5899999812245","","","5981.5899999812245","32","32","null","","null","","",""
"no-tradeoff-rwd","111","5404552","0.0-6.0-0.89","","","","","","","","4","2","5","img/house_4.png","img/house_6.png","642.2749999910593","28896.184999961406","","642.2749999910593,28896.184999961406","70","70,32","null","","null","","",""
"no-tradeoff-rwd","112","5416432","0.0-6.0-0.90","","","","","","","","1","7","3","img/house_6.png","img/house_4.png","630.9199999673292","2333.810000039637","526.3499999996275","630.9199999673292,2333.810000039637,526.3499999996275","70","70,13,32","null","","enter","3","",""
"no-tradeoff-rwd","113","5426409","0.0-6.0-0.91","","","","","","","","4","3","7","img/house_4.png","img/house_6.png","1268.2599999830127","948.1849999865517","","1268.2599999830127,948.1849999865517","70","70,32","null","","null","","",""
"no-tradeoff-rwd","114","5438640","0.0-6.0-0.92","","","","","","","","4","7","5","img/house_6.png","img/house_4.png","827.6150000169873","1531.6250000037253","1672.8299999963492","827.6150000169873,1531.6250000037253,1672.8299999963492","70","70,32,13","enter","3","null","","",""
"no-tradeoff-rwd","115","5450824","0.0-6.0-0.93","","","","","","","","1","3","3","img/house_3.png","img/house_2.png","1463.0050000268966","3153.62000005506","","1463.0050000268966,3153.62000005506","70","70,32","null","","null","","",""
"no-tradeoff-rwd","116","5462005","0.0-6.0-0.94","","","","","","","","4","2","3","img/house_2.png","img/house_3.png","1129.974999989383","1442.7450000084937","720.2249999977648","1129.974999989383,1442.7450000084937,720.2249999977648","74","74,13,32","null","","enter","4","",""
"no-tradeoff-rwd","117","5479030","0.0-6.0-0.95","","","","","","","","1","3","0","img/house_4.png","img/house_6.png","737.4399999976158","7995.93500001356","","737.4399999976158,7995.93500001356","70","70,32","null","","null","","",""
"no-tradeoff-rwd","118","5489468","0.0-6.0-0.96","","","","","","","","1","3","2","img/house_4.png","img/house_6.png","711.200000019744","1192.7249999716878","1725.8499999875203","711.200000019744,1192.7249999716878,1725.8499999875203","70","70,32,13","enter","4","null","","",""
"no-tradeoff-rwd","119","5499235","0.0-6.0-0.97","","","","","","","","1","1","4","img/house_6.png","img/house_4.png","229.11999997496605","740.690000006929","","229.11999997496605,740.690000006929","70","70,32","null","","null","","",""
"no-tradeoff-rwd","120","5600920","0.0-6.0-0.98","","","","","","","","4","4","1","img/house_3.png","img/house_2.png","503.9250000268221","1789.030000044033","90869.58499997854","503.9250000268221,1789.030000044033,90869.58499997854","70","70,13,32","null","","enter","3","",""
"no-tradeoff-rwd","121","5611728","0.0-6.0-0.99","","","","","","","","1","6","1","img/house_3.png","img/house_2.png","701.7000000337139","1784.5000000093132","","701.7000000337139,1784.5000000093132","70","70,32","null","","null","","",""
"no-tradeoff-rwd","122","5725414","0.0-6.0-0.100","","","","","","","","4","0","","","","110173.71499998309","","","110173.71499998309","32","32","null","","null","","",""
"no-tradeoff-rwd","123","5735490","0.0-6.0-0.101","","","","","","","","1","6","1","img/house_3.png","img/house_2.png","474.4850000133738","1051.4749999856576","","474.4850000133738,1051.4749999856576","70","70,32","null","","null","","",""
"no-tradeoff-rwd","124","7045228","0.0-6.0-0.102","","","","","","","","1","1","4","img/house_6.png","img/house_4.png","773.5749999992549","1251378.9000000115","49295.58500001393","773.5749999992549,1251378.9000000115,49295.58500001393","70","70,13,32","null","","enter","4","",""
"no-tradeoff-rwd","125","7053036","0.0-6.0-0.103","","","","","","","","1","0","","","","4301.150000013411","","","4301.150000013411","32","32","null","","null","","",""
"no-tradeoff-rwd","126","7064163","0.0-6.0-0.104","","","","","","","","4","5","4","img/house_2.png","img/house_3.png","1443.6349999746308","537.2549999747425","1562.7900000549853","1443.6349999746308,537.2549999747425,1562.7900000549853","70","70,32,13","enter","3","null","","",""
"no-tradeoff-rwd","127","7074632","0.0-6.0-0.105","","","","","","","","1","2","6","img/house_3.png","img/house_2.png","501.589999999851","806.1050000255927","","501.589999999851,806.1050000255927","70","70,32","null","","null","","",""
"no-tradeoff-rwd","128","7092738","0.0-6.0-0.106","","","","","","","","4","6","1","img/house_2.png","img/house_3.png","665.3350000269711","1541.220000013709","7541.510000010952","665.3350000269711,1541.220000013709,7541.510000010952","70","70,13,32","null","","enter","4","",""
"no-tradeoff-rwd","129","7101184","0.0-6.0-0.107","","","","","","","","1","0","3","img/house_4.png","img/house_6.png","502.96000001206994","930.1800000248477","","502.96000001206994,930.1800000248477","70","70,32","null","","null","","",""
"no-tradeoff-rwd","130","7112469","0.0-6.0-0.108","","","","","","","","1","5","3","img/house_6.png","img/house_4.png","921.169999986887","644.4550000010058","1615.2549999523908","921.169999986887,644.4550000010058,1615.2549999523908","70","70,32,13","enter","5","null","","",""
"no-tradeoff-rwd","131","7117002","0.0-6.0-0.109","","","","","","","","1","0","","","","1023.149999964051","","","1023.149999964051","32","32","null","","null","","",""
"no-tradeoff-rwd","132","7128184","0.0-6.0-0.110","","","","","","","","1","8","3","img/house_6.png","img/house_4.png","1285.8600000031292","1527.485000028275","597.7200000202283","1285.8600000031292,1527.485000028275,597.7200000202283","74","74,13,32","null","","enter","6","",""
"no-tradeoff-rwd","133","7136486","0.0-6.0-0.111","","","","","","","","1","4","7","img/house_4.png","img/house_6.png","999.9850000021979","793.1749999988824","","999.9850000021979,793.1749999988824","70","70,32","null","","null","","",""
"no-tradeoff-rwd","134","7150103","0.0-6.0-0.112","","","","","","","","4","9","3","img/house_6.png","img/house_4.png","957.8050000127405","2722.5600000238046","1873.5149999838322","957.8050000127405,2722.5600000238046,1873.5149999838322","70","70,32,13","enter","5","null","","",""
"no-tradeoff-rwd","135","7172324","0.0-6.0-0.113","","","","","","","","1","0","","","","18708.50000000745","","","18708.50000000745","32","32","null","","null","","",""
"no-tradeoff-rwd","136","7187883","0.0-6.0-0.114","","","","","","","","1","6","3","img/house_6.png","img/house_4.png","1127.3650000225753","2221.2600000202656","4310.675000015646","1127.3650000225753,2221.2600000202656,4310.675000015646","70","70,13,32","null","","enter","5","",""
"no-tradeoff-rwd","137","7210316","0.0-6.0-0.115","","","","","","","","4","2","5","img/house_4.png","img/house_6.png","1117.520000028424","13411.085000028834","","1117.520000028424,13411.085000028834","70","70,32","null","","null","","",""
"no-tradeoff-rwd","138","7225853","0.0-6.0-0.116","","","","","","","","4","1","2","img/house_3.png","img/house_2.png","1269.7850000113249","3475.745000003837","3038.5250000404194","1269.7850000113249,3475.745000003837,3038.5250000404194","70","70,32,13","enter","4","null","","",""
"no-tradeoff-rwd","139","7237211","0.0-6.0-0.117","","","","","","","","1","1","1","img/house_3.png","img/house_2.png","1091.300000029616","2338.7900000093505","","1091.300000029616,2338.7900000093505","70","70,32","null","","null","","",""
"no-tradeoff-rwd","140","7248722","0.0-6.0-0.118","","","","","","","","1","0","","","","7994.669999985024","","","7994.669999985024","32","32","null","","null","","",""
"no-tradeoff-rwd","141","7257142","0.0-6.0-0.119","","","","","","","","4","2","1","img/house_2.png","img/house_3.png","646.8149999845773","908.4849999630824","","646.8149999845773,908.4849999630824","70","70,32","null","","null","","",""
"call-function","142","7257144","0.0-7.0","","","","","","","","","","","","","","","","","","","","","","","",""
"html-keyboard-response","143","7258420","0.0-8.0","1275.0649999948218","<p>Now you will play the second game!</p><p>Press the space bar to begin reading the instructions for the second game.</p>","","","32","","","","","","","","","","","","","","","","","","",""
"instructions","144","7411236","0.0-9.0","152809.98500000034","","","","","[{""page_index"":0,""viewing_time"":18100.855000026524},{""page_index"":1,""viewing_time"":3807.6550000114366},{""page_index"":2,""viewing_time"":6010.099999955855},{""page_index"":3,""viewing_time"":11842.899999989197},{""page_index"":4,""viewing_time"":60602.54000005033},{""page_index"":5,""viewing_time"":1364.1699999570847},{""page_index"":6,""viewing_time"":2955.3799999998882},{""page_index"":7,""viewing_time"":43084.8550000228},{""page_index"":8,""viewing_time"":5041.015000023879}]","","","","","","","","","","","","","","","","","",""
"html-keyboard-response","145","7418595","0.0-10.0-0.0","7356.33999999892","<p style=""font-size:24px;font-weight:bold"">TEST QUESTION</p><p>Which letter should you press to select the green tree on the left?</p><div class=group><table class=table_center><tr><td class=prompt colspan=2>Choose one</td></tr><tr style=""height: 300px;""><td style=""width: 300px;""><img id=""left"" src=img/tree_3.png style=""zoom: 100%;""/></td><td style=""width: 300px;""><img id=""right"" src=img/tree_7.png style=""zoom: 100%;""/></td></tr></table></div><br>","","","70","","true","","","","","","","","","","","","","","","","",""
"html-keyboard-response","146","7419731","0.0-10.0-1.0","1134.140000037849","<p style=""font-size:36px;font-weight:bold"">Correct!</p><p> Remember, press ""F"" for left and ""J"" for right. </p>","","","70","","","","","","","","","","","","","","","","","","",""
"html-keyboard-response","147","7422561","0.0-10.0-2.0","2828.7300000078976","<p style=""font-size:24px;font-weight:bold"">TEST QUESTION</p><p>Which letter should you press to select the red tree on the right?</p><div class=group><table class=table_center><tr><td class=prompt colspan=2>Choose one</td></tr><tr style=""height: 300px;""><td style=""width: 300px;""><img id=""left"" src=img/tree_3.png style=""zoom: 100%;""/></td><td style=""width: 300px;""><img id=""right"" src=img/tree_7.png style=""zoom: 100%;""/></td></tr></table></div><br>","","","74","","true","","","","","","","","","","","","","","","","",""
"html-keyboard-response","148","7425565","0.0-10.0-3.0","null","<p style=""font-size:36px;font-weight:bold"">Correct!</p><p> Remember, press ""F"" for left and ""J"" for right. </p>","","","null","","","","","","","","","","","","","","","","","","",""
"html-keyboard-response","149","7429806","0.0-10.0-4.0","4240.180000022985","<p style=""font-size:24px;font-weight:bold"">TEST QUESTION</p><p>Type the number of the <b> maximum </b> amount of shields an gnome can make</p>","","","54","","false","","","","","","","","","","","","","","","","",""
"html-keyboard-response","150","7432812","0.0-10.0-5.0","null","<p style=""font-size:36px;font-weight:bold"">Wrong answer.</p><p> Remember, gnomes can make 0 to 9 shields.</p>","","","null","","","","","","","","","","","","","","","","","","",""
"html-keyboard-response","151","7435365","0.0-10.0-6.0","2550.839999982156","<p style=""font-size:24px;font-weight:bold"">TEST QUESTION</p><p>Remember, the same tree always takes you to the same gnome. </p><p>On this trial, select the tree on the left by pressing ""F"".</p><div class=group><table class=table_center><tr><td class=prompt colspan=2>Choose one</td></tr><tr style=""height: 300px;""><td style=""width: 300px;""><img id=""left"" src=img/tree_1.png style=""zoom: 100%;""/></td><td style=""width: 300px;""><img id=""right"" src=img/tree_2.png style=""zoom: 100%;""/></td></tr></table></div><br>","","","70","","","","","","","","","","","","","","","","","","",""
"html-keyboard-response","152","7440119","0.0-10.0-7.0","4752.684999955818","<p style=""font-size:24px;font-weight:bold"">TEST QUESTION</p><p>The orange tree took you to the green gnome. </p><p> The green gnome gave you 8 shields. </p><p> The most shields a gnome can make is 9 shields, so this is a great outcome!</p><div class=group><table class=table_center><tr><td class=prompt colspan=3>You received</td></tr><tr style=""height: 300px;""><td><img src=img/gnome_green.png style=""zoom: 100%;""/></td><td><img src=img/shield.png style=""zoom: 30%;""/></td><td class=prompt>x 8</td></tr></table></div><br><p> Press space to continue </p>","","","32","","","","","","","","","","","","","","","","","","",""
"html-keyboard-response","153","7444398","0.0-10.0-8.0","4277.659999962896","<p style=""font-size:24px;font-weight:bold"">TEST QUESTION</p><p>If you wanted to visit the <b> green gnome </b> again, which tree would you select?</p><div class=group><table class=table_center><tr><td class=prompt colspan=2>Choose one</td></tr><tr style=""height: 300px;""><td style=""width: 300px;""><img id=""left"" src=img/tree_1.png style=""zoom: 100%;""/></td><td style=""width: 300px;""><img id=""right"" src=img/tree_2.png style=""zoom: 100%;""/></td></tr></table></div><br>","","","70","","true","","","","","","","","","","","","","","","","",""
"html-keyboard-response","154","7447404","0.0-10.0-9.0","null","<p style=""font-size:36px;font-weight:bold"">Correct!</p><p> Remember, the same tree goes to the same gnome. </p>","","","null","","","","","","","","","","","","","","","","","","",""
"html-keyboard-response","155","7449587","0.0-10.0-10.0","2181.494999968447","<p style=""font-size:24px;font-weight:bold"">TEST QUESTION</p><p>On this trial, select the tree on the right by pressing ""J"".</p><div class=group><table class=table_center><tr><td class=prompt colspan=2>Choose one</td></tr><tr style=""height: 300px;""><td style=""width: 300px;""><img id=""left"" src=img/tree_1.png style=""zoom: 100%;""/></td><td style=""width: 300px;""><img id=""right"" src=img/tree_2.png style=""zoom: 100%;""/></td></tr></table></div><br>","","","74","","","","","","","","","","","","","","","","","","",""
"html-keyboard-response","156","7450530","0.0-10.0-11.0","942.4250000156462","<p style=""font-size:24px;font-weight:bold"">TEST QUESTION</p><p>The blue tree took you to the purple gnome. </p><p> The purple gnome only gave you 1 shield. </p><p> That is not very much and is a pretty bad outcome.</p><div class=group><table class=table_center><tr><td class=prompt colspan=3>You received</td></tr><tr style=""height: 300px;""><td><img src=img/gnome_purple.png style=""zoom: 100%;""/></td><td><img src=img/shield.png style=""zoom: 30%;""/></td><td class=prompt>x 1</td></tr></table></div><br><p> Press space to continue </p>","","","32","","","","","","","","","","","","","","","","","","",""
"html-keyboard-response","157","7459129","0.0-10.0-12.0","8597.289999946952","<p style=""font-size:24px;font-weight:bold"">TEST QUESTION</p><p>Remember the green gnome gave you 8 shields and the purple gnome only gave you 1 shield. </p><p> Which gnome would you try to visit next? </p><div class=group><table class=table_center><tr><td class=prompt colspan=2>Choose one</td></tr><tr style=""height: 300px;""><td style=""width: 300px;""><img id=""left"" src=img/gnome_green.png style=""zoom: 100%;""/></td><td style=""width: 300px;""><img id=""right"" src=img/gnome_purple.png style=""zoom: 100%;""/></td></tr></table></div><br>","","","70","","true","","","","","","","","","","","","","","","","",""
"html-keyboard-response","158","7462130","0.0-10.0-13.0","null","<p style=""font-size:36px;font-weight:bold"">Correct!</p><p> Remember, you want to select the gnome who gives you the most shields.</p>","","","null","","","","","","","","","","","","","","","","","","",""
"html-keyboard-response","159","7463952","0.0-10.0-14.0","1821.134999975562","<p style=""font-size:24px;font-weight:bold"">TEST QUESTION</p><p>To visit the green gnome, which tree should you visit? </p><div class=group><table class=table_center><tr><td class=prompt colspan=2>Choose one</td></tr><tr style=""height: 300px;""><td style=""width: 300px;""><img id=""left"" src=img/tree_1.png style=""zoom: 100%;""/></td><td style=""width: 300px;""><img id=""right"" src=img/tree_2.png style=""zoom: 100%;""/></td></tr></table></div><br>","","","70","","true","","","","","","","","","","","","","","","","",""
"html-keyboard-response","160","7466953","0.0-10.0-15.0","null","<p style=""font-size:36px;font-weight:bold"">Correct!</p><p>Remember, the same tree goes to the same gnome each time.</p>","","","null","","","","","","","","","","","","","","","","","","",""
"html-keyboard-response","161","7469554","0.0-10.0-16.0","2599.3700000112876","<p style=""font-size:36px;font-weight:bold"">You are ready to play!</p><p>The trees and gnomes in the actual game will be different than the practice. </p><p> Press space to start the game</p>","","","32","","","","","","","","","","","","","","","","","","",""
"no-tradeoff","162","7480804","0.0-11.0-0.0","","","","","","","","1","3","4","img/tree_3.png","img/tree_7.png","1248.770000005141","1000.2699999604374","2728.39000000339","1248.770000005141,1000.2699999604374,2728.39000000339","70","70,32,13","enter","3","null","","",""
"no-tradeoff","163","7549637","0.0-11.0-0.1","","","","","","","","1","0","","","","65322.994999994524","","","65322.994999994524","32","32","null","","null","","",""
"no-tradeoff","164","7553867","0.0-11.0-0.2","","","","","","","","1","0","","","","720.960000006482","","","720.960000006482","32","32","null","","null","","",""
"no-tradeoff","165","7563425","0.0-11.0-0.3","","","","","","","","1","2","6","img/tree_3.png","img/tree_7.png","1091.5950000053272","538.7350000087172","","1091.5950000053272,538.7350000087172","74","74,32","null","","null","","",""
"no-tradeoff","166","7573732","0.0-11.0-0.4","","","","","","","","4","5","3","img/tree_7.png","img/tree_3.png","720.9799999836832","723.7900000186637","2060.49500004109","720.9799999836832,723.7900000186637,2060.49500004109","70","70,32,13","enter","7","null","","",""
"no-tradeoff","167","7583348","0.0-11.0-0.5","","","","","","","","1","2","6","img/tree_9.png","img/tree_8.png","848.5300000179559","601.094999990426","","848.5300000179559,601.094999990426","70","70,32","null","","null","","",""
"no-tradeoff","168","7593849","0.0-11.0-0.6","","","","","","","","1","3","5","img/tree_9.png","img/tree_8.png","1053.3099999884143","2115.3250000216067","861.5400000130758","1053.3099999884143,2115.3250000216067,861.5400000130758","70","70,13,32","null","","enter","4","",""
"no-tradeoff","169","7627351","0.0-11.0-0.7","","","","","","","","1","9","1","img/tree_8.png","img/tree_9.png","1401.7950000120327","24475.804999995045","","1401.7950000120327,24475.804999995045","70","70,32","null","","null","","",""
"no-tradeoff","170","7664310","0.0-11.0-0.8","","","","","","","","1","0","","","","33435.310000030324","","","33435.310000030324","32","32","null","","null","","",""
"no-tradeoff","171","7672818","0.0-11.0-0.9","","","","","","","","1","2","7","img/tree_3.png","img/tree_7.png","1022.9500000122935","993.5450000334531","","1022.9500000122935,993.5450000334531","74","74,32","null","","null","","",""
"no-tradeoff","172","7706081","0.0-11.0-0.10","","","","","","","","1","0","","","","29751.31000002101","","","29751.31000002101","32","32","null","","null","","",""
"no-tradeoff","173","7714260","0.0-11.0-0.11","","","","","","","","4","3","9","img/tree_9.png","img/tree_8.png","861.0750000234693","663.1850000116974","","861.0750000234693,663.1850000116974","70","70,32","null","","null","","",""
"no-tradeoff","174","7725783","0.0-11.0-0.12","","","","","","","","4","3","7","img/tree_9.png","img/tree_8.png","600.1600000299513","861.4599999859929","1637.3849999513477","600.1600000299513,861.4599999859929,1637.3849999513477","74","74,32,13","enter","4","null","","",""
"no-tradeoff","175","7733954","0.0-11.0-0.13","","","","","","","","4","1","8","img/tree_3.png","img/tree_7.png","589.975000009872","649.195000005886","","589.975000009872,649.195000005886","70","70,32","null","","null","","",""
"no-tradeoff","176","7744362","0.0-11.0-0.14","","","","","","","","1","7","1","img/tree_7.png","img/tree_3.png","346.48499998636544","1926.7600000016391","963.3550000144169","346.48499998636544,1926.7600000016391,963.3550000144169","70","70,13,32","null","","enter","4","",""
"no-tradeoff","177","7769564","0.0-11.0-0.15","","","","","","","","4","8","1","img/tree_7.png","img/tree_3.png","647.7799999993294","16180.114999995567","","647.7799999993294,16180.114999995567","70","70,32","null","","null","","",""
"no-tradeoff","178","7780839","0.0-11.0-0.16","","","","","","","","4","8","4","img/tree_8.png","img/tree_9.png","804.4700000314042","576.8049999605864","1679.145000002347","804.4700000314042,576.8049999605864,1679.145000002347","70","70,32,13","enter","8","null","","",""
"no-tradeoff","179","7787154","0.0-11.0-0.17","","","","","","","","4","0","","","","2802.490000030026","","","2802.490000030026","32","32","null","","null","","",""
"no-tradeoff","180","7798540","0.0-11.0-0.18","","","","","","","","4","5","6","img/tree_9.png","img/tree_8.png","1432.8849999587983","1372.799999954179","987.3999999836087","1432.8849999587983,1372.799999954179,987.3999999836087","70","70,13,32","null","","enter","4","",""
"no-tradeoff","181","7808219","0.0-11.0-0.19","","","","","","","","1","3","6","img/tree_8.png","img/tree_9.png","848.409999976866","663.1700000148267","","848.409999976866,663.1700000148267","70","70,32","null","","null","","",""
"no-tradeoff","182","7822376","0.0-11.0-0.20","","","","","","","","1","0","","","","10642.725000040606","","","10642.725000040606","32","32","null","","null","","",""
"no-tradeoff","183","7831692","0.0-11.0-0.21","","","","","","","","1","6","6","img/tree_8.png","img/tree_9.png","949.6550000039861","293.6999999806285","","949.6550000039861,293.6999999806285","70","70,32","null","","null","","",""
"no-tradeoff","184","7842161","0.0-11.0-0.22","","","","","","","","1","0","","","","6957.504999998026","","","6957.504999998026","32","32","null","","null","","",""
"no-tradeoff","185","7850386","0.0-11.0-0.23","","","","","","","","4","6","1","img/tree_7.png","img/tree_3.png","822.1950000151992","701.6150000281632","","822.1950000151992,701.6150000281632","70","70,32","null","","null","","",""
"no-tradeoff","186","7857660","0.0-11.0-0.24","","","","","","","","1","0","","","","3763.7899999972433","","","3763.7899999972433","32","32","null","","null","","",""
"no-tradeoff","187","7862069","0.0-11.0-0.25","","","","","","","","1","0","","","","903.3849999532104","","","903.3849999532104","32","32","null","","null","","",""
"no-tradeoff","188","7867452","0.0-11.0-0.26","","","","","","","","4","0","","","","1871.9350000023842","","","1871.9350000023842","32","32","null","","null","","",""
"no-tradeoff","189","7887036","0.0-11.0-0.27","","","","","","","","4","0","","","","16069.294999994338","","","16069.294999994338","32","32","null","","null","","",""
"no-tradeoff","190","7896417","0.0-11.0-0.28","","","","","","","","1","0","","","","5875.415000016801","","","5875.415000016801","32","32","null","","null","","",""
"no-tradeoff","191","7905630","0.0-11.0-0.29","","","","","","","","1","1","8","img/tree_9.png","img/tree_8.png","760.1900000013411","188.010000041686","","760.1900000013411,188.010000041686","70","70,32","null","","null","","",""
"no-tradeoff","192","7911820","0.0-11.0-0.30","","","","","","","","4","0","","","","2677.3449999745935","","","2677.3449999745935","32","32","null","","null","","",""
"no-tradeoff","193","7920727","0.0-11.0-0.31","","","","","","","","4","9","0","img/tree_8.png","img/tree_9.png","936.4950000308454","1379.8299999907613","","936.4950000308454,1379.8299999907613","70","70,32","null","","null","","",""
"no-tradeoff","194","7932415","0.0-11.0-0.32","","","","","","","","4","9","0","img/tree_8.png","img/tree_9.png","713.2549999505281","677.4049999658018","1987.5099999476224","713.2549999505281,677.4049999658018,1987.5099999476224","70","70,32,13","enter","4","null","","",""
"no-tradeoff","195","7937010","0.0-11.0-0.33","","","","","","","","1","0","","","","1087.3349999897182","","","1087.3349999897182","32","32","null","","null","","",""
"no-tradeoff","196","7947996","0.0-11.0-0.34","","","","","","","","1","1","5","img/tree_3.png","img/tree_7.png","1236.729999945499","1320.4549999795854","641.2949999794364","1236.729999945499,1320.4549999795854,641.2949999794364","70","70,13,32","null","","enter","4","",""
"no-tradeoff","197","7954738","0.0-11.0-0.35","","","","","","","","1","0","","","","3230.2200000267476","","","3230.2200000267476","32","32","null","","null","","",""
"no-tradeoff","198","7965668","0.0-11.0-0.36","","","","","","","","1","1","4","img/tree_9.png","img/tree_8.png","446.80500001460314","481.75999999418855","1429.7950000036508","446.80500001460314,481.75999999418855,1429.7950000036508","70","70,32,13","enter","4","null","","",""
"no-tradeoff","199","8059589","0.0-11.0-0.37","","","","","","","","4","0","","","","90409.25500000641","","","90409.25500000641","32","32","null","","null","","",""
"no-tradeoff","200","8081739","0.0-11.0-0.38","","","","","","","","4","0","","","","18642.69000000693","","","18642.69000000693","32","32","null","","null","","",""
"no-tradeoff","201","8089914","0.0-11.0-0.39","","","","","","","","4","6","2","img/tree_7.png","img/tree_3.png","792.1199999973178","646.8749999767169","","792.1199999973178,646.8749999767169","70","70,32","null","","null","","",""
"no-tradeoff","202","8123722","0.0-11.0-0.40","","","","","","","","4","5","0","img/tree_8.png","img/tree_9.png","721.6849999967963","22393.09999998659","2385.4649999989197","721.6849999967963,22393.09999998659,2385.4649999989197","70","70,32,13","enter","4","null","","",""
"no-tradeoff","203","8130155","0.0-11.0-0.41","","","","","","","","4","0","","","","2925.58000003919","","","2925.58000003919","32","32","null","","null","","",""
"no-tradeoff","204","8171176","0.0-11.0-0.42","","","","","","","","4","5","1","img/tree_8.png","img/tree_9.png","637.8100000433624","2522.719999949448","29478.24999998603","637.8100000433624,2522.719999949448,29478.24999998603","70","70,13,32","null","","enter","4","",""
"no-tradeoff","205","8187635","0.0-11.0-0.43","","","","","","","","4","6","2","img/tree_7.png","img/tree_3.png","1368.0850000232458","7437.095000001602","","1368.0850000232458,7437.095000001602","70","70,32","null","","null","","",""
"no-tradeoff","206","8220653","0.0-11.0-0.44","","","","","","","","4","5","3","img/tree_9.png","img/tree_8.png","741.5349999796599","22205.509999999776","1791.3699999917299","741.5349999796599,22205.509999999776,1791.3699999917299","70","70,32,13","enter","4","null","","",""
"no-tradeoff","207","8241070","0.0-11.0-0.45","","","","","","","","4","0","","","","16902.80000003986","","","16902.80000003986","32","32","null","","null","","",""
"no-tradeoff","208","8251864","0.0-11.0-0.46","","","","","","","","1","3","3","img/tree_8.png","img/tree_9.png","762.9200000073761","1994.2249999726191","1281.8100000154227","762.9200000073761,1994.2249999726191,1281.8100000154227","70","70,13,32","null","","enter","4","",""
"no-tradeoff","209","8259903","0.0-11.0-0.47","","","","","","","","4","4","2","img/tree_8.png","img/tree_9.png","367.39500000793487","518.4350000349805","","367.39500000793487,518.4350000349805","70","70,32","null","","null","","",""
"no-tradeoff","210","8269662","0.0-11.0-0.48","","","","","","","","4","4","1","img/tree_7.png","img/tree_3.png","617.9700000211596","1008.8450000043958","1226.3099999977276","617.9700000211596,1008.8450000043958,1226.3099999977276","70","70,32,13","enter","4","null","","",""
"no-tradeoff","211","8278277","0.0-11.0-0.49","","","","","","","","1","3","5","img/tree_8.png","img/tree_9.png","577.3599999956787","1100.3149999883026","","577.3599999956787,1100.3149999883026","70","70,32","null","","null","","",""
"no-tradeoff","212","8288570","0.0-11.0-0.50","","","","","","","","4","3","2","img/tree_3.png","img/tree_7.png","803.8400000082329","1802.2099999953061","964.1749999718741","803.8400000082329,1802.2099999953061,964.1749999718741","70","70,13,32","null","","enter","5","",""
"no-tradeoff","213","8295195","0.0-11.0-0.51","","","","","","","","4","0","","","","3113.0799999805167","","","3113.0799999805167","32","32","null","","null","","",""
"no-tradeoff","214","8305168","0.0-11.0-0.52","","","","","","","","4","2","5","img/tree_8.png","img/tree_9.png","560.9049999620765","955.4600000269711","1494.9999999962747","560.9049999620765,955.4600000269711,1494.9999999962747","70","70,32,13","enter","3","null","","",""
"no-tradeoff","215","8314388","0.0-11.0-0.53","","","","","","","","4","0","","","","5711.089999997988","","","5711.089999997988","32","32","null","","null","","",""
"no-tradeoff","216","8324180","0.0-11.0-0.54","","","","","","","","4","6","2","img/tree_9.png","img/tree_8.png","552.9649999802932","1519.5900000389665","758.5400000093505","552.9649999802932,1519.5900000389665,758.5400000093505","70","70,13,32","null","","enter","4","",""
"no-tradeoff","217","8328665","0.0-11.0-0.55","","","","","","","","4","0","","","","971.3049999559298","","","971.3049999559298","32","32","null","","null","","",""
"no-tradeoff","218","8334146","0.0-11.0-0.56","","","","","","","","1","0","","","","1973.3499999847263","","","1973.3499999847263","32","32","null","","null","","",""
"no-tradeoff","219","8340649","0.0-11.0-0.57","","","","","","","","1","0","","","","2993.8550000078976","","","2993.8550000078976","32","32","null","","null","","",""
"no-tradeoff","220","8346389","0.0-11.0-0.58","","","","","","","","1","0","","","","2226.939999964088","","","2226.939999964088","32","32","null","","null","","",""
"no-tradeoff","221","8354602","0.0-11.0-0.59","","","","","","","","4","9","6","img/tree_3.png","img/tree_7.png","551.8900000024587","694.7499999664724","","551.8900000024587,694.7499999664724","70","70,32","null","","null","","",""
"no-tradeoff","222","8366204","0.0-11.0-0.60","","","","","","","","4","9","4","img/tree_9.png","img/tree_8.png","947.3649999713525","1135.9200000297278","1694.7049999721348","947.3649999713525,1135.9200000297278,1694.7049999721348","70","70,32,13","enter","3","null","","",""
"no-tradeoff","223","8374316","0.0-11.0-0.61","","","","","","","","1","5","9","img/tree_7.png","img/tree_3.png","367.14999994728714","592.765000008978","","367.14999994728714,592.765000008978","70","70,32","null","","null","","",""
"no-tradeoff","224","8383990","0.0-11.0-0.62","","","","","","","","1","8","8","img/tree_8.png","img/tree_9.png","636.2499999813735","1491.4700000081211","661.894999967888","636.2499999813735,1491.4700000081211,661.894999967888","70","70,13,32","null","","enter","5","",""
"no-tradeoff","225","8392695","0.0-11.0-0.63","","","","","","","","1","8","6","img/tree_8.png","img/tree_9.png","1468.4899999983609","872.2350000161678","","1468.4899999983609,872.2350000161678","70","70,32","null","","null","","",""
"no-tradeoff","226","8402575","0.0-11.0-0.64","","","","","","","","1","4","7","img/tree_8.png","img/tree_9.png","747.2299999799579","621.8750000121072","1740.0250000059605","747.2299999799579,621.8750000121072,1740.0250000059605","70","70,32,13","enter","6","null","","",""
"no-tradeoff","227","8406829","0.0-11.0-0.65","","","","","","","","1","0","","","","749.820000026375","","","749.820000026375","32","32","null","","null","","",""
"no-tradeoff","228","8411008","0.0-11.0-0.66","","","","","","","","1","0","","","","663.025000016205","","","663.025000016205","32","32","null","","null","","",""
"no-tradeoff","229","8416041","0.0-11.0-0.67","","","","","","","","4","0","","","","1518.2999999970198","","","1518.2999999970198","32","32","null","","null","","",""
"no-tradeoff","230","8425291","0.0-11.0-0.68","","","","","","","","1","2","9","img/tree_7.png","img/tree_3.png","595.4999999953434","97.05499996244907","1262.264999968931","595.4999999953434,97.05499996244907,1262.264999968931","70","70,32,13","enter","5","null","","",""
"no-tradeoff","231","8433529","0.0-11.0-0.69","","","","","","","","1","8","4","img/tree_3.png","img/tree_7.png","969.8050000006333","725.4700000053272","","969.8050000006333,725.4700000053272","70","70,32","null","","null","","",""
"no-tradeoff","232","8444513","0.0-11.0-0.70","","","","","","","","4","8","5","img/tree_9.png","img/tree_8.png","567.1250000018626","1270.6600000383332","684.2450000103563","567.1250000018626,1270.6600000383332,684.2450000103563","70","70,13,32","null","","enter","4","",""
"no-tradeoff","233","8478194","0.0-11.0-0.71","","","","","","","","4","0","","","","30171.365000015125","","","30171.365000015125","32","32","null","","null","","",""
"no-tradeoff","234","8485608","0.0-11.0-0.72","","","","","","","","4","0","","","","3390.8700000029057","","","3390.8700000029057","32","32","null","","null","","",""
"no-tradeoff","235","8493286","0.0-11.0-0.73","","","","","","","","4","5","2","img/tree_9.png","img/tree_8.png","1233.6950000021607","164.7650000527501","","1233.6950000021607,164.7650000527501","70","70,32","null","","null","","",""
"no-tradeoff","236","8499481","0.0-11.0-0.74","","","","","","","","4","0","","","","2683.2350000031292","","","2683.2350000031292","32","32","null","","null","","",""
"no-tradeoff","237","8507959","0.0-11.0-0.75","","","","","","","","4","5","5","img/tree_7.png","img/tree_3.png","558.4399999938905","952.8399999849498","","558.4399999938905,952.8399999849498","70","70,32","null","","null","","",""
"no-tradeoff","238","8518560","0.0-11.0-0.76","","","","","","","","4","6","6","img/tree_8.png","img/tree_9.png","640.2549999766052","67.24500004202127","1511.1749999932945","640.2549999766052,67.24500004202127,1511.1749999932945","70","70,32,13","enter","5","null","","",""
"no-tradeoff","239","8526666","0.0-11.0-0.77","","","","","","","","4","7","2","img/tree_3.png","img/tree_7.png","536.724999954924","591.8350000288337","","536.724999954924,591.8350000288337","70","70,32","null","","null","","",""
"no-tradeoff","240","8536418","0.0-11.0-0.78","","","","","","","","4","9","0","img/tree_9.png","img/tree_8.png","467.68000000342727","1523.6399999707937","709.9550000280142","467.68000000342727,1523.6399999707937,709.9550000280142","70","70,13,32","null","","enter","4","",""
"no-tradeoff","241","8544647","0.0-11.0-0.79","","","","","","","","4","3","9","img/tree_8.png","img/tree_9.png","708.8000000230968","709.9900000039488","","708.8000000230968,709.9900000039488","74","74,32","null","","null","","",""
"no-tradeoff","242","8554299","0.0-11.0-0.80","","","","","","","","4","8","4","img/tree_3.png","img/tree_7.png","415.8900000024587","650.0649999938905","1473.4900000039488","415.8900000024587,650.0649999938905,1473.4900000039488","70","70,32,13","enter","4","null","","",""
"no-tradeoff","243","8562682","0.0-11.0-0.81","","","","","","","","4","6","7","img/tree_8.png","img/tree_9.png","1452.6349999941885","867.0050000064075","","1452.6349999941885,867.0050000064075","70","70,32","null","","null","","",""
"no-tradeoff","244","8572377","0.0-11.0-0.82","","","","","","","","4","3","5","img/tree_3.png","img/tree_7.png","588.5549999661744","1445.3999999687076","735.6099999751896","588.5549999661744,1445.3999999687076,735.6099999751896","70","70,13,32","null","","enter","4","",""
"no-tradeoff","245","8580775","0.0-11.0-0.83","","","","","","","","1","2","3","img/tree_9.png","img/tree_8.png","684.5450000260025","876.0650000181049","","684.5450000260025,876.0650000181049","70","70,32","null","","null","","",""
"no-tradeoff","246","8591162","0.0-11.0-0.84","","","","","","","","4","2","6","img/tree_9.png","img/tree_8.png","396.7850000485778","732.2700000368059","2129.589999968186","396.7850000485778,732.2700000368059,2129.589999968186","70","70,32,13","enter","4","null","","",""
"no-tradeoff","247","8599481","0.0-11.0-0.85","","","","","","","","1","9","5","img/tree_8.png","img/tree_9.png","1462.5400000382215","802.0400000382215","","1462.5400000382215,802.0400000382215","70","70,32","null","","null","","",""
"no-tradeoff","248","8611687","0.0-11.0-0.86","","","","","","","","4","3","7","img/tree_3.png","img/tree_7.png","444.164999993518","1698.1199999582022","1479.1850000023842","444.164999993518,1698.1199999582022,1479.1850000023842","70","70,13,32","null","","enter","4","",""
"no-tradeoff","249","8626014","0.0-11.0-0.87","","","","","","","","1","9","2","img/tree_8.png","img/tree_9.png","636.0700000077486","5306.790000002831","","636.0700000077486,5306.790000002831","70","70,32","null","","null","","",""
"no-tradeoff","250","8638509","0.0-11.0-0.88","","","","","","","","4","8","0","img/tree_7.png","img/tree_3.png","628.2449999712408","1736.710000026971","1734.954999992624","628.2449999712408,1736.710000026971,1734.954999992624","70","70,32,13","enter","4","null","","",""
"no-tradeoff","251","8642837","0.0-11.0-0.89","","","","","","","","1","0","","","","814.5900000240654","","","814.5900000240654","32","32","null","","null","","",""
"no-tradeoff","252","8647790","0.0-11.0-0.90","","","","","","","","1","0","","","","1289.4550000205636","","","1289.4550000205636","32","32","null","","null","","",""
"no-tradeoff","253","8652035","0.0-11.0-0.91","","","","","","","","4","0","","","","734.3700000196695","","","734.3700000196695","32","32","null","","null","","",""
"no-tradeoff","254","8656726","0.0-11.0-0.92","","","","","","","","4","0","","","","1183.7550000064075","","","1183.7550000064075","32","32","null","","null","","",""
"no-tradeoff","255","8665191","0.0-11.0-0.93","","","","","","","","4","7","7","img/tree_8.png","img/tree_9.png","541.0200000032783","940.109999967739","","541.0200000032783,940.109999967739","70","70,32","null","","null","","",""
"no-tradeoff","256","8671529","0.0-11.0-0.94","","","","","","","","4","0","","","","2829.2800000049174","","","2829.2800000049174","32","32","null","","null","","",""
"no-tradeoff","257","8679765","0.0-11.0-0.95","","","","","","","","1","8","1","img/tree_9.png","img/tree_8.png","686.2949999626726","725.4149999953806","","686.2949999626726,725.4149999953806","70","70,32","null","","null","","",""
"no-tradeoff","258","8689495","0.0-11.0-0.96","","","","","","","","1","3","8","img/tree_7.png","img/tree_3.png","688.5849999953061","813.2349999509752","1394.0749999601394","688.5849999953061,813.2349999509752,1394.0749999601394","70","70,32,13","enter","4","null","","",""
"no-tradeoff","259","8698273","0.0-11.0-0.97","","","","","","","","1","8","5","img/tree_3.png","img/tree_7.png","667.8850000035018","1264.9799999780953","","667.8850000035018,1264.9799999780953","70","70,32","null","","null","","",""
"no-tradeoff","260","8712565","0.0-11.0-0.98","","","","","","","","4","8","5","img/tree_3.png","img/tree_7.png","402.7249999921769","2253.170000039041","3012.595000036061","402.7249999921769,2253.170000039041,3012.595000036061","70","70,13,32","null","","enter","6","",""
"no-tradeoff","261","8720689","0.0-11.0-0.99","","","","","","","","4","7","6","img/tree_3.png","img/tree_7.png","64.55999996885657","605.8999999668449","","64.55999996885657,605.8999999668449","70","70,32","null","","null","","",""
"no-tradeoff","262","8747584","0.0-11.0-0.100","","","","","","","","1","2","7","img/tree_8.png","img/tree_9.png","601.2700000423938","16160.690000047907","1708.7650000471622","601.2700000423938,16160.690000047907,1708.7650000471622","70","70,32,13","enter","4","null","","",""
"no-tradeoff","263","8753746","0.0-11.0-0.101","","","","","","","","4","0","","","","2651.5900000222027","","","2651.5900000222027","32","32","null","","null","","",""
"no-tradeoff","264","8765284","0.0-11.0-0.102","","","","","","","","4","5","6","img/tree_7.png","img/tree_3.png","741.8150000162423","3338.6800000444055","678.225000038743","741.8150000162423,3338.6800000444055,678.225000038743","70","70,13,32","null","","enter","5","",""
"no-tradeoff","265","8768862","0.0-11.0-0.103","","","","","","","","1","0","","","","66.32500002160668","","","66.32500002160668","32","32","null","","null","","",""
"no-tradeoff","266","8778886","0.0-11.0-0.104","","","","","","","","4","4","7","img/tree_7.png","img/tree_3.png","464.1950000077486","852.2449999582022","1648.34499999322","464.1950000077486,852.2449999582022,1648.34499999322","70","70,32,13","enter","5","null","","",""
"no-tradeoff","267","8786684","0.0-11.0-0.105","","","","","","","","1","6","5","img/tree_9.png","img/tree_8.png","1373.4999999869615","271.53499994799495","","1373.4999999869615,271.53499994799495","70","70,32","null","","null","","",""
"no-tradeoff","268","8796429","0.0-11.0-0.106","","","","","","","","4","7","8","img/tree_7.png","img/tree_3.png","697.5049999896437","1343.1250000149012","876.6850000247359","697.5049999896437,1343.1250000149012,876.6850000247359","70","70,13,32","null","","enter","4","",""
"no-tradeoff","269","8800782","0.0-11.0-0.107","","","","","","","","1","0","","","","840.3350000157952","","","840.3350000157952","32","32","null","","null","","",""
"no-tradeoff","270","8810510","0.0-11.0-0.108","","","","","","","","1","5","5","img/tree_3.png","img/tree_7.png","413.0200000349432","648.954999981448","1554.9650000184774","413.0200000349432,648.954999981448,1554.9650000184774","74","74,32,13","enter","5","null","","",""
"no-tradeoff","271","8819293","0.0-11.0-0.109","","","","","","","","4","5","5","img/tree_7.png","img/tree_3.png","1057.255000051111","1261.6900000143796","","1057.255000051111,1261.6900000143796","70","70,32","null","","null","","",""
"no-tradeoff","272","8829237","0.0-11.0-0.110","","","","","","","","4","3","5","img/tree_7.png","img/tree_3.png","1040.3500000257045","1626.8699999786913","789.4800000358373","1040.3500000257045,1626.8699999786913,789.4800000358373","70","70,13,32","null","","enter","5","",""
"no-tradeoff","273","8836918","0.0-11.0-0.111","","","","","","","","1","7","3","img/tree_3.png","img/tree_7.png","1350.4750000424683","163.40999997965991","","1350.4750000424683,163.40999997965991","70","70,32","null","","null","","",""
"no-tradeoff","274","8850133","0.0-11.0-0.112","","","","","","","","4","9","0","img/tree_3.png","img/tree_7.png","650.955000018701","1018.090000025928","2622.2799999509007","650.955000018701,1018.090000025928,2622.2799999509007,1560.7500000037253","70","70,70,32,13","enter","4","null","","",""
"no-tradeoff","275","8857713","0.0-11.0-0.113","","","","","","","","4","7","1","img/tree_9.png","img/tree_8.png","1293.9449999835342","63.1850000359118","","1293.9449999835342,63.1850000359118","70","70,32","null","","null","","",""
"no-tradeoff","276","8872167","0.0-11.0-0.114","","","","","","","","1","3","6","img/tree_7.png","img/tree_3.png","398.8550000358373","1581.4200000017881","3843.895000057295","398.8550000358373,1581.4200000017881,3843.895000057295","70","70,13,32","null","","enter","5","",""
"no-tradeoff","277","8880278","0.0-11.0-0.115","","","","","","","","1","4","8","img/tree_7.png","img/tree_3.png","589.9700000286102","590.0900000128895","","589.9700000286102,590.0900000128895","70","70,32","null","","null","","",""
"no-tradeoff","278","8895474","0.0-11.0-0.116","","","","","","","","1","6","3","img/tree_9.png","img/tree_8.png","338.1650000233203","2887.184999998659","3280.9600000046194","338.1650000233203,2887.184999998659,3280.9600000046194","70","70,32,13","enter","5","null","","",""
"no-tradeoff","279","8904070","0.0-11.0-0.117","","","","","","","","1","4","3","img/tree_9.png","img/tree_8.png","518.7250000312924","1081.255000025034","","518.7250000312924,1081.255000025034","70","70,32","null","","null","","",""
"no-tradeoff","280","8916260","0.0-11.0-0.118","","","","","","","","4","6","6","img/tree_9.png","img/tree_8.png","1217.6800000015646","3642.434999987483","1028.0749999806285","1217.6800000015646,3642.434999987483,1028.0749999806285","70","70,13,32","null","","enter","5","",""
"no-tradeoff","281","8924576","0.0-11.0-0.119","","","","","","","","1","6","7","img/tree_3.png","img/tree_7.png","641.8399999961257","800.980000000447","","641.8399999961257,800.980000000447","70","70,32","null","","null","","",""
"call-function","282","8924576","0.0-12.0","","","","","","","","","","","","","","","","","","","","","","","",""
"html-keyboard-response","283","8931157","0.0-13.0-0.0","6578.9649999924","<p><b> Now you will answer a few questionnaires</b></p><br> The following are statements that a person may either agree with or disagree with.</br><p>For each item, indicate how much you agree or disagree with what the item says by clicking your response. </p><p> Choose only one response and be as accurate and honest as you can. Do not worry about being consistent in your responses. </p><p> Press the space bar to start </p>","","","32","","","","","","","","","","","","","","","","","","",""
"survey-likert","284","9012206","0.0-13.0-1.0","81034.33499997482","","","{""BISBAS1"":2,""BISBAS2"":3,""BISBAS3"":1,""BISBAS4"":0,""BISBAS5"":0,""BISBAS6"":1,""BISBAS7"":0,""BISBAS8"":0,""BISBAS9"":1,""BISBAS10"":0,""BISBAS11"":2,""BISBAS12"":1,""BISBAS13"":0,""BISBAS14"":0,""BISBAS15"":0,""BISBAS16"":1,""BISBAS17"":1,""BISBAS18"":1,""BISBAS19"":1,""BISBAS20"":1,""BISBAS21"":1,""BISBAS22"":1,""BISBAS23"":1,""BISBAS24"":1}","","","","","","","","","","","","","","","","","","","","[0,1,2,3,4,5,6,7,8,9,10,11,12,13,14,15,16,17,18,19,20,21,22,23]"
"html-keyboard-response","285","9014387","0.0-14.0-0.0","2178.425000049174","<p>Please indicate for each statement the degree to which each statement is descriptive of your mood <b> at this  moment </b>. </p><p> Press the space bar to start </p>","","","32","","","","","","","","","","","","","","","","","","",""
"survey-likert","286","9108783","0.0-14.0-1.0","94388.16499995254","","","{""STICSAS1"":1,""STICSAS2"":1,""STICSAS3"":1,""STICSAS4"":0,""STICSAS5"":0,""STICSAS6"":0,""STICSAS7"":0,""STICSAS8"":0,""STICSAS9"":0,""STICSAS10"":1,""STICSAS11"":0,""STICSAS12"":1,""STICSAS13"":1,""STICSAS14"":1,""STICSAS15"":0,""STICSAS16"":2,""STICSAS17"":0,""STICSAS18"":1,""STICSAS19"":1,""STICSAS20"":1,""STICSAS21"":0,""STICSAS22"":3}","","","","","","","","","","","","","","","","","","","","[0,1,2,3,4,5,6,7,8,9,10,11,12,13,14,15,16,17,18,19,20,21]"
"html-keyboard-response","287","9110757","0.0-15.0-0.0","1971.8899999856949","<p>Please indicate for each statement how often <b> in general </b> the statement is true for you. </p><p> Press the space bar to start </p>","","","32","","","","","","","","","","","","","","","","","","",""
"survey-likert","288","9647641","0.0-15.0-1.0","536862.5549999997","","","{""STICSAT1"":0,""STICSAT2"":2,""STICSAT3"":1,""STICSAT4"":0,""STICSAT5"":0,""STICSAT6"":0,""STICSAT7"":0,""STICSAT8"":0,""STICSAT9"":2,""STICSAT10"":2,""STICSAT11"":0,""STICSAT12"":0,""STICSAT13"":0,""STICSAT14"":0,""STICSAT15"":0,""STICSAT16"":1,""STICSAT17"":0,""STICSAT18"":0,""STICSAT19"":0,""STICSAT20"":1,""STICSAT21"":1}","","","","","","","","","","","","","","","","","","","","[0,1,2,3,4,5,6,7,8,9,10,11,12,13,14,15,16,17,18,19,20]"
"html-keyboard-response","289","9817455","0.0-16.0-0.0","169806.19499995373","<p>Please indicate for each statement how much you agree. </p><p> Press the space bar to start </p>","","","32","","","","","","","","","","","","","","","","","","",""
"survey-likert","290","10130938","0.0-16.0-1.0","313467.63000002876","","","{""IUS1"":0,""IUS2"":"""",""IUS3"":0,""IUS4"":1,""IUS5"":1,""IUS6"":1,""IUS7"":0,""IUS8"":2,""IUS9"":2,""IUS10"":1,""IUS11"":3,""IUS12"":1,""IUS13"":4}","","","","","","","","","","","","","","","","","","","","[0,1,2,3,4,5,6,7,8,9,10,11,12]"
"html-keyboard-response","291","10133082","0.0-17.0-0.0","2141.784999985248","<p>Please indicate for each statement how you <b> generally </b> feel. </p><p> Press the space bar to start </p>","","","32","","","","","","","","","","","","","","","","","","",""
"survey-likert","292","10512143","0.0-17.0-1.0","379041.1549999844","","","{""STAIT1"":2,""STAIT2"":1,""STAIT3"":1,""STAIT4"":3,""STAIT5"":1,""STAIT6"":3,""STAIT7"":2,""STAIT8"":1,""STAIT9"":1,""STAIT10"":2,""STAIT11"":1,""STAIT12"":1,""STAIT13"":1,""STAIT14"":2,""STAIT15"":1,""STAIT16"":2,""STAIT17"":2,""STAIT18"":2,""STAIT19"":2,""STAIT20"":1}","","","","","","","","","","","","","","","","","","","","[0,1,2,3,4,5,6,7,8,9,10,11,12,13,14,15,16,17,18,19]"
"html-keyboard-response","293","10513738","0.0-18.0-0.0","1592.8399999961257","<p>Please indicate for each statement how much you think each statement is typical of you. </p><p> Press the space bar to start </p>","","","32","","","","","","","","","","","","","","","","","","",""
"survey-likert","294","10683356","0.0-18.0-1.0","169601.9149999488","","","{""ACQ1"":3,""ACQ2"":4,""ACQ3"":4,""ACQ4"":3,""ACQ5"":3,""ACQ6"":3,""ACQ7"":3,""ACQ8"":3,""ACQ9"":2,""ACQ10"":2,""ACQ11"":4,""ACQ12"":3,""ACQ13"":4,""ACQ14"":3,""ACQ15"":3,""ACQ16"":2,""ACQ17"":2,""ACQ18"":2,""ACQ19"":4,""ACQ20"":3,""ACQ21"":3,""ACQ22"":3,""ACQ23"":3,""ACQ24"":3,""ACQ25"":3,""ACQ26"":3,""ACQ27"":3,""ACQ28"":2,""ACQ29"":3,""ACQ30"":3}","","","","","","","","","","","","","","","","","","","","[0,1,2,3,4,5,6,7,8,9,10,11,12,13,14,15,16,17,18,19,20,21,22,23,24,25,26,27,28,29]"
"html-keyboard-response","295","10686356","0.0-19.0-0.0","2997.2549999952316","<p> For the following questions, indicate <b> how often </b> you felt or thought a certain way <b> during the last month </b>.</p><p> Press space to start </p>","","","32","","","","","","","","","","","","","","","","","","",""
"survey-likert","296","11015376","0.0-19.0-1.0","329005.08500001207","","","{""Stress1"":3,""Stress2"":3,""Stress3"":4,""Stress4"":3,""Stress5"":3,""Stress6"":3,""Stress7"":3,""Stress8"":3,""Stress9"":3,""Stress10"":2}","","","","","","","","","","","","","","","","","","","","[0,1,2,3,4,5,6,7,8,9]"
