"trial_type","trial_index","time_elapsed","internal_node_id","rt","stimulus","button_pressed","responses","key_press","view_history","correct","stakes","outcome","outcome_notreceived","choice_selected","choice_not_selected","rt_choice","rt_space","rt_certainty","all_rts","key_choice","all_keys","estimate_trial","estimate_val","certainty_trial","certainty_val","value","question_order"
"pavlovia","0","9","0.0-0.0","","","","","","","","","","","","","","","","","","","","","","","",""
"html-button-response","1","108815","0.0-1.0","108804.30000000342","<p style=""font-size:24px;font-weight:bold"">Consent</p><div class=""consent"" style=""text-align:left; border:1px solid; padding:10px; width:800px; font-size=100%, float:right""><p align=left>Thank you for signing up for this experiment!<p><p align=left>This experiment is being conducted by the California Institute of Technology (Caltech). The lead investigators are Sarah Tashjian, PhD and Dean Mobbs, PhD. This study has been approved by the Caltech Institutional Review Board for research ethics.<p><p align=left>The goal of this study is to understand learning processes. In this experiment, you will complete a task in which you will see images.<p><p align=left>At times, you will receive rewards and penalties. These earnings will determine your eligibility for a bonus payment, which will result in a real increase in your payment in this study.<p><p align=left>Your goal is to learn which images predict the most points. We will also ask how certain you are about your decisions throughout the task.<p><p align=left>This experiment will take approximately 1 hour to complete in its entirety.<p><p align=left><b>You will receive $9.00 for completing the experiment. <u>If you optimize decisions on at least 70% of trials, you will be eligible for a $100 bonus payment.</u></b><p><p align=left>This study involves minimal risk, meaning there will be no more risk than in daily life. Possible risks include physical discomfort/fatigue (eyestrain, tiredness), as well as psychological discomfort (e.g., potential boredom).<p><p align=left> Besides receiving payment, you will not benefit from this study.<p><p align=left><b>Any information that is obtained in connection with this study that can identify you will remain confidential. </b><p><p align=left>When the results of this study are reported, your identifying information will not be disclosed. Because this study is being conducted online, we are unable to fully eliminate the risk of a breach of confidentiality. However, to mitigate the chances of this occurring, we are using secure and confidential data collection systems.<p align=left>You may choose to withdraw from this study at any time and refuse to answer any questions without penalty. Also, you may choose not to participate in this study.<p><p align=left>You are <b>eligible</b> to participate if you (1) are 18-65 years old, (2) are fluent in English, (3) have healthy or corrected vision, (4) are not colorblind, and (5) have no difficulty controlling motor movements. <p><p align=left>If you do not meet these criteria, please exit the experiment now.<p><p align=center><b> If you meet these criteria and consent to participate, you must<br>indicate your consent by clicking the button below.<b></p>","0","","","","","","","","","","","","","","","","","","","","",""
"survey-text","2","143092","0.0-2.0-0.0","34272.335000001476","","","{""Q0"":""5bdab10cb341a4000154242e"",""Q1"":""22"",""Q2"":""Male"",""Q3"":""Male""}","","","","","","","","","","","","","","","","","","","",""
"html-keyboard-response","3","148659","0.0-3.0","5565.810000000056","<p>Welcome to the experiment!</p><p> You will play two games and answer a few questions.</p><p>Press the space bar to begin reading the instructions for the first game.</p>","","","32","","","","","","","","","","","","","","","","","","",""
"instructions","4","302329","0.0-4.0","153669.62000000058","","","","","[{""page_index"":0,""viewing_time"":22812.235000004875},{""page_index"":1,""viewing_time"":17445.260000000417},{""page_index"":2,""viewing_time"":13917.959999998857},{""page_index"":3,""viewing_time"":15256.815000000643},{""page_index"":4,""viewing_time"":39592.884999998205},{""page_index"":5,""viewing_time"":14185.629999999946},{""page_index"":6,""viewing_time"":9493.314999999711},{""page_index"":7,""viewing_time"":11601.33499999938},{""page_index"":8,""viewing_time"":9363.795000004757}]","","","","","","","","","","","","","","","","","",""
"html-keyboard-response","5","303508","0.0-5.0-0.0","1178.569999996398","<p style=""font-size:24px;font-weight:bold"">TEST QUESTION</p><p>Which letter should you press to select the green house on the left?</p><div class=group><table class=table_center><tr><td class=prompt colspan=2>Choose one</td></tr><tr style=""height: 300px;""><td style=""width: 300px;""><img id=""left"" src=img/house_3.png style=""zoom: 100%;""/></td><td style=""width: 300px;""><img id=""right"" src=img/house_2.png style=""zoom: 100%;""/></td></tr></table></div><br>","","","74","","false","","","","","","","","","","","","","","","","",""
"html-keyboard-response","6","306328","0.0-5.0-1.0","2819.5750000013504","<p style=""font-size:36px;font-weight:bold"">Wrong answer.</p><p> Remember, press ""F"" for left and ""J"" for right.</p>","","","70","","","","","","","","","","","","","","","","","","",""
"html-keyboard-response","7","308157","0.0-5.0-2.0","1827.610000000277","<p style=""font-size:24px;font-weight:bold"">TEST QUESTION</p><p>Which letter should you press to select the red house on the right?</p><div class=group><table class=table_center><tr><td class=prompt colspan=2>Choose one</td></tr><tr style=""height: 300px;""><td style=""width: 300px;""><img id=""left"" src=img/house_3.png style=""zoom: 100%;""/></td><td style=""width: 300px;""><img id=""right"" src=img/house_2.png style=""zoom: 100%;""/></td></tr></table></div><br>","","","74","","true","","","","","","","","","","","","","","","","",""
"html-keyboard-response","8","311157","0.0-5.0-3.0","null","<p style=""font-size:36px;font-weight:bold"">Correct!</p><p> Remember, press ""F"" for left and ""J"" for right. </p>","","","null","","","","","","","","","","","","","","","","","","",""
"html-keyboard-response","9","320472","0.0-5.0-4.0","9314.024999999674","<p style=""font-size:24px;font-weight:bold"">TEST QUESTION</p><p>Type the number of the <b> maximum </b> amount of sacks an elf can make</p>","","","52","","false","","","","","","","","","","","","","","","","",""
"html-keyboard-response","10","320706","0.0-5.0-5.0","233.47999999532476","<p style=""font-size:36px;font-weight:bold"">Wrong answer.</p><p> Remember, elves can make 0 to 9 sacks.</p>","","","53","","","","","","","","","","","","","","","","","","",""
"html-keyboard-response","11","325005","0.0-5.0-6.0","4299.624999999651","<p style=""font-size:24px;font-weight:bold"">TEST QUESTION</p><p>Remember, the same house always takes you to the same elf. </p><p>On this trial, select the house on the left by pressing ""F"".</p><div class=group><table class=table_center><tr><td class=prompt colspan=2>Choose one</td></tr><tr style=""height: 300px;""><td style=""width: 300px;""><img id=""left"" src=img/house_1.png style=""zoom: 100%;""/></td><td style=""width: 300px;""><img id=""right"" src=img/house_5.png style=""zoom: 100%;""/></td></tr></table></div><br>","","","70","","","","","","","","","","","","","","","","","","",""
"html-keyboard-response","12","330018","0.0-5.0-7.0","5011.555000004591","<p style=""font-size:24px;font-weight:bold"">TEST QUESTION</p><p>The red house took you to the yellow elf. </p><p> The yellow elf gave you 8 sacks. </p><p> The most sacks an elf can make is 9 sacks, so this is a great outcome!</p><div class=group><table class=table_center><tr><td class=prompt colspan=3>You received</td></tr><tr style=""height: 300px;""><td><img src=img/elf_yellow.png style=""zoom: 100%;""/></td><td><img src=img/sack.png style=""zoom: 30%;""/></td><td class=prompt>x 8</td></tr></table></div><br><p> Press space to continue </p>","","","32","","","","","","","","","","","","","","","","","","",""
"html-keyboard-response","13","334129","0.0-5.0-8.0","4110.639999998966","<p style=""font-size:24px;font-weight:bold"">TEST QUESTION</p><p>If you wanted to visit the <b> yellow elf </b> again, which house would you select?</p><div class=group><table class=table_center><tr><td class=prompt colspan=2>Choose one</td></tr><tr style=""height: 300px;""><td style=""width: 300px;""><img id=""left"" src=img/house_1.png style=""zoom: 100%;""/></td><td style=""width: 300px;""><img id=""right"" src=img/house_5.png style=""zoom: 100%;""/></td></tr></table></div><br>","","","74","","false","","","","","","","","","","","","","","","","",""
"html-keyboard-response","14","337131","0.0-5.0-9.0","null","<p style=""font-size:36px;font-weight:bold"">Wrong answer.</p><p> Remember, the same house goes to the same elf. You would select the red house to visit the yellow elf.</p>","","","null","","","","","","","","","","","","","","","","","","",""
"html-keyboard-response","15","338877","0.0-5.0-10.0","1745.0800000005984","<p style=""font-size:24px;font-weight:bold"">TEST QUESTION</p><p>On this trial, select the house on the right by pressing ""J"".</p><div class=group><table class=table_center><tr><td class=prompt colspan=2>Choose one</td></tr><tr style=""height: 300px;""><td style=""width: 300px;""><img id=""left"" src=img/house_1.png style=""zoom: 100%;""/></td><td style=""width: 300px;""><img id=""right"" src=img/house_5.png style=""zoom: 100%;""/></td></tr></table></div><br>","","","74","","","","","","","","","","","","","","","","","","",""
"html-keyboard-response","16","343125","0.0-5.0-11.0","4248.255000005884","<p style=""font-size:24px;font-weight:bold"">TEST QUESTION</p><p>The blue house took you to the purple elf. </p><p> The purple elf only gave you 1 sack. </p><p> That is not very much and is a pretty bad outcome.</p><div class=group><table class=table_center><tr><td class=prompt colspan=3>You received</td></tr><tr style=""height: 300px;""><td><img src=img/elf_purple.png style=""zoom: 100%;""/></td><td><img src=img/sack.png style=""zoom: 30%;""/></td><td class=prompt>x 1</td></tr></table></div><br><p> Press space to continue </p>","","","32","","","","","","","","","","","","","","","","","","",""
"html-keyboard-response","17","345471","0.0-5.0-12.0","2345.6700000024284","<p style=""font-size:24px;font-weight:bold"">TEST QUESTION</p><p>Remember the yellow elf gave you 8 sacks and the purple elf only gave you 1 sack. </p><p> Which elf would you try to visit next? </p><div class=group><table class=table_center><tr><td class=prompt colspan=2>Choose one</td></tr><tr style=""height: 300px;""><td style=""width: 300px;""><img id=""left"" src=img/elf_yellow.png style=""zoom: 100%;""/></td><td style=""width: 300px;""><img id=""right"" src=img/elf_purple.png style=""zoom: 100%;""/></td></tr></table></div><br>","","","70","","true","","","","","","","","","","","","","","","","",""
"html-keyboard-response","18","348473","0.0-5.0-13.0","null","<p style=""font-size:36px;font-weight:bold"">Correct!</p><p> Remember, you want to select the elf who gives you the most sacks.</p>","","","null","","","","","","","","","","","","","","","","","","",""
"html-keyboard-response","19","350710","0.0-5.0-14.0","2236.9550000003073","<p style=""font-size:24px;font-weight:bold"">TEST QUESTION</p><p>To visit the yellow elf, which house should you visit? </p><div class=group><table class=table_center><tr><td class=prompt colspan=2>Choose one</td></tr><tr style=""height: 300px;""><td style=""width: 300px;""><img id=""left"" src=img/house_1.png style=""zoom: 100%;""/></td><td style=""width: 300px;""><img id=""right"" src=img/house_5.png style=""zoom: 100%;""/></td></tr></table></div><br>","","","70","","true","","","","","","","","","","","","","","","","",""
"html-keyboard-response","20","353711","0.0-5.0-15.0","null","<p style=""font-size:36px;font-weight:bold"">Correct!</p><p>Remember, the same house goes to the same elf each time.</p>","","","null","","","","","","","","","","","","","","","","","","",""
"html-keyboard-response","21","356400","0.0-5.0-16.0","2687.8649999998743","<p style=""font-size:36px;font-weight:bold"">You are ready to play!</p><p>The houses and elves in the actual game will be different than the practice. </p><p> Press the space bar to start the game</p>","","","32","","","","","","","","","","","","","","","","","","",""
"no-tradeoff-rwd","22","371212","0.0-6.0-0.0","","","","","","","","1","5","3","img/house_2.png","img/house_3.png","853.8800000023912","746.4049999980489","5056.794999996782","853.8800000023912,746.4049999980489,5056.794999996782","70","70,32,13","enter","3","null","","",""
"no-tradeoff-rwd","23","381029","0.0-6.0-0.1","","","","","","","","4","3","4","img/house_2.png","img/house_3.png","1172.2699999954784","798.7399999983609","","1172.2699999954784,798.7399999983609","74","74,32","null","","null","","",""
"no-tradeoff-rwd","24","397303","0.0-6.0-0.2","","","","","","","","4","3","6","img/house_6.png","img/house_4.png","923.9900000029593","6099.16499999963","1167.5499999983003","923.9900000029593,6099.16499999963,1167.5499999983003","74","74,13,32","null","","enter","0","",""
"no-tradeoff-rwd","25","407008","0.0-6.0-0.3","","","","","","","","4","6","1","img/house_4.png","img/house_6.png","1168.5700000016368","696.8849999975646","","1168.5700000016368,696.8849999975646","74","74,32","null","","null","","",""
"no-tradeoff-rwd","26","421119","0.0-6.0-0.4","","","","","","","","1","8","1","img/house_4.png","img/house_6.png","1047.789999996894","639.8100000005797","4463.450000002922","1047.789999996894,639.8100000005797,4463.450000002922","70","70,32,13","enter","5","null","","",""
"no-tradeoff-rwd","27","430693","0.0-6.0-0.5","","","","","","","","4","7","2","img/house_3.png","img/house_2.png","1209.2399999964982","551.6050000005635","","1209.2399999964982,551.6050000005635","70","70,32","null","","null","","",""
"no-tradeoff-rwd","28","443404","0.0-6.0-0.6","","","","","","","","1","7","3","img/house_3.png","img/house_2.png","1044.4949999946402","3137.060000000929","558.8500000012573","1044.4949999946402,3137.060000000929,558.8500000012573","74","74,13,32","null","","enter","0","",""
"no-tradeoff-rwd","29","452968","0.0-6.0-0.7","","","","","","","","4","3","8","img/house_2.png","img/house_3.png","1155.8700000023236","555.0599999987753","","1155.8700000023236,555.0599999987753","74","74,32","null","","null","","",""
"no-tradeoff-rwd","30","465349","0.0-6.0-0.8","","","","","","","","4","6","3","img/house_3.png","img/house_2.png","1445.1399999961723","1316.7749999993248","3556.0399999958463","1445.1399999961723,1316.7749999993248,3556.0399999958463","74","74,32,13","enter","6","null","","",""
"no-tradeoff-rwd","31","474001","0.0-6.0-0.9","","","","","","","","4","7","5","img/house_3.png","img/house_2.png","810.1850000020931","1145.8999999958905","","810.1850000020931,1145.8999999958905","70","70,32","null","","null","","",""
"no-tradeoff-rwd","32","487035","0.0-6.0-0.10","","","","","","","","4","7","5","img/house_4.png","img/house_6.png","1055.9250000005704","3343.6099999962607","682.2250000041095","1055.9250000005704,3343.6099999962607,682.2250000041095","70","70,13,32","null","","enter","","",""
"no-tradeoff-rwd","33","495866","0.0-6.0-0.11","","","","","","","","4","8","4","img/house_4.png","img/house_6.png","713.0899999974645","1322.9900000005728","","713.0899999974645,1322.9900000005728","70","70,32","null","","null","","",""
"no-tradeoff-rwd","34","507801","0.0-6.0-0.12","","","","","","","","4","7","2","img/house_4.png","img/house_6.png","598.359999996319","767.29499999783","3661.290000003646","598.359999996319,767.29499999783,3661.290000003646","74","74,32,13","enter","8","null","","",""
"no-tradeoff-rwd","35","517568","0.0-6.0-0.13","","","","","","","","1","5","7","img/house_2.png","img/house_3.png","989.3649999939953","756.4899999997579","","989.3649999939953,756.4899999997579","74","74,32","null","","null","","",""
"no-tradeoff-rwd","36","529940","0.0-6.0-0.14","","","","","","","","4","5","8","img/house_2.png","img/house_3.png","1042.4050000001444","2734.490000002552","628.8799999965122","1042.4050000001444,2734.490000002552,628.8799999965122","74","74,13,32","null","","enter","6","",""
"no-tradeoff-rwd","37","538767","0.0-6.0-0.15","","","","","","","","1","7","6","img/house_4.png","img/house_6.png","394.29500000551343","1320.9199999982957","","394.29500000551343,1320.9199999982957","70","70,32","null","","null","","",""
"no-tradeoff-rwd","38","551389","0.0-6.0-0.16","","","","","","","","4","5","6","img/house_3.png","img/house_2.png","775.6549999976996","600.5100000039674","3012.640000000829","775.6549999976996,600.5100000039674,3012.640000000829","70","70,32,13","enter","5","null","","",""
"no-tradeoff-rwd","39","559673","0.0-6.0-0.17","","","","","","","","4","6","5","img/house_4.png","img/house_6.png","484.5150000038557","777.4949999948731","","484.5150000038557,777.4949999948731","70","70,32","null","","null","","",""
"no-tradeoff-rwd","40","571210","0.0-6.0-0.18","","","","","","","","4","7","3","img/house_3.png","img/house_2.png","858.0300000030547","3111.12999999756","917.7500000004657","858.0300000030547,3111.12999999756,917.7500000004657","74","74,13,32","null","","enter","6","",""
"no-tradeoff-rwd","41","580246","0.0-6.0-0.19","","","","","","","","1","7","3","img/house_4.png","img/house_6.png","1073.9249999970198","15.810000004363246","","1073.9249999970198,15.810000004363246","74","74,32","null","","null","","",""
"no-tradeoff-rwd","42","595747","0.0-6.0-0.20","","","","","","","","1","6","0","img/house_3.png","img/house_2.png","787.3749999998836","904.7300000020768","7088.819999997155","787.3749999998836,904.7300000020768,7088.819999997155","70","70,32,13","enter","6","null","","",""
"no-tradeoff-rwd","43","603667","0.0-6.0-0.21","","","","","","","","4","5","0","img/house_3.png","img/house_2.png","828.4249999998137","399.10499999672174","","828.4249999998137,399.10499999672174","70","70,32","null","","null","","",""
"no-tradeoff-rwd","44","614771","0.0-6.0-0.22","","","","","","","","1","6","2","img/house_4.png","img/house_6.png","467.7200000004377","2788.594999998226","792.9199999998091","467.7200000004377,2788.594999998226,792.9199999998091","70","70,13,32","null","","enter","6","",""
"no-tradeoff-rwd","45","622941","0.0-6.0-0.23","","","","","","","","4","4","3","img/house_3.png","img/house_2.png","1159.0250000008382","663.7750000009546","","1159.0250000008382,663.7750000009546","74","74,32","null","","null","","",""
"no-tradeoff-rwd","46","633559","0.0-6.0-0.24","","","","","","","","1","7","1","img/house_3.png","img/house_2.png","883.2350000010338","461.7149999976391","2649.6850000038976","883.2350000010338,461.7149999976391,2649.6850000038976","74","74,32,13","enter","6","null","","",""
"no-tradeoff-rwd","47","641692","0.0-6.0-0.25","","","","","","","","4","8","0","img/house_3.png","img/house_2.png","985.8800000002375","624.1150000060443","","985.8800000002375,624.1150000060443","74","74,32","null","","null","","",""
"no-tradeoff-rwd","48","652104","0.0-6.0-0.26","","","","","","","","4","6","2","img/house_3.png","img/house_2.png","990.774999998277","2154.644999995129","748.7350000010338","990.774999998277,2154.644999995129,748.7350000010338","74","74,13,32","null","","enter","7","",""
"no-tradeoff-rwd","49","660522","0.0-6.0-0.27","","","","","","","","1","8","0","img/house_3.png","img/house_2.png","1063.9399999999441","912.4050000027055","","1063.9399999999441,912.4050000027055","70","70,32","null","","null","","",""
"no-tradeoff-rwd","50","671731","0.0-6.0-0.28","","","","","","","","1","8","3","img/house_4.png","img/house_6.png","751.2399999978952","1127.9349999967963","2559.7999999955064","751.2399999978952,1127.9349999967963,2559.7999999955064","70","70,32,13","enter","7","null","","",""
"no-tradeoff-rwd","51","679700","0.0-6.0-0.29","","","","","","","","4","8","3","img/house_4.png","img/house_6.png","697.6350000040838","459.7700000011828","","697.6350000040838,459.7700000011828","74","74,32","null","","null","","",""
"no-tradeoff-rwd","52","690233","0.0-6.0-0.30","","","","","","","","4","8","3","img/house_4.png","img/house_6.png","732.9850000023143","2506.8400000019465","519.0050000019837","732.9850000023143,2506.8400000019465,519.0050000019837","74","74,13,32","null","","enter","7","",""
"no-tradeoff-rwd","53","698756","0.0-6.0-0.31","","","","","","","","1","9","3","img/house_3.png","img/house_2.png","1188.7700000007171","1003.3900000052527","","1188.7700000007171,1003.3900000052527","70","70,32","null","","null","","",""
"no-tradeoff-rwd","54","709211","0.0-6.0-0.32","","","","","","","","4","8","2","img/house_4.png","img/house_6.png","599.7600000046659","703.8350000001956","2241.915000005858","599.7600000046659,703.8350000001956,2241.915000005858","74","74,32,13","enter","8","null","","",""
"no-tradeoff-rwd","55","717360","0.0-6.0-0.33","","","","","","","","1","7","3","img/house_3.png","img/house_2.png","838.9749999986961","643.6950000061188","","838.9749999986961,643.6950000061188","74","74,32","null","","null","","",""
"no-tradeoff-rwd","56","728310","0.0-6.0-0.34","","","","","","","","1","8","1","img/house_3.png","img/house_2.png","721.83000000217","2785.5400000043446","654.5050000059418","721.83000000217,2785.5400000043446,654.5050000059418","74","74,13,32","null","","enter","9","",""
"no-tradeoff-rwd","57","736210","0.0-6.0-0.35","","","","","","","","4","8","2","img/house_3.png","img/house_2.png","577.880000004312","393.7200000000885","","577.880000004312,393.7200000000885","74","74,32","null","","null","","",""
"no-tradeoff-rwd","58","747708","0.0-6.0-0.36","","","","","","","","1","7","3","img/house_3.png","img/house_2.png","581.7100000058999","325.9950000065146","3663.6650000000373","581.7100000058999,325.9950000065146,3663.6650000000373","74","74,32,13","enter","7","null","","",""
"no-tradeoff-rwd","59","755678","0.0-6.0-0.37","","","","","","","","4","8","1","img/house_3.png","img/house_2.png","846.1349999997765","462.4900000053458","","846.1349999997765,462.4900000053458","70","70,32","null","","null","","",""
"no-tradeoff-rwd","60","769803","0.0-6.0-0.38","","","","","","","","1","9","2","img/house_4.png","img/house_6.png","879.0399999998044","5059.689999994589","50.3000000026077","879.0399999998044,5059.689999994589,50.3000000026077","74","74,13,32","null","","enter","9","",""
"no-tradeoff-rwd","61","777964","0.0-6.0-0.39","","","","","","","","4","7","3","img/house_3.png","img/house_2.png","758.3650000015041","644.1199999972014","","758.3650000015041,644.1199999972014","74","74,32","null","","null","","",""
"no-tradeoff-rwd","62","783583","0.0-6.0-0.40","","","","","","","","1","0","","","","2114.3099999971455","","","2114.3099999971455","32","32","null","","null","","",""
"no-tradeoff-rwd","63","791667","0.0-6.0-0.41","","","","","","","","4","7","5","img/house_3.png","img/house_2.png","570.8699999959208","577.0550000015646","","570.8699999959208,577.0550000015646","74","74,32","null","","null","","",""
"no-tradeoff-rwd","64","804742","0.0-6.0-0.42","","","","","","","","1","6","6","img/house_4.png","img/house_6.png","669.3749999976717","4542.639999999665","1012.2900000060908","669.3749999976717,4542.639999999665,1012.2900000060908","74","74,13,32","null","","enter","9","",""
"no-tradeoff-rwd","65","812527","0.0-6.0-0.43","","","","","","","","1","3","8","img/house_4.png","img/house_6.png","519.5850000018254","276.914999994915","","519.5850000018254,276.914999994915","74","74,32","null","","null","","",""
"no-tradeoff-rwd","66","823700","0.0-6.0-0.44","","","","","","","","1","5","2","img/house_6.png","img/house_4.png","542.394999996759","378.1500000040978","3288.1800000031944","542.394999996759,378.1500000040978,3288.1800000031944","70","70,32,13","enter","7","null","","",""
"no-tradeoff-rwd","67","831516","0.0-6.0-0.45","","","","","","","","4","1","3","img/house_4.png","img/house_6.png","496.1249999977881","301.68000000412576","","496.1249999977881,301.68000000412576","74","74,32","null","","null","","",""
"no-tradeoff-rwd","68","842286","0.0-6.0-0.46","","","","","","","","4","3","1","img/house_3.png","img/house_2.png","871.4649999965914","2623.3199999987846","633.6049999955576","871.4649999965914,2623.3199999987846,633.6049999955576","74","74,13,32","null","","enter","6","",""
"no-tradeoff-rwd","69","850130","0.0-6.0-0.47","","","","","","","","4","2","2","img/house_3.png","img/house_2.png","293.8500000019558","476.86000000254717","336.0050000047777","293.8500000019558,476.86000000254717,336.0050000047777","70","70,70,32","null","","null","","",""
"no-tradeoff-rwd","70","860949","0.0-6.0-0.48","","","","","","","","1","1","5","img/house_2.png","img/house_3.png","962.5099999975646","405.13999999535736","2905.4399999950547","962.5099999975646,405.13999999535736,2905.4399999950547","70","70,32,13","enter","6","null","","",""
"no-tradeoff-rwd","71","868793","0.0-6.0-0.49","","","","","","","","4","4","2","img/house_3.png","img/house_2.png","663.3150000051828","332.5849999964703","","663.3150000051828,332.5849999964703","74","74,32","null","","null","","",""
"no-tradeoff-rwd","72","879600","0.0-6.0-0.50","","","","","","","","4","5","6","img/house_6.png","img/house_4.png","1206.7499999976717","2581.61000000115","716.3150000050664","1206.7499999976717,2581.61000000115,716.3150000050664","74","74,13,32","null","","enter","9","",""
"no-tradeoff-rwd","73","887437","0.0-6.0-0.51","","","","","","","","1","3","4","img/house_4.png","img/house_6.png","657.5099999973318","325.6600000022445","","657.5099999973318,325.6600000022445","70","70,32","null","","null","","",""
"no-tradeoff-rwd","74","898929","0.0-6.0-0.52","","","","","","","","1","2","6","img/house_4.png","img/house_6.png","777.3550000055693","550.5450000055134","3434.7600000037346","777.3550000055693,550.5450000055134,3434.7600000037346","74","74,32,13","enter","6","null","","",""
"no-tradeoff-rwd","75","906868","0.0-6.0-0.53","","","","","","","","4","7","5","img/house_6.png","img/house_4.png","472.3300000040326","431.5050000004703","","472.3300000040326,431.5050000004703","74","74,32","null","","null","","",""
"no-tradeoff-rwd","76","917990","0.0-6.0-0.54","","","","","","","","1","3","4","img/house_6.png","img/house_4.png","654.1999999971595","2854.71499999403","760.5399999956135","654.1999999971595,2854.71499999403,760.5399999956135","74","74,13,32","null","","enter","","",""
"no-tradeoff-rwd","77","925785","0.0-6.0-0.55","","","","","","","","4","1","8","img/house_6.png","img/house_4.png","762.6299999975599","276.03000000095926","","762.6299999975599,276.03000000095926","74","74,32","null","","null","","",""
"no-tradeoff-rwd","78","935046","0.0-6.0-0.56","","","","","","","","1","8","3","img/house_4.png","img/house_6.png","700.9850000031292","686.9700000025332","1056.574999995064","700.9850000031292,686.9700000025332,1056.574999995064","74","74,32,13","enter","","null","","",""
"no-tradeoff-rwd","79","942915","0.0-6.0-0.57","","","","","","","","4","8","5","img/house_3.png","img/house_2.png","936.6249999948777","362.8949999983888","","936.6249999948777,362.8949999983888","70","70,32","null","","null","","",""
"no-tradeoff-rwd","80","952575","0.0-6.0-0.58","","","","","","","","1","8","1","img/house_4.png","img/house_6.png","952.4299999976065","1507.6499999994412","644.7899999985239","952.4299999976065,1507.6499999994412,644.7899999985239","74","74,13,32","null","","enter","","",""
"no-tradeoff-rwd","81","960347","0.0-6.0-0.59","","","","","","","","1","6","1","img/house_3.png","img/house_2.png","767.7099999999627","263.47499999962747","","767.7099999999627,263.47499999962747","74","74,32","null","","null","","",""
"no-tradeoff-rwd","82","972646","0.0-6.0-0.60","","","","","","","","4","2","3","img/house_4.png","img/house_6.png","666.1149999999907","648.759999996284","2640.4699999984587","666.1149999999907,648.759999996284,2640.4699999984587","70","70,32,13","enter","","null","","",""
"no-tradeoff-rwd","83","980786","0.0-6.0-0.61","","","","","","","","4","1","1","img/house_4.png","img/house_6.png","724.1500000018859","634.9099999933969","","724.1500000018859,634.9099999933969","70","70,32","null","","null","","",""
"no-tradeoff-rwd","84","990360","0.0-6.0-0.62","","","","","","","","1","1","1","img/house_3.png","img/house_2.png","810.120000001858","1514.2699999996694","552.5100000012899","810.120000001858,1514.2699999996694,552.5100000012899","74","74,13,32","null","","enter","","",""
"no-tradeoff-rwd","85","998482","0.0-6.0-0.63","","","","","","","","1","2","3","img/house_3.png","img/house_2.png","986.9350000007544","615.0750000015832","","986.9350000007544,615.0750000015832","70","70,32","null","","null","","",""
"no-tradeoff-rwd","86","1007438","0.0-6.0-0.64","","","","","","","","1","2","2","img/house_4.png","img/house_6.png","999.5199999976903","463.8400000039255","983.0350000046892","999.5199999976903,463.8400000039255,983.0350000046892","70","70,32,13","enter","","null","","",""
"no-tradeoff-rwd","87","1015551","0.0-6.0-0.65","","","","","","","","1","1","1","img/house_2.png","img/house_3.png","1459.0299999981653","605.6850000021514","","1459.0299999981653,605.6850000021514","74","74,32","null","","null","","",""
"no-tradeoff-rwd","88","1027029","0.0-6.0-0.66","","","","","","","","4","3","2","img/house_3.png","img/house_2.png","757.720000001369","1059.0400000001537","1411.1049999991665","757.720000001369,1059.0400000001537,1411.1049999991665","74","74,13,32","null","","enter","","",""
"no-tradeoff-rwd","89","1034890","0.0-6.0-0.67","","","","","","","","1","2","3","img/house_2.png","img/house_3.png","477.05999999749474","351.5049999987241","","477.05999999749474,351.5049999987241","70","70,32","null","","null","","",""
"no-tradeoff-rwd","90","1043677","0.0-6.0-0.68","","","","","","","","1","1","5","img/house_4.png","img/house_6.png","602.4449999968056","492.4350000001723","786.8999999992084","602.4449999968056,492.4350000001723,786.8999999992084","70","70,32,13","enter","","null","","",""
"no-tradeoff-rwd","91","1051546","0.0-6.0-0.69","","","","","","","","4","4","2","img/house_6.png","img/house_4.png","977.8600000063889","359.8649999983609","","977.8600000063889,359.8649999983609","74","74,32","null","","null","","",""
"no-tradeoff-rwd","92","1060332","0.0-6.0-0.70","","","","","","","","4","2","5","img/house_4.png","img/house_6.png","620.7250000005588","686.7399999974295","588.4499999957625","620.7250000005588,686.7399999974295,588.4499999957625","74","74,13,32","null","","enter","","",""
"no-tradeoff-rwd","93","1068127","0.0-6.0-0.71","","","","","","","","4","2","3","img/house_4.png","img/house_6.png","793.425000003539","287.519999998156","","793.425000003539,287.519999998156","70","70,32","null","","null","","",""
"no-tradeoff-rwd","94","1076646","0.0-6.0-0.72","","","","","","","","1","3","2","img/house_2.png","img/house_3.png","652.6299999970943","253.67500000004657","748.0050000012852","652.6299999970943,253.67500000004657,748.0050000012852","74","74,32,13","enter","","null","","",""
"no-tradeoff-rwd","95","1084622","0.0-6.0-0.73","","","","","","","","1","0","6","img/house_4.png","img/house_6.png","629.515000000596","469.8599999975413","","629.515000000596,469.8599999975413","70","70,32","null","","null","","",""
"no-tradeoff-rwd","96","1093305","0.0-6.0-0.74","","","","","","","","1","4","0","img/house_6.png","img/house_4.png","556.9099999992177","672.1350000007078","504.50500000454485","556.9099999992177,672.1350000007078,504.50500000454485","70","70,13,32","null","","enter","","",""
"no-tradeoff-rwd","97","1101156","0.0-6.0-0.75","","","","","","","","4","6","2","img/house_6.png","img/house_4.png","679.9500000053085","343.60999999637716","","679.9500000053085,343.60999999637716","74","74,32","null","","null","","",""
"no-tradeoff-rwd","98","1109794","0.0-6.0-0.76","","","","","","","","4","3","0","img/house_2.png","img/house_3.png","1182.3749999967404","415.650000002468","715.0050000054762","1182.3749999967404,415.650000002468,715.0050000054762","74","74,32,13","enter","","null","","",""
"no-tradeoff-rwd","99","1117591","0.0-6.0-0.77","","","","","","","","4","1","2","img/house_3.png","img/house_2.png","717.6000000035856","289.7750000047963","","717.6000000035856,289.7750000047963","70","70,32","null","","null","","",""
"no-tradeoff-rwd","100","1126240","0.0-6.0-0.78","","","","","","","","1","6","0","img/house_2.png","img/house_3.png","478.67000000411645","739.294999999227","401.83000000263564","478.67000000411645,739.294999999227,401.83000000263564","74","74,13,32","null","","enter","","",""
"no-tradeoff-rwd","101","1134090","0.0-6.0-0.79","","","","","","","","4","3","1","img/house_2.png","img/house_3.png","974.3600000001024","343.9050000014249","","974.3600000001024,343.9050000014249","70","70,32","null","","null","","",""
"no-tradeoff-rwd","102","1142537","0.0-6.0-0.80","","","","","","","","1","5","5","img/house_2.png","img/house_3.png","848.9849999970756","299.81499999854714","640.52000000095","848.9849999970756,299.81499999854714,640.52000000095","70","70,32,13","enter","","null","","",""
"no-tradeoff-rwd","103","1150204","0.0-6.0-0.81","","","","","","","","4","3","3","img/house_2.png","img/house_3.png","739.8000000030734","159.35999999777414","","739.8000000030734,159.35999999777414","74","74,32","null","","null","","",""
"no-tradeoff-rwd","104","1159098","0.0-6.0-0.82","","","","","","","","4","4","2","img/house_6.png","img/house_4.png","961.995000005234","926.2899999956135","456.45499999960884","961.995000005234,926.2899999956135,456.45499999960884","74","74,13,32","null","","enter","","",""
"no-tradeoff-rwd","105","1167186","0.0-6.0-0.83","","","","","","","","1","1","1","img/house_4.png","img/house_6.png","662.4249999951571","580.8800000012852","","662.4249999951571,580.8800000012852","70","70,32","null","","null","","",""
"no-tradeoff-rwd","106","1177987","0.0-6.0-0.84","","","","","","","","4","0","1","img/house_3.png","img/house_2.png","1232.3299999989104","930.1800000029616","863.4500000043772","1232.3299999989104,930.1800000029616,863.4500000043772","74","74,32,13","enter","","null","","",""
"no-tradeoff-rwd","107","1185870","0.0-6.0-0.85","","","","","","","","4","1","5","img/house_3.png","img/house_2.png","958.7949999987613","376.0450000043493","","958.7949999987613,376.0450000043493","70","70,32","null","","null","","",""
"no-tradeoff-rwd","108","1194782","0.0-6.0-0.86","","","","","","","","1","3","1","img/house_6.png","img/house_4.png","739.6349999981467","801.8099999970291","602.4299999990035","739.6349999981467,801.8099999970291,602.4299999990035","74","74,13,32","null","","enter","","",""
"no-tradeoff-rwd","109","1202745","0.0-6.0-0.87","","","","","","","","4","0","4","img/house_4.png","img/house_6.png","933.4850000014994","453.2800000014249","","933.4850000014994,453.2800000014249","74","74,32","null","","null","","",""
"no-tradeoff-rwd","110","1213416","0.0-6.0-0.88","","","","","","","","4","3","2","img/house_6.png","img/house_4.png","374.5299999935087","361.010000000475","2793.9499999994878","374.5299999935087,361.010000000475,2793.9499999994878","70","70,32,13","enter","","null","","",""
"no-tradeoff-rwd","111","1221807","0.0-6.0-0.89","","","","","","","","1","3","4","img/house_3.png","img/house_2.png","1049.3450000067241","882.3200000042561","","1049.3450000067241,882.3200000042561","74","74,32","null","","null","","",""
"no-tradeoff-rwd","112","1231284","0.0-6.0-0.90","","","","","","","","4","2","3","img/house_6.png","img/house_4.png","1070.1299999998882","1315.260000003036","655.7499999981374","1070.1299999998882,1315.260000003036,655.7499999981374","74","74,13,32","null","","enter","","",""
"no-tradeoff-rwd","113","1239453","0.0-6.0-0.91","","","","","","","","1","4","2","img/house_6.png","img/house_4.png","107.21000000182539","206.160000001546","341.47500000102445","107.21000000182539,206.160000001546,341.47500000102445,447.15500000165775,613.5500000016764,660.8599999961443","70","70,74,70,74,70,32","null","","null","","",""
"no-tradeoff-rwd","114","1249025","0.0-6.0-0.92","","","","","","","","4","7","3","img/house_2.png","img/house_3.png","10.369999996386468","339.5299999974668","235.06500000087544","10.369999996386468,339.5299999974668,235.06500000087544,1829.475000005681","74","74,70,32,13","enter","","null","","",""
"no-tradeoff-rwd","115","1257110","0.0-6.0-0.93","","","","","","","","4","7","3","img/house_6.png","img/house_4.png","878.9900000046473","579.2000000001863","","878.9900000046473,579.2000000001863","70","70,32","null","","null","","",""
"no-tradeoff-rwd","116","1265998","0.0-6.0-0.94","","","","","","","","1","6","4","img/house_6.png","img/house_4.png","668.320000004489","910.4900000020862","467.404999995837","668.320000004489,910.4900000020862,467.404999995837","70","70,13,32","null","","enter","","",""
"no-tradeoff-rwd","117","1273948","0.0-6.0-0.95","","","","","","","","1","7","6","img/house_6.png","img/house_4.png","682.2400000018533","443.4599999950733","","682.2400000018533,443.4599999950733","74","74,32","null","","null","","",""
"no-tradeoff-rwd","118","1283928","0.0-6.0-0.96","","","","","","","","4","7","8","img/house_6.png","img/house_4.png","882.3800000026822","387.8149999943562","2084.1749999960884","882.3800000026822,387.8149999943562,2084.1749999960884","70","70,32,13","enter","","null","","",""
"no-tradeoff-rwd","119","1291765","0.0-6.0-0.97","","","","","","","","1","9","8","img/house_2.png","img/house_3.png","709.7350000038277","330.5400000028312","","709.7350000038277,330.5400000028312","74","74,32","null","","null","","",""
"no-tradeoff-rwd","120","1300434","0.0-6.0-0.98","","","","","","","","1","7","4","img/house_6.png","img/house_4.png","659.5450000022538","788.0500000028405","373.5949999974109","659.5450000022538,788.0500000028405,373.5949999974109","74","74,13,32","null","","enter","","",""
"no-tradeoff-rwd","121","1308272","0.0-6.0-0.99","","","","","","","","4","7","4","img/house_6.png","img/house_4.png","598.9300000001676","326.9300000029616","","598.9300000001676,326.9300000029616","74","74,32","null","","null","","",""
"no-tradeoff-rwd","122","1317561","0.0-6.0-0.100","","","","","","","","1","7","7","img/house_6.png","img/house_4.png","1196.4250000019092","615.5549999966752","1167.0749999976251","1196.4250000019092,615.5549999966752,1167.0749999976251","70","70,32,13","enter","","null","","",""
"no-tradeoff-rwd","123","1325463","0.0-6.0-0.101","","","","","","","","4","7","5","img/house_6.png","img/house_4.png","608.0250000013039","395.8399999975227","","608.0250000013039,395.8399999975227","74","74,32","null","","null","","",""
"no-tradeoff-rwd","124","1334541","0.0-6.0-0.102","","","","","","","","4","5","4","img/house_6.png","img/house_4.png","592.2599999974482","1097.9149999984074","474.13500000420026","592.2599999974482,1097.9149999984074,474.13500000420026","70","70,13,32","null","","enter","","",""
"no-tradeoff-rwd","125","1342354","0.0-6.0-0.103","","","","","","","","4","6","6","img/house_2.png","img/house_3.png","449.3000000002794","304.589999999851","","449.3000000002794,304.589999999851","74","74,32","null","","null","","",""
"no-tradeoff-rwd","126","1351006","0.0-6.0-0.104","","","","","","","","1","3","7","img/house_2.png","img/house_3.png","566.8000000002794","275.16499999910593","868.9000000013039","566.8000000002794,275.16499999910593,868.9000000013039","74","74,32,13","enter","","null","","",""
"no-tradeoff-rwd","127","1359278","0.0-6.0-0.105","","","","","","","","1","0","7","img/house_2.png","img/house_3.png","772.4349999988917","751.41000000434","","772.4349999988917,751.41000000434","74","74,32","null","","null","","",""
"no-tradeoff-rwd","128","1367888","0.0-6.0-0.106","","","","","","","","1","1","7","img/house_6.png","img/house_4.png","878.7099999971688","739.9499999955297","361.38499999651685","878.7099999971688,739.9499999955297,361.38499999651685","70","70,13,32","null","","enter","","",""
"no-tradeoff-rwd","129","1375645","0.0-6.0-0.107","","","","","","","","1","6","1","img/house_3.png","img/house_2.png","765.7749999999069","250.28999999631196","","765.7749999999069,250.28999999631196","74","74,32","null","","null","","",""
"no-tradeoff-rwd","130","1384091","0.0-6.0-0.108","","","","","","","","1","1","1","img/house_4.png","img/house_6.png","437.5","220.09000000264496","718.6450000007171","437.5,220.09000000264496,718.6450000007171","70","70,32,13","enter","","null","","",""
"no-tradeoff-rwd","131","1391987","0.0-6.0-0.109","","","","","","","","1","4","5","img/house_2.png","img/house_3.png","1116.0799999996088","387.0200000018813","","1116.0799999996088,387.0200000018813","70","70,32","null","","null","","",""
"no-tradeoff-rwd","132","1400647","0.0-6.0-0.110","","","","","","","","4","3","4","img/house_6.png","img/house_4.png","953.6049999950919","594.5449999999255","555.9799999974202","953.6049999950919,594.5449999999255,555.9799999974202","70","70,13,32","null","","enter","","",""
"no-tradeoff-rwd","133","1408733","0.0-6.0-0.111","","","","","","","","1","6","4","img/house_3.png","img/house_2.png","897.6699999982957","577.9799999946263","","897.6699999982957,577.9799999946263","74","74,32","null","","null","","",""
"no-tradeoff-rwd","134","1417120","0.0-6.0-0.112","","","","","","","","4","7","6","img/house_3.png","img/house_2.png","722.8949999988545","295.17000000481494","585.1250000048894","722.8949999988545,295.17000000481494,585.1250000048894","70","70,32,13","enter","","null","","",""
"no-tradeoff-rwd","135","1425047","0.0-6.0-0.113","","","","","","","","1","7","7","img/house_3.png","img/house_2.png","942.6300000050105","419.6499999961816","","942.6300000050105,419.6499999961816","74","74,32","null","","null","","",""
"no-tradeoff-rwd","136","1433792","0.0-6.0-0.114","","","","","","","","1","7","7","img/house_3.png","img/house_2.png","475.01500000362284","543.5050000012852","694.3400000019465","475.01500000362284,543.5050000012852,694.3400000019465","70","70,13,32","null","","enter","","",""
"no-tradeoff-rwd","137","1441502","0.0-6.0-0.115","","","","","","","","4","8","8","img/house_6.png","img/house_4.png","293.8800000047777","204.13499999977648","","293.8800000047777,204.13499999977648","70","70,32","null","","null","","",""
"no-tradeoff-rwd","138","1449919","0.0-6.0-0.116","","","","","","","","4","7","6","img/house_3.png","img/house_2.png","792.9450000009965","245.40500000142492","664.9099999994505","792.9450000009965,245.40500000142492,664.9099999994505","74","74,32,13","enter","","null","","",""
"no-tradeoff-rwd","139","1457699","0.0-6.0-0.117","","","","","","","","1","7","5","img/house_6.png","img/house_4.png","463.2700000000186","267.54000000073574","","463.2700000000186,267.54000000073574","70","70,32","null","","null","","",""
"no-tradeoff-rwd","140","1466537","0.0-6.0-0.118","","","","","","","","1","6","4","img/house_6.png","img/house_4.png","841.4700000067241","717.4349999986589","611.3000000040047","841.4700000067241,717.4349999986589,611.3000000040047","74","74,13,32","null","","enter","","",""
"no-tradeoff-rwd","141","1481494","0.0-6.0-0.119","","","","","","","","1","4","5","img/house_3.png","img/house_2.png","742.2000000004191","5946.51999999769","","742.2000000004191,5946.51999999769","70","70,32","null","","null","","",""
"call-function","142","1481494","0.0-7.0","","","","","","","","","","","","","","","","","","","","","","","",""
"html-keyboard-response","143","1483646","0.0-8.0","2152.6249999951106","<p>Now you will play the second game!</p><p>Press the space bar to begin reading the instructions for the second game.</p>","","","32","","","","","","","","","","","","","","","","","","",""
"instructions","144","1578481","0.0-9.0","94833.19000000507","","","","","[{""page_index"":0,""viewing_time"":10674.205000003101},{""page_index"":1,""viewing_time"":17509.375000001397},{""page_index"":2,""viewing_time"":7165.215000001015},{""page_index"":3,""viewing_time"":7329.81499999715},{""page_index"":4,""viewing_time"":15654.900000001537},{""page_index"":5,""viewing_time"":14747.145000001183},{""page_index"":6,""viewing_time"":12510.994999996852},{""page_index"":7,""viewing_time"":4706.8900000012945},{""page_index"":8,""viewing_time"":4534.359999997774}]","","","","","","","","","","","","","","","","","",""
"html-keyboard-response","145","1579743","0.0-10.0-0.0","1262.1450000004843","<p style=""font-size:24px;font-weight:bold"">TEST QUESTION</p><p>Which letter should you press to select the green tree on the left?</p><div class=group><table class=table_center><tr><td class=prompt colspan=2>Choose one</td></tr><tr style=""height: 300px;""><td style=""width: 300px;""><img id=""left"" src=img/tree_3.png style=""zoom: 100%;""/></td><td style=""width: 300px;""><img id=""right"" src=img/tree_7.png style=""zoom: 100%;""/></td></tr></table></div><br>","","","70","","true","","","","","","","","","","","","","","","","",""
"html-keyboard-response","146","1582745","0.0-10.0-1.0","null","<p style=""font-size:36px;font-weight:bold"">Correct!</p><p> Remember, press ""F"" for left and ""J"" for right. </p>","","","null","","","","","","","","","","","","","","","","","","",""
"html-keyboard-response","147","1585218","0.0-10.0-2.0","2473.355000001844","<p style=""font-size:24px;font-weight:bold"">TEST QUESTION</p><p>Which letter should you press to select the red tree on the right?</p><div class=group><table class=table_center><tr><td class=prompt colspan=2>Choose one</td></tr><tr style=""height: 300px;""><td style=""width: 300px;""><img id=""left"" src=img/tree_3.png style=""zoom: 100%;""/></td><td style=""width: 300px;""><img id=""right"" src=img/tree_7.png style=""zoom: 100%;""/></td></tr></table></div><br>","","","74","","true","","","","","","","","","","","","","","","","",""
"html-keyboard-response","148","1588219","0.0-10.0-3.0","null","<p style=""font-size:36px;font-weight:bold"">Correct!</p><p> Remember, press ""F"" for left and ""J"" for right. </p>","","","null","","","","","","","","","","","","","","","","","","",""
"html-keyboard-response","149","1594614","0.0-10.0-4.0","6394.42499999865","<p style=""font-size:24px;font-weight:bold"">TEST QUESTION</p><p>Type the number of the <b> maximum </b> amount of shields an gnome can make</p>","","","52","","false","","","","","","","","","","","","","","","","",""
"html-keyboard-response","150","1597616","0.0-10.0-5.0","null","<p style=""font-size:36px;font-weight:bold"">Wrong answer.</p><p> Remember, gnomes can make 0 to 9 shields.</p>","","","null","","","","","","","","","","","","","","","","","","",""
"html-keyboard-response","151","1602081","0.0-10.0-6.0","4465.290000000037","<p style=""font-size:24px;font-weight:bold"">TEST QUESTION</p><p>Remember, the same tree always takes you to the same gnome. </p><p>On this trial, select the tree on the left by pressing ""F"".</p><div class=group><table class=table_center><tr><td class=prompt colspan=2>Choose one</td></tr><tr style=""height: 300px;""><td style=""width: 300px;""><img id=""left"" src=img/tree_1.png style=""zoom: 100%;""/></td><td style=""width: 300px;""><img id=""right"" src=img/tree_2.png style=""zoom: 100%;""/></td></tr></table></div><br>","","","70","","","","","","","","","","","","","","","","","","",""
"html-keyboard-response","152","1605957","0.0-10.0-7.0","3875.049999995157","<p style=""font-size:24px;font-weight:bold"">TEST QUESTION</p><p>The orange tree took you to the green gnome. </p><p> The green gnome gave you 8 shields. </p><p> The most shields a gnome can make is 9 shields, so this is a great outcome!</p><div class=group><table class=table_center><tr><td class=prompt colspan=3>You received</td></tr><tr style=""height: 300px;""><td><img src=img/gnome_green.png style=""zoom: 100%;""/></td><td><img src=img/shield.png style=""zoom: 30%;""/></td><td class=prompt>x 8</td></tr></table></div><br><p> Press space to continue </p>","","","32","","","","","","","","","","","","","","","","","","",""
"html-keyboard-response","153","1608963","0.0-10.0-8.0","3005.9849999961443","<p style=""font-size:24px;font-weight:bold"">TEST QUESTION</p><p>If you wanted to visit the <b> green gnome </b> again, which tree would you select?</p><div class=group><table class=table_center><tr><td class=prompt colspan=2>Choose one</td></tr><tr style=""height: 300px;""><td style=""width: 300px;""><img id=""left"" src=img/tree_1.png style=""zoom: 100%;""/></td><td style=""width: 300px;""><img id=""right"" src=img/tree_2.png style=""zoom: 100%;""/></td></tr></table></div><br>","","","70","","true","","","","","","","","","","","","","","","","",""
"html-keyboard-response","154","1611965","0.0-10.0-9.0","null","<p style=""font-size:36px;font-weight:bold"">Correct!</p><p> Remember, the same tree goes to the same gnome. </p>","","","null","","","","","","","","","","","","","","","","","","",""
"html-keyboard-response","155","1613603","0.0-10.0-10.0","1638.1049999981187","<p style=""font-size:24px;font-weight:bold"">TEST QUESTION</p><p>On this trial, select the tree on the right by pressing ""J"".</p><div class=group><table class=table_center><tr><td class=prompt colspan=2>Choose one</td></tr><tr style=""height: 300px;""><td style=""width: 300px;""><img id=""left"" src=img/tree_1.png style=""zoom: 100%;""/></td><td style=""width: 300px;""><img id=""right"" src=img/tree_2.png style=""zoom: 100%;""/></td></tr></table></div><br>","","","74","","","","","","","","","","","","","","","","","","",""
"html-keyboard-response","156","1616270","0.0-10.0-11.0","2666.4749999982305","<p style=""font-size:24px;font-weight:bold"">TEST QUESTION</p><p>The blue tree took you to the purple gnome. </p><p> The purple gnome only gave you 1 shield. </p><p> That is not very much and is a pretty bad outcome.</p><div class=group><table class=table_center><tr><td class=prompt colspan=3>You received</td></tr><tr style=""height: 300px;""><td><img src=img/gnome_purple.png style=""zoom: 100%;""/></td><td><img src=img/shield.png style=""zoom: 30%;""/></td><td class=prompt>x 1</td></tr></table></div><br><p> Press space to continue </p>","","","32","","","","","","","","","","","","","","","","","","",""
"html-keyboard-response","157","1618521","0.0-10.0-12.0","2250.8649999944028","<p style=""font-size:24px;font-weight:bold"">TEST QUESTION</p><p>Remember the green gnome gave you 8 shields and the purple gnome only gave you 1 shield. </p><p> Which gnome would you try to visit next? </p><div class=group><table class=table_center><tr><td class=prompt colspan=2>Choose one</td></tr><tr style=""height: 300px;""><td style=""width: 300px;""><img id=""left"" src=img/gnome_green.png style=""zoom: 100%;""/></td><td style=""width: 300px;""><img id=""right"" src=img/gnome_purple.png style=""zoom: 100%;""/></td></tr></table></div><br>","","","70","","true","","","","","","","","","","","","","","","","",""
"html-keyboard-response","158","1621523","0.0-10.0-13.0","null","<p style=""font-size:36px;font-weight:bold"">Correct!</p><p> Remember, you want to select the gnome who gives you the most shields.</p>","","","null","","","","","","","","","","","","","","","","","","",""
"html-keyboard-response","159","1624556","0.0-10.0-14.0","3033.0650000032037","<p style=""font-size:24px;font-weight:bold"">TEST QUESTION</p><p>To visit the green gnome, which tree should you visit? </p><div class=group><table class=table_center><tr><td class=prompt colspan=2>Choose one</td></tr><tr style=""height: 300px;""><td style=""width: 300px;""><img id=""left"" src=img/tree_1.png style=""zoom: 100%;""/></td><td style=""width: 300px;""><img id=""right"" src=img/tree_2.png style=""zoom: 100%;""/></td></tr></table></div><br>","","","70","","true","","","","","","","","","","","","","","","","",""
"html-keyboard-response","160","1627557","0.0-10.0-15.0","null","<p style=""font-size:36px;font-weight:bold"">Correct!</p><p>Remember, the same tree goes to the same gnome each time.</p>","","","null","","","","","","","","","","","","","","","","","","",""
"html-keyboard-response","161","1629562","0.0-10.0-16.0","2004.755000001751","<p style=""font-size:36px;font-weight:bold"">You are ready to play!</p><p>The trees and gnomes in the actual game will be different than the practice. </p><p> Press space to start the game</p>","","","32","","","","","","","","","","","","","","","","","","",""
"no-tradeoff","162","1641030","0.0-11.0-0.0","","","","","","","","4","4","5","img/tree_9.png","img/tree_8.png","572.8650000018533","744.1299999991897","1694.9299999978393","572.8650000018533,744.1299999991897,1694.9299999978393","70","70,32,13","enter","","null","","",""
"no-tradeoff","163","1649145","0.0-11.0-0.1","","","","","","","","1","4","6","img/tree_8.png","img/tree_9.png","575.1299999973271","608.304999994114","","575.1299999973271,608.304999994114","74","74,32","null","","null","","",""
"no-tradeoff","164","1658281","0.0-11.0-0.2","","","","","","","","4","3","9","img/tree_7.png","img/tree_3.png","982.839999997057","839.0950000029989","790.7850000048056","982.839999997057,839.0950000029989,790.7850000048056","70","70,13,32","null","","enter","","",""
"no-tradeoff","165","1666409","0.0-11.0-0.3","","","","","","","","1","2","7","img/tree_7.png","img/tree_3.png","954.7299999976531","619.7850000027101","","954.7299999976531,619.7850000027101","74","74,32","null","","null","","",""
"no-tradeoff","166","1675272","0.0-11.0-0.4","","","","","","","","4","8","5","img/tree_9.png","img/tree_8.png","1275.5850000029895","574.2700000046752","783.8300000003073","1275.5850000029895,574.2700000046752,783.8300000003073","74","74,32,13","enter","","null","","",""
"no-tradeoff","167","1683306","0.0-11.0-0.5","","","","","","","","4","7","4","img/tree_3.png","img/tree_7.png","1292.190000000177","527.7500000011642","","1292.190000000177,527.7500000011642","74","74,32","null","","null","","",""
"no-tradeoff","168","1688852","0.0-11.0-0.6","","","","","","","","4","0","","","","2042.7649999982677","","","2042.7649999982677","32","32","null","","null","","",""
"no-tradeoff","169","1697048","0.0-11.0-0.7","","","","","","","","1","5","8","img/tree_9.png","img/tree_8.png","725.6199999975506","691.4800000013784","","725.6199999975506,691.4800000013784","70","70,32","null","","null","","",""
"no-tradeoff","170","1706961","0.0-11.0-0.8","","","","","","","","4","3","9","img/tree_9.png","img/tree_8.png","759.3049999994691","745.7600000053644","1660.940000001574","759.3049999994691,745.7600000053644,1660.940000001574","70","70,32,13","enter","","null","","",""
"no-tradeoff","171","1714941","0.0-11.0-0.9","","","","","","","","1","9","2","img/tree_7.png","img/tree_3.png","889.184999999823","462.55499999807216","","889.184999999823,462.55499999807216","74","74,32","null","","null","","",""
"no-tradeoff","172","1723628","0.0-11.0-0.10","","","","","","","","1","8","1","img/tree_8.png","img/tree_9.png","729.3199999986682","698.5750000022817","480.6650000028312","729.3199999986682,698.5750000022817,480.6650000028312","70","70,13,32","null","","enter","","",""
"no-tradeoff","173","1731467","0.0-11.0-0.11","","","","","","","","4","8","3","img/tree_8.png","img/tree_9.png","827.3350000018254","331.81499999784864","","827.3350000018254,331.81499999784864","74","74,32","null","","null","","",""
"no-tradeoff","174","1740234","0.0-11.0-0.12","","","","","","","","1","8","4","img/tree_7.png","img/tree_3.png","715.3649999964982","512.1100000033621","746.9349999953993","715.3649999964982,512.1100000033621,746.9349999953993","74","74,32,13","enter","","null","","",""
"no-tradeoff","175","1748124","0.0-11.0-0.13","","","","","","","","1","7","6","img/tree_7.png","img/tree_3.png","493.19000000087544","382.2100000032224","","493.19000000087544,382.2100000032224","70","70,32","null","","null","","",""
"no-tradeoff","176","1757815","0.0-11.0-0.14","","","","","","","","1","7","6","img/tree_8.png","img/tree_9.png","680.6800000048243","1615.0449999985285","568.5850000008941","680.6800000048243,1615.0449999985285,568.5850000008941","74","74,13,32","null","","enter","","",""
"no-tradeoff","177","1766027","0.0-11.0-0.15","","","","","","","","4","7","6","img/tree_8.png","img/tree_9.png","699.0049999949988","706.364999998128","","699.0049999949988,706.364999998128","74","74,32","null","","null","","",""
"no-tradeoff","178","1775343","0.0-11.0-0.16","","","","","","","","1","3","4","img/tree_8.png","img/tree_9.png","650.1499999938533","1203.4950000017416","604.774999999674","650.1499999938533,1203.4950000017416,604.774999999674","74","74,32,13","enter","","null","","",""
"no-tradeoff","179","1783463","0.0-11.0-0.17","","","","","","","","1","1","2","img/tree_7.png","img/tree_3.png","733.3099999960978","613.6100000003353","","733.3099999960978,613.6100000003353","70","70,32","null","","null","","",""
"no-tradeoff","180","1794222","0.0-11.0-0.18","","","","","","","","1","5","2","img/tree_9.png","img/tree_8.png","1053.529999997234","2871.794999999227","380.6350000014063","1053.529999997234,2871.794999999227,380.6350000014063","70","70,13,32","null","","enter","","",""
"no-tradeoff","181","1801949","0.0-11.0-0.19","","","","","","","","4","5","6","img/tree_9.png","img/tree_8.png","497.06999999750406","220.41499999607913","","497.06999999750406,220.41499999607913","74","74,32","null","","null","","",""
"no-tradeoff","182","1810257","0.0-11.0-0.20","","","","","","","","1","7","5","img/tree_8.png","img/tree_9.png","506.3450000016019","165.30500000203028","633.8499999984633","506.3450000016019,165.30500000203028,633.8499999984633","74","74,32,13","enter","","null","","",""
"no-tradeoff","183","1818554","0.0-11.0-0.21","","","","","","","","1","4","6","img/tree_7.png","img/tree_3.png","853.7849999992177","790.6999999976251","","853.7849999992177,790.6999999976251","70","70,32","null","","null","","",""
"no-tradeoff","184","1828641","0.0-11.0-0.22","","","","","","","","4","4","6","img/tree_8.png","img/tree_9.png","705.0949999974109","725.9800000027753","354.58500000089407","705.0949999974109,725.9800000027753,354.58500000089407","70","70,13,32","null","","enter","","",""
"no-tradeoff","185","1836805","0.0-11.0-0.23","","","","","","","","1","2","4","img/tree_7.png","img/tree_3.png","1334.0749999987893","657.3700000008103","","1334.0749999987893,657.3700000008103","74","74,32","null","","null","","",""
"no-tradeoff","186","1845020","0.0-11.0-0.24","","","","","","","","4","5","3","img/tree_7.png","img/tree_3.png","53.514999999664724","156.26500000501983","276.7650000024587","53.514999999664724,156.26500000501983,276.7650000024587,92.77999999909662,610.9749999959022","70","70,74,70,32,13","enter","","null","","",""
"no-tradeoff","187","1851597","0.0-11.0-0.25","","","","","","","","4","0","","","","3075.004999998724","","","3075.004999998724","32","32","null","","null","","",""
"no-tradeoff","188","1860155","0.0-11.0-0.26","","","","","","","","4","6","0","img/tree_8.png","img/tree_9.png","581.9300000004005","597.6399999998976","440.64500000234693","581.9300000004005,597.6399999998976,440.64500000234693","74","74,13,32","null","","enter","","",""
"no-tradeoff","189","1868085","0.0-11.0-0.27","","","","","","","","1","5","1","img/tree_8.png","img/tree_9.png","577.1999999997206","423.4250000009779","","577.1999999997206,423.4250000009779","70","70,32","null","","null","","",""
"no-tradeoff","190","1876647","0.0-11.0-0.28","","","","","","","","4","8","0","img/tree_7.png","img/tree_3.png","471.1299999980256","424.3399999977555","629.535000000149","471.1299999980256,424.3399999977555,629.535000000149","74","74,32,13","enter","","null","","",""
"no-tradeoff","191","1884578","0.0-11.0-0.29","","","","","","","","4","2","6","img/tree_3.png","img/tree_7.png","631.5450000036508","424.7050000047311","","631.5450000036508,424.7050000047311","70","70,32","null","","null","","",""
"no-tradeoff","192","1893217","0.0-11.0-0.30","","","","","","","","4","0","5","img/tree_9.png","img/tree_8.png","786.4999999946449","726.714999997057","392.98499999870546","786.4999999946449,726.714999997057,392.98499999870546","74","74,13,32","null","","enter","","",""
"no-tradeoff","193","1901139","0.0-11.0-0.31","","","","","","","","1","1","2","img/tree_7.png","img/tree_3.png","1078.2299999992829","415.56000000122003","","1078.2299999992829,415.56000000122003","70","70,32","null","","null","","",""
"no-tradeoff","194","1909609","0.0-11.0-0.32","","","","","","","","1","2","3","img/tree_8.png","img/tree_9.png","955.9200000003912","336.94500000285916","625.7699999986216","955.9200000003912,336.94500000285916,625.7699999986216","70","70,32,13","enter","","null","","",""
"no-tradeoff","195","1917590","0.0-11.0-0.33","","","","","","","","4","2","3","img/tree_8.png","img/tree_9.png","912.18500000122","466.87999999988824","","912.18500000122,466.87999999988824","70","70,32","null","","null","","",""
"no-tradeoff","196","1926144","0.0-11.0-0.34","","","","","","","","4","5","3","img/tree_8.png","img/tree_9.png","1046.6649999942165","694.8650000048801","352.05499999574386","1046.6649999942165,694.8650000048801,352.05499999574386","74","74,13,32","null","","enter","","",""
"no-tradeoff","197","1933978","0.0-11.0-0.35","","","","","","","","1","4","6","img/tree_3.png","img/tree_7.png","901.3449999983422","327.9850000033621","","901.3449999983422,327.9850000033621","70","70,32","null","","null","","",""
"no-tradeoff","198","1942421","0.0-11.0-0.36","","","","","","","","1","8","4","img/tree_7.png","img/tree_3.png","307.58000000054017","329.02000000467524","603.9499999971595","307.58000000054017,329.02000000467524,603.9499999971595","74","74,32,13","enter","","null","","",""
"no-tradeoff","199","1950412","0.0-11.0-0.37","","","","","","","","4","4","7","img/tree_3.png","img/tree_7.png","767.4150000021327","485.49999999511056","","767.4150000021327,485.49999999511056","70","70,32","null","","null","","",""
"no-tradeoff","200","1958920","0.0-11.0-0.38","","","","","","","","1","5","5","img/tree_8.png","img/tree_9.png","267.429999999702","546.2400000032503","438.7300000016112","267.429999999702,546.2400000032503,438.7300000016112","74","74,13,32","null","","enter","","",""
"no-tradeoff","201","1966696","0.0-11.0-0.39","","","","","","","","1","5","4","img/tree_3.png","img/tree_7.png","226.98500000103377","252.35499999695458","","226.98500000103377,252.35499999695458","70","70,32","null","","null","","",""
"no-tradeoff","202","1975119","0.0-11.0-0.40","","","","","","","","4","8","5","img/tree_3.png","img/tree_7.png","100.8700000019744","309.9000000001397","608.6500000020023","100.8700000019744,309.9000000001397,608.6500000020023","74","74,32,13","enter","","null","","",""
"no-tradeoff","203","1983156","0.0-11.0-0.41","","","","","","","","1","7","4","img/tree_9.png","img/tree_8.png","861.2050000012387","531.3199999944773","","861.2050000012387,531.3199999944773","70","70,32","null","","null","","",""
"no-tradeoff","204","1991944","0.0-11.0-0.42","","","","","","","","4","7","5","img/tree_9.png","img/tree_8.png","295.5849999997299","769.2050000040326","511.90000000502914","295.5849999997299,769.2050000040326,511.90000000502914","70","70,13,32","null","","enter","","",""
"no-tradeoff","205","1999775","0.0-11.0-0.43","","","","","","","","1","4","4","img/tree_7.png","img/tree_3.png","1007.720000001369","322.8099999979604","","1007.720000001369,322.8099999979604","70","70,32","null","","null","","",""
"no-tradeoff","206","2010070","0.0-11.0-0.44","","","","","","","","1","4","4","img/tree_3.png","img/tree_7.png","772.9750000000931","461.4800000053365","824.945000000298","772.9750000000931,461.4800000053365,824.945000000298","74","74,32,13","enter","","null","","",""
"no-tradeoff","207","2018499","0.0-11.0-0.45","","","","","","","","1","1","5","img/tree_8.png","img/tree_9.png","617.9249999986496","920.8749999960419","","617.9249999986496,920.8749999960419","70","70,32","null","","null","","",""
"no-tradeoff","208","2027389","0.0-11.0-0.46","","","","","","","","1","4","4","img/tree_7.png","img/tree_3.png","581.0049999998882","932.7699999993201","450.7950000043493","581.0049999998882,932.7699999993201,450.7950000043493","74","74,13,32","null","","enter","","",""
"no-tradeoff","209","2036893","0.0-11.0-0.47","","","","","","","","4","3","1","img/tree_7.png","img/tree_3.png","794.2800000018906","496.1699999985285","","794.2800000018906,496.1699999985285","70","70,32","null","","null","","",""
"no-tradeoff","210","2041277","0.0-11.0-0.48","","","","","","","","1","0","","","","879.8450000029989","","","879.8450000029989","32","32","null","","null","","",""
"no-tradeoff","211","2049067","0.0-11.0-0.49","","","","","","","","1","1","1","img/tree_3.png","img/tree_7.png","521.7100000008941","269.38000000524335","","521.7100000008941,269.38000000524335","74","74,32","null","","null","","",""
"no-tradeoff","212","2057835","0.0-11.0-0.50","","","","","","","","1","5","1","img/tree_3.png","img/tree_7.png","744.7850000027101","752.5900000038091","508.7549999952316","744.7850000027101,752.5900000038091,508.7549999952316","74","74,13,32","null","","enter","","",""
"no-tradeoff","213","2065622","0.0-11.0-0.51","","","","","","","","4","7","4","img/tree_3.png","img/tree_7.png","449.3050000020303","279.15999999805354","","449.3050000020303,279.15999999805354","70","70,32","null","","null","","",""
"no-tradeoff","214","2074471","0.0-11.0-0.52","","","","","","","","4","5","6","img/tree_7.png","img/tree_3.png","670.6399999966379","694.6800000004005","648.2250000045169","670.6399999966379,694.6800000004005,648.2250000045169","74","74,32,13","enter","","null","","",""
"no-tradeoff","215","2082633","0.0-11.0-0.53","","","","","","","","4","7","5","img/tree_9.png","img/tree_8.png","570.2850000017788","656.150000002468","","570.2850000017788,656.150000002468","70","70,32","null","","null","","",""
"no-tradeoff","216","2091232","0.0-11.0-0.54","","","","","","","","4","4","4","img/tree_9.png","img/tree_8.png","796.3450000025332","673.9149999993388","399.6900000057649","796.3450000025332,673.9149999993388,399.6900000057649","70","70,13,32","null","","enter","","",""
"no-tradeoff","217","2099203","0.0-11.0-0.55","","","","","","","","1","5","6","img/tree_7.png","img/tree_3.png","715.1349999983795","462.62500000046566","","715.1349999983795,462.62500000046566","74","74,32","null","","null","","",""
"no-tradeoff","218","2107878","0.0-11.0-0.56","","","","","","","","4","0","7","img/tree_8.png","img/tree_9.png","759.1800000006333","502.60000000009313","667.3999999980442","759.1800000006333,502.60000000009313,667.3999999980442","74","74,32,13","enter","","null","","",""
"no-tradeoff","219","2115663","0.0-11.0-0.57","","","","","","","","1","7","0","img/tree_9.png","img/tree_8.png","625.10499999905","279.0049999966286","","625.10499999905,279.0049999966286","74","74,32","null","","null","","",""
"no-tradeoff","220","2124414","0.0-11.0-0.58","","","","","","","","4","5","2","img/tree_9.png","img/tree_8.png","721.1850000023842","771.8999999994412","472.90000000037253","721.1850000023842,771.8999999994412,472.90000000037253","74","74,13,32","null","","enter","","",""
"no-tradeoff","221","2132198","0.0-11.0-0.59","","","","","","","","4","5","3","img/tree_3.png","img/tree_7.png","722.3700000029057","277.9300000038929","","722.3700000029057,277.9300000038929","74","74,32","null","","null","","",""
"no-tradeoff","222","2140783","0.0-11.0-0.60","","","","","","","","4","4","2","img/tree_3.png","img/tree_7.png","648.390000001993","421.2949999999255","658.8999999947846","648.390000001993,421.2949999999255,658.8999999947846","70","70,32,13","enter","","null","","",""
"no-tradeoff","223","2148884","0.0-11.0-0.61","","","","","","","","1","2","2","img/tree_3.png","img/tree_7.png","667.2999999937601","595.5099999993108","","667.2999999937601,595.5099999993108","70","70,32","null","","null","","",""
"no-tradeoff","224","2157603","0.0-11.0-0.62","","","","","","","","4","2","1","img/tree_9.png","img/tree_8.png","717.9200000027195","746.2200000011362","465.6499999985099","717.9200000027195,746.2200000011362,465.6499999985099","70","70,13,32","null","","enter","","",""
"no-tradeoff","225","2165974","0.0-11.0-0.63","","","","","","","","4","3","3","img/tree_3.png","img/tree_7.png","630.6499999989755","865.3499999996275","","630.6499999989755,865.3499999996275","70","70,32","null","","null","","",""
"no-tradeoff","226","2174320","0.0-11.0-0.64","","","","","","","","4","4","1","img/tree_3.png","img/tree_7.png","9.27500000409782","181.45500000519678","293.41500000003725","9.27500000409782,181.45500000519678,293.41500000003725,470.44499999890104,579.300000004936,769.3900000015274,903.5500000026077,138.92500000679865,699.0000000004657","74","74,70,74,70,74,70,74,32,13","enter","","null","","",""
"no-tradeoff","227","2181978","0.0-11.0-0.65","","","","","","","","1","1","3","img/tree_7.png","img/tree_3.png","30.120000002905726","160.9200000022538","356.4899999983609","30.120000002905726,160.9200000022538,356.4899999983609,473.1700000045821,150.8600000012666","70","70,74,70,74,32","null","","null","","",""
"no-tradeoff","228","2192724","0.0-11.0-0.66","","","","","","","","4","4","4","img/tree_3.png","img/tree_7.png","84.65000000409782","255.4149999995716","365.3950000004843","84.65000000409782,255.4149999995716,365.3950000004843,686.9549999972805,1049.3300000019372","74","74,70,74,13,32","null","","enter","","",""
"no-tradeoff","229","2200989","0.0-11.0-0.67","","","","","","","","1","1","2","img/tree_9.png","img/tree_8.png","0.0600000056438148","203.23500000080094","294.50000000325963","0.0600000056438148,203.23500000080094,294.50000000325963,573.6150000011548,758.7700000004843","74","74,70,74,70,32","null","","null","","",""
"no-tradeoff","230","2209697","0.0-11.0-0.68","","","","","","","","1","0","0","img/tree_9.png","img/tree_8.png","122.7599999983795","276.51999999955297","398.08500000089407","122.7599999983795,276.51999999955297,398.08500000089407,507.3100000009872,693.910000001546","74","74,70,74,32,13","enter","","null","","",""
"no-tradeoff","231","2217780","0.0-11.0-0.69","","","","","","","","1","1","1","img/tree_7.png","img/tree_3.png","177.8799999956973","397.6799999945797","559.0299999965355","177.8799999956973,397.6799999945797,559.0299999965355,577.2599999979138","70","70,74,70,32","null","","null","","",""
"no-tradeoff","232","2227306","0.0-11.0-0.70","","","","","","","","4","0","0","img/tree_9.png","img/tree_8.png","519.6650000000373","1208.3350000027567","811.090000002645","519.6650000000373,1208.3350000027567,811.090000002645","70","70,13,32","null","","enter","","",""
"no-tradeoff","233","2235236","0.0-11.0-0.71","","","","","","","","4","0","2","img/tree_3.png","img/tree_7.png","641.1050000027753","423.1349999974482","","641.1050000027753,423.1349999974482","70","70,32","null","","null","","",""
"no-tradeoff","234","2243915","0.0-11.0-0.72","","","","","","","","4","2","2","img/tree_8.png","img/tree_9.png","747.3499999977648","639.3700000043027","532.644999999553","747.3499999977648,639.3700000043027,532.644999999553","74","74,32,13","enter","","null","","",""
"no-tradeoff","235","2251984","0.0-11.0-0.73","","","","","","","","4","3","2","img/tree_9.png","img/tree_8.png","636.2849999931641","562.4400000018068","","636.2849999931641,562.4400000018068","74","74,32","null","","null","","",""
"no-tradeoff","236","2260716","0.0-11.0-0.74","","","","","","","","1","1","1","img/tree_9.png","img/tree_8.png","989.6000000010245","685.3950000004843","538.5949999983422","989.6000000010245,685.3950000004843,538.5949999983422","74","74,13,32","null","","enter","","",""
"no-tradeoff","237","2268648","0.0-11.0-0.75","","","","","","","","4","1","5","img/tree_3.png","img/tree_7.png","540.2000000029802","417.67499999701977","","540.2000000029802,417.67499999701977","70","70,32","null","","null","","",""
"no-tradeoff","238","2277282","0.0-11.0-0.76","","","","","","","","1","2","3","img/tree_3.png","img/tree_7.png","614.0749999973923","575.7499999962747","551.5599999995902","614.0749999973923,575.7499999962747,551.5599999995902","74","74,32,13","enter","","null","","",""
"no-tradeoff","239","2285262","0.0-11.0-0.77","","","","","","","","4","4","4","img/tree_3.png","img/tree_7.png","589.3350000041537","473.6000000052154","","589.3350000041537,473.6000000052154","74","74,32","null","","null","","",""
"no-tradeoff","240","2293934","0.0-11.0-0.78","","","","","","","","1","5","5","img/tree_3.png","img/tree_7.png","758.9499999955297","670.1099999989383","493.26000000257045","758.9499999955297,670.1099999989383,493.26000000257045","74","74,13,32","null","","enter","","",""
"no-tradeoff","241","2302121","0.0-11.0-0.79","","","","","","","","1","8","5","img/tree_3.png","img/tree_7.png","754.4899999992922","680.0900000017136","","754.4899999992922,680.0900000017136","74","74,32","null","","null","","",""
"no-tradeoff","242","2310585","0.0-11.0-0.80","","","","","","","","1","7","5","img/tree_9.png","img/tree_8.png","539.0449999975972","437.53999999910593","518.8550000023097","539.0449999975972,437.53999999910593,518.8550000023097","74","74,32,13","enter","","null","","",""
"no-tradeoff","243","2318384","0.0-11.0-0.81","","","","","","","","4","8","1","img/tree_3.png","img/tree_7.png","528.7399999941699","293.5300000025891","","528.7399999941699,293.5300000025891","70","70,32","null","","null","","",""
"no-tradeoff","244","2327740","0.0-11.0-0.82","","","","","","","","1","8","1","img/tree_3.png","img/tree_7.png","843.8750000060536","1031.9249999956228","816.890000001993","843.8750000060536,1031.9249999956228,816.890000001993","74","74,13,32","null","","enter","","",""
"no-tradeoff","245","2335977","0.0-11.0-0.83","","","","","","","","4","3","5","img/tree_7.png","img/tree_3.png","677.6200000019744","731.6100000026636","","677.6200000019744,731.6100000026636","74","74,32","null","","null","","",""
"no-tradeoff","246","2344560","0.0-11.0-0.84","","","","","","","","1","2","5","img/tree_7.png","img/tree_3.png","894.9500000015832","531.9600000004284","543.8250000006519","894.9500000015832,531.9600000004284,543.8250000006519","74","74,32,13","enter","","null","","",""
"no-tradeoff","247","2352685","0.0-11.0-0.85","","","","","","","","4","6","0","img/tree_9.png","img/tree_8.png","593.3399999993853","618.6650000014342","","593.3399999993853,618.6650000014342","70","70,32","null","","null","","",""
"no-tradeoff","248","2361613","0.0-11.0-0.86","","","","","","","","1","7","2","img/tree_9.png","img/tree_8.png","657.4749999996275","927.7450000010431","494.0550000029616","657.4749999996275,927.7450000010431,494.0550000029616","70","70,13,32","null","","enter","","",""
"no-tradeoff","249","2369812","0.0-11.0-0.87","","","","","","","","1","5","6","img/tree_8.png","img/tree_9.png","1398.2000000029802","693.3449999997392","","1398.2000000029802,693.3449999997392","74","74,32","null","","null","","",""
"no-tradeoff","250","2378372","0.0-11.0-0.88","","","","","","","","4","9","5","img/tree_9.png","img/tree_8.png","613.7699999962933","586.0299999983981","459.714999997057","613.7699999962933,586.0299999983981,459.714999997057","70","70,32,13","enter","","null","","",""
"no-tradeoff","251","2387923","0.0-11.0-0.89","","","","","","","","1","8","5","img/tree_9.png","img/tree_8.png","842.0399999958463","534.7499999990687","","842.0399999958463,534.7499999990687","74","74,32","null","","null","","",""
"no-tradeoff","252","2397233","0.0-11.0-0.90","","","","","","","","4","8","3","img/tree_3.png","img/tree_7.png","651.8900000010617","1148.4749999945052","655.144999996759","651.8900000010617,1148.4749999945052,655.144999996759","74","74,13,32","null","","enter","","",""
"no-tradeoff","253","2405131","0.0-11.0-0.91","","","","","","","","1","6","8","img/tree_7.png","img/tree_3.png","379.25000000558794","391.585000005085","","379.25000000558794,391.585000005085","74","74,32","null","","null","","",""
"no-tradeoff","254","2413758","0.0-11.0-0.92","","","","","","","","1","7","2","img/tree_3.png","img/tree_7.png","671.97999999905","496.28500000108033","623.4400000027381","671.97999999905,496.28500000108033,623.4400000027381","70","70,32,13","enter","","null","","",""
"no-tradeoff","255","2421856","0.0-11.0-0.93","","","","","","","","4","1","5","img/tree_8.png","img/tree_9.png","578.8900000043213","591.1750000016764","","578.8900000043213,591.1750000016764","70","70,32","null","","null","","",""
"no-tradeoff","256","2431233","0.0-11.0-0.94","","","","","","","","4","3","4","img/tree_7.png","img/tree_3.png","710.3649999992922","903.9550000014715","966.6599999982864","710.3649999992922,903.9550000014715,966.6599999982864","74","74,13,32","null","","enter","","",""
"no-tradeoff","257","2439293","0.0-11.0-0.95","","","","","","","","1","0","5","img/tree_7.png","img/tree_3.png","401.5599999986589","552.2000000053085","","401.5599999986589,552.2000000053085","70","70,32","null","","null","","",""
"no-tradeoff","258","2447668","0.0-11.0-0.96","","","","","","","","4","8","1","img/tree_3.png","img/tree_7.png","507.1349999997765","287.26000000489876","572.4399999962188","507.1349999997765,287.26000000489876,572.4399999962188","74","74,32,13","enter","","null","","",""
"no-tradeoff","259","2455479","0.0-11.0-0.97","","","","","","","","4","5","0","img/tree_3.png","img/tree_7.png","396.37000000244007","304.8300000010058","","396.37000000244007,304.8300000010058","70","70,32","null","","null","","",""
"no-tradeoff","260","2464176","0.0-11.0-0.98","","","","","","","","4","8","2","img/tree_9.png","img/tree_8.png","710.1200000029057","706.2450000010431","484.7599999993108","710.1200000029057,706.2450000010431,484.7599999993108","70","70,13,32","null","","enter","","",""
"no-tradeoff","261","2472104","0.0-11.0-0.99","","","","","","","","4","5","4","img/tree_3.png","img/tree_7.png","743.7449999996461","421.6799999992363","","743.7449999996461,421.6799999992363","70","70,32","null","","null","","",""
"no-tradeoff","262","2481684","0.0-11.0-0.100","","","","","","","","4","1","6","img/tree_7.png","img/tree_3.png","569.7749999961816","1353.0499999974854","708.6500000003725","569.7749999961816,1353.0499999974854,708.6500000003725","70","70,32,13","enter","","null","","",""
"no-tradeoff","263","2489731","0.0-11.0-0.101","","","","","","","","4","4","1","img/tree_3.png","img/tree_7.png","791.8599999975413","540.3650000006892","","791.8599999975413,540.3650000006892","70","70,32","null","","null","","",""
"no-tradeoff","264","2498603","0.0-11.0-0.102","","","","","","","","4","4","2","img/tree_9.png","img/tree_8.png","678.7000000039116","904.5950000002049","460.4299999992363","678.7000000039116,904.5950000002049,460.4299999992363","70","70,13,32","null","","enter","","",""
"no-tradeoff","265","2506495","0.0-11.0-0.103","","","","","","","","1","2","4","img/tree_9.png","img/tree_8.png","579.0000000051223","377.0349999978207","","579.0000000051223,377.0349999978207","70","70,32","null","","null","","",""
"no-tradeoff","266","2514989","0.0-11.0-0.104","","","","","","","","1","1","4","img/tree_3.png","img/tree_7.png","763.5850000004284","376.1949999970384","607.8249999992549","763.5850000004284,376.1949999970384,607.8249999992549","70","70,32,13","enter","","null","","",""
"no-tradeoff","267","2523424","0.0-11.0-0.105","","","","","","","","4","2","1","img/tree_8.png","img/tree_9.png","745.0249999966472","925.8799999952316","","745.0249999966472,925.8799999952316","70","70,32","null","","null","","",""
"no-tradeoff","268","2527963","0.0-11.0-0.106","","","","","","","","4","0","","","","1034.6750000026077","","","1034.6750000026077","32","32","null","","null","","",""
"no-tradeoff","269","2535589","0.0-11.0-0.107","","","","","","","","1","2","3","img/tree_9.png","img/tree_8.png","555.0950000034645","119.23499999847263","","555.0950000034645,119.23499999847263","74","74,32","null","","null","","",""
"no-tradeoff","270","2546391","0.0-11.0-0.108","","","","","","","","4","4","6","img/tree_9.png","img/tree_8.png","1351.5999999945052","714.6049999934621","2579.4849999947473","1351.5999999945052,714.6049999934621,2579.4849999947473","74","74,32,13","enter","","null","","",""
"no-tradeoff","271","2556054","0.0-11.0-0.109","","","","","","","","4","5","6","img/tree_9.png","img/tree_8.png","760.8999999938533","655.0050000003539","","760.8999999938533,655.0050000003539","74","74,32","null","","null","","",""
"no-tradeoff","272","2579482","0.0-11.0-0.110","","","","","","","","1","4","4","img/tree_8.png","img/tree_9.png","251.15499999793246","15106.679999997374","813.0949999978766","251.15499999793246,15106.679999997374,813.0949999978766","74","74,13,32","null","","enter","","",""
"no-tradeoff","273","2587136","0.0-11.0-0.111","","","","","","","","1","7","5","img/tree_3.png","img/tree_7.png","100.84500000067055","185.5250000008382","361.4999999990687","100.84500000067055,185.5250000008382,361.4999999990687,436.6200000005774,147.76500000152737","70","70,74,70,74,32","null","","null","","",""
"no-tradeoff","274","2595457","0.0-11.0-0.112","","","","","","","","1","7","6","img/tree_3.png","img/tree_7.png","127.60500000137836","208.61000000173226","389.85999999567866","127.60500000137836,208.61000000173226,389.85999999567866,470.589999997057,722.0949999974109,722.8549999999814,998.8699999959208,1128.9550000000745,1298.1349999974482,1383.5399999953806,365.34000000404194,449.3399999993853","70","70,74,70,74,74,70,70,74,70,74,32,13","enter","","null","","",""
"no-tradeoff","275","2603571","0.0-11.0-0.113","","","","","","","","1","8","5","img/tree_7.png","img/tree_3.png","59.53000000631437","153.10000000335276","382.28499999968335","59.53000000631437,153.10000000335276,382.28499999968335,487.140000004787,667.1100000021979,758.4250000002794,919.3950000046752,1025.1800000043586,1201.1449999990873,1303.5700000040233,1478.4250000012107,606.7299999995157","70","70,74,70,74,70,74,70,74,70,74,70,32","null","","null","","",""
"no-tradeoff","276","2612013","0.0-11.0-0.114","","","","","","","","4","9","2","img/tree_8.png","img/tree_9.png","15.634999996051192","214.1550000011921","346.7949999975972","15.634999996051192,214.1550000011921,346.7949999975972,573.4499999959953,627.9849999989383,307.46999999973923","74","74,70,74,70,13,32","null","","enter","","",""
"no-tradeoff","277","2619875","0.0-11.0-0.115","","","","","","","","4","7","3","img/tree_8.png","img/tree_9.png","0.585000001359731","93.54000000143424","318.3800000040792","0.585000001359731,93.54000000143424,318.3800000040792,394.29999999981374,611.5849999985658,714.1899999985471,928.1000000042841,1004.2850000024773,1234.2849999982864,1360.0300000035204,355.6200000019744","70","70,74,70,74,70,74,70,74,70,74,32","null","","null","","",""
"no-tradeoff","278","2628364","0.0-11.0-0.116","","","","","","","","4","6","7","img/tree_8.png","img/tree_9.png","82.66000000014901","264.85500000137836","357.80000000540167","82.66000000014901,264.85500000137836,357.80000000540167,521.5949999983422,618.4399999985471,784.8900000024587,908.5550000020303,1071.5400000042282,1156.7350000040606,1326.6500000027008,1459.6500000045635,540.9399999985471,441.1249999976717","74","74,70,74,70,74,70,74,70,74,70,74,32,13","enter","","null","","",""
"no-tradeoff","279","2636126","0.0-11.0-0.117","","","","","","","","1","5","6","img/tree_9.png","img/tree_8.png","151.27999999793246","215.1949999970384","452.2849999992177","151.27999999793246,215.1949999970384,452.2849999992177,526.4749999986961,689.375000001397,766.5300000007264,959.5600000028498,1070.630000001751,1272.3299999996088,254.68499999959022","70","70,74,70,74,70,74,70,74,70,32","null","","null","","",""
"no-tradeoff","280","2644710","0.0-11.0-0.118","","","","","","","","4","4","5","img/tree_8.png","img/tree_9.png","49.550000003073364","267.7299999995157","531.6550000058487","49.550000003073364,267.7299999995157,531.6550000058487,748.9350000033155,1011.0450000064448,577.2900000014342,499.3499999982305","70","70,74,70,74,70,13,32","null","","enter","","",""
"no-tradeoff","281","2652598","0.0-11.0-0.119","","","","","","","","1","4","7","img/tree_7.png","img/tree_3.png","74.92500000121072","184.3899999950081","336.5399999967776","74.92500000121072,184.3899999950081,336.5399999967776,428.47500000102445,683.4200000013225,858.9349999967963,939.2850000006147,1107.0150000015274,1235.9599999985658,1378.5099999951199,381.27499999990687","74","74,70,74,70,70,74,70,74,70,74,32","null","","null","","",""
"call-function","282","2652599","0.0-12.0","","","","","","","","","","","","","","","","","","","","","","","",""
"html-keyboard-response","283","2660172","0.0-13.0-0.0","7573.474999997299","<p><b> Now you will answer a few questionnaires</b></p><br> The following are statements that a person may either agree with or disagree with.</br><p>For each item, indicate how much you agree or disagree with what the item says by clicking your response. </p><p> Choose only one response and be as accurate and honest as you can. Do not worry about being consistent in your responses. </p><p> Press the space bar to start </p>","","","32","","","","","","","","","","","","","","","","","","",""
"survey-likert","284","2744698","0.0-13.0-1.0","84523.65499999747","","","{""BISBAS1"":1,""BISBAS2"":0,""BISBAS3"":2,""BISBAS4"":0,""BISBAS5"":0,""BISBAS6"":3,""BISBAS7"":1,""BISBAS8"":1,""BISBAS9"":1,""BISBAS10"":0,""BISBAS11"":1,""BISBAS12"":1,""BISBAS13"":0,""BISBAS14"":1,""BISBAS15"":2,""BISBAS16"":1,""BISBAS17"":0,""BISBAS18"":1,""BISBAS19"":1,""BISBAS20"":2,""BISBAS21"":1,""BISBAS22"":1,""BISBAS23"":3,""BISBAS24"":0}","","","","","","","","","","","","","","","","","","","","[0,1,2,3,4,5,6,7,8,9,10,11,12,13,14,15,16,17,18,19,20,21,22,23]"
"html-keyboard-response","285","2747871","0.0-14.0-0.0","3171.2299999999814","<p>Please indicate for each statement the degree to which each statement is descriptive of your mood <b> at this  moment </b>. </p><p> Press the space bar to start </p>","","","32","","","","","","","","","","","","","","","","","","",""
"survey-likert","286","2796752","0.0-14.0-1.0","48878.129999997094","","","{""STICSAS1"":0,""STICSAS2"":0,""STICSAS3"":0,""STICSAS4"":0,""STICSAS5"":0,""STICSAS6"":1,""STICSAS7"":0,""STICSAS8"":0,""STICSAS9"":0,""STICSAS10"":0,""STICSAS11"":0,""STICSAS12"":0,""STICSAS13"":0,""STICSAS14"":0,""STICSAS15"":1,""STICSAS16"":0,""STICSAS17"":0,""STICSAS18"":0,""STICSAS19"":0,""STICSAS20"":0,""STICSAS21"":0,""STICSAS22"":3}","","","","","","","","","","","","","","","","","","","","[0,1,2,3,4,5,6,7,8,9,10,11,12,13,14,15,16,17,18,19,20,21]"
"html-keyboard-response","287","2799972","0.0-15.0-0.0","3219.5500000016764","<p>Please indicate for each statement how often <b> in general </b> the statement is true for you. </p><p> Press the space bar to start </p>","","","32","","","","","","","","","","","","","","","","","","",""
"survey-likert","288","2833129","0.0-15.0-1.0","33155.47999999439","","","{""STICSAT1"":0,""STICSAT2"":0,""STICSAT3"":0,""STICSAT4"":0,""STICSAT5"":0,""STICSAT6"":0,""STICSAT7"":0,""STICSAT8"":0,""STICSAT9"":0,""STICSAT10"":0,""STICSAT11"":0,""STICSAT12"":0,""STICSAT13"":0,""STICSAT14"":0,""STICSAT15"":0,""STICSAT16"":0,""STICSAT17"":0,""STICSAT18"":0,""STICSAT19"":0,""STICSAT20"":0,""STICSAT21"":0}","","","","","","","","","","","","","","","","","","","","[0,1,2,3,4,5,6,7,8,9,10,11,12,13,14,15,16,17,18,19,20]"
"html-keyboard-response","289","2835746","0.0-16.0-0.0","2617.235000004992","<p>Please indicate for each statement how much you agree. </p><p> Press the space bar to start </p>","","","32","","","","","","","","","","","","","","","","","","",""
"survey-likert","290","2879342","0.0-16.0-1.0","43593.069999995176","","","{""IUS1"":1,""IUS2"":4,""IUS3"":1,""IUS4"":3,""IUS5"":3,""IUS6"":1,""IUS7"":2,""IUS8"":4,""IUS9"":1,""IUS10"":0,""IUS11"":1,""IUS12"":1,""IUS13"":4}","","","","","","","","","","","","","","","","","","","","[0,1,2,3,4,5,6,7,8,9,10,11,12]"
"html-keyboard-response","291","2882540","0.0-17.0-0.0","3198.0949999997392","<p>Please indicate for each statement how you <b> generally </b> feel. </p><p> Press the space bar to start </p>","","","32","","","","","","","","","","","","","","","","","","",""
"survey-likert","292","2946506","0.0-17.0-1.0","63964.87000000337","","","{""STAIT1"":2,""STAIT2"":0,""STAIT3"":1,""STAIT4"":0,""STAIT5"":0,""STAIT6"":2,""STAIT7"":2,""STAIT8"":1,""STAIT9"":1,""STAIT10"":3,""STAIT11"":0,""STAIT12"":1,""STAIT13"":2,""STAIT14"":2,""STAIT15"":0,""STAIT16"":3,""STAIT17"":1,""STAIT18"":0,""STAIT19"":2,""STAIT20"":0}","","","","","","","","","","","","","","","","","","","","[0,1,2,3,4,5,6,7,8,9,10,11,12,13,14,15,16,17,18,19]"
"html-keyboard-response","293","2949032","0.0-18.0-0.0","2524.615000002086","<p>Please indicate for each statement how much you think each statement is typical of you. </p><p> Press the space bar to start </p>","","","32","","","","","","","","","","","","","","","","","","",""
"survey-likert","294","3193941","0.0-18.0-1.0","244905.50500000222","","","{""ACQ1"":5,""ACQ2"":1,""ACQ3"":0,""ACQ4"":5,""ACQ5"":1,""ACQ6"":0,""ACQ7"":1,""ACQ8"":2,""ACQ9"":0,""ACQ10"":5,""ACQ11"":3,""ACQ12"":0,""ACQ13"":4,""ACQ14"":3,""ACQ15"":2,""ACQ16"":1,""ACQ17"":5,""ACQ18"":0,""ACQ19"":4,""ACQ20"":3,""ACQ21"":4,""ACQ22"":5,""ACQ23"":3,""ACQ24"":3,""ACQ25"":0,""ACQ26"":0,""ACQ27"":4,""ACQ28"":2,""ACQ29"":4,""ACQ30"":3}","","","","","","","","","","","","","","","","","","","","[0,1,2,3,4,5,6,7,8,9,10,11,12,13,14,15,16,17,18,19,20,21,22,23,24,25,26,27,28,29]"
"html-keyboard-response","295","3196609","0.0-19.0-0.0","2666.864999999292","<p> For the following questions, indicate <b> how often </b> you felt or thought a certain way <b> during the last month </b>.</p><p> Press space to start </p>","","","32","","","","","","","","","","","","","","","","","","",""
"survey-likert","296","3239014","0.0-19.0-1.0","42403.494999998715","","","{""Stress1"":0,""Stress2"":1,""Stress3"":0,""Stress4"":0,""Stress5"":3,""Stress6"":0,""Stress7"":3,""Stress8"":2,""Stress9"":1,""Stress10"":0}","","","","","","","","","","","","","","","","","","","","[0,1,2,3,4,5,6,7,8,9]"
