"trial_type","trial_index","time_elapsed","internal_node_id","rt","stimulus","button_pressed","responses","key_press","view_history","correct","stakes","outcome","outcome_notreceived","choice_selected","choice_not_selected","rt_choice","rt_space","rt_certainty","all_rts","key_choice","all_keys","estimate_trial","estimate_val","certainty_trial","certainty_val","value","question_order"
"pavlovia","0","42","0.0-0.0","","","","","","","","","","","","","","","","","","","","","","","",""
"html-button-response","1","21557","0.0-1.0","21511.73999999446","<p style=""font-size:24px;font-weight:bold"">Consent</p><div class=""consent"" style=""text-align:left; border:1px solid; padding:10px; width:800px; font-size=100%, float:right""><p align=left>Thank you for signing up for this experiment!<p><p align=left>This experiment is being conducted by the California Institute of Technology (Caltech). The lead investigators are Sarah Tashjian, PhD and Dean Mobbs, PhD. This study has been approved by the Caltech Institutional Review Board for research ethics.<p><p align=left>The goal of this study is to understand learning processes. In this experiment, you will complete a task in which you will see images.<p><p align=left>At times, you will receive rewards and penalties. These earnings will determine your eligibility for a bonus payment, which will result in a real increase in your payment in this study.<p><p align=left>Your goal is to learn which images predict the most points. We will also ask how certain you are about your decisions throughout the task.<p><p align=left>This experiment will take approximately 1 hour to complete in its entirety.<p><p align=left><b>You will receive $9.00 for completing the experiment. <u>If you optimize decisions on at least 70% of trials, you will be eligible for a $100 bonus payment.</u></b><p><p align=left>This study involves minimal risk, meaning there will be no more risk than in daily life. Possible risks include physical discomfort/fatigue (eyestrain, tiredness), as well as psychological discomfort (e.g., potential boredom).<p><p align=left> Besides receiving payment, you will not benefit from this study.<p><p align=left><b>Any information that is obtained in connection with this study that can identify you will remain confidential. </b><p><p align=left>When the results of this study are reported, your identifying information will not be disclosed. Because this study is being conducted online, we are unable to fully eliminate the risk of a breach of confidentiality. However, to mitigate the chances of this occurring, we are using secure and confidential data collection systems.<p align=left>You may choose to withdraw from this study at any time and refuse to answer any questions without penalty. Also, you may choose not to participate in this study.<p><p align=left>You are <b>eligible</b> to participate if you (1) are 18-65 years old, (2) are fluent in English, (3) have healthy or corrected vision, (4) are not colorblind, and (5) have no difficulty controlling motor movements. <p><p align=left>If you do not meet these criteria, please exit the experiment now.<p><p align=center><b> If you meet these criteria and consent to participate, you must<br>indicate your consent by clicking the button below.<b></p>","0","","","","","","","","","","","","","","","","","","","","",""
"survey-text","2","45132","0.0-2.0-0.0","23571.474999997008","","","{""Q0"":""566feba6b937e400052d33b2"",""Q1"":""39"",""Q2"":""male"",""Q3"":""male""}","","","","","","","","","","","","","","","","","","","",""
"html-keyboard-response","3","48975","0.0-3.0","3840.7699999952456","<p>Welcome to the experiment!</p><p> You will play two games and answer a few questions.</p><p>Press the space bar to begin reading the instructions for the first game.</p>","","","32","","","","","","","","","","","","","","","","","","",""
"instructions","4","222034","0.0-4.0","173058.84499999956","","","","","[{""page_index"":0,""viewing_time"":28983.790000005683},{""page_index"":1,""viewing_time"":34117.459999994026},{""page_index"":2,""viewing_time"":33005.284999999276},{""page_index"":3,""viewing_time"":9885.945000001811},{""page_index"":4,""viewing_time"":23632.26500000019},{""page_index"":5,""viewing_time"":13980.865000004997},{""page_index"":6,""viewing_time"":10213.499999998021},{""page_index"":7,""viewing_time"":8186.7849999980535},{""page_index"":8,""viewing_time"":11052.620000002207}]","","","","","","","","","","","","","","","","","",""
"html-keyboard-response","5","227036","0.0-5.0-0.0","5000.809999997728","<p style=""font-size:24px;font-weight:bold"">TEST QUESTION</p><p>Which letter should you press to select the green house on the left?</p><div class=group><table class=table_center><tr><td class=prompt colspan=2>Choose one</td></tr><tr style=""height: 300px;""><td style=""width: 300px;""><img id=""left"" src=img/house_3.png style=""zoom: 100%;""/></td><td style=""width: 300px;""><img id=""right"" src=img/house_2.png style=""zoom: 100%;""/></td></tr></table></div><br>","","","70","","true","","","","","","","","","","","","","","","","",""
"html-keyboard-response","6","230042","0.0-5.0-1.0","null","<p style=""font-size:36px;font-weight:bold"">Correct!</p><p> Remember, press ""F"" for left and ""J"" for right. </p>","","","null","","","","","","","","","","","","","","","","","","",""
"html-keyboard-response","7","231764","0.0-5.0-2.0","1721.1400000014692","<p style=""font-size:24px;font-weight:bold"">TEST QUESTION</p><p>Which letter should you press to select the red house on the right?</p><div class=group><table class=table_center><tr><td class=prompt colspan=2>Choose one</td></tr><tr style=""height: 300px;""><td style=""width: 300px;""><img id=""left"" src=img/house_3.png style=""zoom: 100%;""/></td><td style=""width: 300px;""><img id=""right"" src=img/house_2.png style=""zoom: 100%;""/></td></tr></table></div><br>","","","74","","true","","","","","","","","","","","","","","","","",""
"html-keyboard-response","8","233397","0.0-5.0-3.0","1632.579999997688","<p style=""font-size:36px;font-weight:bold"">Correct!</p><p> Remember, press ""F"" for left and ""J"" for right. </p>","","","32","","","","","","","","","","","","","","","","","","",""
"html-keyboard-response","9","246359","0.0-5.0-4.0","12960.794999999052","<p style=""font-size:24px;font-weight:bold"">TEST QUESTION</p><p>Type the number of the <b> maximum </b> amount of sacks an elf can make</p>","","","57","","true","","","","","","","","","","","","","","","","",""
"html-keyboard-response","10","249374","0.0-5.0-5.0","null","<p style=""font-size:36px;font-weight:bold"">Correct!</p><p> Remember, elves can make 0 to 9 sacks. </p>","","","null","","","","","","","","","","","","","","","","","","",""
"html-keyboard-response","11","253478","0.0-5.0-6.0","4102.29000000254","<p style=""font-size:24px;font-weight:bold"">TEST QUESTION</p><p>Remember, the same house always takes you to the same elf. </p><p>On this trial, select the house on the left by pressing ""F"".</p><div class=group><table class=table_center><tr><td class=prompt colspan=2>Choose one</td></tr><tr style=""height: 300px;""><td style=""width: 300px;""><img id=""left"" src=img/house_1.png style=""zoom: 100%;""/></td><td style=""width: 300px;""><img id=""right"" src=img/house_5.png style=""zoom: 100%;""/></td></tr></table></div><br>","","","70","","","","","","","","","","","","","","","","","","",""
"html-keyboard-response","12","258051","0.0-5.0-7.0","4572.164999997767","<p style=""font-size:24px;font-weight:bold"">TEST QUESTION</p><p>The red house took you to the yellow elf. </p><p> The yellow elf gave you 8 sacks. </p><p> The most sacks an elf can make is 9 sacks, so this is a great outcome!</p><div class=group><table class=table_center><tr><td class=prompt colspan=3>You received</td></tr><tr style=""height: 300px;""><td><img src=img/elf_yellow.png style=""zoom: 100%;""/></td><td><img src=img/sack.png style=""zoom: 30%;""/></td><td class=prompt>x 8</td></tr></table></div><br><p> Press space to continue </p>","","","32","","","","","","","","","","","","","","","","","","",""
"html-keyboard-response","13","261211","0.0-5.0-8.0","3159.8050000029616","<p style=""font-size:24px;font-weight:bold"">TEST QUESTION</p><p>If you wanted to visit the <b> yellow elf </b> again, which house would you select?</p><div class=group><table class=table_center><tr><td class=prompt colspan=2>Choose one</td></tr><tr style=""height: 300px;""><td style=""width: 300px;""><img id=""left"" src=img/house_1.png style=""zoom: 100%;""/></td><td style=""width: 300px;""><img id=""right"" src=img/house_5.png style=""zoom: 100%;""/></td></tr></table></div><br>","","","70","","true","","","","","","","","","","","","","","","","",""
"html-keyboard-response","14","264214","0.0-5.0-9.0","null","<p style=""font-size:36px;font-weight:bold"">Correct!</p><p> Remember, the same house goes to the same elf. </p>","","","null","","","","","","","","","","","","","","","","","","",""
"html-keyboard-response","15","266678","0.0-5.0-10.0","2462.579999999434","<p style=""font-size:24px;font-weight:bold"">TEST QUESTION</p><p>On this trial, select the house on the right by pressing ""J"".</p><div class=group><table class=table_center><tr><td class=prompt colspan=2>Choose one</td></tr><tr style=""height: 300px;""><td style=""width: 300px;""><img id=""left"" src=img/house_1.png style=""zoom: 100%;""/></td><td style=""width: 300px;""><img id=""right"" src=img/house_5.png style=""zoom: 100%;""/></td></tr></table></div><br>","","","74","","","","","","","","","","","","","","","","","","",""
"html-keyboard-response","16","269250","0.0-5.0-11.0","2571.539999997185","<p style=""font-size:24px;font-weight:bold"">TEST QUESTION</p><p>The blue house took you to the purple elf. </p><p> The purple elf only gave you 1 sack. </p><p> That is not very much and is a pretty bad outcome.</p><div class=group><table class=table_center><tr><td class=prompt colspan=3>You received</td></tr><tr style=""height: 300px;""><td><img src=img/elf_purple.png style=""zoom: 100%;""/></td><td><img src=img/sack.png style=""zoom: 30%;""/></td><td class=prompt>x 1</td></tr></table></div><br><p> Press space to continue </p>","","","32","","","","","","","","","","","","","","","","","","",""
"html-keyboard-response","17","273671","0.0-5.0-12.0","4420.014999996056","<p style=""font-size:24px;font-weight:bold"">TEST QUESTION</p><p>Remember the yellow elf gave you 8 sacks and the purple elf only gave you 1 sack. </p><p> Which elf would you try to visit next? </p><div class=group><table class=table_center><tr><td class=prompt colspan=2>Choose one</td></tr><tr style=""height: 300px;""><td style=""width: 300px;""><img id=""left"" src=img/elf_yellow.png style=""zoom: 100%;""/></td><td style=""width: 300px;""><img id=""right"" src=img/elf_purple.png style=""zoom: 100%;""/></td></tr></table></div><br>","","","70","","true","","","","","","","","","","","","","","","","",""
"html-keyboard-response","18","275212","0.0-5.0-13.0","1540.8099999986007","<p style=""font-size:36px;font-weight:bold"">Correct!</p><p> Remember, you want to select the elf who gives you the most sacks.</p>","","","32","","","","","","","","","","","","","","","","","","",""
"html-keyboard-response","19","277123","0.0-5.0-14.0","1909.9500000011176","<p style=""font-size:24px;font-weight:bold"">TEST QUESTION</p><p>To visit the yellow elf, which house should you visit? </p><div class=group><table class=table_center><tr><td class=prompt colspan=2>Choose one</td></tr><tr style=""height: 300px;""><td style=""width: 300px;""><img id=""left"" src=img/house_1.png style=""zoom: 100%;""/></td><td style=""width: 300px;""><img id=""right"" src=img/house_5.png style=""zoom: 100%;""/></td></tr></table></div><br>","","","70","","true","","","","","","","","","","","","","","","","",""
"html-keyboard-response","20","280126","0.0-5.0-15.0","null","<p style=""font-size:36px;font-weight:bold"">Correct!</p><p>Remember, the same house goes to the same elf each time.</p>","","","null","","","","","","","","","","","","","","","","","","",""
"html-keyboard-response","21","283752","0.0-5.0-16.0","3624.600000002829","<p style=""font-size:36px;font-weight:bold"">You are ready to play!</p><p>The houses and elves in the actual game will be different than the practice. </p><p> Press the space bar to start the game</p>","","","32","","","","","","","","","","","","","","","","","","",""
"no-tradeoff-rwd","22","299188","0.0-6.0-0.0","","","","","","","","1","7","4","img/house_2.png","img/house_3.png","683.8900000002468","876.2300000016694","5500.735000001441","683.8900000002468,876.2300000016694,5500.735000001441","70","70,32,13","enter","8","null","","",""
"no-tradeoff-rwd","23","309047","0.0-6.0-0.1","","","","","","","","4","2","8","img/house_4.png","img/house_6.png","909.6750000026077","789.2649999994319","","909.6750000026077,789.2649999994319","74","74,32","null","","null","","",""
"no-tradeoff-rwd","24","328650","0.0-6.0-0.2","","","","","","","","1","3","8","img/house_4.png","img/house_6.png","938.0899999960093","9600.695000000997","965.3099999995902","938.0899999960093,9600.695000000997,965.3099999995902","70","70,13,32","null","","enter","7","",""
"no-tradeoff-rwd","25","338566","0.0-6.0-0.3","","","","","","","","4","8","1","img/house_6.png","img/house_4.png","1423.7599999978556","857.0000000036089","","1423.7599999978556,857.0000000036089","74","74,32","null","","null","","",""
"no-tradeoff-rwd","26","353037","0.0-6.0-0.4","","","","","","","","1","2","5","img/house_3.png","img/house_2.png","1231.5949999974691","626.3400000025285","4806.289999993169","1231.5949999974691,626.3400000025285,4806.289999993169","74","74,32,13","enter","3","null","","",""
"no-tradeoff-rwd","27","357697","0.0-6.0-0.5","","","","","","","","4","0","","","","1123.0600000053528","","","1123.0600000053528","32","32","null","","null","","",""
"no-tradeoff-rwd","28","371587","0.0-6.0-0.6","","","","","","","","1","6","2","img/house_2.png","img/house_3.png","629.1849999979604","4069.230000000971","773.8000000026659","629.1849999979604,4069.230000000971,773.8000000026659","70","70,13,32","null","","enter","9","",""
"no-tradeoff-rwd","29","381240","0.0-6.0-0.7","","","","","","","","1","4","6","img/house_4.png","img/house_6.png","1033.885000004375","606.0299999953713","","1033.885000004375,606.0299999953713","74","74,32","null","","null","","",""
"no-tradeoff-rwd","30","394092","0.0-6.0-0.8","","","","","","","","4","2","7","img/house_4.png","img/house_6.png","1160.055000000284","680.4300000003423","3105.6899999966845","1160.055000000284,680.4300000003423,3105.6899999966845","74","74,32,13","enter","4","null","","",""
"no-tradeoff-rwd","31","402742","0.0-6.0-0.9","","","","","","","","4","2","7","img/house_3.png","img/house_2.png","1147.2500000018044","1117.965000004915","","1147.2500000018044,1117.965000004915","70","70,32","null","","null","","",""
"no-tradeoff-rwd","32","416536","0.0-6.0-0.10","","","","","","","","1","7","2","img/house_6.png","img/house_4.png","938.3250000028056","3997.465000000375","746.8950000038603","938.3250000028056,3997.465000000375,746.8950000038603","74","74,13,32","null","","enter","7","",""
"no-tradeoff-rwd","33","426212","0.0-6.0-0.11","","","","","","","","1","8","0","img/house_2.png","img/house_3.png","827.740000000631","632.3450000054436","","827.740000000631,632.3450000054436","70","70,32","null","","null","","",""
"no-tradeoff-rwd","34","439316","0.0-6.0-0.12","","","","","","","","1","2","6","img/house_4.png","img/house_6.png","1052.6450000033947","641.3199999951757","3411.404999998922","1052.6450000033947,641.3199999951757,3411.404999998922","70","70,32,13","enter","3","null","","",""
"no-tradeoff-rwd","35","449089","0.0-6.0-0.13","","","","","","","","1","1","7","img/house_3.png","img/house_2.png","647.6499999989755","713.5649999981979","","647.6499999989755,713.5649999981979","74","74,32","null","","null","","",""
"no-tradeoff-rwd","36","463260","0.0-6.0-0.14","","","","","","","","1","1","6","img/house_3.png","img/house_2.png","1099.9549999978626","4596.315000002505","519.9050000010175","1099.9549999978626,4596.315000002505,519.9050000010175","70","70,13,32","null","","enter","8","",""
"no-tradeoff-rwd","37","471930","0.0-6.0-0.15","","","","","","","","4","2","5","img/house_4.png","img/house_6.png","866.3049999959185","1138.0500000013853","","866.3049999959185,1138.0500000013853","74","74,32","null","","null","","",""
"no-tradeoff-rwd","38","486663","0.0-6.0-0.16","","","","","","","","1","3","3","img/house_4.png","img/house_6.png","593.0349999980535","628.6699999982375","5034.155000001192","593.0349999980535,628.6699999982375,5034.155000001192","70","70,32,13","enter","3","null","","",""
"no-tradeoff-rwd","39","496473","0.0-6.0-0.17","","","","","","","","4","0","2","img/house_2.png","img/house_3.png","857.7250000016647","743.3299999975134","","857.7250000016647,743.3299999975134","74","74,32","null","","null","","",""
"no-tradeoff-rwd","40","510495","0.0-6.0-0.18","","","","","","","","4","1","1","img/house_4.png","img/house_6.png","1280.6799999962095","4419.365000001562","538.829999997688","1280.6799999962095,4419.365000001562,538.829999997688","70","70,13,32","null","","enter","7","",""
"no-tradeoff-rwd","41","520069","0.0-6.0-0.19","","","","","","","","4","4","1","img/house_2.png","img/house_3.png","619.7699999975157","516.4299999960349","","619.7699999975157,516.4299999960349","70","70,32","null","","null","","",""
"no-tradeoff-rwd","42","531687","0.0-6.0-0.20","","","","","","","","1","1","1","img/house_4.png","img/house_6.png","945.1899999985471","900.6700000027195","3191.2949999968987","945.1899999985471,900.6700000027195,3191.2949999968987","74","74,32,13","enter","8","null","","",""
"no-tradeoff-rwd","43","541238","0.0-6.0-0.21","","","","","","","","4","3","1","img/house_6.png","img/house_4.png","1052.8350000021746","519.0000000002328","","1052.8350000021746,519.0000000002328","70","70,32","null","","null","","",""
"no-tradeoff-rwd","44","556947","0.0-6.0-0.22","","","","","","","","1","1","2","img/house_3.png","img/house_2.png","931.9899999973131","6719.194999997853","1436.8949999988545","931.9899999973131,6719.194999997853,1436.8949999988545","70","70,13,32","null","","enter","7","",""
"no-tradeoff-rwd","45","566535","0.0-6.0-0.23","","","","","","","","1","3","2","img/house_6.png","img/house_4.png","1089.2900000035297","524.4549999987939","","1089.2900000035297,524.4549999987939","74","74,32","null","","null","","",""
"no-tradeoff-rwd","46","580205","0.0-6.0-0.24","","","","","","","","1","0","4","img/house_3.png","img/house_2.png","1055.6700000015553","745.3050000040093","3885.965000001248","1055.6700000015553,745.3050000040093,3885.965000001248","70","70,32,13","enter","7","null","","",""
"no-tradeoff-rwd","47","589745","0.0-6.0-0.25","","","","","","","","1","0","2","img/house_2.png","img/house_3.png","855.3150000006426","503.8649999987101","","855.3150000006426,503.8649999987101","74","74,32","null","","null","","",""
"no-tradeoff-rwd","48","603785","0.0-6.0-0.26","","","","","","","","1","3","3","img/house_3.png","img/house_2.png","871.7600000017555","3939.8000000000466","1060.3150000025053","871.7600000017555,3939.8000000000466,1060.3150000025053","70","70,13,32","null","","enter","7","",""
"no-tradeoff-rwd","49","613377","0.0-6.0-0.27","","","","","","","","1","6","4","img/house_3.png","img/house_2.png","1094.8149999966845","557.85499999905","","1094.8149999966845,557.85499999905","74","74,32","null","","null","","",""
"no-tradeoff-rwd","50","627207","0.0-6.0-0.28","","","","","","","","4","3","9","img/house_2.png","img/house_3.png","688.36999999627","535.4750000042841","4246.534999998403","688.36999999627,535.4750000042841,4246.534999998403","74","74,32,13","enter","9","null","","",""
"no-tradeoff-rwd","51","636826","0.0-6.0-0.29","","","","","","","","1","6","8","img/house_6.png","img/house_4.png","1030.3899999998976","559.2099999993807","","1030.3899999998976,559.2099999993807","70","70,32","null","","null","","",""
"no-tradeoff-rwd","52","650322","0.0-6.0-0.30","","","","","","","","4","6","8","img/house_2.png","img/house_3.png","767.5600000002887","3860.384999999893","586.3499999977648","767.5600000002887,3860.384999999893,586.3499999977648","70","70,13,32","null","","enter","9","",""
"no-tradeoff-rwd","53","655168","0.0-6.0-0.31","","","","","","","","1","0","","","","1324.5349999997998","","","1324.5349999997998","32","32","null","","null","","",""
"no-tradeoff-rwd","54","669390","0.0-6.0-0.32","","","","","","","","4","5","8","img/house_6.png","img/house_4.png","942.2350000021979","530.9550000020536","4632.359999996028","942.2350000021979,530.9550000020536,4632.359999996028","74","74,32,13","enter","6","null","","",""
"no-tradeoff-rwd","55","678988","0.0-6.0-0.33","","","","","","","","4","4","9","img/house_2.png","img/house_3.png","669.7950000016717","545.3399999969406","","669.7950000016717,545.3399999969406","70","70,32","null","","null","","",""
"no-tradeoff-rwd","56","691798","0.0-6.0-0.34","","","","","","","","1","7","7","img/house_6.png","img/house_4.png","534.180000002496","3167.554999999935","597.9900000019697","534.180000002496,3167.554999999935,597.9900000019697","70","70,13,32","null","","enter","7","",""
"no-tradeoff-rwd","57","701469","0.0-6.0-0.35","","","","","","","","4","9","6","img/house_6.png","img/house_4.png","933.889999993029","642.8149999992456","","933.889999993029,642.8149999992456","70","70,32","null","","null","","",""
"no-tradeoff-rwd","58","715817","0.0-6.0-0.36","","","","","","","","4","8","6","img/house_2.png","img/house_3.png","797.0249999997905","553.214999999851","4738.624999998137","797.0249999997905,553.214999999851,4738.624999998137","74","74,32,13","enter","7","null","","",""
"no-tradeoff-rwd","59","725457","0.0-6.0-0.37","","","","","","","","4","9","8","img/house_6.png","img/house_4.png","819.1450000014156","593.355000004638","","819.1450000014156,593.355000004638","74","74,32","null","","null","","",""
"no-tradeoff-rwd","60","737882","0.0-6.0-0.38","","","","","","","","1","8","9","img/house_6.png","img/house_4.png","577.4750000054482","2676.760000002105","722.2200000032317","577.4750000054482,2676.760000002105,722.2200000032317","74","74,13,32","null","","enter","8","",""
"no-tradeoff-rwd","61","747508","0.0-6.0-0.39","","","","","","","","1","5","9","img/house_2.png","img/house_3.png","962.9750000021886","568.5200000007171","","962.9750000021886,568.5200000007171","70","70,32","null","","null","","",""
"no-tradeoff-rwd","62","760400","0.0-6.0-0.40","","","","","","","","1","8","8","img/house_6.png","img/house_4.png","770.6150000012713","569.569999999716","3286.659999997937","770.6150000012713,569.569999999716,3286.659999997937","70","70,32,13","enter","6","null","","",""
"no-tradeoff-rwd","63","770075","0.0-6.0-0.41","","","","","","","","4","9","8","img/house_2.png","img/house_3.png","548.3100000055274","609.3249999976251","","548.3100000055274,609.3249999976251","70","70,32","null","","null","","",""
"no-tradeoff-rwd","64","782952","0.0-6.0-0.42","","","","","","","","4","8","8","img/house_2.png","img/house_3.png","911.1550000015413","3217.7999999986496","612.5299999983981","911.1550000015413,3217.7999999986496,612.5299999983981","74","74,13,32","null","","enter","7","",""
"no-tradeoff-rwd","65","792550","0.0-6.0-0.43","","","","","","","","4","8","9","img/house_2.png","img/house_3.png","509.7699999969918","541.0849999971688","","509.7699999969918,541.0849999971688","74","74,32","null","","null","","",""
"no-tradeoff-rwd","66","806639","0.0-6.0-0.44","","","","","","","","4","9","8","img/house_6.png","img/house_4.png","652.9850000005681","386.3100000016857","4657.420000003185","652.9850000005681,386.3100000016857,4657.420000003185","70","70,32,13","enter","7","null","","",""
"no-tradeoff-rwd","67","816415","0.0-6.0-0.45","","","","","","","","1","6","7","img/house_6.png","img/house_4.png","481.0649999999441","724.0799999999581","","481.0649999999441,724.0799999999581","74","74,32","null","","null","","",""
"no-tradeoff-rwd","68","829881","0.0-6.0-0.46","","","","","","","","1","3","6","img/house_2.png","img/house_3.png","1006.8450000034645","3842.004999998724","577.110000005574","1006.8450000034645,3842.004999998724,577.110000005574","70","70,13,32","null","","enter","8","",""
"no-tradeoff-rwd","69","839685","0.0-6.0-0.47","","","","","","","","1","4","6","img/house_2.png","img/house_3.png","625.8600000001024","774.7349999989383","","625.8600000001024,774.7349999989383","74","74,32","null","","null","","",""
"no-tradeoff-rwd","70","852813","0.0-6.0-0.48","","","","","","","","4","8","3","img/house_6.png","img/house_4.png","771.5349999997998","707.5399999957299","3379.434999995283","771.5349999997998,707.5399999957299,3379.434999995283","74","74,32,13","enter","7","null","","",""
"no-tradeoff-rwd","71","862549","0.0-6.0-0.49","","","","","","","","4","6","7","img/house_6.png","img/house_4.png","708.4050000049174","675.5150000026915","","708.4050000049174,675.5150000026915","70","70,32","null","","null","","",""
"no-tradeoff-rwd","72","875517","0.0-6.0-0.50","","","","","","","","1","7","8","img/house_2.png","img/house_3.png","413.23999999440275","3374.5300000009593","552.9099999985192","413.23999999440275,3374.5300000009593,552.9099999985192","74","74,13,32","null","","enter","8","",""
"no-tradeoff-rwd","73","885130","0.0-6.0-0.51","","","","","","","","4","6","8","img/house_6.png","img/house_4.png","1085.3550000028918","574.669999994454","","1085.3550000028918,574.669999994454","74","74,32","null","","null","","",""
"no-tradeoff-rwd","74","898462","0.0-6.0-0.52","","","","","","","","4","5","7","img/house_6.png","img/house_4.png","571.5599999966798","570.8200000007637","3709.114999997895","571.5599999966798,570.8200000007637,3709.114999997895","70","70,32,13","enter","6","null","","",""
"no-tradeoff-rwd","75","908162","0.0-6.0-0.53","","","","","","","","1","4","8","img/house_6.png","img/house_4.png","804.5999999957858","647.3799999949988","","804.5999999957858,647.3799999949988","74","74,32","null","","null","","",""
"no-tradeoff-rwd","76","921543","0.0-6.0-0.54","","","","","","","","1","4","8","img/house_2.png","img/house_3.png","1207.3899999959394","3655.869999995106","675.8699999991804","1207.3899999959394,3655.869999995106,675.8699999991804","74","74,13,32","null","","enter","9","",""
"no-tradeoff-rwd","77","931227","0.0-6.0-0.55","","","","","","","","1","3","8","img/house_6.png","img/house_4.png","612.4199999975972","618.6750000051688","","612.4199999975972,618.6750000051688","74","74,32","null","","null","","",""
"no-tradeoff-rwd","78","946664","0.0-6.0-0.56","","","","","","","","1","3","8","img/house_2.png","img/house_3.png","805.6700000015553","951.8749999988358","5430.264999995474","805.6700000015553,951.8749999988358,5430.264999995474","70","70,32,13","enter","5","null","","",""
"no-tradeoff-rwd","79","956197","0.0-6.0-0.57","","","","","","","","4","2","6","img/house_6.png","img/house_4.png","918.5149999975692","483.98500000615604","","918.5149999975692,483.98500000615604","70","70,32","null","","null","","",""
"no-tradeoff-rwd","80","972217","0.0-6.0-0.58","","","","","","","","4","3","7","img/house_2.png","img/house_3.png","751.7650000008289","5896.959999998333","1057.5800000005402","751.7650000008289,5896.959999998333,1057.5800000005402","70","70,13,32","null","","enter","20","",""
"no-tradeoff-rwd","81","981931","0.0-6.0-0.59","","","","","","","","4","5","8","img/house_6.png","img/house_4.png","975.9150000028312","653.5199999999022","","975.9150000028312,653.5199999999022","70","70,32","null","","null","","",""
"no-tradeoff-rwd","82","995912","0.0-6.0-0.60","","","","","","","","1","8","6","img/house_6.png","img/house_4.png","523.5150000007125","531.5950000004377","4387.73499999661","523.5150000007125,531.5950000004377,4387.73499999661","70","70,32,13","enter","5","null","","",""
"no-tradeoff-rwd","83","1005454","0.0-6.0-0.61","","","","","","","","4","9","8","img/house_6.png","img/house_4.png","550.5699999994831","505.9049999981653","","550.5699999994831,505.9049999981653","74","74,32","null","","null","","",""
"no-tradeoff-rwd","84","1018695","0.0-6.0-0.62","","","","","","","","1","8","7","img/house_2.png","img/house_3.png","716.5749999985565","3436.815000000992","720.7800000032876","716.5749999985565,3436.815000000992,720.7800000032876","74","74,13,32","null","","enter","9","",""
"no-tradeoff-rwd","85","1028520","0.0-6.0-0.63","","","","","","","","1","9","7","img/house_6.png","img/house_4.png","896.775000001071","781.519999996759","","896.775000001071,781.519999996759","74","74,32","null","","null","","",""
"no-tradeoff-rwd","86","1041361","0.0-6.0-0.64","","","","","","","","4","7","6","img/house_2.png","img/house_3.png","514.6050000039395","502.5300000051502","3300.3000000026077","514.6050000039395,502.5300000051502,3300.3000000026077","70","70,32,13","enter","9","null","","",""
"no-tradeoff-rwd","87","1050990","0.0-6.0-0.65","","","","","","","","1","5","5","img/house_6.png","img/house_4.png","469.5999999968335","554.919999995036","","469.5999999968335,554.919999995036","70","70,32","null","","null","","",""
"no-tradeoff-rwd","88","1064782","0.0-6.0-0.66","","","","","","","","4","5","6","img/house_6.png","img/house_4.png","654.6549999983981","4147.024999998277","578.6250000020955","654.6549999983981,4147.024999998277,578.6250000020955","74","74,13,32","null","","enter","9","",""
"no-tradeoff-rwd","89","1074471","0.0-6.0-0.67","","","","","","","","1","5","7","img/house_6.png","img/house_4.png","650.9299999962095","655.1600000020117","","650.9299999962095,655.1600000020117","70","70,32","null","","null","","",""
"no-tradeoff-rwd","90","1087790","0.0-6.0-0.68","","","","","","","","4","8","5","img/house_2.png","img/house_3.png","478.6450000030454","657.355000003241","3603.4800000053365","478.6450000030454,657.355000003241,3603.4800000053365","70","70,32,13","enter","8","null","","",""
"no-tradeoff-rwd","91","1097493","0.0-6.0-0.69","","","","","","","","1","3","5","img/house_2.png","img/house_3.png","569.1000000005588","656.06000000122","","569.1000000005588,656.06000000122","70","70,32","null","","null","","",""
"no-tradeoff-rwd","92","1111281","0.0-6.0-0.70","","","","","","","","1","3","5","img/house_2.png","img/house_3.png","408.8749999937136","4160.864999997895","566.5600000065751","408.8749999937136,4160.864999997895,566.5600000065751","70","70,13,32","null","","enter","9","",""
"no-tradeoff-rwd","93","1121043","0.0-6.0-0.71","","","","","","","","1","1","3","img/house_2.png","img/house_3.png","864.4600000043865","718.8999999999069","","864.4600000043865,718.8999999999069","74","74,32","null","","null","","",""
"no-tradeoff-rwd","94","1135623","0.0-6.0-0.72","","","","","","","","4","0","3","img/house_2.png","img/house_3.png","529.0049999966286","540.9050000016578","4963.905000004219","529.0049999966286,540.9050000016578,4963.905000004219","74","74,32,13","enter","9","null","","",""
"no-tradeoff-rwd","95","1145213","0.0-6.0-0.73","","","","","","","","4","2","4","img/house_6.png","img/house_4.png","727.6950000014622","560.1599999936298","","727.6950000014622,560.1599999936298","74","74,32","null","","null","","",""
"no-tradeoff-rwd","96","1161020","0.0-6.0-0.74","","","","","","","","1","4","5","img/house_6.png","img/house_4.png","700.1149999997579","6229.615000003949","536.8799999998882","700.1149999997579,6229.615000003949,536.8799999998882","74","74,13,32","null","","enter","9","",""
"no-tradeoff-rwd","97","1170586","0.0-6.0-0.75","","","","","","","","4","5","7","img/house_6.png","img/house_4.png","761.2050000024028","512.0349999999162","","761.2050000024028,512.0349999999162","70","70,32","null","","null","","",""
"no-tradeoff-rwd","98","1184623","0.0-6.0-0.76","","","","","","","","4","8","8","img/house_6.png","img/house_4.png","925.7549999963958","488.66999999876134","4482.840000004042","925.7549999963958,488.66999999876134,4482.840000004042","70","70,32,13","enter","7","null","","",""
"no-tradeoff-rwd","99","1194343","0.0-6.0-0.77","","","","","","","","4","9","7","img/house_6.png","img/house_4.png","546.9150000063237","682.2800000009593","","546.9150000063237,682.2800000009593","70","70,32","null","","null","","",""
"no-tradeoff-rwd","100","1208467","0.0-6.0-0.78","","","","","","","","4","8","9","img/house_2.png","img/house_3.png","898.2550000001211","4528.2800000060815","538.870000003837","898.2550000001211,4528.2800000060815,538.870000003837","74","74,13,32","null","","enter","9","",""
"no-tradeoff-rwd","101","1218252","0.0-6.0-0.79","","","","","","","","4","9","7","img/house_2.png","img/house_3.png","662.0949999997392","733.7200000039302","","662.0949999997392,733.7200000039302","74","74,32","null","","null","","",""
"no-tradeoff-rwd","102","1231680","0.0-6.0-0.80","","","","","","","","1","9","6","img/house_6.png","img/house_4.png","858.9149999970105","484.79999999841675","3898.609999996377","858.9149999970105,484.79999999841675,3898.609999996377","74","74,32,13","enter","9","null","","",""
"no-tradeoff-rwd","103","1241351","0.0-6.0-0.81","","","","","","","","1","7","5","img/house_2.png","img/house_3.png","681.7349999982398","649.955000000773","","681.7349999982398,649.955000000773","70","70,32","null","","null","","",""
"no-tradeoff-rwd","104","1254933","0.0-6.0-0.82","","","","","","","","1","6","9","img/house_2.png","img/house_3.png","490.29000000143424","3959.9450000023935","553.6550000032876","490.29000000143424,3959.9450000023935,553.6550000032876","74","74,13,32","null","","enter","9","",""
"no-tradeoff-rwd","105","1264437","0.0-6.0-0.83","","","","","","","","1","9","6","img/house_6.png","img/house_4.png","1210.1499999989755","464.16999999945983","","1210.1499999989755,464.16999999945983","70","70,32","null","","null","","",""
"no-tradeoff-rwd","106","1279081","0.0-6.0-0.84","","","","","","","","1","8","6","img/house_6.png","img/house_4.png","612.5499999979511","443.45500000054017","5132.305000006454","612.5499999979511,443.45500000054017,5132.305000006454","70","70,32,13","enter","7","null","","",""
"no-tradeoff-rwd","107","1288673","0.0-6.0-0.85","","","","","","","","1","9","8","img/house_2.png","img/house_3.png","1008.7300000013784","535.4550000047311","","1008.7300000013784,535.4550000047311","74","74,32","null","","null","","",""
"no-tradeoff-rwd","108","1302204","0.0-6.0-0.86","","","","","","","","4","5","6","img/house_6.png","img/house_4.png","645.7650000010617","4027.5750000001863","437.06000000378117","645.7650000010617,4027.5750000001863,437.06000000378117","74","74,13,32","null","","enter","9","",""
"no-tradeoff-rwd","109","1311794","0.0-6.0-0.87","","","","","","","","1","4","5","img/house_6.png","img/house_4.png","810.864999999525","525.9349999977276","","810.864999999525,525.9349999977276","74","74,32","null","","null","","",""
"no-tradeoff-rwd","110","1325827","0.0-6.0-0.88","","","","","","","","1","3","6","img/house_2.png","img/house_3.png","721.6550000011921","665.4950000010431","4329.050000000279","721.6550000011921,665.4950000010431,4329.050000000279","74","74,32,13","enter","9","null","","",""
"no-tradeoff-rwd","111","1335399","0.0-6.0-0.89","","","","","","","","1","4","7","img/house_6.png","img/house_4.png","684.744999998482","534.1750000007451","","684.744999998482,534.1750000007451","70","70,32","null","","null","","",""
"no-tradeoff-rwd","112","1350821","0.0-6.0-0.90","","","","","","","","1","7","7","img/house_2.png","img/house_3.png","687.5799999977462","5811.710000001825","565.5850000039209","687.5799999977462,5811.710000001825,565.5850000039209","74","74,13,32","null","","enter","9","",""
"no-tradeoff-rwd","113","1360577","0.0-6.0-0.91","","","","","","","","1","6","6","img/house_2.png","img/house_3.png","649.0199999969918","683.7549999982584","","649.0199999969918,683.7549999982584","74","74,32","null","","null","","",""
"no-tradeoff-rwd","114","1374032","0.0-6.0-0.92","","","","","","","","4","9","7","img/house_6.png","img/house_4.png","584.9099999978207","502.8149999997113","3900.6050000025425","584.9099999978207,502.8149999997113,3900.6050000025425","70","70,32,13","enter","8","null","","",""
"no-tradeoff-rwd","115","1383478","0.0-6.0-0.93","","","","","","","","4","7","9","img/house_6.png","img/house_4.png","609.3799999945331","414.59000000031665","","609.3799999945331,414.59000000031665","74","74,32","null","","null","","",""
"no-tradeoff-rwd","116","1397715","0.0-6.0-0.94","","","","","","","","1","5","6","img/house_2.png","img/house_3.png","742.1850000028498","3670.589999994263","1513.2349999984726","742.1850000028498,3670.589999994263,1513.2349999984726","70","70,13,32","null","","enter","9","",""
"no-tradeoff-rwd","117","1407598","0.0-6.0-0.95","","","","","","","","1","3","9","img/house_2.png","img/house_3.png","625.0450000008568","820.0149999973364","","625.0450000008568,820.0149999973364","70","70,32","null","","null","","",""
"no-tradeoff-rwd","118","1421274","0.0-6.0-0.96","","","","","","","","4","4","8","img/house_2.png","img/house_3.png","511.3100000016857","605.6399999943096","4017.554999998538","511.3100000016857,605.6399999943096,4017.554999998538","70","70,32,13","enter","9","null","","",""
"no-tradeoff-rwd","119","1430882","0.0-6.0-0.97","","","","","","","","4","8","8","img/house_2.png","img/house_3.png","703.5899999972899","561.2900000051595","","703.5899999972899,561.2900000051595","70","70,32","null","","null","","",""
"no-tradeoff-rwd","120","1443685","0.0-6.0-0.98","","","","","","","","1","6","8","img/house_2.png","img/house_3.png","458.73500000010245","3266.6250000037253","500.7649999971036","458.73500000010245,3266.6250000037253,500.7649999971036","70","70,13,32","null","","enter","9","",""
"no-tradeoff-rwd","121","1453538","0.0-6.0-0.99","","","","","","","","4","6","9","img/house_6.png","img/house_4.png","674.4850000031292","806.9949999989476","","674.4850000031292,806.9949999989476","70","70,32","null","","null","","",""
"no-tradeoff-rwd","122","1466207","0.0-6.0-0.100","","","","","","","","4","7","7","img/house_6.png","img/house_4.png","512.8650000041816","485.675000003539","3147.024999998277","512.8650000041816,485.675000003539,3147.024999998277","74","74,32,13","enter","9","null","","",""
"no-tradeoff-rwd","123","1475785","0.0-6.0-0.101","","","","","","","","4","8","6","img/house_2.png","img/house_3.png","573.3849999960512","533.8550000013784","","573.3849999960512,533.8550000013784","74","74,32","null","","null","","",""
"no-tradeoff-rwd","124","1490860","0.0-6.0-0.102","","","","","","","","4","6","7","img/house_2.png","img/house_3.png","614.6850000002887","5399.36499999743","619.9350000023842","614.6850000002887,5399.36499999743,619.9350000023842","70","70,13,32","null","","enter","9","",""
"no-tradeoff-rwd","125","1500544","0.0-6.0-0.103","","","","","","","","1","6","8","img/house_2.png","img/house_3.png","565.625000002794","628.1200000010431","","565.625000002794,628.1200000010431","70","70,32","null","","null","","",""
"no-tradeoff-rwd","126","1514044","0.0-6.0-0.104","","","","","","","","4","1","9","img/house_2.png","img/house_3.png","542.150000001071","798.1349999972153","3624.1799999990035","542.150000001071,798.1349999972153,3624.1799999990035","70","70,32,13","enter","9","null","","",""
"no-tradeoff-rwd","127","1523722","0.0-6.0-0.105","","","","","","","","1","4","7","img/house_2.png","img/house_3.png","584.5150000022259","614.9100000038743","","584.5150000022259,614.9100000038743","74","74,32","null","","null","","",""
"no-tradeoff-rwd","128","1536272","0.0-6.0-0.106","","","","","","","","1","4","8","img/house_6.png","img/house_4.png","529.0600000007544","3016.2899999995716","462.46000000229105","529.0600000007544,3016.2899999995716,462.46000000229105","74","74,13,32","null","","enter","9","",""
"no-tradeoff-rwd","129","1545859","0.0-6.0-0.107","","","","","","","","1","3","7","img/house_6.png","img/house_4.png","698.0049999984913","529.1950000028592","","698.0049999984913,529.1950000028592","70","70,32","null","","null","","",""
"no-tradeoff-rwd","130","1559275","0.0-6.0-0.108","","","","","","","","4","3","6","img/house_2.png","img/house_3.png","671.8000000037719","769.289999996312","3579.525000001071","671.8000000037719,769.289999996312,3579.525000001071","70","70,32,13","enter","9","null","","",""
"no-tradeoff-rwd","131","1569400","0.0-6.0-0.109","","","","","","","","1","2","7","img/house_2.png","img/house_3.png","584.8350000013597","1067.7950000024866","","584.8350000013597,1067.7950000024866","74","74,32","null","","null","","",""
"no-tradeoff-rwd","132","1583195","0.0-6.0-0.110","","","","","","","","4","2","6","img/house_6.png","img/house_4.png","670.8050000015646","4210.684999998193","537.2799999967683","670.8050000015646,4210.684999998193,537.2799999967683","70","70,13,32","null","","enter","9","",""
"no-tradeoff-rwd","133","1592740","0.0-6.0-0.111","","","","","","","","4","2","6","img/house_2.png","img/house_3.png","562.1850000023842","475.7150000005495","","562.1850000023842,475.7150000005495","74","74,32","null","","null","","",""
"no-tradeoff-rwd","134","1607081","0.0-6.0-0.112","","","","","","","","4","2","8","img/house_6.png","img/house_4.png","706.534999997355","639.2649999980349","4646.039999999572","706.534999997355,639.2649999980349,4646.039999999572","70","70,32,13","enter","6","null","","",""
"no-tradeoff-rwd","135","1616564","0.0-6.0-0.113","","","","","","","","4","4","8","img/house_6.png","img/house_4.png","792.439999997383","439.3249999994878","","792.439999997383,439.3249999994878","70","70,32","null","","null","","",""
"no-tradeoff-rwd","136","1630736","0.0-6.0-0.114","","","","","","","","1","4","6","img/house_2.png","img/house_3.png","536.7100000004284","4649.4049999965355","480.7749999961816","536.7100000004284,4649.4049999965355,480.7749999961816","70","70,13,32","null","","enter","9","",""
"no-tradeoff-rwd","137","1640152","0.0-6.0-0.115","","","","","","","","1","6","7","img/house_2.png","img/house_3.png","622.2700000000186","358.7249999982305","","622.2700000000186,358.7249999982305","70","70,32","null","","null","","",""
"no-tradeoff-rwd","138","1654243","0.0-6.0-0.116","","","","","","","","1","9","6","img/house_6.png","img/house_4.png","641.4149999984074","1009.4400000015739","4045.8749999962747","641.4149999984074,1009.4400000015739,4045.8749999962747","70","70,32,13","enter","9","null","","",""
"no-tradeoff-rwd","139","1663914","0.0-6.0-0.117","","","","","","","","4","9","7","img/house_2.png","img/house_3.png","617.2200000002049","616.9599999992643","","617.2200000002049,616.9599999992643","70","70,32","null","","null","","",""
"no-tradeoff-rwd","140","1676489","0.0-6.0-0.118","","","","","","","","4","8","6","img/house_6.png","img/house_4.png","751.4399999999441","2966.870000003837","552.0650000036694","751.4399999999441,2966.870000003837,552.0650000036694","74","74,13,32","null","","enter","9","",""
"no-tradeoff-rwd","141","1687023","0.0-6.0-0.119","","","","","","","","1","8","8","img/house_6.png","img/house_4.png","703.2349999935832","1483.975000002887","","703.2349999935832,1483.975000002887","70","70,32","null","","null","","",""
"call-function","142","1687023","0.0-7.0","","","","","","","","","","","","","","","","","","","","","","","",""
"html-keyboard-response","143","1703050","0.0-8.0","16027.15999999782","<p>Now you will play the second game!</p><p>Press the space bar to begin reading the instructions for the second game.</p>","","","32","","","","","","","","","","","","","","","","","","",""
"instructions","144","1898236","0.0-9.0","195185.25999999838","","","","","[{""page_index"":0,""viewing_time"":18098.59499999578},{""page_index"":1,""viewing_time"":20453.180000004126},{""page_index"":2,""viewing_time"":16099.72499999986},{""page_index"":3,""viewing_time"":22635.875},{""page_index"":4,""viewing_time"":56564.08999999985},{""page_index"":5,""viewing_time"":15613.194999998203},{""page_index"":6,""viewing_time"":13238.015000002692},{""page_index"":7,""viewing_time"":14788.78999999864},{""page_index"":8,""viewing_time"":17693.475000000093}]","","","","","","","","","","","","","","","","","",""
"html-keyboard-response","145","1901956","0.0-10.0-0.0","3719.2950000024866","<p style=""font-size:24px;font-weight:bold"">TEST QUESTION</p><p>Which letter should you press to select the green tree on the left?</p><div class=group><table class=table_center><tr><td class=prompt colspan=2>Choose one</td></tr><tr style=""height: 300px;""><td style=""width: 300px;""><img id=""left"" src=img/tree_3.png style=""zoom: 100%;""/></td><td style=""width: 300px;""><img id=""right"" src=img/tree_7.png style=""zoom: 100%;""/></td></tr></table></div><br>","","","70","","true","","","","","","","","","","","","","","","","",""
"html-keyboard-response","146","1904971","0.0-10.0-1.0","null","<p style=""font-size:36px;font-weight:bold"">Correct!</p><p> Remember, press ""F"" for left and ""J"" for right. </p>","","","null","","","","","","","","","","","","","","","","","","",""
"html-keyboard-response","147","1907711","0.0-10.0-2.0","2738.725000002887","<p style=""font-size:24px;font-weight:bold"">TEST QUESTION</p><p>Which letter should you press to select the red tree on the right?</p><div class=group><table class=table_center><tr><td class=prompt colspan=2>Choose one</td></tr><tr style=""height: 300px;""><td style=""width: 300px;""><img id=""left"" src=img/tree_3.png style=""zoom: 100%;""/></td><td style=""width: 300px;""><img id=""right"" src=img/tree_7.png style=""zoom: 100%;""/></td></tr></table></div><br>","","","74","","true","","","","","","","","","","","","","","","","",""
"html-keyboard-response","148","1910726","0.0-10.0-3.0","null","<p style=""font-size:36px;font-weight:bold"">Correct!</p><p> Remember, press ""F"" for left and ""J"" for right. </p>","","","null","","","","","","","","","","","","","","","","","","",""
"html-keyboard-response","149","1920928","0.0-10.0-4.0","10201.154999995138","<p style=""font-size:24px;font-weight:bold"">TEST QUESTION</p><p>Type the number of the <b> maximum </b> amount of shields an gnome can make</p>","","","57","","true","","","","","","","","","","","","","","","","",""
"html-keyboard-response","150","1923942","0.0-10.0-5.0","null","<p style=""font-size:36px;font-weight:bold"">Correct!</p><p> Remember, gnomes can make 0 to 9 shields. </p>","","","null","","","","","","","","","","","","","","","","","","",""
"html-keyboard-response","151","1927512","0.0-10.0-6.0","3568.74500000407","<p style=""font-size:24px;font-weight:bold"">TEST QUESTION</p><p>Remember, the same tree always takes you to the same gnome. </p><p>On this trial, select the tree on the left by pressing ""F"".</p><div class=group><table class=table_center><tr><td class=prompt colspan=2>Choose one</td></tr><tr style=""height: 300px;""><td style=""width: 300px;""><img id=""left"" src=img/tree_1.png style=""zoom: 100%;""/></td><td style=""width: 300px;""><img id=""right"" src=img/tree_2.png style=""zoom: 100%;""/></td></tr></table></div><br>","","","70","","","","","","","","","","","","","","","","","","",""
"html-keyboard-response","152","1934322","0.0-10.0-7.0","6808.5700000009965","<p style=""font-size:24px;font-weight:bold"">TEST QUESTION</p><p>The orange tree took you to the green gnome. </p><p> The green gnome gave you 8 shields. </p><p> The most shields a gnome can make is 9 shields, so this is a great outcome!</p><div class=group><table class=table_center><tr><td class=prompt colspan=3>You received</td></tr><tr style=""height: 300px;""><td><img src=img/gnome_green.png style=""zoom: 100%;""/></td><td><img src=img/shield.png style=""zoom: 30%;""/></td><td class=prompt>x 8</td></tr></table></div><br><p> Press space to continue </p>","","","32","","","","","","","","","","","","","","","","","","",""
"html-keyboard-response","153","1937076","0.0-10.0-8.0","2752.825000003213","<p style=""font-size:24px;font-weight:bold"">TEST QUESTION</p><p>If you wanted to visit the <b> green gnome </b> again, which tree would you select?</p><div class=group><table class=table_center><tr><td class=prompt colspan=2>Choose one</td></tr><tr style=""height: 300px;""><td style=""width: 300px;""><img id=""left"" src=img/tree_1.png style=""zoom: 100%;""/></td><td style=""width: 300px;""><img id=""right"" src=img/tree_2.png style=""zoom: 100%;""/></td></tr></table></div><br>","","","70","","true","","","","","","","","","","","","","","","","",""
"html-keyboard-response","154","1940091","0.0-10.0-9.0","null","<p style=""font-size:36px;font-weight:bold"">Correct!</p><p> Remember, the same tree goes to the same gnome. </p>","","","null","","","","","","","","","","","","","","","","","","",""
"html-keyboard-response","155","1942433","0.0-10.0-10.0","2340.544999998994","<p style=""font-size:24px;font-weight:bold"">TEST QUESTION</p><p>On this trial, select the tree on the right by pressing ""J"".</p><div class=group><table class=table_center><tr><td class=prompt colspan=2>Choose one</td></tr><tr style=""height: 300px;""><td style=""width: 300px;""><img id=""left"" src=img/tree_1.png style=""zoom: 100%;""/></td><td style=""width: 300px;""><img id=""right"" src=img/tree_2.png style=""zoom: 100%;""/></td></tr></table></div><br>","","","74","","","","","","","","","","","","","","","","","","",""
"html-keyboard-response","156","1944783","0.0-10.0-11.0","2349.1799999973737","<p style=""font-size:24px;font-weight:bold"">TEST QUESTION</p><p>The blue tree took you to the purple gnome. </p><p> The purple gnome only gave you 1 shield. </p><p> That is not very much and is a pretty bad outcome.</p><div class=group><table class=table_center><tr><td class=prompt colspan=3>You received</td></tr><tr style=""height: 300px;""><td><img src=img/gnome_purple.png style=""zoom: 100%;""/></td><td><img src=img/shield.png style=""zoom: 30%;""/></td><td class=prompt>x 1</td></tr></table></div><br><p> Press space to continue </p>","","","32","","","","","","","","","","","","","","","","","","",""
"html-keyboard-response","157","1953015","0.0-10.0-12.0","8231.03500000434","<p style=""font-size:24px;font-weight:bold"">TEST QUESTION</p><p>Remember the green gnome gave you 8 shields and the purple gnome only gave you 1 shield. </p><p> Which gnome would you try to visit next? </p><div class=group><table class=table_center><tr><td class=prompt colspan=2>Choose one</td></tr><tr style=""height: 300px;""><td style=""width: 300px;""><img id=""left"" src=img/gnome_green.png style=""zoom: 100%;""/></td><td style=""width: 300px;""><img id=""right"" src=img/gnome_purple.png style=""zoom: 100%;""/></td></tr></table></div><br>","","","70","","true","","","","","","","","","","","","","","","","",""
"html-keyboard-response","158","1956028","0.0-10.0-13.0","null","<p style=""font-size:36px;font-weight:bold"">Correct!</p><p> Remember, you want to select the gnome who gives you the most shields.</p>","","","null","","","","","","","","","","","","","","","","","","",""
"html-keyboard-response","159","1958011","0.0-10.0-14.0","1981.030000002822","<p style=""font-size:24px;font-weight:bold"">TEST QUESTION</p><p>To visit the green gnome, which tree should you visit? </p><div class=group><table class=table_center><tr><td class=prompt colspan=2>Choose one</td></tr><tr style=""height: 300px;""><td style=""width: 300px;""><img id=""left"" src=img/tree_1.png style=""zoom: 100%;""/></td><td style=""width: 300px;""><img id=""right"" src=img/tree_2.png style=""zoom: 100%;""/></td></tr></table></div><br>","","","70","","true","","","","","","","","","","","","","","","","",""
"html-keyboard-response","160","1961014","0.0-10.0-15.0","null","<p style=""font-size:36px;font-weight:bold"">Correct!</p><p>Remember, the same tree goes to the same gnome each time.</p>","","","null","","","","","","","","","","","","","","","","","","",""
"html-keyboard-response","161","1963363","0.0-10.0-16.0","2348.0699999998324","<p style=""font-size:36px;font-weight:bold"">You are ready to play!</p><p>The trees and gnomes in the actual game will be different than the practice. </p><p> Press space to start the game</p>","","","32","","","","","","","","","","","","","","","","","","",""
"no-tradeoff","162","1977571","0.0-11.0-0.0","","","","","","","","1","8","7","img/tree_7.png","img/tree_3.png","601.555000001099","1048.504999998724","4120.479999997653","601.555000001099,1048.504999998724,4120.479999997653","70","70,32,13","enter","7","null","","",""
"no-tradeoff","163","1987304","0.0-11.0-0.1","","","","","","","","4","8","7","img/tree_8.png","img/tree_9.png","1059.8350000001956","667.3700000029057","","1059.8350000001956,667.3700000029057","74","74,32","null","","null","","",""
"no-tradeoff","164","1999872","0.0-11.0-0.2","","","","","","","","4","6","9","img/tree_7.png","img/tree_3.png","1006.7300000009127","2894.4649999975227","630.1650000023656","1006.7300000009127,2894.4649999975227,630.1650000023656","70","70,13,32","null","","enter","9","",""
"no-tradeoff","165","2009502","0.0-11.0-0.3","","","","","","","","4","7","8","img/tree_8.png","img/tree_9.png","1155.8450000011362","569.4399999994785","","1155.8450000011362,569.4399999994785","74","74,32","null","","null","","",""
"no-tradeoff","166","2023712","0.0-11.0-0.4","","","","","","","","4","7","6","img/tree_8.png","img/tree_9.png","863.7699999962933","1566.6849999979604","3579.304999999469","863.7699999962933,1566.6849999979604,3579.304999999469","70","70,32,13","enter","8","null","","",""
"no-tradeoff","167","2033417","0.0-11.0-0.5","","","","","","","","4","9","2","img/tree_7.png","img/tree_3.png","605.0549999999348","669.9850000003353","","605.0549999999348,669.9850000003353","74","74,32","null","","null","","",""
"no-tradeoff","168","2046394","0.0-11.0-0.6","","","","","","","","1","8","1","img/tree_8.png","img/tree_9.png","739.294999999227","3274.714999999618","645.0899999982212","739.294999999227,3274.714999999618,645.0899999982212","74","74,13,32","null","","enter","9","",""
"no-tradeoff","169","2055968","0.0-11.0-0.7","","","","","","","","1","7","2","img/tree_7.png","img/tree_3.png","514.1300000033807","516.4699999948498","","514.1300000033807,516.4699999948498","70","70,32","null","","null","","",""
"no-tradeoff","170","2068895","0.0-11.0-0.8","","","","","","","","4","7","5","img/tree_7.png","img/tree_3.png","690.1500000022352","736.5900000003166","3137.739999998361","690.1500000022352,736.5900000003166,3137.739999998361","70","70,32,13","enter","9","null","","",""
"no-tradeoff","171","2078536","0.0-11.0-0.9","","","","","","","","4","5","7","img/tree_7.png","img/tree_3.png","696.5599999965634","592.0900000056718","","696.5599999965634,592.0900000056718","74","74,32","null","","null","","",""
"no-tradeoff","172","2094008","0.0-11.0-0.10","","","","","","","","1","5","8","img/tree_7.png","img/tree_3.png","606.6500000015367","5778.590000001714","649.7850000013132","606.6500000015367,5778.590000001714,649.7850000013132","74","74,13,32","null","","enter","9","",""
"no-tradeoff","173","2103614","0.0-11.0-0.11","","","","","","","","4","2","8","img/tree_7.png","img/tree_3.png","667.9099999964237","544.3500000038184","","667.9099999964237,544.3500000038184","74","74,32","null","","null","","",""
"no-tradeoff","174","2117487","0.0-11.0-0.12","","","","","","","","1","1","7","img/tree_7.png","img/tree_3.png","580.2150000021793","536","4293.33000000054","580.2150000021793,536,4293.33000000054","70","70,32,13","enter","8","null","","",""
"no-tradeoff","175","2127250","0.0-11.0-0.13","","","","","","","","1","3","1","img/tree_3.png","img/tree_7.png","693.6249999995343","694.1049999953248","","693.6249999995343,694.1049999953248","74","74,32","null","","null","","",""
"no-tradeoff","176","2139788","0.0-11.0-0.14","","","","","","","","4","3","3","img/tree_8.png","img/tree_9.png","556.7549999980256","2908.6150000002235","596.3300000000745","556.7549999980256,2908.6150000002235,596.3300000000745","74","74,13,32","null","","enter","9","",""
"no-tradeoff","177","2149359","0.0-11.0-0.15","","","","","","","","1","6","2","img/tree_8.png","img/tree_9.png","668.1700000045821","534.8599999998696","","668.1700000045821,534.8599999998696","74","74,32","null","","null","","",""
"no-tradeoff","178","2162549","0.0-11.0-0.16","","","","","","","","1","4","1","img/tree_8.png","img/tree_9.png","625.0300000030547","509.63000000081956","3629.290000004228","625.0300000030547,509.63000000081956,3629.290000004228","70","70,32,13","enter","9","null","","",""
"no-tradeoff","179","2172191","0.0-11.0-0.17","","","","","","","","1","6","1","img/tree_8.png","img/tree_9.png","805.9150000042282","584.3800000003539","","805.9150000042282,584.3800000003539","70","70,32","null","","null","","",""
"no-tradeoff","180","2184593","0.0-11.0-0.18","","","","","","","","4","7","4","img/tree_8.png","img/tree_9.png","631.1500000008382","2909.234999999404","460.54999999608845","631.1500000008382,2909.234999999404,460.54999999608845","70","70,13,32","null","","enter","9","",""
"no-tradeoff","181","2195628","0.0-11.0-0.19","","","","","","","","4","8","2","img/tree_7.png","img/tree_3.png","613.1850000019185","2004.1999999955297","","613.1850000019185,2004.1999999955297","70","70,32","null","","null","","",""
"no-tradeoff","182","2213851","0.0-11.0-0.20","","","","","","","","1","7","2","img/tree_8.png","img/tree_9.png","600.4299999987707","482.54000000469387","8683.95500000054","600.4299999987707,482.54000000469387,8683.95500000054","74","74,32,13","enter","8","null","","",""
"no-tradeoff","183","2223479","0.0-11.0-0.21","","","","","","","","4","9","2","img/tree_8.png","img/tree_9.png","606.265000001993","577.2350000045262","","606.265000001993,577.2350000045262","74","74,32","null","","null","","",""
"no-tradeoff","184","2236701","0.0-11.0-0.22","","","","","","","","1","7","1","img/tree_8.png","img/tree_9.png","625.5700000035577","3582.880000001751","584.199999997858","625.5700000035577,3582.880000001751,584.199999997858","74","74,13,32","null","","enter","9","",""
"no-tradeoff","185","2246277","0.0-11.0-0.23","","","","","","","","4","8","0","img/tree_8.png","img/tree_9.png","574.6449999934994","504.75","","574.6449999934994,504.75","74","74,32","null","","null","","",""
"no-tradeoff","186","2259617","0.0-11.0-0.24","","","","","","","","1","7","1","img/tree_8.png","img/tree_9.png","488.9400000027381","491.34999999636784","3818.1400000029244","488.9400000027381,491.34999999636784,3818.1400000029244","70","70,32,13","enter","6","null","","",""
"no-tradeoff","187","2269209","0.0-11.0-0.25","","","","","","","","4","9","0","img/tree_7.png","img/tree_3.png","529.1050000013784","546.9950000043027","","529.1050000013784,546.9950000043027","70","70,32","null","","null","","",""
"no-tradeoff","188","2282573","0.0-11.0-0.26","","","","","","","","1","7","1","img/tree_8.png","img/tree_9.png","646.7550000017509","3760.2049999986775","540.9900000016205","646.7550000017509,3760.2049999986775,540.9900000016205","74","74,13,32","null","","enter","9","",""
"no-tradeoff","189","2292153","0.0-11.0-0.27","","","","","","","","4","5","2","img/tree_8.png","img/tree_9.png","583.8699999949895","536.9150000042282","","583.8699999949895,536.9150000042282","70","70,32","null","","null","","",""
"no-tradeoff","190","2305478","0.0-11.0-0.28","","","","","","","","4","5","3","img/tree_7.png","img/tree_3.png","553.9900000006892","554.5449999994598","3733.9500000015832","553.9900000006892,554.5449999994598,3733.9500000015832","70","70,32,13","enter","7","null","","",""
"no-tradeoff","191","2314941","0.0-11.0-0.29","","","","","","","","1","5","3","img/tree_8.png","img/tree_9.png","602.6049999999814","430.9599999981001","","602.6049999999814,430.9599999981001","70","70,32","null","","null","","",""
"no-tradeoff","192","2329315","0.0-11.0-0.30","","","","","","","","1","6","5","img/tree_7.png","img/tree_3.png","701.2350000003353","4047.6249999990687","1274.820000005886","701.2350000003353,4047.6249999990687,1274.820000005886","74","74,13,32","null","","enter","9","",""
"no-tradeoff","193","2338980","0.0-11.0-0.31","","","","","","","","1","7","8","img/tree_8.png","img/tree_9.png","620.300000002142","619.0750000020489","","620.300000002142,619.0750000020489","70","70,32","null","","null","","",""
"no-tradeoff","194","2353064","0.0-11.0-0.32","","","","","","","","4","5","7","img/tree_7.png","img/tree_3.png","582.4900000006892","801.9300000015646","4235.039999999106","582.4900000006892,801.9300000015646,4235.039999999106","70","70,32,13","enter","8","null","","",""
"no-tradeoff","195","2362821","0.0-11.0-0.33","","","","","","","","1","5","3","img/tree_8.png","img/tree_9.png","628.2599999979138","707.8699999982491","","628.2599999979138,707.8699999982491","70","70,32","null","","null","","",""
"no-tradeoff","196","2376055","0.0-11.0-0.34","","","","","","","","1","4","3","img/tree_8.png","img/tree_9.png","624.1949999965727","3628.9550000000745","559.9900000011548","624.1949999965727,3628.9550000000745,559.9900000011548","74","74,13,32","null","","enter","9","",""
"no-tradeoff","197","2385663","0.0-11.0-0.35","","","","","","","","4","1","6","img/tree_8.png","img/tree_9.png","524.6350000011735","545.5500000026077","","524.6350000011735,545.5500000026077","70","70,32","null","","null","","",""
"no-tradeoff","198","2399704","0.0-11.0-0.36","","","","","","","","1","1","5","img/tree_8.png","img/tree_9.png","531.3649999951012","698.1349999988452","4296.029999997467","531.3649999951012,698.1349999988452,4296.029999997467","70","70,32,13","enter","7","null","","",""
"no-tradeoff","199","2409313","0.0-11.0-0.37","","","","","","","","4","0","5","img/tree_7.png","img/tree_3.png","547.6999999955297","561.159999997355","","547.6999999955297,561.159999997355","70","70,32","null","","null","","",""
"no-tradeoff","200","2422536","0.0-11.0-0.38","","","","","","","","4","0","5","img/tree_8.png","img/tree_9.png","598.699999995064","3650.584999995772","530.7099999990314","598.699999995064,3650.584999995772,530.7099999990314","74","74,13,32","null","","enter","9","",""
"no-tradeoff","201","2431966","0.0-11.0-0.39","","","","","","","","4","1","3","img/tree_7.png","img/tree_3.png","677.7750000040978","391.2399999969639","","677.7750000040978,391.2399999969639","74","74,32","null","","null","","",""
"no-tradeoff","202","2446779","0.0-11.0-0.40","","","","","","","","4","2","6","img/tree_3.png","img/tree_7.png","1260.350000004284","518.8000000054017","5218.799999995157","1260.350000004284,518.8000000054017,5218.799999995157","70","70,32,13","enter","5","null","","",""
"no-tradeoff","203","2456777","0.0-11.0-0.41","","","","","","","","4","7","1","img/tree_7.png","img/tree_3.png","611.0600000028498","943.0199999986216","","611.0600000028498,943.0199999986216","74","74,32","null","","null","","",""
"no-tradeoff","204","2469838","0.0-11.0-0.42","","","","","","","","4","9","3","img/tree_8.png","img/tree_9.png","602.7350000003353","3518.2999999960884","514.015000000596","602.7350000003353,3518.2999999960884,514.015000000596","74","74,13,32","null","","enter","9","",""
"no-tradeoff","205","2479386","0.0-11.0-0.43","","","","","","","","1","7","0","img/tree_8.png","img/tree_9.png","604.2750000050291","509.285000000149","","604.2750000050291,509.285000000149","70","70,32","null","","null","","",""
"no-tradeoff","206","2495181","0.0-11.0-0.44","","","","","","","","4","6","2","img/tree_7.png","img/tree_3.png","685.5649999999441","1828.5650000032037","4916.935000000987","685.5649999999441,1828.5650000032037,4916.935000000987","70","70,32,13","enter","6","null","","",""
"no-tradeoff","207","2505068","0.0-11.0-0.45","","","","","","","","1","8","0","img/tree_7.png","img/tree_3.png","600.7749999985099","831.9550000014715","","600.7749999985099,831.9550000014715","70","70,32","null","","null","","",""
"no-tradeoff","208","2518639","0.0-11.0-0.46","","","","","","","","1","8","2","img/tree_8.png","img/tree_9.png","643.1250000023283","3951.650000002701","561.5600000019185","643.1250000023283,3951.650000002701,561.5600000019185","74","74,13,32","null","","enter","9","",""
"no-tradeoff","209","2528295","0.0-11.0-0.47","","","","","","","","4","7","3","img/tree_7.png","img/tree_3.png","512.500000004191","586.1050000023097","","512.500000004191,586.1050000023097","70","70,32","null","","null","","",""
"no-tradeoff","210","2541906","0.0-11.0-0.48","","","","","","","","4","6","3","img/tree_8.png","img/tree_9.png","627.6599999982864","661.4800000023097","3903.4800000009127","627.6599999982864,661.4800000023097,3903.4800000009127","70","70,32,13","enter","9","null","","",""
"no-tradeoff","211","2551687","0.0-11.0-0.49","","","","","","","","1","6","7","img/tree_8.png","img/tree_9.png","611.4400000008754","731.1100000008009","","611.4400000008754,731.1100000008009","70","70,32","null","","null","","",""
"no-tradeoff","212","2564839","0.0-11.0-0.50","","","","","","","","1","6","6","img/tree_7.png","img/tree_3.png","596.5349999968894","3155.6200000047684","935.425000003539","596.5349999968894,3155.6200000047684,935.425000003539","70","70,13,32","null","","enter","9","",""
"no-tradeoff","213","2574331","0.0-11.0-0.51","","","","","","","","1","4","7","img/tree_7.png","img/tree_3.png","541.4299999973737","452.660000002943","","541.4299999973737,452.660000002943","70","70,32","null","","null","","",""
"no-tradeoff","214","2586641","0.0-11.0-0.52","","","","","","","","1","7","6","img/tree_7.png","img/tree_3.png","605.2899999995716","478.105000001844","2771.1350000025705","605.2899999995716,478.105000001844,2771.1350000025705","70","70,32,13","enter","7","null","","",""
"no-tradeoff","215","2596247","0.0-11.0-0.53","","","","","","","","1","9","7","img/tree_7.png","img/tree_3.png","512.784999998752","531.3049999964423","","512.784999998752,531.3049999964423","70","70,32","null","","null","","",""
"no-tradeoff","216","2608572","0.0-11.0-0.54","","","","","","","","4","9","6","img/tree_7.png","img/tree_3.png","502.7049999986775","2756.9950000033714","519.9799999976531","502.7049999986775,2756.9950000033714,519.9799999976531","70","70,13,32","null","","enter","9","",""
"no-tradeoff","217","2618391","0.0-11.0-0.55","","","","","","","","4","8","5","img/tree_7.png","img/tree_3.png","481.124999998603","747.1950000035577","","481.124999998603,747.1950000035577","70","70,32","null","","null","","",""
"no-tradeoff","218","2631878","0.0-11.0-0.56","","","","","","","","1","8","4","img/tree_8.png","img/tree_9.png","612.8600000008009","580.08999999566","3852.8250000015832","612.8600000008009,580.08999999566,3852.8250000015832","70","70,32,13","enter","6","null","","",""
"no-tradeoff","219","2641566","0.0-11.0-0.57","","","","","","","","1","7","2","img/tree_7.png","img/tree_3.png","696.5449999985285","641.199999997858","","696.5449999985285,641.199999997858","74","74,32","null","","null","","",""
"no-tradeoff","220","2655622","0.0-11.0-0.58","","","","","","","","4","7","0","img/tree_7.png","img/tree_3.png","552.2100000018254","4109.184999993537","884.7000000025146","552.2100000018254,4109.184999993537,884.7000000025146","70","70,13,32","null","","enter","9","",""
"no-tradeoff","221","2665602","0.0-11.0-0.59","","","","","","","","1","7","3","img/tree_8.png","img/tree_9.png","664.8149999966845","940.8499999991618","","664.8149999966845,940.8499999991618","74","74,32","null","","null","","",""
"no-tradeoff","222","2680975","0.0-11.0-0.60","","","","","","","","4","5","2","img/tree_8.png","img/tree_9.png","632.3100000009872","2154.954999998212","4129.139999997336","632.3100000009872,2154.954999998212,4129.139999997336","70","70,32,13","enter","9","null","","",""
"no-tradeoff","223","2690556","0.0-11.0-0.61","","","","","","","","1","8","1","img/tree_8.png","img/tree_9.png","1453.5300000063144","520.7050000028685","","1453.5300000063144,520.7050000028685","70","70,32","null","","null","","",""
"no-tradeoff","224","2703556","0.0-11.0-0.62","","","","","","","","4","7","0","img/tree_7.png","img/tree_3.png","540.2649999964051","3354.8400000003166","574.8699999968521","540.2649999964051,3354.8400000003166,574.8699999968521","70","70,13,32","null","","enter","9","",""
"no-tradeoff","225","2713103","0.0-11.0-0.63","","","","","","","","4","7","2","img/tree_7.png","img/tree_3.png","783.2800000030547","510.96999999601394","","783.2800000030547,510.96999999601394","74","74,32","null","","null","","",""
"no-tradeoff","226","2727140","0.0-11.0-0.64","","","","","","","","1","6","4","img/tree_7.png","img/tree_3.png","688.5350000010803","855.4749999968335","4121.340000004973","688.5350000010803,855.4749999968335,4121.340000004973","74","74,32,13","enter","7","null","","",""
"no-tradeoff","227","2736773","0.0-11.0-0.65","","","","","","","","1","6","6","img/tree_8.png","img/tree_9.png","641.4099999964237","585.3349999962375","","641.4099999964237,585.3349999962375","74","74,32","null","","null","","",""
"no-tradeoff","228","2750820","0.0-11.0-0.66","","","","","","","","4","6","7","img/tree_8.png","img/tree_9.png","644.5049999966286","4263.689999999944","719.4000000017695","644.5049999966286,4263.689999999944,719.4000000017695","70","70,13,32","null","","enter","9","",""
"no-tradeoff","229","2760366","0.0-11.0-0.67","","","","","","","","1","5","8","img/tree_8.png","img/tree_9.png","587.0750000034459","502.32500000158325","","587.0750000034459,502.32500000158325","74","74,32","null","","null","","",""
"no-tradeoff","230","2772996","0.0-11.0-0.68","","","","","","","","4","4","9","img/tree_8.png","img/tree_9.png","613.0950000006706","516.8699999996461","3063.0700000040233","613.0950000006706,516.8699999996461,3063.0700000040233","74","74,32,13","enter","9","null","","",""
"no-tradeoff","231","2782585","0.0-11.0-0.69","","","","","","","","4","5","6","img/tree_7.png","img/tree_3.png","597.8749999995343","546.4399999985471","","597.8749999995343,546.4399999985471","70","70,32","null","","null","","",""
"no-tradeoff","232","2795270","0.0-11.0-0.70","","","","","","","","4","4","4","img/tree_8.png","img/tree_9.png","457.63499999884516","3131.8049999973737","476.37000000383705","457.63499999884516,3131.8049999973737,476.37000000383705","74","74,13,32","null","","enter","9","",""
"no-tradeoff","233","2804973","0.0-11.0-0.71","","","","","","","","4","7","4","img/tree_7.png","img/tree_3.png","610.1750000016764","636.379999996163","","610.1750000016764,636.379999996163","74","74,32","null","","null","","",""
"no-tradeoff","234","2820188","0.0-11.0-0.72","","","","","","","","4","8","3","img/tree_8.png","img/tree_9.png","687.3500000000931","814.9500000001863","5336.709999995772","687.3500000000931,814.9500000001863,5336.709999995772","70","70,32,13","enter","8","null","","",""
"no-tradeoff","235","2830164","0.0-11.0-0.73","","","","","","","","1","8","3","img/tree_8.png","img/tree_9.png","664.7749999975786","921.8899999978021","","664.7749999975786,921.8899999978021","74","74,32","null","","null","","",""
"no-tradeoff","236","2843971","0.0-11.0-0.74","","","","","","","","1","8","5","img/tree_7.png","img/tree_3.png","468.8900000038557","3997.5100000011735","769.3300000028685","468.8900000038557,3997.5100000011735,769.3300000028685","74","74,13,32","null","","enter","","",""
"no-tradeoff","237","2853590","0.0-11.0-0.75","","","","","","","","1","8","5","img/tree_7.png","img/tree_3.png","607.1000000014901","578.8649999960326","","607.1000000014901,578.8649999960326","70","70,32","null","","null","","",""
"no-tradeoff","238","2866276","0.0-11.0-0.76","","","","","","","","4","8","3","img/tree_8.png","img/tree_9.png","548.804999998305","624.2600000039674","3024.704999996349","548.804999998305,624.2600000039674,3024.704999996349","70","70,32,13","enter","8","null","","",""
"no-tradeoff","239","2876374","0.0-11.0-0.77","","","","","","","","4","7","3","img/tree_7.png","img/tree_3.png","519.980000004638","1052.0949999992736","","519.980000004638,1052.0949999992736","70","70,32","null","","null","","",""
"no-tradeoff","240","2890270","0.0-11.0-0.78","","","","","","","","1","8","1","img/tree_7.png","img/tree_3.png","516.3299999986775","3805.5000000023283","1043.3149999952875","516.3299999986775,3805.5000000023283,1043.3149999952875","70","70,13,32","null","","enter","9","",""
"no-tradeoff","241","2899911","0.0-11.0-0.79","","","","","","","","4","9","0","img/tree_8.png","img/tree_9.png","592.2399999983609","596.8700000015087","","592.2399999983609,596.8700000015087","70","70,32","null","","null","","",""
"no-tradeoff","242","2913358","0.0-11.0-0.80","","","","","","","","4","6","1","img/tree_7.png","img/tree_3.png","619.7899999972433","605.3150000008754","3803.164999997709","619.7899999972433,605.3150000008754,3803.164999997709","74","74,32,13","enter","7","null","","",""
"no-tradeoff","243","2922825","0.0-11.0-0.81","","","","","","","","1","6","2","img/tree_7.png","img/tree_3.png","1000.2449999959208","417.1350000030361","","1000.2449999959208,417.1350000030361","70","70,32","null","","null","","",""
"no-tradeoff","244","2938494","0.0-11.0-0.82","","","","","","","","4","8","1","img/tree_8.png","img/tree_9.png","706.9800000027753","6103.204999999143","525.6000000005588","706.9800000027753,6103.204999999143,525.6000000005588","70","70,13,32","null","","enter","9","",""
"no-tradeoff","245","2948154","0.0-11.0-0.83","","","","","","","","1","7","1","img/tree_8.png","img/tree_9.png","596.9800000023097","605.1100000040606","","596.9800000023097,605.1100000040606","70","70,32","null","","null","","",""
"no-tradeoff","246","2963754","0.0-11.0-0.84","","","","","","","","4","8","4","img/tree_7.png","img/tree_3.png","469.96500000404194","503.8800000040792","6057.03000000352","469.96500000404194,503.8800000040792,6057.03000000352","70","70,32,13","enter","7","null","","",""
"no-tradeoff","247","2973303","0.0-11.0-0.85","","","","","","","","4","7","6","img/tree_7.png","img/tree_3.png","674.2850000006147","516.7199999997392","","674.2850000006147,516.7199999997392","74","74,32","null","","null","","",""
"no-tradeoff","248","2986330","0.0-11.0-0.86","","","","","","","","1","6","4","img/tree_7.png","img/tree_3.png","777.0299999974668","3427.4100000038743","525.8749999995343","777.0299999974668,3427.4100000038743,525.8749999995343","74","74,13,32","null","","enter","9","",""
"no-tradeoff","249","2996522","0.0-11.0-0.87","","","","","","","","4","5","2","img/tree_7.png","img/tree_3.png","620.469999994617","1134.504999994766","","620.469999994617,1134.504999994766","70","70,32","null","","null","","",""
"no-tradeoff","250","3011899","0.0-11.0-0.88","","","","","","","","1","4","3","img/tree_7.png","img/tree_3.png","759.5799999982119","1867.0499999932945","4459.14999999525","759.5799999982119,1867.0499999932945,4459.14999999525","70","70,32,13","enter","9","null","","",""
"no-tradeoff","251","3021867","0.0-11.0-0.89","","","","","","","","1","6","5","img/tree_7.png","img/tree_3.png","488.47499999869615","909.3100000028498","","488.47499999869615,909.3100000028498","74","74,32","null","","null","","",""
"no-tradeoff","252","3035449","0.0-11.0-0.90","","","","","","","","1","9","3","img/tree_7.png","img/tree_3.png","603.7999999974854","3974.825000004843","553.5499999970198","603.7999999974854,3974.825000004843,553.5499999970198","70","70,13,32","null","","enter","9","",""
"no-tradeoff","253","3044928","0.0-11.0-0.91","","","","","","","","1","8","3","img/tree_7.png","img/tree_3.png","604.4699999983422","430.50000000186265","","604.4699999983422,430.50000000186265","74","74,32","null","","null","","",""
"no-tradeoff","254","3057826","0.0-11.0-0.92","","","","","","","","1","9","4","img/tree_7.png","img/tree_3.png","787.105000003241","639.2999999951571","3227.3100000019185","787.105000003241,639.2999999951571,3227.3100000019185","70","70,32,13","enter","8","null","","",""
"no-tradeoff","255","3068988","0.0-11.0-0.93","","","","","","","","1","8","6","img/tree_7.png","img/tree_3.png","597.4749999949709","2118.889999997802","","597.4749999949709,2118.889999997802","70","70,32","null","","null","","",""
"no-tradeoff","256","3082327","0.0-11.0-0.94","","","","","","","","4","5","4","img/tree_8.png","img/tree_9.png","798.9000000017695","3785.0199999958277","495.74500000011176","798.9000000017695,3785.0199999958277,495.74500000011176","70","70,13,32","null","","enter","9","",""
"no-tradeoff","257","3091855","0.0-11.0-0.95","","","","","","","","4","4","8","img/tree_8.png","img/tree_9.png","696.0850000027567","469.04999999981374","","696.0850000027567,469.04999999981374","70","70,32","null","","null","","",""
"no-tradeoff","258","3106007","0.0-11.0-0.96","","","","","","","","1","3","9","img/tree_8.png","img/tree_9.png","572.3799999980256","518.465000001248","4580.829999999143","572.3799999980256,518.465000001248,4580.829999999143","70","70,32,13","enter","7","null","","",""
"no-tradeoff","259","3115605","0.0-11.0-0.97","","","","","","","","1","2","8","img/tree_8.png","img/tree_9.png","696.9400000018068","530.4799999939278","","696.9400000018068,530.4799999939278","74","74,32","null","","null","","",""
"no-tradeoff","260","3129109","0.0-11.0-0.98","","","","","","","","4","5","7","img/tree_7.png","img/tree_3.png","705.5550000006333","3780.740000002086","650.9450000012293","705.5550000006333,3780.740000002086,650.9450000012293","70","70,13,32","null","","enter","9","",""
"no-tradeoff","261","3138696","0.0-11.0-0.99","","","","","","","","4","8","8","img/tree_8.png","img/tree_9.png","680.3050000015646","523.914999997709","","680.3050000015646,523.914999997709","74","74,32","null","","null","","",""
"no-tradeoff","262","3151592","0.0-11.0-0.100","","","","","","","","1","8","5","img/tree_7.png","img/tree_3.png","627.1950000007637","488.6049999985844","3353.114999997895","627.1950000007637,488.6049999985844,3353.114999997895","70","70,32,13","enter","6","null","","",""
"no-tradeoff","263","3161179","0.0-11.0-0.101","","","","","","","","4","9","2","img/tree_8.png","img/tree_9.png","654.569999998901","544.1149999969639","","654.569999998901,544.1149999969639","70","70,32","null","","null","","",""
"no-tradeoff","264","3174668","0.0-11.0-0.102","","","","","","","","4","9","2","img/tree_8.png","img/tree_9.png","503.9049999974668","3409.9300000015646","1025.0050000031479","503.9049999974668,3409.9300000015646,1025.0050000031479","74","74,13,32","null","","enter","9","",""
"no-tradeoff","265","3184223","0.0-11.0-0.103","","","","","","","","4","8","5","img/tree_8.png","img/tree_9.png","766.9999999995343","495.68500000145286","","766.9999999995343,495.68500000145286","74","74,32","null","","null","","",""
"no-tradeoff","266","3196838","0.0-11.0-0.104","","","","","","","","4","8","3","img/tree_7.png","img/tree_3.png","488.97500000009313","451.13000000081956","3107.1850000005215","488.97500000009313,451.13000000081956,3107.1850000005215","74","74,32,13","enter","7","null","","",""
"no-tradeoff","267","3206446","0.0-11.0-0.105","","","","","","","","1","8","4","img/tree_7.png","img/tree_3.png","401.8250000011176","565.4599999981001","","401.8250000011176,565.4599999981001","74","74,32","null","","null","","",""
"no-tradeoff","268","3221452","0.0-11.0-0.106","","","","","","","","1","8","1","img/tree_8.png","img/tree_9.png","395.2750000022352","5500.135000002105","475.285000000149","395.2750000022352,5500.135000002105,475.285000000149","74","74,13,32","null","","enter","9","",""
"no-tradeoff","269","3232191","0.0-11.0-0.107","","","","","","","","4","9","1","img/tree_7.png","img/tree_3.png","810.3600000031292","1702.1449999958277","","810.3600000031292,1702.1449999958277","70","70,32","null","","null","","",""
"no-tradeoff","270","3246839","0.0-11.0-0.108","","","","","","","","4","8","2","img/tree_7.png","img/tree_3.png","498.804999995511","587.4750000000931","5020.620000003371","498.804999995511,587.4750000000931,5020.620000003371","74","74,32,13","enter","7","null","","",""
"no-tradeoff","271","3256371","0.0-11.0-0.109","","","","","","","","4","7","2","img/tree_7.png","img/tree_3.png","551.6950000021607","476.0650000027381","","551.6950000021607,476.0650000027381","74","74,32","null","","null","","",""
"no-tradeoff","272","3270245","0.0-11.0-0.110","","","","","","","","1","8","6","img/tree_8.png","img/tree_9.png","619.0999999963678","4193.384999998845","630.5700000012293","619.0999999963678,4193.384999998845,630.5700000012293","70","70,13,32","null","","enter","8","",""
"no-tradeoff","273","3279930","0.0-11.0-0.111","","","","","","","","1","4","6","img/tree_8.png","img/tree_9.png","630.184999994468","653.8450000006706","","630.184999994468,653.8450000006706","70","70,32","null","","null","","",""
"no-tradeoff","274","3293385","0.0-11.0-0.112","","","","","","","","4","5","6","img/tree_7.png","img/tree_3.png","673.6349999993108","751.8549999948591","3654.425000000745","673.6349999993108,751.8549999948591,3654.425000000745","74","74,32,13","enter","6","null","","",""
"no-tradeoff","275","3303045","0.0-11.0-0.113","","","","","","","","4","5","7","img/tree_8.png","img/tree_9.png","562.2299999957904","617.5550000043586","","562.2299999957904,617.5550000043586","70","70,32","null","","null","","",""
"no-tradeoff","276","3317241","0.0-11.0-0.114","","","","","","","","1","5","4","img/tree_7.png","img/tree_3.png","652.0000000018626","3757.3550000013784","1385.9299999964423","652.0000000018626,3757.3550000013784,1385.9299999964423","74","74,13,32","null","","enter","9","",""
"no-tradeoff","277","3326889","0.0-11.0-0.115","","","","","","","","4","8","2","img/tree_8.png","img/tree_9.png","650.2400000025518","576.5800000010058","","650.2400000025518,576.5800000010058","70","70,32","null","","null","","",""
"no-tradeoff","278","3339764","0.0-11.0-0.116","","","","","","","","1","7","4","img/tree_8.png","img/tree_9.png","609.03000000678","622.8150000027381","3212.494999999646","609.03000000678,622.8150000027381,3212.494999999646","74","74,32,13","enter","8","null","","",""
"no-tradeoff","279","3349407","0.0-11.0-0.117","","","","","","","","1","7","4","img/tree_7.png","img/tree_3.png","765.8450000020675","597.519999995362","","765.8450000020675,597.519999995362","70","70,32","null","","null","","",""
"no-tradeoff","280","3362733","0.0-11.0-0.118","","","","","","","","4","6","1","img/tree_7.png","img/tree_3.png","589.5699999961071","3643.785000000149","634.2750000036322","589.5699999961071,3643.785000000149,634.2750000036322","74","74,13,32","null","","enter","9","",""
"no-tradeoff","281","3372606","0.0-11.0-0.119","","","","","","","","4","7","4","img/tree_7.png","img/tree_3.png","538.4599999962375","802.0150000010617","","538.4599999962375,802.0150000010617","74","74,32","null","","null","","",""
"call-function","282","3372607","0.0-12.0","","","","","","","","","","","","","","","","","","","","","","","",""
"html-keyboard-response","283","3379070","0.0-13.0-0.0","6462.095000002533","<p><b> Now you will answer a few questionnaires</b></p><br> The following are statements that a person may either agree with or disagree with.</br><p>For each item, indicate how much you agree or disagree with what the item says by clicking your response. </p><p> Choose only one response and be as accurate and honest as you can. Do not worry about being consistent in your responses. </p><p> Press the space bar to start </p>","","","32","","","","","","","","","","","","","","","","","","",""
"survey-likert","284","3473336","0.0-13.0-1.0","94262.4599999981","","","{""BISBAS1"":0,""BISBAS2"":0,""BISBAS3"":2,""BISBAS4"":0,""BISBAS5"":0,""BISBAS6"":2,""BISBAS7"":1,""BISBAS8"":3,""BISBAS9"":2,""BISBAS10"":2,""BISBAS11"":3,""BISBAS12"":2,""BISBAS13"":1,""BISBAS14"":1,""BISBAS15"":2,""BISBAS16"":2,""BISBAS17"":3,""BISBAS18"":1,""BISBAS19"":3,""BISBAS20"":1,""BISBAS21"":2,""BISBAS22"":1,""BISBAS23"":1,""BISBAS24"":3}","","","","","","","","","","","","","","","","","","","","[0,1,2,3,4,5,6,7,8,9,10,11,12,13,14,15,16,17,18,19,20,21,22,23]"
"html-keyboard-response","285","3475715","0.0-14.0-0.0","2377.0700000021607","<p>Please indicate for each statement the degree to which each statement is descriptive of your mood <b> at this  moment </b>. </p><p> Press the space bar to start </p>","","","32","","","","","","","","","","","","","","","","","","",""
"survey-likert","286","3529303","0.0-14.0-1.0","53585.19999999413","","","{""STICSAS1"":0,""STICSAS2"":0,""STICSAS3"":0,""STICSAS4"":0,""STICSAS5"":0,""STICSAS6"":0,""STICSAS7"":0,""STICSAS8"":0,""STICSAS9"":0,""STICSAS10"":0,""STICSAS11"":0,""STICSAS12"":0,""STICSAS13"":0,""STICSAS14"":0,""STICSAS15"":0,""STICSAS16"":0,""STICSAS17"":0,""STICSAS18"":0,""STICSAS19"":0,""STICSAS20"":0,""STICSAS21"":0,""STICSAS22"":3}","","","","","","","","","","","","","","","","","","","","[0,1,2,3,4,5,6,7,8,9,10,11,12,13,14,15,16,17,18,19,20,21]"
"html-keyboard-response","287","3530751","0.0-15.0-0.0","1446.9850000026636","<p>Please indicate for each statement how often <b> in general </b> the statement is true for you. </p><p> Press the space bar to start </p>","","","32","","","","","","","","","","","","","","","","","","",""
"survey-likert","288","3575360","0.0-15.0-1.0","44606.13500000164","","","{""STICSAT1"":0,""STICSAT2"":0,""STICSAT3"":0,""STICSAT4"":0,""STICSAT5"":0,""STICSAT6"":0,""STICSAT7"":0,""STICSAT8"":0,""STICSAT9"":0,""STICSAT10"":0,""STICSAT11"":0,""STICSAT12"":0,""STICSAT13"":0,""STICSAT14"":0,""STICSAT15"":0,""STICSAT16"":0,""STICSAT17"":0,""STICSAT18"":0,""STICSAT19"":0,""STICSAT20"":0,""STICSAT21"":0}","","","","","","","","","","","","","","","","","","","","[0,1,2,3,4,5,6,7,8,9,10,11,12,13,14,15,16,17,18,19,20]"
"html-keyboard-response","289","3577585","0.0-16.0-0.0","2223.239999999758","<p>Please indicate for each statement how much you agree. </p><p> Press the space bar to start </p>","","","32","","","","","","","","","","","","","","","","","","",""
"survey-likert","290","3627995","0.0-16.0-1.0","50407.09500000253","","","{""IUS1"":0,""IUS2"":0,""IUS3"":0,""IUS4"":2,""IUS5"":0,""IUS6"":0,""IUS7"":0,""IUS8"":1,""IUS9"":0,""IUS10"":0,""IUS11"":1,""IUS12"":0,""IUS13"":4}","","","","","","","","","","","","","","","","","","","","[0,1,2,3,4,5,6,7,8,9,10,11,12]"
"html-keyboard-response","291","3629326","0.0-17.0-0.0","1330.0299999974668","<p>Please indicate for each statement how you <b> generally </b> feel. </p><p> Press the space bar to start </p>","","","32","","","","","","","","","","","","","","","","","","",""
"survey-likert","292","3684742","0.0-17.0-1.0","55412.81500000367","","","{""STAIT1"":3,""STAIT2"":0,""STAIT3"":3,""STAIT4"":0,""STAIT5"":0,""STAIT6"":2,""STAIT7"":3,""STAIT8"":0,""STAIT9"":0,""STAIT10"":3,""STAIT11"":0,""STAIT12"":0,""STAIT13"":3,""STAIT14"":3,""STAIT15"":0,""STAIT16"":3,""STAIT17"":0,""STAIT18"":0,""STAIT19"":3,""STAIT20"":0}","","","","","","","","","","","","","","","","","","","","[0,1,2,3,4,5,6,7,8,9,10,11,12,13,14,15,16,17,18,19]"
"html-keyboard-response","293","3686367","0.0-18.0-0.0","1624.1749999974854","<p>Please indicate for each statement how much you think each statement is typical of you. </p><p> Press the space bar to start </p>","","","32","","","","","","","","","","","","","","","","","","",""
"survey-likert","294","3801676","0.0-18.0-1.0","115302.48500000034","","","{""ACQ1"":5,""ACQ2"":2,""ACQ3"":0,""ACQ4"":5,""ACQ5"":0,""ACQ6"":0,""ACQ7"":1,""ACQ8"":0,""ACQ9"":0,""ACQ10"":5,""ACQ11"":5,""ACQ12"":5,""ACQ13"":5,""ACQ14"":0,""ACQ15"":0,""ACQ16"":2,""ACQ17"":5,""ACQ18"":0,""ACQ19"":5,""ACQ20"":0,""ACQ21"":5,""ACQ22"":5,""ACQ23"":0,""ACQ24"":0,""ACQ25"":0,""ACQ26"":0,""ACQ27"":5,""ACQ28"":0,""ACQ29"":5,""ACQ30"":0}","","","","","","","","","","","","","","","","","","","","[0,1,2,3,4,5,6,7,8,9,10,11,12,13,14,15,16,17,18,19,20,21,22,23,24,25,26,27,28,29]"
"html-keyboard-response","295","3814940","0.0-19.0-0.0","13262.804999998305","<p> For the following questions, indicate <b> how often </b> you felt or thought a certain way <b> during the last month </b>.</p><p> Press space to start </p>","","","32","","","","","","","","","","","","","","","","","","",""
"survey-likert","296","3847511","0.0-19.0-1.0","32569.035000000615","","","{""Stress1"":0,""Stress2"":0,""Stress3"":0,""Stress4"":4,""Stress5"":4,""Stress6"":0,""Stress7"":4,""Stress8"":4,""Stress9"":0,""Stress10"":0}","","","","","","","","","","","","","","","","","","","","[0,1,2,3,4,5,6,7,8,9]"
