"trial_type","trial_index","time_elapsed","internal_node_id","rt","stimulus","button_pressed","responses","key_press","view_history","correct","stakes","outcome","outcome_notreceived","choice_selected","choice_not_selected","rt_choice","rt_space","rt_certainty","all_rts","key_choice","all_keys","estimate_trial","estimate_val","certainty_trial","certainty_val","value","question_order"
"pavlovia","0","23","0.0-0.0","","","","","","","","","","","","","","","","","","","","","","","",""
"html-button-response","1","44570","0.0-1.0","44545.53499999747","<p style=""font-size:24px;font-weight:bold"">Consent</p><div class=""consent"" style=""text-align:left; border:1px solid; padding:10px; width:800px; font-size=100%, float:right""><p align=left>Thank you for signing up for this experiment!<p><p align=left>This experiment is being conducted by the California Institute of Technology (Caltech). The lead investigators are Sarah Tashjian, PhD and Dean Mobbs, PhD. This study has been approved by the Caltech Institutional Review Board for research ethics.<p><p align=left>The goal of this study is to understand learning processes. In this experiment, you will complete a task in which you will see images.<p><p align=left>At times, you will receive rewards and penalties. These earnings will determine your eligibility for a bonus payment, which will result in a real increase in your payment in this study.<p><p align=left>Your goal is to learn which images predict the most points. We will also ask how certain you are about your decisions throughout the task.<p><p align=left>This experiment will take approximately 1 hour to complete in its entirety.<p><p align=left><b>You will receive $9.00 for completing the experiment. <u>If you optimize decisions on at least 70% of trials, you will be eligible for a $100 bonus payment.</u></b><p><p align=left>This study involves minimal risk, meaning there will be no more risk than in daily life. Possible risks include physical discomfort/fatigue (eyestrain, tiredness), as well as psychological discomfort (e.g., potential boredom).<p><p align=left> Besides receiving payment, you will not benefit from this study.<p><p align=left><b>Any information that is obtained in connection with this study that can identify you will remain confidential. </b><p><p align=left>When the results of this study are reported, your identifying information will not be disclosed. Because this study is being conducted online, we are unable to fully eliminate the risk of a breach of confidentiality. However, to mitigate the chances of this occurring, we are using secure and confidential data collection systems.<p align=left>You may choose to withdraw from this study at any time and refuse to answer any questions without penalty. Also, you may choose not to participate in this study.<p><p align=left>You are <b>eligible</b> to participate if you (1) are 18-65 years old, (2) are fluent in English, (3) have healthy or corrected vision, (4) are not colorblind, and (5) have no difficulty controlling motor movements. <p><p align=left>If you do not meet these criteria, please exit the experiment now.<p><p align=center><b> If you meet these criteria and consent to participate, you must<br>indicate your consent by clicking the button below.<b></p>","0","","","","","","","","","","","","","","","","","","","","",""
"survey-text","2","66150","0.0-2.0-0.0","21571.18999999875","","","{""Q0"":""5fa551453d9ead24c437ab09"",""Q1"":""38"",""Q2"":""Female"",""Q3"":""Female""}","","","","","","","","","","","","","","","","","","","",""
"html-keyboard-response","3","72678","0.0-3.0","6525.815000000875","<p>Welcome to the experiment!</p><p> You will play two games and answer a few questions.</p><p>Press the space bar to begin reading the instructions for the first game.</p>","","","32","","","","","","","","","","","","","","","","","","",""
"instructions","4","322449","0.0-4.0","249770.93500000043","","","","","[{""page_index"":0,""viewing_time"":35391.88500000091},{""page_index"":1,""viewing_time"":24941.82499999806},{""page_index"":2,""viewing_time"":32549.865000000864},{""page_index"":3,""viewing_time"":27235.564999999042},{""page_index"":4,""viewing_time"":41830.1649999994},{""page_index"":5,""viewing_time"":38517.93500000349},{""page_index"":6,""viewing_time"":14283.839999996417},{""page_index"":7,""viewing_time"":18479.960000000603},{""page_index"":8,""viewing_time"":16539.65000000241}]","","","","","","","","","","","","","","","","","",""
"html-keyboard-response","5","328743","0.0-5.0-0.0","6292.904999998398","<p style=""font-size:24px;font-weight:bold"">TEST QUESTION</p><p>Which letter should you press to select the green house on the left?</p><div class=group><table class=table_center><tr><td class=prompt colspan=2>Choose one</td></tr><tr style=""height: 300px;""><td style=""width: 300px;""><img id=""left"" src=img/house_3.png style=""zoom: 100%;""/></td><td style=""width: 300px;""><img id=""right"" src=img/house_2.png style=""zoom: 100%;""/></td></tr></table></div><br>","","","70","","true","","","","","","","","","","","","","","","","",""
"html-keyboard-response","6","331746","0.0-5.0-1.0","null","<p style=""font-size:36px;font-weight:bold"">Correct!</p><p> Remember, press ""F"" for left and ""J"" for right. </p>","","","null","","","","","","","","","","","","","","","","","","",""
"html-keyboard-response","7","334536","0.0-5.0-2.0","2788.814999999886","<p style=""font-size:24px;font-weight:bold"">TEST QUESTION</p><p>Which letter should you press to select the red house on the right?</p><div class=group><table class=table_center><tr><td class=prompt colspan=2>Choose one</td></tr><tr style=""height: 300px;""><td style=""width: 300px;""><img id=""left"" src=img/house_3.png style=""zoom: 100%;""/></td><td style=""width: 300px;""><img id=""right"" src=img/house_2.png style=""zoom: 100%;""/></td></tr></table></div><br>","","","74","","true","","","","","","","","","","","","","","","","",""
"html-keyboard-response","8","337545","0.0-5.0-3.0","null","<p style=""font-size:36px;font-weight:bold"">Correct!</p><p> Remember, press ""F"" for left and ""J"" for right. </p>","","","null","","","","","","","","","","","","","","","","","","",""
"html-keyboard-response","9","347941","0.0-5.0-4.0","10394.58999999991","<p style=""font-size:24px;font-weight:bold"">TEST QUESTION</p><p>Type the number of the <b> maximum </b> amount of sacks an elf can make</p>","","","57","","true","","","","","","","","","","","","","","","","",""
"html-keyboard-response","10","350943","0.0-5.0-5.0","null","<p style=""font-size:36px;font-weight:bold"">Correct!</p><p> Remember, elves can make 0 to 9 sacks. </p>","","","null","","","","","","","","","","","","","","","","","","",""
"html-keyboard-response","11","363882","0.0-5.0-6.0","12937.010000001523","<p style=""font-size:24px;font-weight:bold"">TEST QUESTION</p><p>Remember, the same house always takes you to the same elf. </p><p>On this trial, select the house on the left by pressing ""F"".</p><div class=group><table class=table_center><tr><td class=prompt colspan=2>Choose one</td></tr><tr style=""height: 300px;""><td style=""width: 300px;""><img id=""left"" src=img/house_1.png style=""zoom: 100%;""/></td><td style=""width: 300px;""><img id=""right"" src=img/house_5.png style=""zoom: 100%;""/></td></tr></table></div><br>","","","70","","","","","","","","","","","","","","","","","","",""
"html-keyboard-response","12","405596","0.0-5.0-7.0","41712.81500000256","<p style=""font-size:24px;font-weight:bold"">TEST QUESTION</p><p>The red house took you to the yellow elf. </p><p> The yellow elf gave you 8 sacks. </p><p> The most sacks an elf can make is 9 sacks, so this is a great outcome!</p><div class=group><table class=table_center><tr><td class=prompt colspan=3>You received</td></tr><tr style=""height: 300px;""><td><img src=img/elf_yellow.png style=""zoom: 100%;""/></td><td><img src=img/sack.png style=""zoom: 30%;""/></td><td class=prompt>x 8</td></tr></table></div><br><p> Press space to continue </p>","","","32","","","","","","","","","","","","","","","","","","",""
"html-keyboard-response","13","411066","0.0-5.0-8.0","5467.974999999569","<p style=""font-size:24px;font-weight:bold"">TEST QUESTION</p><p>If you wanted to visit the <b> yellow elf </b> again, which house would you select?</p><div class=group><table class=table_center><tr><td class=prompt colspan=2>Choose one</td></tr><tr style=""height: 300px;""><td style=""width: 300px;""><img id=""left"" src=img/house_1.png style=""zoom: 100%;""/></td><td style=""width: 300px;""><img id=""right"" src=img/house_5.png style=""zoom: 100%;""/></td></tr></table></div><br>","","","70","","true","","","","","","","","","","","","","","","","",""
"html-keyboard-response","14","414082","0.0-5.0-9.0","null","<p style=""font-size:36px;font-weight:bold"">Correct!</p><p> Remember, the same house goes to the same elf. </p>","","","null","","","","","","","","","","","","","","","","","","",""
"html-keyboard-response","15","419518","0.0-5.0-10.0","5433.93499999732","<p style=""font-size:24px;font-weight:bold"">TEST QUESTION</p><p>On this trial, select the house on the right by pressing ""J"".</p><div class=group><table class=table_center><tr><td class=prompt colspan=2>Choose one</td></tr><tr style=""height: 300px;""><td style=""width: 300px;""><img id=""left"" src=img/house_1.png style=""zoom: 100%;""/></td><td style=""width: 300px;""><img id=""right"" src=img/house_5.png style=""zoom: 100%;""/></td></tr></table></div><br>","","","74","","","","","","","","","","","","","","","","","","",""
"html-keyboard-response","16","441853","0.0-5.0-11.0","22333.985000001092","<p style=""font-size:24px;font-weight:bold"">TEST QUESTION</p><p>The blue house took you to the purple elf. </p><p> The purple elf only gave you 1 sack. </p><p> That is not very much and is a pretty bad outcome.</p><div class=group><table class=table_center><tr><td class=prompt colspan=3>You received</td></tr><tr style=""height: 300px;""><td><img src=img/elf_purple.png style=""zoom: 100%;""/></td><td><img src=img/sack.png style=""zoom: 30%;""/></td><td class=prompt>x 1</td></tr></table></div><br><p> Press space to continue </p>","","","32","","","","","","","","","","","","","","","","","","",""
"html-keyboard-response","17","464336","0.0-5.0-12.0","22481.690000000526","<p style=""font-size:24px;font-weight:bold"">TEST QUESTION</p><p>Remember the yellow elf gave you 8 sacks and the purple elf only gave you 1 sack. </p><p> Which elf would you try to visit next? </p><div class=group><table class=table_center><tr><td class=prompt colspan=2>Choose one</td></tr><tr style=""height: 300px;""><td style=""width: 300px;""><img id=""left"" src=img/elf_yellow.png style=""zoom: 100%;""/></td><td style=""width: 300px;""><img id=""right"" src=img/elf_purple.png style=""zoom: 100%;""/></td></tr></table></div><br>","","","70","","true","","","","","","","","","","","","","","","","",""
"html-keyboard-response","18","467338","0.0-5.0-13.0","null","<p style=""font-size:36px;font-weight:bold"">Correct!</p><p> Remember, you want to select the elf who gives you the most sacks.</p>","","","null","","","","","","","","","","","","","","","","","","",""
"html-keyboard-response","19","475902","0.0-5.0-14.0","8561.774999998335","<p style=""font-size:24px;font-weight:bold"">TEST QUESTION</p><p>To visit the yellow elf, which house should you visit? </p><div class=group><table class=table_center><tr><td class=prompt colspan=2>Choose one</td></tr><tr style=""height: 300px;""><td style=""width: 300px;""><img id=""left"" src=img/house_1.png style=""zoom: 100%;""/></td><td style=""width: 300px;""><img id=""right"" src=img/house_5.png style=""zoom: 100%;""/></td></tr></table></div><br>","","","70","","true","","","","","","","","","","","","","","","","",""
"html-keyboard-response","20","478914","0.0-5.0-15.0","null","<p style=""font-size:36px;font-weight:bold"">Correct!</p><p>Remember, the same house goes to the same elf each time.</p>","","","null","","","","","","","","","","","","","","","","","","",""
"html-keyboard-response","21","484025","0.0-5.0-16.0","5109.495000000577","<p style=""font-size:36px;font-weight:bold"">You are ready to play!</p><p>The houses and elves in the actual game will be different than the practice. </p><p> Press the space bar to start the game</p>","","","32","","","","","","","","","","","","","","","","","","",""
"no-tradeoff-rwd","22","505189","0.0-6.0-0.0","","","","","","","","4","5","1","img/house_2.png","img/house_3.png","1397.1249999994761","823.1599999999162","11301.729999999166","1397.1249999994761,823.1599999999162,11301.729999999166","70","70,32,13","enter","8","null","","",""
"no-tradeoff-rwd","23","511516","0.0-6.0-0.1","","","","","","","","1","0","","","","2783.690000000235","","","2783.690000000235","32","32","null","","null","","",""
"no-tradeoff-rwd","24","532720","0.0-6.0-0.2","","","","","","","","1","3","1","img/house_3.png","img/house_2.png","856.7750000001979","10632.935000001453","1509.8599999982398","856.7750000001979,10632.935000001453,1509.8599999982398","70","70,13,32","null","","enter","1","",""
"no-tradeoff-rwd","25","542470","0.0-6.0-0.3","","","","","","","","4","2","0","img/house_3.png","img/house_2.png","740.1600000013132","686.2450000008103","","740.1600000013132,686.2450000008103","70","70,32","null","","null","","",""
"no-tradeoff-rwd","26","557614","0.0-6.0-0.4","","","","","","","","4","1","4","img/house_2.png","img/house_3.png","905.6249999993015","800.7199999992736","5299.050000001444","905.6249999993015,800.7199999992736,5299.050000001444","74","74,32,13","enter","9","null","","",""
"no-tradeoff-rwd","27","567470","0.0-6.0-0.5","","","","","","","","4","3","5","img/house_2.png","img/house_3.png","851.8850000000093","785.234999999404","","851.8850000000093,785.234999999404","74","74,32","null","","null","","",""
"no-tradeoff-rwd","28","582913","0.0-6.0-0.6","","","","","","","","1","5","4","img/house_4.png","img/house_6.png","791.6650000006193","5532.419999999576","853.2750000013039","791.6650000006193,5532.419999999576,853.2750000013039","70","70,13,32","null","","enter","8","",""
"no-tradeoff-rwd","29","593253","0.0-6.0-0.7","","","","","","","","1","2","5","img/house_4.png","img/house_6.png","754.1149999997579","1271.8449999992736","","754.1149999997579,1271.8449999992736","70","70,32","null","","null","","",""
"no-tradeoff-rwd","30","609491","0.0-6.0-0.8","","","","","","","","1","2","4","img/house_4.png","img/house_6.png","735.1549999983981","1108.650000001886","6091.025000001537","735.1549999983981,1108.650000001886,6091.025000001537","70","70,32,13","enter","2","null","","",""
"no-tradeoff-rwd","31","619558","0.0-6.0-0.9","","","","","","","","4","4","2","img/house_4.png","img/house_6.png","694.9050000002608","1008.7600000005914","","694.9050000002608,1008.7600000005914","74","74,32","null","","null","","",""
"no-tradeoff-rwd","32","632956","0.0-6.0-0.10","","","","","","","","4","2","3","img/house_4.png","img/house_6.png","935.2900000012014","3915.150000000722","443.3099999986589","935.2900000012014,3915.150000000722,443.3099999986589","74","74,13,32","null","","enter","2","",""
"no-tradeoff-rwd","33","643093","0.0-6.0-0.11","","","","","","","","4","2","3","img/house_4.png","img/house_6.png","525.3750000010477","1061.7299999975367","","525.3750000010477,1061.7299999975367","70","70,32","null","","null","","",""
"no-tradeoff-rwd","34","658972","0.0-6.0-0.12","","","","","","","","1","5","4","img/house_6.png","img/house_4.png","1048.8200000000652","638.2899999989895","6200.65500000061","1048.8200000000652,638.2899999989895,6200.65500000061","70","70,32,13","enter","5","null","","",""
"no-tradeoff-rwd","35","668652","0.0-6.0-0.13","","","","","","","","1","3","6","img/house_2.png","img/house_3.png","751.4449999979697","644.7999999981839","","751.4449999979697,644.7999999981839","74","74,32","null","","null","","",""
"no-tradeoff-rwd","36","681812","0.0-6.0-0.14","","","","","","","","4","5","3","img/house_4.png","img/house_6.png","620.135000001057","3325.5950000020675","778.3100000015693","620.135000001057,3325.5950000020675,778.3100000015693","70","70,13,32","null","","enter","9","",""
"no-tradeoff-rwd","37","690631","0.0-6.0-0.15","","","","","","","","4","4","6","img/house_2.png","img/house_3.png","649.40999999817","1283.2500000004657","","649.40999999817,1283.2500000004657","70","70,32","null","","null","","",""
"no-tradeoff-rwd","38","702613","0.0-6.0-0.16","","","","","","","","4","0","7","img/house_2.png","img/house_3.png","560.005000002915","1451.490000003134","2989.0250000025844","560.005000002915,1451.490000003134,2989.0250000025844","70","70,32,13","enter","9","null","","",""
"no-tradeoff-rwd","39","710976","0.0-6.0-0.17","","","","","","","","4","8","2","img/house_4.png","img/house_6.png","738.7400000006892","830.9699999990407","","738.7400000006892,830.9699999990407","74","74,32","null","","null","","",""
"no-tradeoff-rwd","40","724628","0.0-6.0-0.18","","","","","","","","4","9","2","img/house_4.png","img/house_6.png","583.6500000006054","4115.265000000363","503.67499999993015","583.6500000006054,4115.265000000363,503.67499999993015","74","74,13,32","null","","enter","8","",""
"no-tradeoff-rwd","41","734454","0.0-6.0-0.19","","","","","","","","4","7","2","img/house_4.png","img/house_6.png","627.7200000004377","764.8899999985006","","627.7200000004377,764.8899999985006","74","74,32","null","","null","","",""
"no-tradeoff-rwd","42","746265","0.0-6.0-0.20","","","","","","","","4","4","9","img/house_2.png","img/house_3.png","905.3300000013551","1378.710000000894","2894.515000000014","905.3300000013551,1378.710000000894,2894.515000000014","74","74,32,13","enter","9","null","","",""
"no-tradeoff-rwd","43","754485","0.0-6.0-0.21","","","","","","","","1","4","2","img/house_3.png","img/house_2.png","693.6249999998836","683.7100000011269","","693.6249999998836,683.7100000011269","74","74,32","null","","null","","",""
"no-tradeoff-rwd","44","767189","0.0-6.0-0.22","","","","","","","","1","3","1","img/house_3.png","img/house_2.png","487.0750000010012","2760.4499999979744","911.1499999999069","487.0750000010012,2760.4499999979744,911.1499999999069","70","70,13,32","null","","enter","9","",""
"no-tradeoff-rwd","45","776218","0.0-6.0-0.23","","","","","","","","4","5","2","img/house_4.png","img/house_6.png","595.3300000000745","1470.4550000024028","","595.3300000000745,1470.4550000024028","70","70,32","null","","null","","",""
"no-tradeoff-rwd","46","787197","0.0-6.0-0.24","","","","","","","","4","3","0","img/house_4.png","img/house_6.png","483.9399999981979","320.22000000136904","3116.1699999974808","483.9399999981979,320.22000000136904,3116.1699999974808","70","70,32,13","enter","9","null","","",""
"no-tradeoff-rwd","47","795576","0.0-6.0-0.25","","","","","","","","4","1","1","img/house_4.png","img/house_6.png","539.4100000011967","843.609999999986","","539.4100000011967,843.609999999986","74","74,32","null","","null","","",""
"no-tradeoff-rwd","48","807400","0.0-6.0-0.26","","","","","","","","4","3","0","img/house_4.png","img/house_6.png","708.729999998468","2973.2399999994086","1323.6699999979464","708.729999998468,2973.2399999994086,1323.6699999979464","70","70,13,32","null","","enter","8","",""
"no-tradeoff-rwd","49","815415","0.0-6.0-0.27","","","","","","","","4","3","4","img/house_3.png","img/house_2.png","594.694999999716","470.5900000007823","","594.694999999716,470.5900000007823","70","70,32","null","","null","","",""
"no-tradeoff-rwd","50","827056","0.0-6.0-0.28","","","","","","","","4","5","2","img/house_2.png","img/house_3.png","495.84999999939464","573.309999999823","3534.335000000312","495.84999999939464,573.309999999823,3534.335000000312","70","70,32,13","enter","9","null","","",""
"no-tradeoff-rwd","51","835764","0.0-6.0-0.29","","","","","","","","1","8","4","img/house_6.png","img/house_4.png","695.0749999996042","1162.2949999981793","","695.0749999996042,1162.2949999981793","74","74,32","null","","null","","",""
"no-tradeoff-rwd","52","847136","0.0-6.0-0.30","","","","","","","","4","2","8","img/house_4.png","img/house_6.png","559.5050000010524","2825.4000000015367","996.1850000000559","559.5050000010524,2825.4000000015367,996.1850000000559","70","70,13,32","null","","enter","8","",""
"no-tradeoff-rwd","53","855426","0.0-6.0-0.31","","","","","","","","1","7","3","img/house_6.png","img/house_4.png","797.8000000002794","730.7650000002468","","797.8000000002794,730.7650000002468","74","74,32","null","","null","","",""
"no-tradeoff-rwd","54","867119","0.0-6.0-0.32","","","","","","","","4","8","7","img/house_6.png","img/house_4.png","614.2599999983795","957.2050000024028","3204.4850000020815","614.2599999983795,957.2050000024028,3204.4850000020815","70","70,32,13","enter","8","null","","",""
"no-tradeoff-rwd","55","875191","0.0-6.0-0.33","","","","","","","","4","8","6","img/house_2.png","img/house_3.png","774.7999999991152","529.5899999983376","","774.7999999991152,529.5899999983376","74","74,32","null","","null","","",""
"no-tradeoff-rwd","56","885998","0.0-6.0-0.34","","","","","","","","4","3","8","img/house_4.png","img/house_6.png","689.6050000031246","2401.884999999311","862.8500000013737","689.6050000031246,2401.884999999311,862.8500000013737","74","74,13,32","null","","enter","8","",""
"no-tradeoff-rwd","57","894093","0.0-6.0-0.35","","","","","","","","4","4","8","img/house_4.png","img/house_6.png","655.1099999997532","549.265000001411","","655.1099999997532,549.265000001411","70","70,32","null","","null","","",""
"no-tradeoff-rwd","58","905298","0.0-6.0-0.36","","","","","","","","4","5","7","img/house_4.png","img/house_6.png","769.2449999995297","715.0849999998463","2945.5049999996554","769.2449999995297,715.0849999998463,2945.5049999996554","70","70,32,13","enter","8","null","","",""
"no-tradeoff-rwd","59","913802","0.0-6.0-0.37","","","","","","","","1","5","8","img/house_4.png","img/house_6.png","857.1799999991199","958.0349999996834","","857.1799999991199,958.0349999996834","70","70,32","null","","null","","",""
"no-tradeoff-rwd","60","925476","0.0-6.0-0.38","","","","","","","","1","4","4","img/house_3.png","img/house_2.png","479.64000000141095","3232.869999999879","904.9049999994459","479.64000000141095,3232.869999999879,904.9049999994459","70","70,13,32","null","","enter","9","",""
"no-tradeoff-rwd","61","933435","0.0-6.0-0.39","","","","","","","","1","2","2","img/house_3.png","img/house_2.png","464.76000000257045","427.8599999997532","","464.76000000257045,427.8599999997532","70","70,32","null","","null","","",""
"no-tradeoff-rwd","62","944085","0.0-6.0-0.40","","","","","","","","1","2","5","img/house_2.png","img/house_3.png","471.3700000029057","479.6600000009639","2633.7649999987334","471.3700000029057,479.6600000009639,2633.7649999987334","74","74,32,13","enter","8","null","","",""
"no-tradeoff-rwd","63","952137","0.0-6.0-0.41","","","","","","","","4","9","3","img/house_4.png","img/house_6.png","567.7649999997811","502.0299999995623","","567.7649999997811,502.0299999995623","70","70,32","null","","null","","",""
"no-tradeoff-rwd","64","963103","0.0-6.0-0.42","","","","","","","","4","4","6","img/house_2.png","img/house_3.png","618.4749999992782","2611.4049999996787","805.4499999999534","618.4749999992782,2611.4049999996787,805.4499999999534","70","70,13,32","null","","enter","7","",""
"no-tradeoff-rwd","65","971140","0.0-6.0-0.43","","","","","","","","1","4","3","img/house_3.png","img/house_2.png","470.2800000014249","487.28500000282656","","470.2800000014249,487.28500000282656","70","70,32","null","","null","","",""
"no-tradeoff-rwd","66","981898","0.0-6.0-0.44","","","","","","","","1","6","2","img/house_4.png","img/house_6.png","558.8799999968614","516.7750000001397","2705.099999999278","558.8799999968614,516.7750000001397,2705.099999999278","74","74,32,13","enter","8","null","","",""
"no-tradeoff-rwd","67","990204","0.0-6.0-0.45","","","","","","","","1","8","0","img/house_3.png","img/house_2.png","580.2650000004796","761.7650000029244","","580.2650000004796,761.7650000029244","70","70,32","null","","null","","",""
"no-tradeoff-rwd","68","1001628","0.0-6.0-0.46","","","","","","","","4","6","1","img/house_4.png","img/house_6.png","532.035000000149","3062.695000000531","812.3349999986822","532.035000000149,3062.695000000531,812.3349999986822","74","74,13,32","null","","enter","5","",""
"no-tradeoff-rwd","69","1009735","0.0-6.0-0.47","","","","","","","","4","2","9","img/house_2.png","img/house_3.png","532.1700000022538","557.7100000010105","","532.1700000022538,557.7100000010105","70","70,32","null","","null","","",""
"no-tradeoff-rwd","70","1020436","0.0-6.0-0.48","","","","","","","","1","6","1","img/house_4.png","img/house_6.png","679.0550000005169","655.6000000019558","2519.1349999986123","679.0550000005169,655.6000000019558,2519.1349999986123","74","74,32,13","enter","8","null","","",""
"no-tradeoff-rwd","71","1028710","0.0-6.0-0.49","","","","","","","","1","4","1","img/house_3.png","img/house_2.png","522.1349999993108","732.2649999987334","","522.1349999993108,732.2649999987334","70","70,32","null","","null","","",""
"no-tradeoff-rwd","72","1039502","0.0-6.0-0.50","","","","","","","","1","2","4","img/house_6.png","img/house_4.png","587.8150000026217","2501.625000000815","740.764999998617","587.8150000026217,2501.625000000815,740.764999998617","74","74,13,32","null","","enter","7","",""
"no-tradeoff-rwd","73","1047782","0.0-6.0-0.51","","","","","","","","4","1","3","img/house_2.png","img/house_3.png","703.6800000023795","738.5649999995949","","703.6800000023795,738.5649999995949","70","70,32","null","","null","","",""
"no-tradeoff-rwd","74","1058830","0.0-6.0-0.52","","","","","","","","1","2","5","img/house_2.png","img/house_3.png","465.24000000138767","1023.8599999975413","2491.429999998305","465.24000000138767,1023.8599999975413,2491.429999998305","70","70,32,13","enter","7","null","","",""
"no-tradeoff-rwd","75","1066868","0.0-6.0-0.53","","","","","","","","1","2","8","img/house_2.png","img/house_3.png","629.4950000010431","494.320000001695","","629.4950000010431,494.320000001695","74","74,32","null","","null","","",""
"no-tradeoff-rwd","76","1078406","0.0-6.0-0.54","","","","","","","","4","7","0","img/house_3.png","img/house_2.png","486.29000000073574","3036.39499999932","937.7199999981094","486.29000000073574,3036.39499999932,937.7199999981094","74","74,13,32","null","","enter","7","",""
"no-tradeoff-rwd","77","1086475","0.0-6.0-0.55","","","","","","","","1","6","1","img/house_3.png","img/house_2.png","487.3950000000186","526.0149999994319","","487.3950000000186,526.0149999994319","74","74,32","null","","null","","",""
"no-tradeoff-rwd","78","1098220","0.0-6.0-0.56","","","","","","","","1","4","1","img/house_3.png","img/house_2.png","458.4849999991711","120.3299999977462","2557.244999999879","458.4849999991711,120.3299999977462,2557.244999999879","74","74,32,13","enter","7","null","","",""
"no-tradeoff-rwd","79","1106466","0.0-6.0-0.57","","","","","","","","1","3","6","img/house_6.png","img/house_4.png","673.8850000000093","706.4449999998324","","673.8850000000093,706.4449999998324","70","70,32","null","","null","","",""
"no-tradeoff-rwd","80","1118710","0.0-6.0-0.58","","","","","","","","1","2","1","img/house_3.png","img/house_2.png","773.0100000007078","3620.899999998044","1081.050000000745","773.0100000007078,3620.899999998044,1081.050000000745","74","74,13,32","null","","enter","5","",""
"no-tradeoff-rwd","81","1126921","0.0-6.0-0.59","","","","","","","","1","0","2","img/house_2.png","img/house_3.png","741.6300000003539","668.2399999988265","","741.6300000003539,668.2399999988265","70","70,32","null","","null","","",""
"no-tradeoff-rwd","82","1138809","0.0-6.0-0.60","","","","","","","","1","1","3","img/house_2.png","img/house_3.png","674.7949999989942","1314.2399999997579","3026.369999999646","674.7949999989942,1314.2399999997579,3026.369999999646","74","74,32,13","enter","7","null","","",""
"no-tradeoff-rwd","83","1146980","0.0-6.0-0.61","","","","","","","","4","2","5","img/house_2.png","img/house_3.png","525.4449999991339","638.4650000000838","","525.4449999991339,638.4650000000838","74","74,32","null","","null","","",""
"no-tradeoff-rwd","84","1158004","0.0-6.0-0.62","","","","","","","","4","5","2","img/house_3.png","img/house_2.png","602.7150000010151","2632.040000000503","837.2350000028964","602.7150000010151,2632.040000000503,837.2350000028964","70","70,13,32","null","","enter","8","",""
"no-tradeoff-rwd","85","1166049","0.0-6.0-0.63","","","","","","","","4","5","3","img/house_4.png","img/house_6.png","649.2649999998976","505.9000000001397","","649.2649999998976,505.9000000001397","70","70,32","null","","null","","",""
"no-tradeoff-rwd","86","1177023","0.0-6.0-0.64","","","","","","","","4","5","1","img/house_4.png","img/house_6.png","600.7250000000931","775.0000000016298","2651.929999999935","600.7250000000931,775.0000000016298,2651.929999999935","70","70,32,13","enter","5","null","","",""
"no-tradeoff-rwd","87","1185287","0.0-6.0-0.65","","","","","","","","4","3","3","img/house_3.png","img/house_2.png","511.1450000004843","727.7450000001118","","511.1450000004843,727.7450000001118","74","74,32","null","","null","","",""
"no-tradeoff-rwd","88","1196683","0.0-6.0-0.66","","","","","","","","1","4","2","img/house_6.png","img/house_4.png","617.940000000177","3055.759999999311","815.3750000020955","617.940000000177,3055.759999999311,815.3750000020955","70","70,13,32","null","","enter","7","",""
"no-tradeoff-rwd","89","1204922","0.0-6.0-0.67","","","","","","","","4","0","2","img/house_3.png","img/house_2.png","581.8700000017416","707.6300000008196","","581.8700000017416,707.6300000008196","74","74,32","null","","null","","",""
"no-tradeoff-rwd","90","1216642","0.0-6.0-0.68","","","","","","","","4","5","6","img/house_4.png","img/house_6.png","604.6099999984726","994.4199999989942","3176.514999999199","604.6099999984726,994.4199999989942,3176.514999999199","70","70,32,13","enter","7","null","","",""
"no-tradeoff-rwd","91","1224732","0.0-6.0-0.69","","","","","","","","1","6","6","img/house_6.png","img/house_4.png","503.11000000149943","558.5900000005495","","503.11000000149943,558.5900000005495","74","74,32","null","","null","","",""
"no-tradeoff-rwd","92","1236520","0.0-6.0-0.70","","","","","","","","4","7","4","img/house_4.png","img/house_6.png","820.2049999998417","3363.1600000006147","883.2199999995064","820.2049999998417,3363.1600000006147,883.2199999995064","70","70,13,32","null","","enter","3","",""
"no-tradeoff-rwd","93","1244720","0.0-6.0-0.71","","","","","","","","4","5","6","img/house_4.png","img/house_6.png","632.2050000017043","651.9400000034366","","632.2050000017043,651.9400000034366","70","70,32","null","","null","","",""
"no-tradeoff-rwd","94","1255802","0.0-6.0-0.72","","","","","","","","4","5","6","img/house_3.png","img/house_2.png","477.3399999977555","762.7000000029802","2757.305000002729","477.3399999977555,762.7000000029802,2757.305000002729","74","74,32,13","enter","5","null","","",""
"no-tradeoff-rwd","95","1264057","0.0-6.0-0.73","","","","","","","","1","7","8","img/house_2.png","img/house_3.png","503.02499999827705","697.9199999987613","","503.02499999827705,697.9199999987613","74","74,32","null","","null","","",""
"no-tradeoff-rwd","96","1275096","0.0-6.0-0.74","","","","","","","","1","5","4","img/house_2.png","img/house_3.png","525.2900000012014","2861.549999997951","652.3949999974575","525.2900000012014,2861.549999997951,652.3949999974575","74","74,13,32","null","","enter","7","",""
"no-tradeoff-rwd","97","1283087","0.0-6.0-0.75","","","","","","","","1","2","7","img/house_3.png","img/house_2.png","474.4399999980815","442.54999999981374","","474.4399999980815,442.54999999981374","74","74,32","null","","null","","",""
"no-tradeoff-rwd","98","1295134","0.0-6.0-0.76","","","","","","","","4","5","6","img/house_3.png","img/house_2.png","603.9349999993574","62.85999999800697","2944.1100000003353","603.9349999993574,62.85999999800697,2944.1100000003353","70","70,32,13","enter","5","null","","",""
"no-tradeoff-rwd","99","1303366","0.0-6.0-0.77","","","","","","","","4","7","6","img/house_2.png","img/house_3.png","704.7299999976531","695.6749999988824","","704.7299999976531,695.6749999988824","70","70,32","null","","null","","",""
"no-tradeoff-rwd","100","1314759","0.0-6.0-0.78","","","","","","","","4","7","7","img/house_4.png","img/house_6.png","523.6000000005588","2960.360000000801","884.3549999983516","523.6000000005588,2960.360000000801,884.3549999983516","70","70,13,32","null","","enter","2","",""
"no-tradeoff-rwd","101","1322827","0.0-6.0-0.79","","","","","","","","1","9","9","img/house_4.png","img/house_6.png","454.2349999973085","517.954999999376","","454.2349999973085,517.954999999376","74","74,32","null","","null","","",""
"no-tradeoff-rwd","102","1333890","0.0-6.0-0.80","","","","","","","","1","8","7","img/house_4.png","img/house_6.png","696.0149999978021","511.67999999946915","3010.824999997625","696.0149999978021,511.67999999946915,3010.824999997625","74","74,32,13","enter","9","null","","",""
"no-tradeoff-rwd","103","1342093","0.0-6.0-0.81","","","","","","","","4","6","8","img/house_3.png","img/house_2.png","502.7850000006147","667.0000000011642","","502.7850000006147,667.0000000011642","70","70,32","null","","null","","",""
"no-tradeoff-rwd","104","1353979","0.0-6.0-0.82","","","","","","","","1","2","5","img/house_3.png","img/house_2.png","731.6199999987148","3412.4350000021514","928.830000000773","731.6199999987148,3412.4350000021514,928.830000000773","74","74,13,32","null","","enter","4","",""
"no-tradeoff-rwd","105","1362114","0.0-6.0-0.83","","","","","","","","4","4","3","img/house_4.png","img/house_6.png","649.6949999998324","590.9099999992177","","649.6949999998324,590.9099999992177","74","74,32","null","","null","","",""
"no-tradeoff-rwd","106","1373191","0.0-6.0-0.84","","","","","","","","4","1","3","img/house_2.png","img/house_3.png","505.3300000000745","617.4849999989383","2907.485000003595","505.3300000000745,617.4849999989383,2907.485000003595","70","70,32,13","enter","7","null","","",""
"no-tradeoff-rwd","107","1381412","0.0-6.0-0.85","","","","","","","","1","4","3","img/house_3.png","img/house_2.png","771.9900000011548","671.4450000000652","","771.9900000011548,671.4450000000652","70","70,32","null","","null","","",""
"no-tradeoff-rwd","108","1392685","0.0-6.0-0.86","","","","","","","","1","2","8","img/house_2.png","img/house_3.png","630.1249999995343","2940.0549999992363","806.2749999989755","630.1249999995343,2940.0549999992363,806.2749999989755","70","70,13,32","null","","enter","4","",""
"no-tradeoff-rwd","109","1400842","0.0-6.0-0.87","","","","","","","","1","7","3","img/house_3.png","img/house_2.png","742.8599999984726","609.8050000001676","","742.8599999984726,609.8050000001676","74","74,32","null","","null","","",""
"no-tradeoff-rwd","110","1411877","0.0-6.0-0.88","","","","","","","","1","5","6","img/house_2.png","img/house_3.png","638.7349999968428","633.1299999982584","2856.370000001276","638.7349999968428,633.1299999982584,2856.370000001276","74","74,32,13","enter","7","null","","",""
"no-tradeoff-rwd","111","1420056","0.0-6.0-0.89","","","","","","","","4","0","5","img/house_2.png","img/house_3.png","940.5050000024494","635.4400000018068","","940.5050000024494,635.4400000018068","74","74,32","null","","null","","",""
"no-tradeoff-rwd","112","1431208","0.0-6.0-0.90","","","","","","","","1","5","1","img/house_3.png","img/house_2.png","970.7600000000093","2941.8000000005122","686.9900000020862","970.7600000000093,2941.8000000005122,686.9900000020862","74","74,13,32","null","","enter","7","",""
"no-tradeoff-rwd","113","1439342","0.0-6.0-0.91","","","","","","","","1","4","2","img/house_3.png","img/house_2.png","708.7049999972805","615.5550000004005","","708.7049999972805,615.5550000004005","70","70,32","null","","null","","",""
"no-tradeoff-rwd","114","1450685","0.0-6.0-0.92","","","","","","","","1","6","5","img/house_4.png","img/house_6.png","496.23499999870546","545.6850000009872","3243.7350000001024","496.23499999870546,545.6850000009872,3243.7350000001024","74","74,32,13","enter","9","null","","",""
"no-tradeoff-rwd","115","1458243","0.0-6.0-0.93","","","","","","","","1","7","5","img/house_4.png","img/house_6.png","621.6600000008475","15.295000001089647","","621.6600000008475,15.295000001089647","70","70,32","null","","null","","",""
"no-tradeoff-rwd","116","1469890","0.0-6.0-0.94","","","","","","","","4","4","4","img/house_2.png","img/house_3.png","651.8849999993108","2798.4150000012014","1311.0000000016298","651.8849999993108,2798.4150000012014,1311.0000000016298","70","70,13,32","null","","enter","2","",""
"no-tradeoff-rwd","117","1477945","0.0-6.0-0.95","","","","","","","","4","3","4","img/house_3.png","img/house_2.png","560.7450000024401","510.990000002319","","560.7450000024401,510.990000002319","70","70,32","null","","null","","",""
"no-tradeoff-rwd","118","1488717","0.0-6.0-0.96","","","","","","","","1","4","4","img/house_4.png","img/house_6.png","524.910000000149","441.7350000003353","2788.829999997746","524.910000000149,441.7350000003353,2788.829999997746","70","70,32,13","enter","7","null","","",""
"no-tradeoff-rwd","119","1496789","0.0-6.0-0.97","","","","","","","","4","2","2","img/house_4.png","img/house_6.png","467.46500000171363","520.4200000008568","","467.46500000171363,520.4200000008568","74","74,32","null","","null","","",""
"no-tradeoff-rwd","120","1507681","0.0-6.0-0.98","","","","","","","","1","4","3","img/house_4.png","img/house_6.png","475.0800000000745","2483.4449999982025","873.285000001546","475.0800000000745,2483.4449999982025,873.285000001546","74","74,13,32","null","","enter","9","",""
"no-tradeoff-rwd","121","1516003","0.0-6.0-0.99","","","","","","","","4","5","0","img/house_4.png","img/house_6.png","691.3449999992736","787.400000001071","","691.3449999992736,787.400000001071","70","70,32","null","","null","","",""
"no-tradeoff-rwd","122","1527159","0.0-6.0-0.100","","","","","","","","4","3","2","img/house_4.png","img/house_6.png","684.0600000033155","666.4949999975506","2941.865000000689","684.0600000033155,666.4949999975506,2941.865000000689","70","70,32,13","enter","8","null","","",""
"no-tradeoff-rwd","123","1535194","0.0-6.0-0.101","","","","","","","","1","5","3","img/house_3.png","img/house_2.png","595.0699999993667","481.6449999997858","","595.0699999993667,481.6449999997858","70","70,32","null","","null","","",""
"no-tradeoff-rwd","124","1547118","0.0-6.0-0.102","","","","","","","","1","7","5","img/house_3.png","img/house_2.png","715.5649999985471","3541.8099999988917","848.9000000008382","715.5649999985471,3541.8099999988917,848.9000000008382","70","70,13,32","null","","enter","4","",""
"no-tradeoff-rwd","125","1555519","0.0-6.0-0.103","","","","","","","","1","6","4","img/house_4.png","img/house_6.png","579.6049999988172","857.9800000006799","","579.6049999988172,857.9800000006799","70","70,32","null","","null","","",""
"no-tradeoff-rwd","126","1566306","0.0-6.0-0.104","","","","","","","","4","2","5","img/house_2.png","img/house_3.png","501.1049999992829","578.7149999996182","2668.335000002058","501.1049999992829,578.7149999996182,2668.335000002058","70","70,32,13","enter","9","null","","",""
"no-tradeoff-rwd","127","1574199","0.0-6.0-0.105","","","","","","","","1","6","2","img/house_3.png","img/house_2.png","535.2999999995809","340.7949999962002","","535.2999999995809,340.7949999962002","70","70,32","null","","null","","",""
"no-tradeoff-rwd","128","1585316","0.0-6.0-0.106","","","","","","","","1","2","8","img/house_2.png","img/house_3.png","1405.3899999996647","2812.1849999988917","774.3650000011548","1405.3899999996647,2812.1849999988917,774.3650000011548","70","70,13,32","null","","enter","2","",""
"no-tradeoff-rwd","129","1593487","0.0-6.0-0.107","","","","","","","","4","6","3","img/house_4.png","img/house_6.png","464.72499999799766","621.820000000298","","464.72499999799766,621.820000000298","74","74,32","null","","null","","",""
"no-tradeoff-rwd","130","1605277","0.0-6.0-0.108","","","","","","","","1","7","0","img/house_3.png","img/house_2.png","619.490000000922","584.0800000005402","3664.925000000978","619.490000000922,584.0800000005402,3664.925000000978","70","70,32,13","enter","8","null","","",""
"no-tradeoff-rwd","131","1613562","0.0-6.0-0.109","","","","","","","","4","9","2","img/house_4.png","img/house_6.png","837.1950000000652","727.4050000014249","","837.1950000000652,727.4050000014249","70","70,32","null","","null","","",""
"no-tradeoff-rwd","132","1625996","0.0-6.0-0.110","","","","","","","","4","8","2","img/house_4.png","img/house_6.png","561.5199999993201","2823.1349999986123","559.5849999990314","561.5199999993201,2823.1349999986123,559.5849999990314","70","70,13,32","null","","enter","9","",""
"no-tradeoff-rwd","133","1634005","0.0-6.0-0.111","","","","","","","","1","8","2","img/house_4.png","img/house_6.png","581.0850000015926","469.5800000010058","","581.0850000015926,469.5800000010058","70","70,32","null","","null","","",""
"no-tradeoff-rwd","134","1644560","0.0-6.0-0.112","","","","","","","","1","7","2","img/house_4.png","img/house_6.png","622.9549999991432","382.8250000006519","2628.58000000054","622.9549999991432,382.8250000006519,2628.58000000054","70","70,32,13","enter","9","null","","",""
"no-tradeoff-rwd","135","1652478","0.0-6.0-0.113","","","","","","","","1","8","4","img/house_3.png","img/house_2.png","578.7999999993481","385.5650000004098","","578.7999999993481,385.5650000004098","70","70,32","null","","null","","",""
"no-tradeoff-rwd","136","1663342","0.0-6.0-0.114","","","","","","","","4","6","9","img/house_4.png","img/house_6.png","546.5100000000093","2511.140000002226","812.4299999980722","546.5100000000093,2511.140000002226,812.4299999980722","74","74,13,32","null","","enter","8","",""
"no-tradeoff-rwd","137","1671195","0.0-6.0-0.115","","","","","","","","1","8","4","img/house_4.png","img/house_6.png","506.4799999999814","332.32499999925494","","506.4799999999814,332.32499999925494","70","70,32","null","","null","","",""
"no-tradeoff-rwd","138","1682090","0.0-6.0-0.116","","","","","","","","1","7","8","img/house_4.png","img/house_6.png","589.0499999988824","373.4199999999255","2978.3449999995064","589.0499999988824,373.4199999999255,2978.3449999995064","74","74,32,13","enter","6","null","","",""
"no-tradeoff-rwd","139","1690049","0.0-6.0-0.117","","","","","","","","1","1","8","img/house_3.png","img/house_2.png","488.65000000293367","425.20499999960884","","488.65000000293367,425.20499999960884","70","70,32","null","","null","","",""
"no-tradeoff-rwd","140","1701577","0.0-6.0-0.118","","","","","","","","1","6","8","img/house_4.png","img/house_6.png","653.8450000006706","2952.3300000000745","1043.0049999994226","653.8450000006706,2952.3300000000745,1043.0049999994226","70","70,13,32","null","","enter","7","",""
"no-tradeoff-rwd","141","1709543","0.0-6.0-0.119","","","","","","","","1","6","8","img/house_4.png","img/house_6.png","475.91499999910593","421.13999999850057","","475.91499999910593,421.13999999850057","70","70,32","null","","null","","",""
"call-function","142","1709544","0.0-7.0","","","","","","","","","","","","","","","","","","","","","","","",""
"html-keyboard-response","143","1712145","0.0-8.0","2600.2899999984074","<p>Now you will play the second game!</p><p>Press the space bar to begin reading the instructions for the second game.</p>","","","32","","","","","","","","","","","","","","","","","","",""
"instructions","144","1839452","0.0-9.0","127306.92000000272","","","","","[{""page_index"":0,""viewing_time"":14301.30000000284},{""page_index"":1,""viewing_time"":18141.214999999618},{""page_index"":2,""viewing_time"":13666.504999997327},{""page_index"":3,""viewing_time"":8599.795000002021},{""page_index"":4,""viewing_time"":20963.950000001118},{""page_index"":5,""viewing_time"":24551.954999999143},{""page_index"":6,""viewing_time"":13779.784999998752},{""page_index"":7,""viewing_time"":6558.104999999981},{""page_index"":8,""viewing_time"":6743.924999998882}]","","","","","","","","","","","","","","","","","",""
"html-keyboard-response","145","1851504","0.0-10.0-0.0","12050.12500000163","<p style=""font-size:24px;font-weight:bold"">TEST QUESTION</p><p>Which letter should you press to select the green tree on the left?</p><div class=group><table class=table_center><tr><td class=prompt colspan=2>Choose one</td></tr><tr style=""height: 300px;""><td style=""width: 300px;""><img id=""left"" src=img/tree_3.png style=""zoom: 100%;""/></td><td style=""width: 300px;""><img id=""right"" src=img/tree_7.png style=""zoom: 100%;""/></td></tr></table></div><br>","","","70","","true","","","","","","","","","","","","","","","","",""
"html-keyboard-response","146","1854518","0.0-10.0-1.0","null","<p style=""font-size:36px;font-weight:bold"">Correct!</p><p> Remember, press ""F"" for left and ""J"" for right. </p>","","","null","","","","","","","","","","","","","","","","","","",""
"html-keyboard-response","147","1856038","0.0-10.0-2.0","1519.2950000017881","<p style=""font-size:24px;font-weight:bold"">TEST QUESTION</p><p>Which letter should you press to select the red tree on the right?</p><div class=group><table class=table_center><tr><td class=prompt colspan=2>Choose one</td></tr><tr style=""height: 300px;""><td style=""width: 300px;""><img id=""left"" src=img/tree_3.png style=""zoom: 100%;""/></td><td style=""width: 300px;""><img id=""right"" src=img/tree_7.png style=""zoom: 100%;""/></td></tr></table></div><br>","","","74","","true","","","","","","","","","","","","","","","","",""
"html-keyboard-response","148","1859052","0.0-10.0-3.0","null","<p style=""font-size:36px;font-weight:bold"">Correct!</p><p> Remember, press ""F"" for left and ""J"" for right. </p>","","","null","","","","","","","","","","","","","","","","","","",""
"html-keyboard-response","149","1863153","0.0-10.0-4.0","4099.04999999702","<p style=""font-size:24px;font-weight:bold"">TEST QUESTION</p><p>Type the number of the <b> maximum </b> amount of shields an gnome can make</p>","","","57","","true","","","","","","","","","","","","","","","","",""
"html-keyboard-response","150","1866157","0.0-10.0-5.0","null","<p style=""font-size:36px;font-weight:bold"">Correct!</p><p> Remember, gnomes can make 0 to 9 shields. </p>","","","null","","","","","","","","","","","","","","","","","","",""
"html-keyboard-response","151","1871448","0.0-10.0-6.0","5290.245000003604","<p style=""font-size:24px;font-weight:bold"">TEST QUESTION</p><p>Remember, the same tree always takes you to the same gnome. </p><p>On this trial, select the tree on the left by pressing ""F"".</p><div class=group><table class=table_center><tr><td class=prompt colspan=2>Choose one</td></tr><tr style=""height: 300px;""><td style=""width: 300px;""><img id=""left"" src=img/tree_1.png style=""zoom: 100%;""/></td><td style=""width: 300px;""><img id=""right"" src=img/tree_2.png style=""zoom: 100%;""/></td></tr></table></div><br>","","","70","","","","","","","","","","","","","","","","","","",""
"html-keyboard-response","152","1879162","0.0-10.0-7.0","7712.050000001909","<p style=""font-size:24px;font-weight:bold"">TEST QUESTION</p><p>The orange tree took you to the green gnome. </p><p> The green gnome gave you 8 shields. </p><p> The most shields a gnome can make is 9 shields, so this is a great outcome!</p><div class=group><table class=table_center><tr><td class=prompt colspan=3>You received</td></tr><tr style=""height: 300px;""><td><img src=img/gnome_green.png style=""zoom: 100%;""/></td><td><img src=img/shield.png style=""zoom: 30%;""/></td><td class=prompt>x 8</td></tr></table></div><br><p> Press space to continue </p>","","","32","","","","","","","","","","","","","","","","","","",""
"html-keyboard-response","153","1882023","0.0-10.0-8.0","2859.300000003539","<p style=""font-size:24px;font-weight:bold"">TEST QUESTION</p><p>If you wanted to visit the <b> green gnome </b> again, which tree would you select?</p><div class=group><table class=table_center><tr><td class=prompt colspan=2>Choose one</td></tr><tr style=""height: 300px;""><td style=""width: 300px;""><img id=""left"" src=img/tree_1.png style=""zoom: 100%;""/></td><td style=""width: 300px;""><img id=""right"" src=img/tree_2.png style=""zoom: 100%;""/></td></tr></table></div><br>","","","70","","true","","","","","","","","","","","","","","","","",""
"html-keyboard-response","154","1885034","0.0-10.0-9.0","null","<p style=""font-size:36px;font-weight:bold"">Correct!</p><p> Remember, the same tree goes to the same gnome. </p>","","","null","","","","","","","","","","","","","","","","","","",""
"html-keyboard-response","155","1887703","0.0-10.0-10.0","2667.2849999957252","<p style=""font-size:24px;font-weight:bold"">TEST QUESTION</p><p>On this trial, select the tree on the right by pressing ""J"".</p><div class=group><table class=table_center><tr><td class=prompt colspan=2>Choose one</td></tr><tr style=""height: 300px;""><td style=""width: 300px;""><img id=""left"" src=img/tree_1.png style=""zoom: 100%;""/></td><td style=""width: 300px;""><img id=""right"" src=img/tree_2.png style=""zoom: 100%;""/></td></tr></table></div><br>","","","74","","","","","","","","","","","","","","","","","","",""
"html-keyboard-response","156","1891736","0.0-10.0-11.0","4031.660000000382","<p style=""font-size:24px;font-weight:bold"">TEST QUESTION</p><p>The blue tree took you to the purple gnome. </p><p> The purple gnome only gave you 1 shield. </p><p> That is not very much and is a pretty bad outcome.</p><div class=group><table class=table_center><tr><td class=prompt colspan=3>You received</td></tr><tr style=""height: 300px;""><td><img src=img/gnome_purple.png style=""zoom: 100%;""/></td><td><img src=img/shield.png style=""zoom: 30%;""/></td><td class=prompt>x 1</td></tr></table></div><br><p> Press space to continue </p>","","","32","","","","","","","","","","","","","","","","","","",""
"html-keyboard-response","157","1897947","0.0-10.0-12.0","6211.009999999078","<p style=""font-size:24px;font-weight:bold"">TEST QUESTION</p><p>Remember the green gnome gave you 8 shields and the purple gnome only gave you 1 shield. </p><p> Which gnome would you try to visit next? </p><div class=group><table class=table_center><tr><td class=prompt colspan=2>Choose one</td></tr><tr style=""height: 300px;""><td style=""width: 300px;""><img id=""left"" src=img/gnome_green.png style=""zoom: 100%;""/></td><td style=""width: 300px;""><img id=""right"" src=img/gnome_purple.png style=""zoom: 100%;""/></td></tr></table></div><br>","","","70","","true","","","","","","","","","","","","","","","","",""
"html-keyboard-response","158","1900949","0.0-10.0-13.0","null","<p style=""font-size:36px;font-weight:bold"">Correct!</p><p> Remember, you want to select the gnome who gives you the most shields.</p>","","","null","","","","","","","","","","","","","","","","","","",""
"html-keyboard-response","159","1903183","0.0-10.0-14.0","2232.380000001285","<p style=""font-size:24px;font-weight:bold"">TEST QUESTION</p><p>To visit the green gnome, which tree should you visit? </p><div class=group><table class=table_center><tr><td class=prompt colspan=2>Choose one</td></tr><tr style=""height: 300px;""><td style=""width: 300px;""><img id=""left"" src=img/tree_1.png style=""zoom: 100%;""/></td><td style=""width: 300px;""><img id=""right"" src=img/tree_2.png style=""zoom: 100%;""/></td></tr></table></div><br>","","","70","","true","","","","","","","","","","","","","","","","",""
"html-keyboard-response","160","1906200","0.0-10.0-15.0","null","<p style=""font-size:36px;font-weight:bold"">Correct!</p><p>Remember, the same tree goes to the same gnome each time.</p>","","","null","","","","","","","","","","","","","","","","","","",""
"html-keyboard-response","161","1910235","0.0-10.0-16.0","4033.009999999311","<p style=""font-size:36px;font-weight:bold"">You are ready to play!</p><p>The trees and gnomes in the actual game will be different than the practice. </p><p> Press space to start the game</p>","","","32","","","","","","","","","","","","","","","","","","",""
"no-tradeoff","162","1923839","0.0-11.0-0.0","","","","","","","","1","6","8","img/tree_9.png","img/tree_8.png","1016.8249999987893","595.3900000022259","3947.7049999986775","1016.8249999987893,595.3900000022259,3947.7049999986775","74","74,32,13","enter","9","null","","",""
"no-tradeoff","163","1932592","0.0-11.0-0.1","","","","","","","","1","8","3","img/tree_8.png","img/tree_9.png","978.0049999973271","1218.280000001192","","978.0049999973271,1218.280000001192","70","70,32","null","","null","","",""
"no-tradeoff","164","1944564","0.0-11.0-0.2","","","","","","","","4","5","6","img/tree_3.png","img/tree_7.png","719.8250000001863","3033.8899999987334","1406.7200000062585","719.8250000001863,3033.8899999987334,1406.7200000062585","70","70,13,32","null","","enter","8","",""
"no-tradeoff","165","1952833","0.0-11.0-0.3","","","","","","","","4","6","8","img/tree_9.png","img/tree_8.png","500.5949999978766","723.7100000057835","","500.5949999978766,723.7100000057835","74","74,32","null","","null","","",""
"no-tradeoff","166","1963749","0.0-11.0-0.4","","","","","","","","4","5","9","img/tree_9.png","img/tree_8.png","572.5299999974668","664.2100000025239","2698.524999999907","572.5299999974668,664.2100000025239,2698.524999999907","70","70,32,13","enter","8","null","","",""
"no-tradeoff","167","1971900","0.0-11.0-0.5","","","","","","","","1","6","6","img/tree_9.png","img/tree_8.png","519.3350000046194","617.6799999957439","","519.3350000046194,617.6799999957439","74","74,32","null","","null","","",""
"no-tradeoff","168","1984538","0.0-11.0-0.6","","","","","","","","1","5","8","img/tree_8.png","img/tree_9.png","505.0649999976158","4143.355000000214","950.8350000032224","505.0649999976158,4143.355000000214,950.8350000032224","70","70,13,32","null","","enter","9","",""
"no-tradeoff","169","1992778","0.0-11.0-0.7","","","","","","","","4","7","9","img/tree_8.png","img/tree_9.png","503.8199999979697","695.8200000007637","","503.8199999979697,695.8200000007637","70","70,32","null","","null","","",""
"no-tradeoff","170","2003610","0.0-11.0-0.8","","","","","","","","4","7","5","img/tree_8.png","img/tree_9.png","554.9699999974109","529.4599999981001","2752.5700000040233","554.9699999974109,529.4599999981001,2752.5700000040233","74","74,32,13","enter","9","null","","",""
"no-tradeoff","171","2011739","0.0-11.0-0.9","","","","","","","","1","7","4","img/tree_7.png","img/tree_3.png","563.1949999951757","574.7250000059139","","563.1949999951757,574.7250000059139","70","70,32","null","","null","","",""
"no-tradeoff","172","2023784","0.0-11.0-0.10","","","","","","","","4","4","3","img/tree_7.png","img/tree_3.png","489.000000001397","2872.7999999972526","126.38000000151806","489.000000001397,2872.7999999972526,126.38000000151806","70","70,13,32","null","","enter","7","",""
"no-tradeoff","173","2031923","0.0-11.0-0.11","","","","","","","","4","0","5","img/tree_3.png","img/tree_7.png","532.2400000004563","607.5049999998882","","532.2400000004563,607.5049999998882","70","70,32","null","","null","","",""
"no-tradeoff","174","2045478","0.0-11.0-0.12","","","","","","","","1","2","2","img/tree_7.png","img/tree_3.png","779.100000007078","598.2499999953434","5419.3650000016205","779.100000007078,598.2499999953434,5419.3650000016205","70","70,32,13","enter","7","null","","",""
"no-tradeoff","175","2053655","0.0-11.0-0.13","","","","","","","","4","4","3","img/tree_9.png","img/tree_8.png","509.53999999910593","611.1250000032596","","509.53999999910593,611.1250000032596","70","70,32","null","","null","","",""
"no-tradeoff","176","2065375","0.0-11.0-0.14","","","","","","","","4","3","2","img/tree_3.png","img/tree_7.png","492.1650000032969","3078.444999999134","1108.5349999992177","492.1650000032969,3078.444999999134,1108.5349999992177","70","70,13,32","null","","enter","7","",""
"no-tradeoff","177","2073318","0.0-11.0-0.15","","","","","","","","4","4","2","img/tree_9.png","img/tree_8.png","537.9800000009127","396.9700000016019","","537.9800000009127,396.9700000016019","74","74,32","null","","null","","",""
"no-tradeoff","178","2084594","0.0-11.0-0.16","","","","","","","","1","6","6","img/tree_7.png","img/tree_3.png","513.8049999950454","515.5000000011642","3202.720000001136","513.8049999950454,515.5000000011642,3202.720000001136","74","74,32,13","enter","8","null","","",""
"no-tradeoff","179","2092639","0.0-11.0-0.17","","","","","","","","4","3","7","img/tree_8.png","img/tree_9.png","481.58500000135973","513.7000000032131","","481.58500000135973,513.7000000032131","74","74,32","null","","null","","",""
"no-tradeoff","180","2104423","0.0-11.0-0.18","","","","","","","","4","4","7","img/tree_8.png","img/tree_9.png","662.1250000025611","2816.0649999992456","1413.3199999998324","662.1250000025611,2816.0649999992456,1413.3199999998324","70","70,13,32","null","","enter","6","",""
"no-tradeoff","181","2112456","0.0-11.0-0.19","","","","","","","","1","4","7","img/tree_8.png","img/tree_9.png","521.6500000027008","488.83499999623746","","521.6500000027008,488.83499999623746","74","74,32","null","","null","","",""
"no-tradeoff","182","2123206","0.0-11.0-0.20","","","","","","","","1","5","2","img/tree_8.png","img/tree_9.png","602.3950000018813","462.9750000019558","2735.9750000033528","602.3950000018813,462.9750000019558,2735.9750000033528","70","70,32,13","enter","4","null","","",""
"no-tradeoff","183","2131225","0.0-11.0-0.21","","","","","","","","4","1","7","img/tree_9.png","img/tree_8.png","529.589999998454","490.929999999702","","529.589999998454,490.929999999702","70","70,32","null","","null","","",""
"no-tradeoff","184","2144076","0.0-11.0-0.22","","","","","","","","1","9","1","img/tree_7.png","img/tree_3.png","831.1500000054948","4468.229999998584","826.3500000028871","831.1500000054948,4468.229999998584,826.3500000028871","70","70,13,32","null","","enter","7","",""
"no-tradeoff","185","2152123","0.0-11.0-0.23","","","","","","","","4","9","0","img/tree_7.png","img/tree_3.png","632.2799999979325","503.85000000102445","","632.2799999979325,503.85000000102445","70","70,32","null","","null","","",""
"no-tradeoff","186","2163023","0.0-11.0-0.24","","","","","","","","1","8","1","img/tree_7.png","img/tree_3.png","523.8500000047497","410.660000001546","2956.250000002794","523.8500000047497,410.660000001546,2956.250000002794","70","70,32,13","enter","9","null","","",""
"no-tradeoff","187","2170974","0.0-11.0-0.25","","","","","","","","4","1","6","img/tree_3.png","img/tree_7.png","565.5799999949522","395.5050000003539","","565.5799999949522,395.5050000003539","74","74,32","null","","null","","",""
"no-tradeoff","188","2182345","0.0-11.0-0.26","","","","","","","","1","6","2","img/tree_7.png","img/tree_3.png","595.4600000041537","2989.4350000033155","819.0850000027567","595.4600000041537,2989.4350000033155,819.0850000027567","70","70,13,32","null","","enter","9","",""
"no-tradeoff","189","2190303","0.0-11.0-0.27","","","","","","","","1","8","0","img/tree_7.png","img/tree_3.png","559.7700000000186","407.2949999975972","","559.7700000000186,407.2949999975972","70","70,32","null","","null","","",""
"no-tradeoff","190","2201112","0.0-11.0-0.28","","","","","","","","4","7","0","img/tree_7.png","img/tree_3.png","538.4300000006333","379.89999999990687","2886.1050000051036","538.4300000006333,379.89999999990687,2886.1050000051036","74","74,32,13","enter","9","null","","",""
"no-tradeoff","191","2209138","0.0-11.0-0.29","","","","","","","","1","7","1","img/tree_7.png","img/tree_3.png","429.9150000005029","496.5900000021793","","429.9150000005029,496.5900000021793","70","70,32","null","","null","","",""
"no-tradeoff","192","2220706","0.0-11.0-0.30","","","","","","","","4","1","9","img/tree_9.png","img/tree_8.png","598.304999999702","3212.410000000149","809.5949999988079","598.304999999702,3212.410000000149,809.5949999988079","70","70,13,32","null","","enter","7","",""
"no-tradeoff","193","2228662","0.0-11.0-0.31","","","","","","","","1","7","1","img/tree_7.png","img/tree_3.png","543.3849999969825","419.7599999969825","","543.3849999969825,419.7599999969825","74","74,32","null","","null","","",""
"no-tradeoff","194","2239338","0.0-11.0-0.32","","","","","","","","4","0","8","img/tree_3.png","img/tree_7.png","485.85499999905005","439.11500000115484","2687.265000000596","485.85499999905005,439.11500000115484,2687.265000000596","74","74,32,13","enter","8","null","","",""
"no-tradeoff","195","2247449","0.0-11.0-0.33","","","","","","","","4","1","8","img/tree_3.png","img/tree_7.png","540.9950000029057","573.250000001397","","540.9950000029057,573.250000001397","74","74,32","null","","null","","",""
"no-tradeoff","196","2258771","0.0-11.0-0.34","","","","","","","","4","0","8","img/tree_9.png","img/tree_8.png","689.1299999989569","2865.525000000838","910.2700000000186","689.1299999989569,2865.525000000838,910.2700000000186","70","70,13,32","null","","enter","9","",""
"no-tradeoff","197","2266767","0.0-11.0-0.35","","","","","","","","1","8","0","img/tree_7.png","img/tree_3.png","429.5099999946542","449.20000000298023","","429.5099999946542,449.20000000298023","70","70,32","null","","null","","",""
"no-tradeoff","198","2277422","0.0-11.0-0.36","","","","","","","","4","1","9","img/tree_9.png","img/tree_8.png","637.7199999988079","372.5550000015646","2743.255000001285","637.7199999988079,372.5550000015646,2743.255000001285","70","70,32,13","enter","5","null","","",""
"no-tradeoff","199","2285468","0.0-11.0-0.37","","","","","","","","1","7","0","img/tree_8.png","img/tree_9.png","550.5799999954179","504.4950000010431","","550.5799999954179,504.4950000010431","70","70,32","null","","null","","",""
"no-tradeoff","200","2296600","0.0-11.0-0.38","","","","","","","","4","1","6","img/tree_9.png","img/tree_8.png","691.4800000013784","2883.119999998715","720.3450000016019","691.4800000013784,2883.119999998715,720.3450000016019","74","74,13,32","null","","enter","2","",""
"no-tradeoff","201","2304590","0.0-11.0-0.39","","","","","","","","1","3","0","img/tree_7.png","img/tree_3.png","471.2650000001304","454.52500000130385","","471.2650000001304,454.52500000130385","70","70,32","null","","null","","",""
"no-tradeoff","202","2315340","0.0-11.0-0.40","","","","","","","","1","5","2","img/tree_7.png","img/tree_3.png","674.2499999962747","437.05000000074506","2761.439999994356","674.2499999962747,437.05000000074506,2761.439999994356","70","70,32,13","enter","5","null","","",""
"no-tradeoff","203","2323378","0.0-11.0-0.41","","","","","","","","1","8","0","img/tree_7.png","img/tree_3.png","729.5949999969453","489.050000003539","","729.5949999969453,489.050000003539","74","74,32","null","","null","","",""
"no-tradeoff","204","2334508","0.0-11.0-0.42","","","","","","","","4","8","1","img/tree_7.png","img/tree_3.png","607.0499999984168","2729.485000003595","842.6099999998696","607.0499999984168,2729.485000003595,842.6099999998696","70","70,13,32","null","","enter","5","",""
"no-tradeoff","205","2342726","0.0-11.0-0.43","","","","","","","","1","5","1","img/tree_7.png","img/tree_3.png","726.9599999999627","679.0750000001863","","726.9599999999627,679.0750000001863","74","74,32","null","","null","","",""
"no-tradeoff","206","2354271","0.0-11.0-0.44","","","","","","","","4","5","1","img/tree_7.png","img/tree_3.png","703.0250000027008","545.2900000018999","3444.4550000042655","703.0250000027008,545.2900000018999,3444.4550000042655","74","74,32,13","enter","7","null","","",""
"no-tradeoff","207","2362292","0.0-11.0-0.45","","","","","","","","1","6","1","img/tree_7.png","img/tree_3.png","486.4350000061095","483.5800000000745","","486.4350000061095,483.5800000000745","74","74,32","null","","null","","",""
"no-tradeoff","208","2373434","0.0-11.0-0.46","","","","","","","","1","8","3","img/tree_7.png","img/tree_3.png","562.105000004638","2824.845000002533","766.3899999968708","562.105000004638,2824.845000002533,766.3899999968708","74","74,13,32","null","","enter","5","",""
"no-tradeoff","209","2381407","0.0-11.0-0.47","","","","","","","","4","1","6","img/tree_9.png","img/tree_8.png","503.8950000018813","434.43000000109896","","503.8950000018813,434.43000000109896","70","70,32","null","","null","","",""
"no-tradeoff","210","2392164","0.0-11.0-0.48","","","","","","","","1","5","4","img/tree_7.png","img/tree_3.png","408.2950000013225","444.3499999977648","2758.2899999981746","408.2950000013225,444.3499999977648,2758.2899999981746","74","74,32,13","enter","8","null","","",""
"no-tradeoff","211","2400128","0.0-11.0-0.49","","","","","","","","1","7","4","img/tree_7.png","img/tree_3.png","685.6350000016391","402.7600000044331","","685.6350000016391,402.7600000044331","70","70,32","null","","null","","",""
"no-tradeoff","212","2411256","0.0-11.0-0.50","","","","","","","","4","9","6","img/tree_8.png","img/tree_9.png","771.6100000031292","2819.3599999942817","776.4549999996088","771.6100000031292,2819.3599999942817,776.4549999996088","70","70,13,32","null","","enter","9","",""
"no-tradeoff","213","2419215","0.0-11.0-0.51","","","","","","","","4","7","8","img/tree_3.png","img/tree_7.png","469.59500000206754","414.019999996759","","469.59500000206754,414.019999996759","70","70,32","null","","null","","",""
"no-tradeoff","214","2430010","0.0-11.0-0.52","","","","","","","","1","3","6","img/tree_8.png","img/tree_9.png","651.2149999979883","401.27000000234693","2831.7200000020675","651.2149999979883,401.27000000234693,2831.7200000020675","74","74,32,13","enter","5","null","","",""
"no-tradeoff","215","2437908","0.0-11.0-0.53","","","","","","","","4","5","2","img/tree_3.png","img/tree_7.png","457.91499999864027","353.4350000047125","","457.91499999864027,353.4350000047125","70","70,32","null","","null","","",""
"no-tradeoff","216","2448861","0.0-11.0-0.54","","","","","","","","4","1","0","img/tree_7.png","img/tree_3.png","462.8300000037998","2610.690000001341","783.8149999952875","462.8300000037998,2610.690000001341,783.8149999952875","74","74,13,32","null","","enter","8","",""
"no-tradeoff","217","2456900","0.0-11.0-0.55","","","","","","","","1","2","1","img/tree_8.png","img/tree_9.png","502.8400000007823","495.87500000046566","","502.8400000007823,495.87500000046566","70","70,32","null","","null","","",""
"no-tradeoff","218","2467478","0.0-11.0-0.56","","","","","","","","4","1","2","img/tree_9.png","img/tree_8.png","673.3649999951012","383.5450000045821","2663.9500000015832","673.3649999951012,383.5450000045821,2663.9500000015832","70","70,32,13","enter","8","null","","",""
"no-tradeoff","219","2475568","0.0-11.0-0.57","","","","","","","","1","2","3","img/tree_7.png","img/tree_3.png","524.9900000053458","558.3150000022724","","524.9900000053458,558.3150000022724","74","74,32","null","","null","","",""
"no-tradeoff","220","2487592","0.0-11.0-0.58","","","","","","","","1","7","2","img/tree_3.png","img/tree_7.png","476.2049999986775","3784.670000000857","700.1549999988638","476.2049999986775,3784.670000000857,700.1549999988638","70","70,13,32","null","","enter","9","",""
"no-tradeoff","221","2495613","0.0-11.0-0.59","","","","","","","","1","4","2","img/tree_9.png","img/tree_8.png","635.300000002142","490.48000000044703","","635.300000002142,490.48000000044703","74","74,32","null","","null","","",""
"no-tradeoff","222","2506077","0.0-11.0-0.60","","","","","","","","4","4","5","img/tree_9.png","img/tree_8.png","492.554999996908","352.6750000016764","2558.2300000023097","492.554999996908,352.6750000016764,2558.2300000023097","70","70,32,13","enter","7","null","","",""
"no-tradeoff","223","2514210","0.0-11.0-0.61","","","","","","","","4","2","6","img/tree_3.png","img/tree_7.png","777.3400000003166","583.9199999971315","","777.3400000003166,583.9199999971315","70","70,32","null","","null","","",""
"no-tradeoff","224","2525862","0.0-11.0-0.62","","","","","","","","1","7","0","img/tree_8.png","img/tree_9.png","556.6900000050664","3244.4249999974854","861.5099999951199","556.6900000050664,3244.4249999974854,861.5099999951199","70","70,13,32","null","","enter","2","",""
"no-tradeoff","225","2534000","0.0-11.0-0.63","","","","","","","","1","5","1","img/tree_8.png","img/tree_9.png","516.4850000003353","588.0900000045076","","516.4850000003353,588.0900000045076","74","74,32","null","","null","","",""
"no-tradeoff","226","2544477","0.0-11.0-0.64","","","","","","","","1","5","2","img/tree_7.png","img/tree_3.png","580.6450000018813","507.93500000145286","2423.829999999609","580.6450000018813,507.93500000145286,2423.829999999609","74","74,32,13","enter","7","null","","",""
"no-tradeoff","227","2552534","0.0-11.0-0.65","","","","","","","","4","5","2","img/tree_3.png","img/tree_7.png","586.9600000004284","496.01000000257045","","586.9600000004284,496.01000000257045","74","74,32","null","","null","","",""
"no-tradeoff","228","2563928","0.0-11.0-0.66","","","","","","","","1","1","5","img/tree_7.png","img/tree_3.png","588.1000000005588","2962.975000001956","878.9450000040233","588.1000000005588,2962.975000001956,878.9450000040233","74","74,13,32","null","","enter","8","",""
"no-tradeoff","229","2571948","0.0-11.0-0.67","","","","","","","","4","6","1","img/tree_9.png","img/tree_8.png","735.5299999979325","478.1199999996461","","735.5299999979325,478.1199999996461","74","74,32","null","","null","","",""
"no-tradeoff","230","2583571","0.0-11.0-0.68","","","","","","","","1","1","5","img/tree_8.png","img/tree_9.png","383.55999999446794","632.3049999992363","3463.7049999944866","383.55999999446794,632.3049999992363,3463.7049999944866","70","70,32,13","enter","4","null","","",""
"no-tradeoff","231","2591570","0.0-11.0-0.69","","","","","","","","1","6","1","img/tree_9.png","img/tree_8.png","689.1199999954551","448.9749999991618","","689.1199999954551,448.9749999991618","74","74,32","null","","null","","",""
"no-tradeoff","232","2603303","0.0-11.0-0.70","","","","","","","","4","2","6","img/tree_8.png","img/tree_9.png","565.8800000017509","3191.4499999983236","1010.9399999999441","565.8800000017509,3191.4499999983236,1010.9399999999441","74","74,13,32","null","","enter","5","",""
"no-tradeoff","233","2611407","0.0-11.0-0.71","","","","","","","","4","0","4","img/tree_7.png","img/tree_3.png","663.7299999999814","552.019999995362","","663.7299999999814,552.019999995362","70","70,32","null","","null","","",""
"no-tradeoff","234","2621976","0.0-11.0-0.72","","","","","","","","1","2","4","img/tree_8.png","img/tree_9.png","556.809999994468","417.17000000039116","2574.529999998398","556.809999994468,417.17000000039116,2574.529999998398","70","70,32,13","enter","1","null","","",""
"no-tradeoff","235","2630027","0.0-11.0-0.73","","","","","","","","1","2","4","img/tree_8.png","img/tree_9.png","629.1849999977276","526.8550000037067","","629.1849999977276,526.8550000037067","70","70,32","null","","null","","",""
"no-tradeoff","236","2644392","0.0-11.0-0.74","","","","","","","","1","4","7","img/tree_8.png","img/tree_9.png","719.8749999953434","4328.555000000168","986.4450000026263","719.8749999953434,4328.555000000168,986.4450000026263","74","74,13,32","null","","enter","5","",""
"no-tradeoff","237","2652486","0.0-11.0-0.75","","","","","","","","4","6","4","img/tree_8.png","img/tree_9.png","642.5499999970198","558.194999997504","","642.5499999970198,558.194999997504","74","74,32","null","","null","","",""
"no-tradeoff","238","2663889","0.0-11.0-0.76","","","","","","","","4","6","6","img/tree_9.png","img/tree_8.png","627.1950000007637","474.5600000023842","3383.6299999966286","627.1950000007637,474.5600000023842,3383.6299999966286","74","74,32,13","enter","5","null","","",""
"no-tradeoff","239","2671877","0.0-11.0-0.77","","","","","","","","4","7","5","img/tree_7.png","img/tree_3.png","706.0950000011362","445.1549999937415","","706.0950000011362,445.1549999937415","74","74,32","null","","null","","",""
"no-tradeoff","240","2683409","0.0-11.0-0.78","","","","","","","","1","5","5","img/tree_8.png","img/tree_9.png","544.3300000047311","3133.669999995269","878.5600000047125","544.3300000047311,3133.669999995269,878.5600000047125","74","74,13,32","null","","enter","5","",""
"no-tradeoff","241","2691574","0.0-11.0-0.79","","","","","","","","1","5","5","img/tree_9.png","img/tree_8.png","629.625000001397","633.2699999986216","","629.625000001397,633.2699999986216","70","70,32","null","","null","","",""
"no-tradeoff","242","2702796","0.0-11.0-0.80","","","","","","","","1","2","1","img/tree_7.png","img/tree_3.png","463.92999999783933","571.3849999960512","3104.9799999967217","463.92999999783933,571.3849999960512,3104.9799999967217","74","74,32,13","enter","6","null","","",""
"no-tradeoff","243","2710670","0.0-11.0-0.81","","","","","","","","1","3","2","img/tree_8.png","img/tree_9.png","679.3399999947287","338.49000000208616","","679.3399999947287,338.49000000208616","74","74,32","null","","null","","",""
"no-tradeoff","244","2721687","0.0-11.0-0.82","","","","","","","","1","1","4","img/tree_8.png","img/tree_9.png","495.1650000005029","2552.5399999967776","918.3599999961443","495.1650000005029,2552.5399999967776,918.3599999961443","70","70,13,32","null","","enter","9","",""
"no-tradeoff","245","2729677","0.0-11.0-0.83","","","","","","","","1","1","5","img/tree_7.png","img/tree_3.png","478.09000000404194","453.6149999983609","","478.09000000404194,453.6149999983609","70","70,32","null","","null","","",""
"no-tradeoff","246","2740334","0.0-11.0-0.84","","","","","","","","1","1","4","img/tree_8.png","img/tree_9.png","752.5049999966286","367.1850000023842","2748.330000002403","752.5049999966286,367.1850000023842,2748.330000002403","74","74,32,13","enter","2","null","","",""
"no-tradeoff","247","2748284","0.0-11.0-0.85","","","","","","","","4","1","8","img/tree_8.png","img/tree_9.png","409.9300000015646","425.41000000340864","","409.9300000015646,425.41000000340864","70","70,32","null","","null","","",""
"no-tradeoff","248","2759505","0.0-11.0-0.86","","","","","","","","1","6","2","img/tree_3.png","img/tree_7.png","579.0100000011735","2836.255000001751","828.0399999930523","579.0100000011735,2836.255000001751,828.0399999930523","70","70,13,32","null","","enter","5","",""
"no-tradeoff","249","2767514","0.0-11.0-0.87","","","","","","","","4","6","4","img/tree_9.png","img/tree_8.png","494.16499999631196","471.8999999971129","","494.16499999631196,471.8999999971129","74","74,32","null","","null","","",""
"no-tradeoff","250","2778059","0.0-11.0-0.88","","","","","","","","4","7","7","img/tree_9.png","img/tree_8.png","584.9099999978207","510.4900000006892","2499.1700000027195","584.9099999978207,510.4900000006892,2499.1700000027195","74","74,32,13","enter","6","null","","",""
"no-tradeoff","251","2785967","0.0-11.0-0.89","","","","","","","","4","6","5","img/tree_9.png","img/tree_8.png","459.4149999972433","360.5549999992363","","459.4149999972433,360.5549999992363","74","74,32","null","","null","","",""
"no-tradeoff","252","2798369","0.0-11.0-0.90","","","","","","","","4","9","9","img/tree_8.png","img/tree_9.png","866.7399999978952","4129.379999998491","733.0100000035018","866.7399999978952,4129.379999998491,733.0100000035018","70","70,13,32","null","","enter","1","",""
"no-tradeoff","253","2806515","0.0-11.0-0.91","","","","","","","","4","8","8","img/tree_9.png","img/tree_8.png","633.5499999988824","600.9649999979883","","633.5499999988824,600.9649999979883","70","70,32","null","","null","","",""
"no-tradeoff","254","2817300","0.0-11.0-0.92","","","","","","","","4","7","9","img/tree_3.png","img/tree_7.png","605.945000003092","448.14000000059605","2791.7249999954365","605.945000003092,448.14000000059605,2791.7249999954365","70","70,32,13","enter","5","null","","",""
"no-tradeoff","255","2825290","0.0-11.0-0.93","","","","","","","","4","7","7","img/tree_3.png","img/tree_7.png","694.5800000028685","447.3250000011176","","694.5800000028685,447.3250000011176","70","70,32","null","","null","","",""
"no-tradeoff","256","2836338","0.0-11.0-0.94","","","","","","","","1","9","7","img/tree_8.png","img/tree_9.png","537.1400000001304","2736.8700000005774","764.1350000048988","537.1400000001304,2736.8700000005774,764.1350000048988","74","74,13,32","null","","enter","7","",""
"no-tradeoff","257","2844341","0.0-11.0-0.95","","","","","","","","1","7","9","img/tree_9.png","img/tree_8.png","452.7949999975972","451.6149999983609","","452.7949999975972,451.6149999983609","70","70,32","null","","null","","",""
"no-tradeoff","258","2855042","0.0-11.0-0.96","","","","","","","","4","6","7","img/tree_3.png","img/tree_7.png","582.2699999990873","472.6299999966286","2686.5949999992736","582.2699999990873,472.6299999966286,2686.5949999992736","70","70,32,13","enter","6","null","","",""
"no-tradeoff","259","2863135","0.0-11.0-0.97","","","","","","","","4","4","8","img/tree_8.png","img/tree_9.png","665.8999999999069","547.1200000029057","","665.8999999999069,547.1200000029057","70","70,32","null","","null","","",""
"no-tradeoff","260","2874275","0.0-11.0-0.98","","","","","","","","4","9","8","img/tree_3.png","img/tree_7.png","592.7450000019744","2848.789999996312","765.2049999963492","592.7450000019744,2848.789999996312,765.2049999963492","74","74,13,32","null","","enter","2","",""
"no-tradeoff","261","2882192","0.0-11.0-0.99","","","","","","","","4","6","7","img/tree_7.png","img/tree_3.png","602.5699999956414","385.0650000022724","","602.5699999956414,385.0650000022724","74","74,32","null","","null","","",""
"no-tradeoff","262","2893299","0.0-11.0-0.100","","","","","","","","4","7","4","img/tree_8.png","img/tree_9.png","593.3050000020303","619.5149999982677","2945.6150000044145","593.3050000020303,619.5149999982677,2945.6150000044145","74","74,32,13","enter","5","null","","",""
"no-tradeoff","263","2901337","0.0-11.0-0.101","","","","","","","","1","7","5","img/tree_9.png","img/tree_8.png","417.8749999990687","492.6850000047125","","417.8749999990687,492.6850000047125","70","70,32","null","","null","","",""
"no-tradeoff","264","2912685","0.0-11.0-0.102","","","","","","","","4","1","7","img/tree_8.png","img/tree_9.png","1116.6250000023283","2995.0000000023283","793.1000000024214","1116.6250000023283,2995.0000000023283,793.1000000024214","70","70,13,32","null","","enter","7","",""
"no-tradeoff","265","2920678","0.0-11.0-0.103","","","","","","","","4","1","7","img/tree_7.png","img/tree_3.png","607.0350000010803","470.80999999912456","","607.0350000010803,470.80999999912456","74","74,32","null","","null","","",""
"no-tradeoff","266","2932657","0.0-11.0-0.104","","","","","","","","4","7","4","img/tree_9.png","img/tree_8.png","767.9300000015646","436.109999995213","3992.6100000012666","767.9300000015646,436.109999995213,3992.6100000012666","70","70,32,13","enter","7","null","","",""
"no-tradeoff","267","2942450","0.0-11.0-0.105","","","","","","","","4","7","5","img/tree_3.png","img/tree_7.png","713.7549999970943","733.8549999985844","","713.7549999970943,733.8549999985844","70","70,32","null","","null","","",""
"no-tradeoff","268","2954832","0.0-11.0-0.106","","","","","","","","4","5","4","img/tree_3.png","img/tree_7.png","689.7549999994226","2706.115000000689","622.3700000043027","689.7549999994226,2706.115000000689,622.3700000043027","70","70,13,32","null","","enter","7","",""
"no-tradeoff","269","2962862","0.0-11.0-0.107","","","","","","","","1","4","9","img/tree_7.png","img/tree_3.png","552.9700000043958","486.83499999623746","","552.9700000043958,486.83499999623746","70","70,32","null","","null","","",""
"no-tradeoff","270","2974615","0.0-11.0-0.108","","","","","","","","4","7","0","img/tree_9.png","img/tree_8.png","647.3250000053085","455.2849999964237","3746.69000000041","647.3250000053085,455.2849999964237,3746.69000000041","70","70,32,13","enter","7","null","","",""
"no-tradeoff","271","2982883","0.0-11.0-0.109","","","","","","","","1","4","0","img/tree_9.png","img/tree_8.png","1206.3149999957532","726.7099999957718","","1206.3149999957532,726.7099999957718","74","74,32","null","","null","","",""
"no-tradeoff","272","2994152","0.0-11.0-0.110","","","","","","","","4","7","2","img/tree_9.png","img/tree_8.png","888.7899999972433","2917.8000000030734","792.6750000040047","888.7899999972433,2917.8000000030734,792.6750000040047","70","70,13,32","null","","enter","9","",""
"no-tradeoff","273","3002541","0.0-11.0-0.111","","","","","","","","4","9","4","img/tree_3.png","img/tree_7.png","736.5399999981746","850.3899999996647","","736.5399999981746,850.3899999996647","70","70,32","null","","null","","",""
"no-tradeoff","274","3013456","0.0-11.0-0.112","","","","","","","","4","8","3","img/tree_3.png","img/tree_7.png","711.0000000032596","421.70500000054017","2921.845000004396","711.0000000032596,421.70500000054017,2921.845000004396","70","70,32,13","enter","9","null","","",""
"no-tradeoff","275","3021452","0.0-11.0-0.113","","","","","","","","4","4","8","img/tree_8.png","img/tree_9.png","466.1150000030175","441.2250000019558","","466.1150000030175,441.2250000019558","74","74,32","null","","null","","",""
"no-tradeoff","276","3033555","0.0-11.0-0.114","","","","","","","","1","6","2","img/tree_3.png","img/tree_7.png","454.679999995511","3189.310000001453","1372.0300000063144","454.679999995511,3189.310000001453,1372.0300000063144","70","70,13,32","null","","enter","7","",""
"no-tradeoff","277","3041517","0.0-11.0-0.115","","","","","","","","4","4","5","img/tree_9.png","img/tree_8.png","495.6600000006147","398.88499999511987","","495.6600000006147,398.88499999511987","70","70,32","null","","null","","",""
"no-tradeoff","278","3052233","0.0-11.0-0.116","","","","","","","","4","3","3","img/tree_9.png","img/tree_8.png","507.56499999947846","417.8399999947287","2762.475000002887","507.56499999947846,417.8399999947287,2762.475000002887","70","70,32,13","enter","9","null","","",""
"no-tradeoff","279","3060190","0.0-11.0-0.117","","","","","","","","1","3","4","img/tree_3.png","img/tree_7.png","507.6049999985844","406.410000002943","","507.6049999985844,406.410000002943","70","70,32","null","","null","","",""
"no-tradeoff","280","3071410","0.0-11.0-0.118","","","","","","","","1","6","2","img/tree_8.png","img/tree_9.png","512.3800000003539","2756.130000001751","915.3300000033341","512.3800000003539,2756.130000001751,915.3300000033341","70","70,13,32","null","","enter","1","",""
"no-tradeoff","281","3079455","0.0-11.0-0.119","","","","","","","","4","3","5","img/tree_9.png","img/tree_8.png","701.2250000042841","505.9400000027381","","701.2250000042841,505.9400000027381","74","74,32","null","","null","","",""
"call-function","282","3079456","0.0-12.0","","","","","","","","","","","","","","","","","","","","","","","",""
"html-keyboard-response","283","3089070","0.0-13.0-0.0","9612.645000001416","<p><b> Now you will answer a few questionnaires</b></p><br> The following are statements that a person may either agree with or disagree with.</br><p>For each item, indicate how much you agree or disagree with what the item says by clicking your response. </p><p> Choose only one response and be as accurate and honest as you can. Do not worry about being consistent in your responses. </p><p> Press the space bar to start </p>","","","32","","","","","","","","","","","","","","","","","","",""
"survey-likert","284","3223657","0.0-13.0-1.0","134578.3950000042","","","{""BISBAS1"":1,""BISBAS2"":2,""BISBAS3"":1,""BISBAS4"":0,""BISBAS5"":0,""BISBAS6"":3,""BISBAS7"":0,""BISBAS8"":0,""BISBAS9"":1,""BISBAS10"":0,""BISBAS11"":1,""BISBAS12"":0,""BISBAS13"":1,""BISBAS14"":0,""BISBAS15"":1,""BISBAS16"":1,""BISBAS17"":1,""BISBAS18"":0,""BISBAS19"":0,""BISBAS20"":1,""BISBAS21"":2,""BISBAS22"":1,""BISBAS23"":1,""BISBAS24"":1}","","","","","","","","","","","","","","","","","","","","[0,1,2,3,4,5,6,7,8,9,10,11,12,13,14,15,16,17,18,19,20,21,22,23]"
"html-keyboard-response","285","3227477","0.0-14.0-0.0","3812.6399999968708","<p>Please indicate for each statement the degree to which each statement is descriptive of your mood <b> at this  moment </b>. </p><p> Press the space bar to start </p>","","","32","","","","","","","","","","","","","","","","","","",""
"survey-likert","286","3326259","0.0-14.0-1.0","98775.02000000048","","","{""STICSAS1"":0,""STICSAS2"":2,""STICSAS3"":1,""STICSAS4"":2,""STICSAS5"":2,""STICSAS6"":1,""STICSAS7"":2,""STICSAS8"":1,""STICSAS9"":2,""STICSAS10"":1,""STICSAS11"":1,""STICSAS12"":0,""STICSAS13"":1,""STICSAS14"":2,""STICSAS15"":1,""STICSAS16"":2,""STICSAS17"":1,""STICSAS18"":0,""STICSAS19"":2,""STICSAS20"":0,""STICSAS21"":0,""STICSAS22"":3}","","","","","","","","","","","","","","","","","","","","[0,1,2,3,4,5,6,7,8,9,10,11,12,13,14,15,16,17,18,19,20,21]"
"html-keyboard-response","287","3328943","0.0-15.0-0.0","2678.869999995921","<p>Please indicate for each statement how often <b> in general </b> the statement is true for you. </p><p> Press the space bar to start </p>","","","32","","","","","","","","","","","","","","","","","","",""
"survey-likert","288","3391129","0.0-15.0-1.0","62182.9450000003","","","{""STICSAT1"":0,""STICSAT2"":2,""STICSAT3"":1,""STICSAT4"":2,""STICSAT5"":2,""STICSAT6"":0,""STICSAT7"":2,""STICSAT8"":0,""STICSAT9"":1,""STICSAT10"":2,""STICSAT11"":1,""STICSAT12"":0,""STICSAT13"":1,""STICSAT14"":2,""STICSAT15"":1,""STICSAT16"":2,""STICSAT17"":1,""STICSAT18"":0,""STICSAT19"":2,""STICSAT20"":0,""STICSAT21"":0}","","","","","","","","","","","","","","","","","","","","[0,1,2,3,4,5,6,7,8,9,10,11,12,13,14,15,16,17,18,19,20]"
"html-keyboard-response","289","3393444","0.0-16.0-0.0","2310.7899999958463","<p>Please indicate for each statement how much you agree. </p><p> Press the space bar to start </p>","","","32","","","","","","","","","","","","","","","","","","",""
"survey-likert","290","3470975","0.0-16.0-1.0","77528.40499999747","","","{""IUS1"":2,""IUS2"":4,""IUS3"":2,""IUS4"":2,""IUS5"":2,""IUS6"":1,""IUS7"":1,""IUS8"":3,""IUS9"":3,""IUS10"":2,""IUS11"":3,""IUS12"":1,""IUS13"":4}","","","","","","","","","","","","","","","","","","","","[0,1,2,3,4,5,6,7,8,9,10,11,12]"
"html-keyboard-response","291","3474445","0.0-17.0-0.0","3464.634999996517","<p>Please indicate for each statement how you <b> generally </b> feel. </p><p> Press the space bar to start </p>","","","32","","","","","","","","","","","","","","","","","","",""
"survey-likert","292","3552358","0.0-17.0-1.0","77906.345000003","","","{""STAIT1"":2,""STAIT2"":1,""STAIT3"":1,""STAIT4"":2,""STAIT5"":2,""STAIT6"":1,""STAIT7"":1,""STAIT8"":2,""STAIT9"":3,""STAIT10"":1,""STAIT11"":1,""STAIT12"":1,""STAIT13"":0,""STAIT14"":2,""STAIT15"":2,""STAIT16"":0,""STAIT17"":2,""STAIT18"":2,""STAIT19"":1,""STAIT20"":1}","","","","","","","","","","","","","","","","","","","","[0,1,2,3,4,5,6,7,8,9,10,11,12,13,14,15,16,17,18,19]"
"html-keyboard-response","293","3554299","0.0-18.0-0.0","1934.1650000060908","<p>Please indicate for each statement how much you think each statement is typical of you. </p><p> Press the space bar to start </p>","","","32","","","","","","","","","","","","","","","","","","",""
"survey-likert","294","3759256","0.0-18.0-1.0","204950.25000000186","","","{""ACQ1"":2,""ACQ2"":4,""ACQ3"":4,""ACQ4"":1,""ACQ5"":2,""ACQ6"":5,""ACQ7"":4,""ACQ8"":3,""ACQ9"":0,""ACQ10"":1,""ACQ11"":2,""ACQ12"":3,""ACQ13"":2,""ACQ14"":3,""ACQ15"":2,""ACQ16"":2,""ACQ17"":2,""ACQ18"":4,""ACQ19"":3,""ACQ20"":4,""ACQ21"":3,""ACQ22"":1,""ACQ23"":4,""ACQ24"":3,""ACQ25"":3,""ACQ26"":3,""ACQ27"":2,""ACQ28"":1,""ACQ29"":2,""ACQ30"":3}","","","","","","","","","","","","","","","","","","","","[0,1,2,3,4,5,6,7,8,9,10,11,12,13,14,15,16,17,18,19,20,21,22,23,24,25,26,27,28,29]"
"html-keyboard-response","295","3762456","0.0-19.0-0.0","3191.2050000028685","<p> For the following questions, indicate <b> how often </b> you felt or thought a certain way <b> during the last month </b>.</p><p> Press space to start </p>","","","32","","","","","","","","","","","","","","","","","","",""
"survey-likert","296","3817200","0.0-19.0-1.0","54740.33000000054","","","{""Stress1"":3,""Stress2"":4,""Stress3"":3,""Stress4"":2,""Stress5"":1,""Stress6"":2,""Stress7"":1,""Stress8"":1,""Stress9"":4,""Stress10"":3}","","","","","","","","","","","","","","","","","","","","[0,1,2,3,4,5,6,7,8,9]"
