"trial_type","trial_index","time_elapsed","internal_node_id","rt","stimulus","button_pressed","responses","key_press","view_history","correct","stakes","outcome","outcome_notreceived","choice_selected","choice_not_selected","rt_choice","rt_space","rt_certainty","all_rts","key_choice","all_keys","estimate_trial","estimate_val","certainty_trial","certainty_val","value","question_order"
"pavlovia","0","145","0.0-0.0","","","","","","","","","","","","","","","","","","","","","","","",""
"html-button-response","1","61457","0.0-1.0","61309.37000000267","<p style=""font-size:24px;font-weight:bold"">Consent</p><div class=""consent"" style=""text-align:left; border:1px solid; padding:10px; width:800px; font-size=100%, float:right""><p align=left>Thank you for signing up for this experiment!<p><p align=left>This experiment is being conducted by the California Institute of Technology (Caltech). The lead investigators are Sarah Tashjian, PhD and Dean Mobbs, PhD. This study has been approved by the Caltech Institutional Review Board for research ethics.<p><p align=left>The goal of this study is to understand learning processes. In this experiment, you will complete a task in which you will see images.<p><p align=left>At times, you will receive rewards and penalties. These earnings will determine your eligibility for a bonus payment, which will result in a real increase in your payment in this study.<p><p align=left>Your goal is to learn which images predict the most points. We will also ask how certain you are about your decisions throughout the task.<p><p align=left>This experiment will take approximately 1 hour to complete in its entirety.<p><p align=left><b>You will receive $9.00 for completing the experiment. <u>If you optimize decisions on at least 70% of trials, you will be eligible for a $100 bonus payment.</u></b><p><p align=left>This study involves minimal risk, meaning there will be no more risk than in daily life. Possible risks include physical discomfort/fatigue (eyestrain, tiredness), as well as psychological discomfort (e.g., potential boredom).<p><p align=left> Besides receiving payment, you will not benefit from this study.<p><p align=left><b>Any information that is obtained in connection with this study that can identify you will remain confidential. </b><p><p align=left>When the results of this study are reported, your identifying information will not be disclosed. Because this study is being conducted online, we are unable to fully eliminate the risk of a breach of confidentiality. However, to mitigate the chances of this occurring, we are using secure and confidential data collection systems.<p align=left>You may choose to withdraw from this study at any time and refuse to answer any questions without penalty. Also, you may choose not to participate in this study.<p><p align=left>You are <b>eligible</b> to participate if you (1) are 18-65 years old, (2) are fluent in English, (3) have healthy or corrected vision, (4) are not colorblind, and (5) have no difficulty controlling motor movements. <p><p align=left>If you do not meet these criteria, please exit the experiment now.<p><p align=center><b> If you meet these criteria and consent to participate, you must<br>indicate your consent by clicking the button below.<b></p>","0","","","","","","","","","","","","","","","","","","","","",""
"survey-text","2","88599","0.0-2.0-0.0","27123.38999999338","","","{""Q0"":""5fff1c202e58f3613d4d3d7b"",""Q1"":""39"",""Q2"":""Female"",""Q3"":""Female""}","","","","","","","","","","","","","","","","","","","",""
"html-keyboard-response","3","98568","0.0-3.0","9961.799999990035","<p>Welcome to the experiment!</p><p> You will play two games and answer a few questions.</p><p>Press the space bar to begin reading the instructions for the first game.</p>","","","32","","","","","","","","","","","","","","","","","","",""
"instructions","4","323037","0.0-4.0","224467.44500000204","","","","","[{""page_index"":0,""viewing_time"":32644.115000002785},{""page_index"":1,""viewing_time"":33540.77000000689},{""page_index"":2,""viewing_time"":30145.664999989094},{""page_index"":3,""viewing_time"":22757.895000002463},{""page_index"":4,""viewing_time"":33475.44999999809},{""page_index"":5,""viewing_time"":22013.205000010203},{""page_index"":6,""viewing_time"":13101.934999998775},{""page_index"":7,""viewing_time"":25580.95499999763},{""page_index"":8,""viewing_time"":11206.705000004149}]","","","","","","","","","","","","","","","","","",""
"html-keyboard-response","5","328806","0.0-5.0-0.0","5766.154999990249","<p style=""font-size:24px;font-weight:bold"">TEST QUESTION</p><p>Which letter should you press to select the green house on the left?</p><div class=group><table class=table_center><tr><td class=prompt colspan=2>Choose one</td></tr><tr style=""height: 300px;""><td style=""width: 300px;""><img id=""left"" src=img/house_3.png style=""zoom: 100%;""/></td><td style=""width: 300px;""><img id=""right"" src=img/house_2.png style=""zoom: 100%;""/></td></tr></table></div><br>","","","70","","true","","","","","","","","","","","","","","","","",""
"html-keyboard-response","6","331810","0.0-5.0-1.0","null","<p style=""font-size:36px;font-weight:bold"">Correct!</p><p> Remember, press ""F"" for left and ""J"" for right. </p>","","","null","","","","","","","","","","","","","","","","","","",""
"html-keyboard-response","7","335296","0.0-5.0-2.0","3482.174999997369","<p style=""font-size:24px;font-weight:bold"">TEST QUESTION</p><p>Which letter should you press to select the red house on the right?</p><div class=group><table class=table_center><tr><td class=prompt colspan=2>Choose one</td></tr><tr style=""height: 300px;""><td style=""width: 300px;""><img id=""left"" src=img/house_3.png style=""zoom: 100%;""/></td><td style=""width: 300px;""><img id=""right"" src=img/house_2.png style=""zoom: 100%;""/></td></tr></table></div><br>","","","74","","true","","","","","","","","","","","","","","","","",""
"html-keyboard-response","8","338298","0.0-5.0-3.0","null","<p style=""font-size:36px;font-weight:bold"">Correct!</p><p> Remember, press ""F"" for left and ""J"" for right. </p>","","","null","","","","","","","","","","","","","","","","","","",""
"html-keyboard-response","9","345565","0.0-5.0-4.0","7265.35000000149","<p style=""font-size:24px;font-weight:bold"">TEST QUESTION</p><p>Type the number of the <b> maximum </b> amount of sacks an elf can make</p>","","","57","","true","","","","","","","","","","","","","","","","",""
"html-keyboard-response","10","348567","0.0-5.0-5.0","null","<p style=""font-size:36px;font-weight:bold"">Correct!</p><p> Remember, elves can make 0 to 9 sacks. </p>","","","null","","","","","","","","","","","","","","","","","","",""
"html-keyboard-response","11","356709","0.0-5.0-6.0","8140.6649999989895","<p style=""font-size:24px;font-weight:bold"">TEST QUESTION</p><p>Remember, the same house always takes you to the same elf. </p><p>On this trial, select the house on the left by pressing ""F"".</p><div class=group><table class=table_center><tr><td class=prompt colspan=2>Choose one</td></tr><tr style=""height: 300px;""><td style=""width: 300px;""><img id=""left"" src=img/house_1.png style=""zoom: 100%;""/></td><td style=""width: 300px;""><img id=""right"" src=img/house_5.png style=""zoom: 100%;""/></td></tr></table></div><br>","","","70","","","","","","","","","","","","","","","","","","",""
"html-keyboard-response","12","367118","0.0-5.0-7.0","10403.360000011162","<p style=""font-size:24px;font-weight:bold"">TEST QUESTION</p><p>The red house took you to the yellow elf. </p><p> The yellow elf gave you 8 sacks. </p><p> The most sacks an elf can make is 9 sacks, so this is a great outcome!</p><div class=group><table class=table_center><tr><td class=prompt colspan=3>You received</td></tr><tr style=""height: 300px;""><td><img src=img/elf_yellow.png style=""zoom: 100%;""/></td><td><img src=img/sack.png style=""zoom: 30%;""/></td><td class=prompt>x 8</td></tr></table></div><br><p> Press space to continue </p>","","","32","","","","","","","","","","","","","","","","","","",""
"html-keyboard-response","13","375439","0.0-5.0-8.0","8316.800000000512","<p style=""font-size:24px;font-weight:bold"">TEST QUESTION</p><p>If you wanted to visit the <b> yellow elf </b> again, which house would you select?</p><div class=group><table class=table_center><tr><td class=prompt colspan=2>Choose one</td></tr><tr style=""height: 300px;""><td style=""width: 300px;""><img id=""left"" src=img/house_1.png style=""zoom: 100%;""/></td><td style=""width: 300px;""><img id=""right"" src=img/house_5.png style=""zoom: 100%;""/></td></tr></table></div><br>","","","70","","true","","","","","","","","","","","","","","","","",""
"html-keyboard-response","14","378443","0.0-5.0-9.0","null","<p style=""font-size:36px;font-weight:bold"">Correct!</p><p> Remember, the same house goes to the same elf. </p>","","","null","","","","","","","","","","","","","","","","","","",""
"html-keyboard-response","15","382390","0.0-5.0-10.0","3944.5100000011735","<p style=""font-size:24px;font-weight:bold"">TEST QUESTION</p><p>On this trial, select the house on the right by pressing ""J"".</p><div class=group><table class=table_center><tr><td class=prompt colspan=2>Choose one</td></tr><tr style=""height: 300px;""><td style=""width: 300px;""><img id=""left"" src=img/house_1.png style=""zoom: 100%;""/></td><td style=""width: 300px;""><img id=""right"" src=img/house_5.png style=""zoom: 100%;""/></td></tr></table></div><br>","","","74","","","","","","","","","","","","","","","","","","",""
"html-keyboard-response","16","392999","0.0-5.0-11.0","10604.844999994384","<p style=""font-size:24px;font-weight:bold"">TEST QUESTION</p><p>The blue house took you to the purple elf. </p><p> The purple elf only gave you 1 sack. </p><p> That is not very much and is a pretty bad outcome.</p><div class=group><table class=table_center><tr><td class=prompt colspan=3>You received</td></tr><tr style=""height: 300px;""><td><img src=img/elf_purple.png style=""zoom: 100%;""/></td><td><img src=img/sack.png style=""zoom: 30%;""/></td><td class=prompt>x 1</td></tr></table></div><br><p> Press space to continue </p>","","","32","","","","","","","","","","","","","","","","","","",""
"html-keyboard-response","17","402757","0.0-5.0-12.0","9754.914999997709","<p style=""font-size:24px;font-weight:bold"">TEST QUESTION</p><p>Remember the yellow elf gave you 8 sacks and the purple elf only gave you 1 sack. </p><p> Which elf would you try to visit next? </p><div class=group><table class=table_center><tr><td class=prompt colspan=2>Choose one</td></tr><tr style=""height: 300px;""><td style=""width: 300px;""><img id=""left"" src=img/elf_yellow.png style=""zoom: 100%;""/></td><td style=""width: 300px;""><img id=""right"" src=img/elf_purple.png style=""zoom: 100%;""/></td></tr></table></div><br>","","","70","","true","","","","","","","","","","","","","","","","",""
"html-keyboard-response","18","405760","0.0-5.0-13.0","null","<p style=""font-size:36px;font-weight:bold"">Correct!</p><p> Remember, you want to select the elf who gives you the most sacks.</p>","","","null","","","","","","","","","","","","","","","","","","",""
"html-keyboard-response","19","409262","0.0-5.0-14.0","3499.3149999936577","<p style=""font-size:24px;font-weight:bold"">TEST QUESTION</p><p>To visit the yellow elf, which house should you visit? </p><div class=group><table class=table_center><tr><td class=prompt colspan=2>Choose one</td></tr><tr style=""height: 300px;""><td style=""width: 300px;""><img id=""left"" src=img/house_1.png style=""zoom: 100%;""/></td><td style=""width: 300px;""><img id=""right"" src=img/house_5.png style=""zoom: 100%;""/></td></tr></table></div><br>","","","70","","true","","","","","","","","","","","","","","","","",""
"html-keyboard-response","20","412266","0.0-5.0-15.0","null","<p style=""font-size:36px;font-weight:bold"">Correct!</p><p>Remember, the same house goes to the same elf each time.</p>","","","null","","","","","","","","","","","","","","","","","","",""
"html-keyboard-response","21","418381","0.0-5.0-16.0","6112.219999995432","<p style=""font-size:36px;font-weight:bold"">You are ready to play!</p><p>The houses and elves in the actual game will be different than the practice. </p><p> Press the space bar to start the game</p>","","","32","","","","","","","","","","","","","","","","","","",""
"no-tradeoff-rwd","22","425229","0.0-6.0-0.0","","","","","","","","1","0","","","","3333.200000008219","","","3333.200000008219","32","32","null","","null","","",""
"no-tradeoff-rwd","23","435820","0.0-6.0-0.1","","","","","","","","1","6","0","img/house_6.png","img/house_4.png","228.69999999238644","1565.4349999967963","","228.69999999238644,1565.4349999967963","70","70,32","null","","null","","",""
"no-tradeoff-rwd","24","462496","0.0-6.0-0.2","","","","","","","","1","3","5","img/house_3.png","img/house_2.png","760.4300000093644","15192.190000001574","2447.020000006887","760.4300000093644,15192.190000001574,2447.020000006887","74","74,13,32","null","","enter","8 ","",""
"no-tradeoff-rwd","25","472537","0.0-6.0-0.3","","","","","","","","1","6","5","img/house_3.png","img/house_2.png","497.28500000492204","1009.0150000032736","","497.28500000492204,1009.0150000032736","74","74,32","null","","null","","",""
"no-tradeoff-rwd","26","478665","0.0-6.0-0.4","","","","","","","","1","0","","","","2615.265000000363","","","2615.265000000363","32","32","null","","null","","",""
"no-tradeoff-rwd","27","489121","0.0-6.0-0.5","","","","","","","","1","8","7","img/house_3.png","img/house_2.png","1219.6850000036648","1421.8399999954272","","1219.6850000036648,1421.8399999954272","70","70,32","null","","null","","",""
"no-tradeoff-rwd","28","503978","0.0-6.0-0.6","","","","","","","","1","8","6","img/house_4.png","img/house_6.png","631.1450000066543","4792.339999999967","1039.120000001276","631.1450000066543,4792.339999999967,1039.120000001276","74","74,13,32","null","","enter","8","",""
"no-tradeoff-rwd","29","512770","0.0-6.0-0.7","","","","","","","","1","7","9","img/house_2.png","img/house_3.png","460.7499999983702","1269.879999992554","","460.7499999983702,1269.879999992554","74","74,32","null","","null","","",""
"no-tradeoff-rwd","30","531532","0.0-6.0-0.8","","","","","","","","1","5","7","img/house_2.png","img/house_3.png","565.83999999566","846.4300000050571","10389.19000000169","565.83999999566,846.4300000050571,10389.19000000169","74","74,32,13","enter","8","null","","",""
"no-tradeoff-rwd","31","540105","0.0-6.0-0.9","","","","","","","","4","4","5","img/house_4.png","img/house_6.png","795.975000000908","1052.2899999923538","","795.975000000908,1052.2899999923538","70","70,32","null","","null","","",""
"no-tradeoff-rwd","32","554785","0.0-6.0-0.10","","","","","","","","1","6","8","img/house_3.png","img/house_2.png","673.2749999937369","5764.84000000346","1347.5849999958882","673.2749999937369,5764.84000000346,1347.5849999958882","70","70,13,32","null","","enter","8","",""
"no-tradeoff-rwd","33","563376","0.0-6.0-0.11","","","","","","","","4","4","7","img/house_3.png","img/house_2.png","575.9850000031292","1073.195000004489","","575.9850000031292,1073.195000004489","74","74,32","null","","null","","",""
"no-tradeoff-rwd","34","575357","0.0-6.0-0.12","","","","","","","","4","4","2","img/house_2.png","img/house_3.png","802.4500000028638","771.5150000003632","3645.7599999994272","802.4500000028638,771.5150000003632,3645.7599999994272","74","74,32,13","enter","7","null","","",""
"no-tradeoff-rwd","35","583686","0.0-6.0-0.13","","","","","","","","4","1","3","img/house_3.png","img/house_2.png","639.7600000054808","808.0899999913527","","639.7600000054808,808.0899999913527","74","74,32","null","","null","","",""
"no-tradeoff-rwd","36","598288","0.0-6.0-0.14","","","","","","","","1","0","1","img/house_4.png","img/house_6.png","723.054999994929","4444.980000000214","1128.7000000011176","723.054999994929,4444.980000000214,1128.7000000011176","70","70,13,32","null","","enter","3","",""
"no-tradeoff-rwd","37","606895","0.0-6.0-0.15","","","","","","","","1","3","4","img/house_6.png","img/house_4.png","505.0850000116043","1081.9199999968987","","505.0850000116043,1081.9199999968987","74","74,32","null","","null","","",""
"no-tradeoff-rwd","38","620367","0.0-6.0-0.16","","","","","","","","1","2","4","img/house_6.png","img/house_4.png","548.8699999987148","908.850000007078","1109.6699999907287","548.8699999987148,908.850000007078,1109.6699999907287,3324.6950000029756","74","74,70,32,13","enter","5","null","","",""
"no-tradeoff-rwd","39","626908","0.0-6.0-0.17","","","","","","","","4","0","","","","3023.529999991297","","","3023.529999991297","32","32","null","","null","","",""
"no-tradeoff-rwd","40","641994","0.0-6.0-0.18","","","","","","","","4","6","4","img/house_2.png","img/house_3.png","543.1099999987055","5014.185000007274","1041.3249999983236","543.1099999987055,5014.185000007274,1041.3249999983236","70","70,13,32","null","","enter","7","",""
"no-tradeoff-rwd","41","650201","0.0-6.0-0.19","","","","","","","","4","9","3","img/house_6.png","img/house_4.png","578.2299999991665","673.3349999994971","","578.2299999991665,673.3349999994971","74","74,32","null","","null","","",""
"no-tradeoff-rwd","42","663479","0.0-6.0-0.20","","","","","","","","4","7","3","img/house_6.png","img/house_4.png","537.8749999945285","843.0399999924703","4913.830000004964","537.8749999945285,843.0399999924703,4913.830000004964","74","74,32,13","enter","9 ","null","","",""
"no-tradeoff-rwd","43","671744","0.0-6.0-0.21","","","","","","","","1","8","4","img/house_6.png","img/house_4.png","678.2749999983935","724.2249999981141","","678.2749999983935,724.2249999981141","74","74,32","null","","null","","",""
"no-tradeoff-rwd","44","684731","0.0-6.0-0.22","","","","","","","","1","7","4","img/house_6.png","img/house_4.png","482.62500000419095","812.1800000080839","4518.244999999297","482.62500000419095,812.1800000080839,4518.244999999297,949.559999993653","74","74,70,13,32","null","","enter","1","",""
"no-tradeoff-rwd","45","693059","0.0-6.0-0.23","","","","","","","","4","9","2","img/house_6.png","img/house_4.png","765.7550000003539","787.3999999865191","","765.7550000003539,787.3999999865191","74","74,32","null","","null","","",""
"no-tradeoff-rwd","46","704913","0.0-6.0-0.24","","","","","","","","1","6","2","img/house_2.png","img/house_3.png","1378.324999997858","978.1649999931687","3351.825000005192","1378.324999997858,978.1649999931687,3351.825000005192","70","70,32,13","enter","5","null","","",""
"no-tradeoff-rwd","47","713289","0.0-6.0-0.25","","","","","","","","1","4","2","img/house_3.png","img/house_2.png","817.0400000090012","857.4250000092434","","817.0400000090012,857.4250000092434","74","74,32","null","","null","","",""
"no-tradeoff-rwd","48","727633","0.0-6.0-0.26","","","","","","","","4","0","7","img/house_2.png","img/house_3.png","729.9800000037067","4098.550000009709","1224.4599999976344","729.9800000037067,4098.550000009709,1224.4599999976344","70","70,13,32","null","","enter","5","",""
"no-tradeoff-rwd","49","735341","0.0-6.0-0.27","","","","","","","","4","3","7","img/house_6.png","img/house_4.png","1209.0800000005402","165.20499999751337","","1209.0800000005402,165.20499999751337","74","74,32","null","","null","","",""
"no-tradeoff-rwd","50","747579","0.0-6.0-0.28","","","","","","","","4","8","6","img/house_6.png","img/house_4.png","597.2750000073574","715.8300000010058","3997.980000000098","597.2750000073574,715.8300000010058,3997.980000000098","70","70,32,13","enter","9","null","","",""
"no-tradeoff-rwd","51","755329","0.0-6.0-0.29","","","","","","","","1","6","9","img/house_3.png","img/house_2.png","961.6150000074413","226.44499999296386","","961.6150000074413,226.44499999296386","74","74,32","null","","null","","",""
"no-tradeoff-rwd","52","768464","0.0-6.0-0.30","","","","","","","","4","8","7","img/house_6.png","img/house_4.png","604.1899999981979","3187.680000002729","914.1399999934947","604.1899999981979,3187.680000002729,914.1399999934947","74","74,13,32","null","","enter","9","",""
"no-tradeoff-rwd","53","776850","0.0-6.0-0.31","","","","","","","","4","7","5","img/house_3.png","img/house_2.png","890.8749999973224","865.8849999919767","","890.8749999973224,865.8849999919767","74","74,32","null","","null","","",""
"no-tradeoff-rwd","54","789820","0.0-6.0-0.32","","","","","","","","4","8","6","img/house_6.png","img/house_4.png","914.8700000077952","564.2149999912363","4885.415000011562","914.8700000077952,564.2149999912363,4885.415000011562","74","74,32,13","enter","9 ","null","","",""
"no-tradeoff-rwd","55","798125","0.0-6.0-0.33","","","","","","","","4","7","4","img/house_6.png","img/house_4.png","610.114999988582","780.3749999875436","","610.114999988582,780.3749999875436","74","74,32","null","","null","","",""
"no-tradeoff-rwd","56","811152","0.0-6.0-0.34","","","","","","","","4","5","9","img/house_3.png","img/house_2.png","1109.6399999951245","4414.200000013807","1094.4150000141235","1109.6399999951245,4414.200000013807,1094.4150000141235","74","74,13,32","null","","enter","8","",""
"no-tradeoff-rwd","57","818698","0.0-6.0-0.35","","","","","","","","4","3","8","img/house_3.png","img/house_2.png","1022.4599999928614","0.6250000005820766","","1022.4599999928614,0.6250000005820766","70","70,32","null","","null","","",""
"no-tradeoff-rwd","58","830505","0.0-6.0-0.36","","","","","","","","4","9","6","img/house_6.png","img/house_4.png","913.7049999990268","832.2299999999814","3453.3700000029057","913.7049999990268,832.2299999999814,3453.3700000029057","70","70,32,13","enter","9","null","","",""
"no-tradeoff-rwd","59","838642","0.0-6.0-0.37","","","","","","","","4","5","9","img/house_3.png","img/house_2.png","815.2750000008382","614.3150000134483","","815.2750000008382,614.3150000134483","70","70,32","null","","null","","",""
"no-tradeoff-rwd","60","851422","0.0-6.0-0.38","","","","","","","","4","8","0","img/house_6.png","img/house_4.png","906.1100000108127","3219.264999992447","508.61999999324325","906.1100000108127,3219.264999992447,508.61999999324325","74","74,13,32","null","","enter","9","",""
"no-tradeoff-rwd","61","859912","0.0-6.0-0.39","","","","","","","","1","6","3","img/house_6.png","img/house_4.png","751.2100000021746","945.3000000066822","","751.2100000021746,945.3000000066822","74","74,32","null","","null","","",""
"no-tradeoff-rwd","62","871505","0.0-6.0-0.40","","","","","","","","1","9","0","img/house_6.png","img/house_4.png","644.1049999993993","654.9150000064401","3420.140000001993","644.1049999993993,654.9150000064401,3420.140000001993","74","74,32,13","enter","8","null","","",""
"no-tradeoff-rwd","63","879658","0.0-6.0-0.41","","","","","","","","1","1","9","img/house_3.png","img/house_2.png","963.3049999974901","628.9950000063982","","963.3049999974901,628.9950000063982","70","70,32","null","","null","","",""
"no-tradeoff-rwd","64","893214","0.0-6.0-0.42","","","","","","","","1","7","1","img/house_6.png","img/house_4.png","1143.2200000126613","3264.6349999995437","1232.8249999991385","1143.2200000126613,3264.6349999995437,1232.8249999991385","74","74,13,32","null","","enter","9","",""
"no-tradeoff-rwd","65","901309","0.0-6.0-0.43","","","","","","","","4","6","2","img/house_6.png","img/house_4.png","1011.7999999929452","573.0949999997392","","1011.7999999929452,573.0949999997392","74","74,32","null","","null","","",""
"no-tradeoff-rwd","66","912274","0.0-6.0-0.44","","","","","","","","4","4","1","img/house_6.png","img/house_4.png","803.7499999918509","693.8699999882374","2747.990000003483","803.7499999918509,693.8699999882374,2747.990000003483","70","70,32,13","enter","9","null","","",""
"no-tradeoff-rwd","67","920668","0.0-6.0-0.45","","","","","","","","4","1","5","img/house_3.png","img/house_2.png","812.179999993532","846.0900000063702","","812.179999993532,846.0900000063702","70","70,32","null","","null","","",""
"no-tradeoff-rwd","68","932213","0.0-6.0-0.46","","","","","","","","1","7","4","img/house_2.png","img/house_3.png","1116.6450000018813","3095.9549999970477","927.2150000033434","1116.6450000018813,3095.9549999970477,927.2150000033434","70","70,13,32","null","","enter","5","",""
"no-tradeoff-rwd","69","940381","0.0-6.0-0.47","","","","","","","","1","4","5","img/house_2.png","img/house_3.png","584.789999993518","638.1800000090152","","584.789999993518,638.1800000090152","70","70,32","null","","null","","",""
"no-tradeoff-rwd","70","951767","0.0-6.0-0.48","","","","","","","","4","5","2","img/house_2.png","img/house_3.png","478.7650000071153","799.9200000049314","3060.8999999967637","478.7650000071153,799.9200000049314,3060.8999999967637","70","70,32,13","enter","9","null","","",""
"no-tradeoff-rwd","71","959888","0.0-6.0-0.49","","","","","","","","1","5","6","img/house_6.png","img/house_4.png","603.8850000040838","602.1350000082748","","603.8850000040838,602.1350000082748","70","70,32","null","","null","","",""
"no-tradeoff-rwd","72","972576","0.0-6.0-0.50","","","","","","","","1","6","9","img/house_2.png","img/house_3.png","1020.0749999930849","3659.4099999929313","1485.3650000004563","1020.0749999930849,3659.4099999929313,1485.3650000004563","70","70,13,32","null","","enter","6","",""
"no-tradeoff-rwd","73","980146","0.0-6.0-0.51","","","","","","","","4","7","7","img/house_3.png","img/house_2.png","1330.1199999987148","43.4699999896111","","1330.1199999987148,43.4699999896111","70","70,32","null","","null","","",""
"no-tradeoff-rwd","74","992330","0.0-6.0-0.52","","","","","","","","4","5","9","img/house_6.png","img/house_4.png","1072.8150000068126","916.1699999967823","3748.460000002524","1072.8150000068126,916.1699999967823,3748.460000002524","74","74,32,13","enter","7","null","","",""
"no-tradeoff-rwd","75","1000337","0.0-6.0-0.53","","","","","","","","1","4","6","img/house_6.png","img/house_4.png","646.3650000077905","487.7450000058161","","646.3650000077905,487.7450000058161","70","70,32","null","","null","","",""
"no-tradeoff-rwd","76","1011784","0.0-6.0-0.54","","","","","","","","4","2","4","img/house_2.png","img/house_3.png","921.4399999909801","3067.015000007814","846.5900000010151","921.4399999909801,3067.015000007814,846.5900000010151","70","70,13,32","null","","enter","7","",""
"no-tradeoff-rwd","77","1020144","0.0-6.0-0.55","","","","","","","","1","4","0","img/house_6.png","img/house_4.png","1111.7749999975786","840.5050000001211","","1111.7749999975786,840.5050000001211","74","74,32","null","","null","","",""
"no-tradeoff-rwd","78","1031448","0.0-6.0-0.56","","","","","","","","1","1","2","img/house_2.png","img/house_3.png","920.7949999981793","660.1449999870965","3110.88499998732","920.7949999981793,660.1449999870965,3110.88499998732","70","70,32,13","enter","8","null","","",""
"no-tradeoff-rwd","79","1041641","0.0-6.0-0.57","","","","","","","","1","5","4","img/house_2.png","img/house_3.png","768.6850000027334","1172.7350000001024","","768.6850000027334,1172.7350000001024","70","70,32","null","","null","","",""
"no-tradeoff-rwd","80","1058875","0.0-6.0-0.58","","","","","","","","1","5","2","img/house_6.png","img/house_4.png","1038.5749999987893","5263.164999996778","2943.175000007497","1038.5749999987893,5263.164999996778,2943.175000007497","74","74,13,32","null","","enter","8","",""
"no-tradeoff-rwd","81","1067207","0.0-6.0-0.59","","","","","","","","4","3","3","img/house_2.png","img/house_3.png","1070.0299999881536","809.1899999999441","","1070.0299999881536,809.1899999999441","70","70,32","null","","null","","",""
"no-tradeoff-rwd","82","1079918","0.0-6.0-0.60","","","","","","","","4","0","2","img/house_6.png","img/house_4.png","939.7899999895599","797.1350000007078","4349.1700000013225","939.7899999895599,797.1350000007078,4349.1700000013225","74","74,32,13","enter","7","null","","",""
"no-tradeoff-rwd","83","1088204","0.0-6.0-0.61","","","","","","","","4","2","3","img/house_6.png","img/house_4.png","720.6949999961071","763.9599999967031","","720.6949999961071,763.9599999967031","70","70,32","null","","null","","",""
"no-tradeoff-rwd","84","1101673","0.0-6.0-0.62","","","","","","","","4","3","4","img/house_6.png","img/house_4.png","1184.7850000050385","3525.2750000071246","918.0900000066031","1184.7850000050385,3525.2750000071246,918.0900000066031","74","74,13,32","null","","enter","8","",""
"no-tradeoff-rwd","85","1109825","0.0-6.0-0.63","","","","","","","","4","4","1","img/house_2.png","img/house_3.png","696.3749999995343","615.2049999947194","","696.3749999995343,615.2049999947194","74","74,32","null","","null","","",""
"no-tradeoff-rwd","86","1122396","0.0-6.0-0.64","","","","","","","","1","5","0","img/house_6.png","img/house_4.png","859.2999999963213","755.9999999939464","4286.084999999497","859.2999999963213,755.9999999939464,4286.084999999497","70","70,32,13","enter","5 ","null","","",""
"no-tradeoff-rwd","87","1130748","0.0-6.0-0.65","","","","","","","","4","2","8","img/house_4.png","img/house_6.png","944.8299999930896","827.1600000008475","","944.8299999930896,827.1600000008475","70","70,32","null","","null","","",""
"no-tradeoff-rwd","88","1142082","0.0-6.0-0.66","","","","","","","","1","5","7","img/house_4.png","img/house_6.png","1168.9049999983981","2963.2399999974295","782.3799999896437","1168.9049999983981,2963.2399999974295,782.3799999896437","74","74,13,32","null","","enter","5","",""
"no-tradeoff-rwd","89","1150444","0.0-6.0-0.67","","","","","","","","4","7","7","img/house_4.png","img/house_6.png","887.2100000008941","810.1900000036694","","887.2100000008941,810.1900000036694","70","70,32","null","","null","","",""
"no-tradeoff-rwd","90","1168894","0.0-6.0-0.68","","","","","","","","4","9","8","img/house_2.png","img/house_3.png","948.1749999977183","649.730000004638","10277.589999997756","948.1749999977183,649.730000004638,10277.589999997756","70","70,32,13","enter","6 ","null","","",""
"no-tradeoff-rwd","91","1177258","0.0-6.0-0.69","","","","","","","","4","6","8","img/house_6.png","img/house_4.png","836.9700000039302","838.7050000019372","","836.9700000039302,838.7050000019372","70","70,32","null","","null","","",""
"no-tradeoff-rwd","92","1193511","0.0-6.0-0.70","","","","","","","","1","3","8","img/house_3.png","img/house_2.png","881.5200000097975","4906.5050000064075","2317.464999999851","881.5200000097975,4906.5050000064075,2317.464999999851","74","74,13,32","null","","enter","5 ","",""
"no-tradeoff-rwd","93","1201689","0.0-6.0-0.71","","","","","","","","4","6","4","img/house_2.png","img/house_3.png","1103.0500000054017","642.6450000000186","","1103.0500000054017,642.6450000000186","70","70,32","null","","null","","",""
"no-tradeoff-rwd","94","1208069","0.0-6.0-0.72","","","","","","","","1","0","","","","2815.0400000012014","","","2815.0400000012014","32","32","null","","null","","",""
"no-tradeoff-rwd","95","1216562","0.0-6.0-0.73","","","","","","","","1","7","0","img/house_2.png","img/house_3.png","677.5550000020303","978.6250000032596","","677.5550000020303,978.6250000032596","70","70,32","null","","null","","",""
"no-tradeoff-rwd","96","1232222","0.0-6.0-0.74","","","","","","","","4","9","1","img/house_2.png","img/house_3.png","633.6750000047032","6865.919999996666","1273.8749999988358","633.6750000047032,6865.919999996666,1273.8749999988358","74","74,13,32","null","","enter","6 ","",""
"no-tradeoff-rwd","97","1240330","0.0-6.0-0.75","","","","","","","","1","7","1","img/house_6.png","img/house_4.png","614.6999999911059","585.0250000078231","","614.6999999911059,585.0250000078231","70","70,32","null","","null","","",""
"no-tradeoff-rwd","98","1252295","0.0-6.0-0.76","","","","","","","","4","0","5","img/house_3.png","img/house_2.png","654.500000004191","871.7849999954924","3574.89000000339","654.500000004191,871.7849999954924,3574.89000000339","70","70,32,13","enter","7","null","","",""
"no-tradeoff-rwd","99","1259931","0.0-6.0-0.77","","","","","","","","1","3","2","img/house_2.png","img/house_3.png","1382.385000004433","85.82999999634922","","1382.385000004433,85.82999999634922","70","70,32","null","","null","","",""
"no-tradeoff-rwd","100","1275371","0.0-6.0-0.78","","","","","","","","1","2","1","img/house_2.png","img/house_3.png","621.7999999935273","5878.859999997076","505.56499999947846","621.7999999935273,5878.859999997076,505.56499999947846","70","70,13,32","null","","enter","6","",""
"no-tradeoff-rwd","101","1283641","0.0-6.0-0.79","","","","","","","","4","2","1","img/house_2.png","img/house_3.png","648.050000003539","706.3849999979138","","648.050000003539,706.3849999979138","70","70,32","null","","null","","",""
"no-tradeoff-rwd","102","1295728","0.0-6.0-0.80","","","","","","","","4","6","1","img/house_6.png","img/house_4.png","550.2200000043958","916.3450000053272","3645.5700000077486","550.2200000043958,916.3450000053272,3645.5700000077486","74","74,32,13","enter","6","null","","",""
"no-tradeoff-rwd","103","1304695","0.0-6.0-0.81","","","","","","","","1","1","8","img/house_4.png","img/house_6.png","942.9399999936577","1448.714999991469","","942.9399999936577,1448.714999991469","74","74,32","null","","null","","",""
"no-tradeoff-rwd","104","1321410","0.0-6.0-0.82","","","","","","","","4","9","1","img/house_6.png","img/house_4.png","667.8799999936018","5077.940000002738","2609.150000003865","667.8799999936018,5077.940000002738,2609.150000003865","70","70,13,32","null","","enter","6","",""
"no-tradeoff-rwd","105","1329409","0.0-6.0-0.83","","","","","","","","1","7","1","img/house_6.png","img/house_4.png","940.0349999924656","469.36999999172986","","940.0349999924656,469.36999999172986","74","74,32","null","","null","","",""
"no-tradeoff-rwd","106","1344034","0.0-6.0-0.84","","","","","","","","4","1","8","img/house_3.png","img/house_2.png","738.2150000049733","785.6000000028871","6317.9899999958","738.2150000049733,785.6000000028871,6317.9899999958","74","74,32,13","enter","7","null","","",""
"no-tradeoff-rwd","107","1355199","0.0-6.0-0.85","","","","","","","","4","8","2","img/house_2.png","img/house_3.png","659.5999999991618","2146.4399999969173","","659.5999999991618,2146.4399999969173","70","70,32","null","","null","","",""
"no-tradeoff-rwd","108","1372081","0.0-6.0-0.86","","","","","","","","1","8","3","img/house_6.png","img/house_4.png","529.4200000064448","6362.609999996377","1494.1450000042096","529.4200000064448,6362.609999996377,1494.1450000042096","70","70,13,32","null","","enter","7 ","",""
"no-tradeoff-rwd","109","1380326","0.0-6.0-0.87","","","","","","","","1","8","4","img/house_6.png","img/house_4.png","630.6450000121258","725.8399999989197","","630.6450000121258,725.8399999989197","70","70,32","null","","null","","",""
"no-tradeoff-rwd","110","1393115","0.0-6.0-0.88","","","","","","","","1","6","3","img/house_6.png","img/house_4.png","891.1799999915529","668.3250000062399","4589.0100000107195","891.1799999915529,668.3250000062399,4589.0100000107195","74","74,32,13","enter","7","null","","",""
"no-tradeoff-rwd","111","1401230","0.0-6.0-0.89","","","","","","","","4","5","3","img/house_6.png","img/house_4.png","700.7750000050291","595.4550000024028","","700.7750000050291,595.4550000024028","74","74,32","null","","null","","",""
"no-tradeoff-rwd","112","1412912","0.0-6.0-0.90","","","","","","","","4","6","0","img/house_2.png","img/house_3.png","1001.1749999974854","3228.9149999998044","893.6099999991711","1001.1749999974854,3228.9149999998044,893.6099999991711","70","70,13,32","null","","enter","7","",""
"no-tradeoff-rwd","113","1421000","0.0-6.0-0.91","","","","","","","","1","4","0","img/house_6.png","img/house_4.png","662.4149999988731","565.0500000047032","","662.4149999988731,565.0500000047032","74","74,32","null","","null","","",""
"no-tradeoff-rwd","114","1436265","0.0-6.0-0.92","","","","","","","","4","0","3","img/house_3.png","img/house_2.png","639.6249999960419","1196.595000001369","5045.734999992419","639.6249999960419,1196.595000001369,5045.734999992419","74","74,32,13","enter","7","null","","",""
"no-tradeoff-rwd","115","1444402","0.0-6.0-0.93","","","","","","","","4","2","2","img/house_2.png","img/house_3.png","527.7100000095088","613.4900000032503","","527.7100000095088,613.4900000032503","70","70,32","null","","null","","",""
"no-tradeoff-rwd","116","1456591","0.0-6.0-0.94","","","","","","","","4","5","1","img/house_6.png","img/house_4.png","520.4700000029989","3808.6949999998324","846.9000000040978","520.4700000029989,3808.6949999998324,846.9000000040978","74","74,13,32","null","","enter","8","",""
"no-tradeoff-rwd","117","1464784","0.0-6.0-0.95","","","","","","","","1","1","7","img/house_3.png","img/house_2.png","648.1999999959953","655.4650000035763","","648.1999999959953,655.4650000035763","70","70,32","null","","null","","",""
"no-tradeoff-rwd","118","1478098","0.0-6.0-0.96","","","","","","","","1","8","0","img/house_2.png","img/house_3.png","682.9149999974761","757.3399999965914","3530.785000009928","682.9149999974761,757.3399999965914,3530.785000009928","74","74,32,13","enter","7","null","","",""
"no-tradeoff-rwd","119","1486250","0.0-6.0-0.97","","","","","","","","4","7","2","img/house_6.png","img/house_4.png","659.2700000037439","596.3449999978766","","659.2700000037439,596.3449999978766","70","70,32","null","","null","","",""
"no-tradeoff-rwd","120","1497577","0.0-6.0-0.98","","","","","","","","4","3","7","img/house_3.png","img/house_2.png","681.2300000020768","3042.0550000127405","766.9400000013411","681.2300000020768,3042.0550000127405,766.9400000013411","74","74,13,32","null","","enter","7","",""
"no-tradeoff-rwd","121","1505784","0.0-6.0-0.99","","","","","","","","4","6","1","img/house_6.png","img/house_4.png","550.3900000040885","674.0200000058394","","550.3900000040885,674.0200000058394","70","70,32","null","","null","","",""
"no-tradeoff-rwd","122","1516689","0.0-6.0-0.100","","","","","","","","4","4","3","img/house_2.png","img/house_3.png","718.155000009574","591.5700000040233","2781.1650000077207","718.155000009574,591.5700000040233,2781.1650000077207","74","74,32,13","enter","7","null","","",""
"no-tradeoff-rwd","123","1524864","0.0-6.0-0.101","","","","","","","","4","9","3","img/house_2.png","img/house_3.png","823.9250000042375","649.2550000112969","","823.9250000042375,649.2550000112969","74","74,32","null","","null","","",""
"no-tradeoff-rwd","124","1537544","0.0-6.0-0.102","","","","","","","","4","9","1","img/house_2.png","img/house_3.png","810.4000000022352","3698.789999994915","1461.0200000025798","810.4000000022352,3698.789999994915,1461.0200000025798","74","74,13,32","null","","enter","7","",""
"no-tradeoff-rwd","125","1545638","0.0-6.0-0.103","","","","","","","","1","8","2","img/house_6.png","img/house_4.png","798.6800000071526","567.230000000447","","798.6800000071526,567.230000000447","74","74,32","null","","null","","",""
"no-tradeoff-rwd","126","1556891","0.0-6.0-0.104","","","","","","","","4","9","1","img/house_6.png","img/house_4.png","586.9549999916926","157.27999999956228","3570.674999995157","586.9549999916926,157.27999999956228,3570.674999995157","74","74,32,13","enter","7","null","","",""
"no-tradeoff-rwd","127","1565187","0.0-6.0-0.105","","","","","","","","4","7","0","img/house_6.png","img/house_4.png","611.414999992121","754.969999994617","","611.414999992121,754.969999994617","74","74,32","null","","null","","",""
"no-tradeoff-rwd","128","1578028","0.0-6.0-0.106","","","","","","","","4","6","0","img/house_6.png","img/house_4.png","640.5899999954272","4577.210000003222","733.4499999997206","640.5899999954272,4577.210000003222,733.4499999997206","70","70,13,32","null","","enter","8","",""
"no-tradeoff-rwd","129","1586208","0.0-6.0-0.107","","","","","","","","1","1","6","img/house_3.png","img/house_2.png","793.1500000122469","659.6600000048056","","793.1500000122469,659.6600000048056","70","70,32","null","","null","","",""
"no-tradeoff-rwd","130","1597992","0.0-6.0-0.108","","","","","","","","1","8","1","img/house_2.png","img/house_3.png","693.2850000010803","1159.030000009574","3093.64500000095","693.2850000010803,1159.030000009574,3093.64500000095","74","74,32,13","enter","8","null","","",""
"no-tradeoff-rwd","131","1608399","0.0-6.0-0.109","","","","","","","","4","8","1","img/house_6.png","img/house_4.png","791.5849999990314","1375.0549999966752","","791.5849999990314,1375.0549999966752","70","70,32","null","","null","","",""
"no-tradeoff-rwd","132","1620026","0.0-6.0-0.110","","","","","","","","4","2","8","img/house_3.png","img/house_2.png","706.3349999953061","3026.805000001332","1062.2650000003632","706.3349999953061,3026.805000001332,1062.2650000003632","74","74,13,32","null","","enter","8","",""
"no-tradeoff-rwd","133","1628224","0.0-6.0-0.111","","","","","","","","1","8","4","img/house_6.png","img/house_4.png","870.9300000048243","661.7450000050012","","870.9300000048243,661.7450000050012","74","74,32","null","","null","","",""
"no-tradeoff-rwd","134","1639566","0.0-6.0-0.112","","","","","","","","1","2","9","img/house_3.png","img/house_2.png","776.7300000120886","584.0850000095088","3219.424999988405","776.7300000120886,584.0850000095088,3219.424999988405","70","70,32,13","enter","5","null","","",""
"no-tradeoff-rwd","135","1648067","0.0-6.0-0.113","","","","","","","","1","8","1","img/house_6.png","img/house_4.png","769.5799999928568","980.9099999985192","","769.5799999928568,980.9099999985192","70","70,32","null","","null","","",""
"no-tradeoff-rwd","136","1660900","0.0-6.0-0.114","","","","","","","","1","7","1","img/house_2.png","img/house_3.png","1000.1900000062305","4458.599999997998","830.9949999968521","1000.1900000062305,4458.599999997998,830.9949999968521","74","74,13,32","null","","enter","6","",""
"no-tradeoff-rwd","137","1668992","0.0-6.0-0.115","","","","","","","","4","9","1","img/house_6.png","img/house_4.png","492.7500000046566","572.0500000026077","","492.7500000046566,572.0500000026077","74","74,32","null","","null","","",""
"no-tradeoff-rwd","138","1681776","0.0-6.0-0.116","","","","","","","","1","9","2","img/house_2.png","img/house_3.png","442.2800000028219","516.7400000062771","3197.2999999998137","442.2800000028219,516.7400000062771,3197.2999999998137","70","70,32,13","enter","7","null","","",""
"no-tradeoff-rwd","139","1690025","0.0-6.0-0.117","","","","","","","","4","8","1","img/house_2.png","img/house_3.png","648.929999995511","693.859999999404","","648.929999995511,693.859999999404","70","70,32","null","","null","","",""
"no-tradeoff-rwd","140","1702813","0.0-6.0-0.118","","","","","","","","1","6","1","img/house_2.png","img/house_3.png","702.154999991646","3578.4500000008848","186.5350000008475","702.154999991646,3578.4500000008848,186.5350000008475","70","70,13,32","null","","enter","7","",""
"no-tradeoff-rwd","141","1711088","0.0-6.0-0.119","","","","","","","","4","8","1","img/house_2.png","img/house_3.png","738.5349999966566","755.4400000080932","","738.5349999966566,755.4400000080932","70","70,32","null","","null","","",""
"call-function","142","1711090","0.0-7.0","","","","","","","","","","","","","","","","","","","","","","","",""
"html-keyboard-response","143","1714391","0.0-8.0","3295.194999998668","<p>Now you will play the second game!</p><p>Press the space bar to begin reading the instructions for the second game.</p>","","","32","","","","","","","","","","","","","","","","","","",""
"instructions","144","2037320","0.0-9.0","322927.60499998997","","","","","[{""page_index"":0,""viewing_time"":20630.83999999799},{""page_index"":1,""viewing_time"":102490.20000000019},{""page_index"":2,""viewing_time"":148972.03999999329},{""page_index"":3,""viewing_time"":8784.14499999769},{""page_index"":4,""viewing_time"":17900.20000000391},{""page_index"":5,""viewing_time"":7607.745000001043},{""page_index"":6,""viewing_time"":4999.330000006128},{""page_index"":7,""viewing_time"":9062.039999989793},{""page_index"":8,""viewing_time"":2479.3700000008103}]","","","","","","","","","","","","","","","","","",""
"html-keyboard-response","145","2046957","0.0-10.0-0.0","9633.900000000605","<p style=""font-size:24px;font-weight:bold"">TEST QUESTION</p><p>Which letter should you press to select the green tree on the left?</p><div class=group><table class=table_center><tr><td class=prompt colspan=2>Choose one</td></tr><tr style=""height: 300px;""><td style=""width: 300px;""><img id=""left"" src=img/tree_3.png style=""zoom: 100%;""/></td><td style=""width: 300px;""><img id=""right"" src=img/tree_7.png style=""zoom: 100%;""/></td></tr></table></div><br>","","","74","","false","","","","","","","","","","","","","","","","",""
"html-keyboard-response","146","2049962","0.0-10.0-1.0","null","<p style=""font-size:36px;font-weight:bold"">Wrong answer.</p><p> Remember, press ""F"" for left and ""J"" for right.</p>","","","null","","","","","","","","","","","","","","","","","","",""
"html-keyboard-response","147","2053556","0.0-10.0-2.0","3591.8649999946356","<p style=""font-size:24px;font-weight:bold"">TEST QUESTION</p><p>Which letter should you press to select the red tree on the right?</p><div class=group><table class=table_center><tr><td class=prompt colspan=2>Choose one</td></tr><tr style=""height: 300px;""><td style=""width: 300px;""><img id=""left"" src=img/tree_3.png style=""zoom: 100%;""/></td><td style=""width: 300px;""><img id=""right"" src=img/tree_7.png style=""zoom: 100%;""/></td></tr></table></div><br>","","","70","","false","","","","","","","","","","","","","","","","",""
"html-keyboard-response","148","2056558","0.0-10.0-3.0","null","<p style=""font-size:36px;font-weight:bold"">Wrong answer.</p><p> Remember, press ""F"" for left and ""J"" for right.</p>","","","null","","","","","","","","","","","","","","","","","","",""
"html-keyboard-response","149","2062380","0.0-10.0-4.0","5820.169999991776","<p style=""font-size:24px;font-weight:bold"">TEST QUESTION</p><p>Type the number of the <b> maximum </b> amount of shields an gnome can make</p>","","","57","","true","","","","","","","","","","","","","","","","",""
"html-keyboard-response","150","2065385","0.0-10.0-5.0","null","<p style=""font-size:36px;font-weight:bold"">Correct!</p><p> Remember, gnomes can make 0 to 9 shields. </p>","","","null","","","","","","","","","","","","","","","","","","",""
"html-keyboard-response","151","2076406","0.0-10.0-6.0","11017.970000000903","<p style=""font-size:24px;font-weight:bold"">TEST QUESTION</p><p>Remember, the same tree always takes you to the same gnome. </p><p>On this trial, select the tree on the left by pressing ""F"".</p><div class=group><table class=table_center><tr><td class=prompt colspan=2>Choose one</td></tr><tr style=""height: 300px;""><td style=""width: 300px;""><img id=""left"" src=img/tree_1.png style=""zoom: 100%;""/></td><td style=""width: 300px;""><img id=""right"" src=img/tree_2.png style=""zoom: 100%;""/></td></tr></table></div><br>","","","70","","","","","","","","","","","","","","","","","","",""
"html-keyboard-response","152","2089237","0.0-10.0-7.0","12828.495000008726","<p style=""font-size:24px;font-weight:bold"">TEST QUESTION</p><p>The orange tree took you to the green gnome. </p><p> The green gnome gave you 8 shields. </p><p> The most shields a gnome can make is 9 shields, so this is a great outcome!</p><div class=group><table class=table_center><tr><td class=prompt colspan=3>You received</td></tr><tr style=""height: 300px;""><td><img src=img/gnome_green.png style=""zoom: 100%;""/></td><td><img src=img/shield.png style=""zoom: 30%;""/></td><td class=prompt>x 8</td></tr></table></div><br><p> Press space to continue </p>","","","32","","","","","","","","","","","","","","","","","","",""
"html-keyboard-response","153","2100254","0.0-10.0-8.0","11014.9850000015","<p style=""font-size:24px;font-weight:bold"">TEST QUESTION</p><p>If you wanted to visit the <b> green gnome </b> again, which tree would you select?</p><div class=group><table class=table_center><tr><td class=prompt colspan=2>Choose one</td></tr><tr style=""height: 300px;""><td style=""width: 300px;""><img id=""left"" src=img/tree_1.png style=""zoom: 100%;""/></td><td style=""width: 300px;""><img id=""right"" src=img/tree_2.png style=""zoom: 100%;""/></td></tr></table></div><br>","","","74","","false","","","","","","","","","","","","","","","","",""
"html-keyboard-response","154","2102317","0.0-10.0-9.0","2060.645000005141","<p style=""font-size:36px;font-weight:bold"">Wrong answer.</p><p> Remember, the same tree goes to the same gnome. You would select the orange tree to visit the green gnome.</p>","","","32","","","","","","","","","","","","","","","","","","",""
"html-keyboard-response","155","2109180","0.0-10.0-10.0","6859.194999997038","<p style=""font-size:24px;font-weight:bold"">TEST QUESTION</p><p>On this trial, select the tree on the right by pressing ""J"".</p><div class=group><table class=table_center><tr><td class=prompt colspan=2>Choose one</td></tr><tr style=""height: 300px;""><td style=""width: 300px;""><img id=""left"" src=img/tree_1.png style=""zoom: 100%;""/></td><td style=""width: 300px;""><img id=""right"" src=img/tree_2.png style=""zoom: 100%;""/></td></tr></table></div><br>","","","74","","","","","","","","","","","","","","","","","","",""
"html-keyboard-response","156","2117614","0.0-10.0-11.0","8433.145000002813","<p style=""font-size:24px;font-weight:bold"">TEST QUESTION</p><p>The blue tree took you to the purple gnome. </p><p> The purple gnome only gave you 1 shield. </p><p> That is not very much and is a pretty bad outcome.</p><div class=group><table class=table_center><tr><td class=prompt colspan=3>You received</td></tr><tr style=""height: 300px;""><td><img src=img/gnome_purple.png style=""zoom: 100%;""/></td><td><img src=img/shield.png style=""zoom: 30%;""/></td><td class=prompt>x 1</td></tr></table></div><br><p> Press space to continue </p>","","","32","","","","","","","","","","","","","","","","","","",""
"html-keyboard-response","157","2125901","0.0-10.0-12.0","8283.645000002813","<p style=""font-size:24px;font-weight:bold"">TEST QUESTION</p><p>Remember the green gnome gave you 8 shields and the purple gnome only gave you 1 shield. </p><p> Which gnome would you try to visit next? </p><div class=group><table class=table_center><tr><td class=prompt colspan=2>Choose one</td></tr><tr style=""height: 300px;""><td style=""width: 300px;""><img id=""left"" src=img/gnome_green.png style=""zoom: 100%;""/></td><td style=""width: 300px;""><img id=""right"" src=img/gnome_purple.png style=""zoom: 100%;""/></td></tr></table></div><br>","","","70","","true","","","","","","","","","","","","","","","","",""
"html-keyboard-response","158","2127836","0.0-10.0-13.0","1933.544999992475","<p style=""font-size:36px;font-weight:bold"">Correct!</p><p> Remember, you want to select the gnome who gives you the most shields.</p>","","","32","","","","","","","","","","","","","","","","","","",""
"html-keyboard-response","159","2141415","0.0-10.0-14.0","13575.639999995474","<p style=""font-size:24px;font-weight:bold"">TEST QUESTION</p><p>To visit the green gnome, which tree should you visit? </p><div class=group><table class=table_center><tr><td class=prompt colspan=2>Choose one</td></tr><tr style=""height: 300px;""><td style=""width: 300px;""><img id=""left"" src=img/tree_1.png style=""zoom: 100%;""/></td><td style=""width: 300px;""><img id=""right"" src=img/tree_2.png style=""zoom: 100%;""/></td></tr></table></div><br>","","","70","","true","","","","","","","","","","","","","","","","",""
"html-keyboard-response","160","2144418","0.0-10.0-15.0","null","<p style=""font-size:36px;font-weight:bold"">Correct!</p><p>Remember, the same tree goes to the same gnome each time.</p>","","","null","","","","","","","","","","","","","","","","","","",""
"html-keyboard-response","161","2144578","0.0-10.0-16.0","158.93000000482425","<p style=""font-size:36px;font-weight:bold"">You are ready to play!</p><p>The trees and gnomes in the actual game will be different than the practice. </p><p> Press space to start the game</p>","","","32","","","","","","","","","","","","","","","","","","",""
"no-tradeoff","162","2158456","0.0-11.0-0.0","","","","","","","","1","2","8","img/tree_3.png","img/tree_7.png","1287.284999998752","79.75999999325722","6277.650000003632","1287.284999998752,79.75999999325722,6277.650000003632","70","70,32,13","enter","8","null","","",""
"no-tradeoff","163","2164754","0.0-11.0-0.1","","","","","","","","4","0","","","","2772.9649999965914","","","2772.9649999965914","32","32","null","","null","","",""
"no-tradeoff","164","2178071","0.0-11.0-0.2","","","","","","","","1","3","5","img/tree_8.png","img/tree_9.png","542.1399999908172","4736.324999990873","1060.2599999983795","542.1399999908172,4736.324999990873,1060.2599999983795","74","74,13,32","null","","enter","6","",""
"no-tradeoff","165","2186607","0.0-11.0-0.3","","","","","","","","4","5","2","img/tree_7.png","img/tree_3.png","693.0500000016764","1014.8000000044703","","693.0500000016764,1014.8000000044703","74","74,32","null","","null","","",""
"no-tradeoff","166","2198048","0.0-11.0-0.4","","","","","","","","1","6","1","img/tree_8.png","img/tree_9.png","523.8950000060722","725.5500000030734","3187.5850000069477","523.8950000060722,725.5500000030734,3187.5850000069477","70","70,32,13","enter","3","null","","",""
"no-tradeoff","167","2206398","0.0-11.0-0.5","","","","","","","","4","1","4","img/tree_9.png","img/tree_8.png","734.7949999966659","827.3250000057742","","734.7949999966659,827.3250000057742","70","70,32","null","","null","","",""
"no-tradeoff","168","2221299","0.0-11.0-0.6","","","","","","","","1","3","6","img/tree_3.png","img/tree_7.png","746.3850000062957","5042.694999996573","806.6650000107475","746.3850000062957,5042.694999996573,806.6650000107475","70","70,13,32","null","","enter","3 ","",""
"no-tradeoff","169","2229415","0.0-11.0-0.7","","","","","","","","1","4","6","img/tree_9.png","img/tree_8.png","844.4949999973178","596.1199999870732","","844.4949999973178,596.1199999870732","74","74,32","null","","null","","",""
"no-tradeoff","170","2240409","0.0-11.0-0.8","","","","","","","","1","8","6","img/tree_9.png","img/tree_8.png","434.4750000014901","524.8449999927543","2948.2199999913573","434.4750000014901,524.8449999927543,2948.2199999913573","74","74,32,13","enter","8","null","","",""
"no-tradeoff","171","2248593","0.0-11.0-0.9","","","","","","","","1","4","6","img/tree_9.png","img/tree_8.png","701.839999994263","663.4449999979697","","701.839999994263,663.4449999979697","70","70,32","null","","null","","",""
"no-tradeoff","172","2260035","0.0-11.0-0.10","","","","","","","","4","4","3","img/tree_7.png","img/tree_3.png","1112.3149999910966","3248.7499999990687","657.6700000003912","1112.3149999910966,3248.7499999990687,657.6700000003912","70","70,13,32","null","","enter","8","",""
"no-tradeoff","173","2268040","0.0-11.0-0.11","","","","","","","","1","6","2","img/tree_8.png","img/tree_9.png","611.6150000011548","473.26499999314547","","611.6150000011548,473.26499999314547","74","74,32","null","","null","","",""
"no-tradeoff","174","2281250","0.0-11.0-0.12","","","","","","","","1","6","1","img/tree_8.png","img/tree_9.png","825.6850000037812","685.8150000046007","4987.8100000061095","825.6850000037812,685.8150000046007,4987.8100000061095","74","74,32,13","enter","6","null","","",""
"no-tradeoff","175","2289401","0.0-11.0-0.13","","","","","","","","4","9","1","img/tree_8.png","img/tree_9.png","747.3150000004098","621.6149999964982","","747.3150000004098,621.6149999964982","74","74,32","null","","null","","",""
"no-tradeoff","176","2301773","0.0-11.0-0.14","","","","","","","","1","1","8","img/tree_9.png","img/tree_8.png","730.3049999899231","3659.6850000061095","1190.4800000051036","730.3049999899231,3659.6850000061095,1190.4800000051036","70","70,13,32","null","","enter","3","",""
"no-tradeoff","177","2309954","0.0-11.0-0.15","","","","","","","","1","7","6","img/tree_7.png","img/tree_3.png","668.4000000096858","660.2649999982677","","668.4000000096858,660.2649999982677","74","74,32","null","","null","","",""
"no-tradeoff","178","2320840","0.0-11.0-0.16","","","","","","","","4","4","5","img/tree_9.png","img/tree_8.png","720.7449999987148","626.4599999999627","2741.1950000096112","720.7449999987148,626.4599999999627,2741.1950000096112","74","74,32,13","enter","3","null","","",""
"no-tradeoff","179","2328885","0.0-11.0-0.17","","","","","","","","1","6","3","img/tree_7.png","img/tree_3.png","646.945000000298","487.60999999661","","646.945000000298,487.60999999661","74","74,32","null","","null","","",""
"no-tradeoff","180","2340886","0.0-11.0-0.18","","","","","","","","4","1","4","img/tree_9.png","img/tree_8.png","817.3600000008009","2883.1000000066124","84.6699999962002","817.3600000008009,2883.1000000066124,84.6699999962002","70","70,13,32","null","","enter","3","",""
"no-tradeoff","181","2348914","0.0-11.0-0.19","","","","","","","","1","5","4","img/tree_7.png","img/tree_3.png","607.3000000030734","505.7300000041723","","607.3000000030734,505.7300000041723","74","74,32","null","","null","","",""
"no-tradeoff","182","2360526","0.0-11.0-0.20","","","","","","","","4","0","6","img/tree_3.png","img/tree_7.png","675.14500000095","893.4000000008382","3189.285000000149","675.14500000095,893.4000000008382,3189.285000000149","74","74,32,13","enter","6","null","","",""
"no-tradeoff","183","2368763","0.0-11.0-0.21","","","","","","","","4","3","1","img/tree_8.png","img/tree_9.png","653.9150000023656","681.0299999923445","","653.9150000023656,681.0299999923445","74","74,32","null","","null","","",""
"no-tradeoff","184","2384120","0.0-11.0-0.22","","","","","","","","1","1","5","img/tree_3.png","img/tree_7.png","542.2699999907054","4391.675000006333","1943.6450000065379","542.2699999907054,4391.675000006333,1943.6450000065379","70","70,13,32","null","","enter","3","",""
"no-tradeoff","185","2392206","0.0-11.0-0.23","","","","","","","","4","4","2","img/tree_8.png","img/tree_9.png","604.1699999910779","558.64000000339","","604.1699999910779,558.64000000339","70","70,32","null","","null","","",""
"no-tradeoff","186","2403352","0.0-11.0-0.24","","","","","","","","4","3","2","img/tree_8.png","img/tree_9.png","628.2099999953061","667.5550000076182","2958.0550000099465","628.2099999953061,667.5550000076182,2958.0550000099465","74","74,32,13","enter","6","null","","",""
"no-tradeoff","187","2411575","0.0-11.0-0.25","","","","","","","","1","2","5","img/tree_3.png","img/tree_7.png","601.3499999972992","706.3600000110455","","601.3499999972992,706.3600000110455","74","74,32","null","","null","","",""
"no-tradeoff","188","2424771","0.0-11.0-0.26","","","","","","","","1","2","4","img/tree_7.png","img/tree_3.png","762.8600000026636","4227.585000000428","1444.1899999948218","762.8600000026636,4227.585000000428,1444.1899999948218","70","70,13,32","null","","enter","3","",""
"no-tradeoff","189","2432929","0.0-11.0-0.27","","","","","","","","4","4","2","img/tree_9.png","img/tree_8.png","1026.519999999553","617.7949999980628","","1026.519999999553,617.7949999980628","74","74,32","null","","null","","",""
"no-tradeoff","190","2444390","0.0-11.0-0.28","","","","","","","","4","9","1","img/tree_9.png","img/tree_8.png","695.5400000005029","881.3550000051036","3047.04999999376","695.5400000005029,881.3550000051036,3047.04999999376","74","74,32,13","enter","6","null","","",""
"no-tradeoff","191","2452620","0.0-11.0-0.29","","","","","","","","1","9","1","img/tree_9.png","img/tree_8.png","671.7250000075437","705.4749999954365","","671.7250000075437,705.4749999954365","70","70,32","null","","null","","",""
"no-tradeoff","192","2466432","0.0-11.0-0.30","","","","","","","","1","6","2","img/tree_9.png","img/tree_8.png","951.5900000114925","4818.639999997802","1461.1350000048988","951.5900000114925,4818.639999997802,1461.1350000048988","74","74,13,32","null","","enter","3 ","",""
"no-tradeoff","193","2474394","0.0-11.0-0.31","","","","","","","","1","3","8","img/tree_7.png","img/tree_3.png","456.01500000339","440.0949999978766","","456.01500000339,440.0949999978766","74","74,32","null","","null","","",""
"no-tradeoff","194","2489119","0.0-11.0-0.32","","","","","","","","1","8","4","img/tree_9.png","img/tree_8.png","694.4450000007637","1680.9150000046939","4022.369999991264","694.4450000007637,1680.9150000046939,4022.369999991264","70","70,32,13","enter","3 ","null","","",""
"no-tradeoff","195","2497297","0.0-11.0-0.33","","","","","","","","4","2","8","img/tree_7.png","img/tree_3.png","583.4099999917671","638.3199999979697","","583.4099999917671,638.3199999979697","74","74,32","null","","null","","",""
"no-tradeoff","196","2509697","0.0-11.0-0.34","","","","","","","","1","8","1","img/tree_9.png","img/tree_8.png","657.4399999957532","3554.3299999986775","1326.3549999971874","657.4399999957532,3554.3299999986775,1326.3549999971874","70","70,13,32","null","","enter","6","",""
"no-tradeoff","197","2517760","0.0-11.0-0.35","","","","","","","","1","4","8","img/tree_8.png","img/tree_9.png","528.6900000064634","490.67499999376014","","528.6900000064634,490.67499999376014","74","74,32","null","","null","","",""
"no-tradeoff","198","2528777","0.0-11.0-0.36","","","","","","","","1","7","4","img/tree_9.png","img/tree_8.png","465.714999998454","488.7949999975972","3004.7200000113808","465.714999998454,488.7949999975972,3004.7200000113808","74","74,32,13","enter","4","null","","",""
"no-tradeoff","199","2539202","0.0-11.0-0.37","","","","","","","","1","7","7","img/tree_7.png","img/tree_3.png","568.0149999968708","1399.9849999961443","","568.0149999968708,1399.9849999961443","74","74,32","null","","null","","",""
"no-tradeoff","200","2551242","0.0-11.0-0.38","","","","","","","","1","9","7","img/tree_9.png","img/tree_8.png","416.16000000806525","3440.0150000001304","1079.5349999968894","416.16000000806525,3440.0150000001304,1079.5349999968894","74","74,13,32","null","","enter","3","",""
"no-tradeoff","201","2559423","0.0-11.0-0.39","","","","","","","","4","6","4","img/tree_3.png","img/tree_7.png","511.2000000081025","663.9050000086427","","511.2000000081025,663.9050000086427","74","74,32","null","","null","","",""
"no-tradeoff","202","2570664","0.0-11.0-0.40","","","","","","","","1","7","9","img/tree_3.png","img/tree_7.png","642.4299999922514","605.4449999937788","3116.5299999993294","642.4299999922514,605.4449999937788,3116.5299999993294","74","74,32,13","enter","6","null","","",""
"no-tradeoff","203","2578975","0.0-11.0-0.41","","","","","","","","1","8","5","img/tree_7.png","img/tree_3.png","1040.2750000064261","777.7950000017881","","1040.2750000064261,777.7950000017881","70","70,32","null","","null","","",""
"no-tradeoff","204","2592467","0.0-11.0-0.42","","","","","","","","1","4","6","img/tree_9.png","img/tree_8.png","637.445000000298","3916.010000000708","513.3399999905378","637.445000000298,3916.010000000708,513.3399999905378","74","74,13,32","null","","enter","8","",""
"no-tradeoff","205","2600779","0.0-11.0-0.43","","","","","","","","4","4","8","img/tree_3.png","img/tree_7.png","604.8449999941513","759.734999999404","","604.8449999941513,759.734999999404","74","74,32","null","","null","","",""
"no-tradeoff","206","2612198","0.0-11.0-0.44","","","","","","","","4","7","8","img/tree_9.png","img/tree_8.png","491.5000000037253","638.8299999963492","3205.975000004284","491.5000000037253,638.8299999963492,3205.975000004284","74","74,32,13","enter","6","null","","",""
"no-tradeoff","207","2620309","0.0-11.0-0.45","","","","","","","","1","9","9","img/tree_8.png","img/tree_9.png","669.0850000013597","585.5100000044331","","669.0850000013597,585.5100000044331","70","70,32","null","","null","","",""
"no-tradeoff","208","2632611","0.0-11.0-0.46","","","","","","","","1","6","8","img/tree_7.png","img/tree_3.png","510.97999999159947","3509.3449999983422","1271.1649999986403","510.97999999159947,3509.3449999983422,1271.1649999986403","74","74,13,32","null","","enter","6","",""
"no-tradeoff","209","2641040","0.0-11.0-0.47","","","","","","","","1","6","6","img/tree_9.png","img/tree_8.png","620.949999996461","908.3649999955669","","620.949999996461,908.3649999955669","74","74,32","null","","null","","",""
"no-tradeoff","210","2651695","0.0-11.0-0.48","","","","","","","","4","6","5","img/tree_8.png","img/tree_9.png","585.0000000065193","587.4550000005402","2549.6699999929406","585.0000000065193,587.4550000005402,2549.6699999929406","74","74,32,13","enter","3","null","","",""
"no-tradeoff","211","2662791","0.0-11.0-0.49","","","","","","","","1","7","6","img/tree_9.png","img/tree_8.png","614.035000005737","2057.650000002235","","614.035000005737,2057.650000002235","74","74,32","null","","null","","",""
"no-tradeoff","212","2674428","0.0-11.0-0.50","","","","","","","","1","4","8","img/tree_9.png","img/tree_8.png","506.070000003092","3122.9849999947473","981.5150000066496","506.070000003092,3122.9849999947473,981.5150000066496","74","74,13,32","null","","enter","6","",""
"no-tradeoff","213","2684109","0.0-11.0-0.51","","","","","","","","4","7","8","img/tree_3.png","img/tree_7.png","621.3749999878928","645.214999997057","","621.3749999878928,645.214999997057","74","74,32","null","","null","","",""
"no-tradeoff","214","2696992","0.0-11.0-0.52","","","","","","","","4","6","6","img/tree_3.png","img/tree_7.png","1298.9250000100583","975.925000006333","2886.285000000149","1298.9250000100583,975.925000006333,2886.285000000149","70","70,32,13","enter","6","null","","",""
"no-tradeoff","215","2706001","0.0-11.0-0.53","","","","","","","","4","8","7","img/tree_7.png","img/tree_3.png","664.1749999979511","1488.2999999970198","","664.1749999979511,1488.2999999970198","74","74,32","null","","null","","",""
"no-tradeoff","216","2719588","0.0-11.0-0.54","","","","","","","","4","6","5","img/tree_8.png","img/tree_9.png","545.4699999974109","3672.845000008121","873.1850000037812","545.4699999974109,3672.845000008121,873.1850000037812","70","70,13,32","null","","enter","3","",""
"no-tradeoff","217","2727892","0.0-11.0-0.55","","","","","","","","4","5","7","img/tree_3.png","img/tree_7.png","1057.5649999952875","764.9000000087544","","1057.5649999952875,764.9000000087544","70","70,32","null","","null","","",""
"no-tradeoff","218","2741831","0.0-11.0-0.56","","","","","","","","4","4","9","img/tree_9.png","img/tree_8.png","333.8950000037439","864.5600000019185","5555.160000003874","333.8950000037439,864.5600000019185,5555.160000003874","74","74,32,13","enter","6","null","","",""
"no-tradeoff","219","2750174","0.0-11.0-0.57","","","","","","","","1","7","6","img/tree_8.png","img/tree_9.png","618.8700000056997","809.4850000049919","","618.8700000056997,809.4850000049919","70","70,32","null","","null","","",""
"no-tradeoff","220","2762208","0.0-11.0-0.58","","","","","","","","1","9","9","img/tree_3.png","img/tree_7.png","620.6150000067428","3397.114999999758","1116.9200000003912","620.6150000067428,3397.114999999758,1116.9200000003912","74","74,13,32","null","","enter","6","",""
"no-tradeoff","221","2770373","0.0-11.0-0.59","","","","","","","","1","8","9","img/tree_9.png","img/tree_8.png","671.0300000119023","645.7900000093505","","671.0300000119023,645.7900000093505","70","70,32","null","","null","","",""
"no-tradeoff","222","2782232","0.0-11.0-0.60","","","","","","","","4","8","7","img/tree_7.png","img/tree_3.png","679.5799999963492","697.5450000027195","3637.1599999982864","679.5799999963492,697.5450000027195,3637.1599999982864","74","74,32,13","enter","7","null","","",""
"no-tradeoff","223","2790377","0.0-11.0-0.61","","","","","","","","4","7","8","img/tree_9.png","img/tree_8.png","679.8350000027567","624.0050000054762","","679.8350000027567,624.0050000054762","70","70,32","null","","null","","",""
"no-tradeoff","224","2802450","0.0-11.0-0.62","","","","","","","","4","8","8","img/tree_3.png","img/tree_7.png","633.1450000000186","3187.644999998156","1364.2849999885075","633.1450000000186,3187.644999998156,1364.2849999885075","74","74,13,32","null","","enter","6","",""
"no-tradeoff","225","2810690","0.0-11.0-0.63","","","","","","","","4","8","8","img/tree_9.png","img/tree_8.png","854.9949999870732","718.0099999965169","","854.9949999870732,718.0099999965169","74","74,32","null","","null","","",""
"no-tradeoff","226","2824447","0.0-11.0-0.64","","","","","","","","4","7","8","img/tree_8.png","img/tree_9.png","592.7050000024028","1287.639999995008","3442.114999997895","592.7050000024028,1287.639999995008,3442.114999997895","70","70,32,13","enter","7","null","","",""
"no-tradeoff","227","2834511","0.0-11.0-0.65","","","","","","","","1","7","7","img/tree_9.png","img/tree_8.png","685.910000000149","1038.8299999902956","","685.910000000149,1038.8299999902956","70","70,32","null","","null","","",""
"no-tradeoff","228","2847598","0.0-11.0-0.66","","","","","","","","1","5","8","img/tree_9.png","img/tree_8.png","520.9800000009127","4522.319999989122","1030.2700000028126","520.9800000009127,4522.319999989122,1030.2700000028126","74","74,13,32","null","","enter","6","",""
"no-tradeoff","229","2856182","0.0-11.0-0.67","","","","","","","","1","8","6","img/tree_7.png","img/tree_3.png","1121.1399999884889","1045.3799999956973","","1121.1399999884889,1045.3799999956973","74","74,32","null","","null","","",""
"no-tradeoff","230","2867924","0.0-11.0-0.68","","","","","","","","1","8","8","img/tree_8.png","img/tree_9.png","907.789999997709","1295.129999998957","2923.8800000022165","907.789999997709,1295.129999998957,2923.8800000022165","70","70,32,13","enter","7","null","","",""
"no-tradeoff","231","2876503","0.0-11.0-0.69","","","","","","","","4","7","6","img/tree_8.png","img/tree_9.png","689.9100000010803","1049.820000000298","","689.9100000010803,1049.820000000298","74","74,32","null","","null","","",""
"no-tradeoff","232","2888903","0.0-11.0-0.70","","","","","","","","4","7","5","img/tree_8.png","img/tree_9.png","944.870000006631","3775.5550000001676","1106.4950000001118","944.870000006631,3775.5550000001676,1106.4950000001118","70","70,13,32","null","","enter","7","",""
"no-tradeoff","233","2897214","0.0-11.0-0.71","","","","","","","","4","3","6","img/tree_3.png","img/tree_7.png","891.7050000019372","789.3950000000186","","891.7050000019372,789.3950000000186","70","70,32","null","","null","","",""
"no-tradeoff","234","2909097","0.0-11.0-0.72","","","","","","","","1","1","7","img/tree_9.png","img/tree_8.png","980.0350000006147","1045.6100000012666","3301.3050000006333","980.0350000006147,1045.6100000012666,3301.3050000006333","70","70,32,13","enter","3","null","","",""
"no-tradeoff","235","2917446","0.0-11.0-0.73","","","","","","","","1","7","2","img/tree_8.png","img/tree_9.png","1163.820000001695","825.4699999960139","","1163.820000001695,825.4699999960139","70","70,32","null","","null","","",""
"no-tradeoff","236","2929451","0.0-11.0-0.74","","","","","","","","1","3","5","img/tree_3.png","img/tree_7.png","848.0949999941513","3641.8799999956973","808.5200000060722","848.0949999941513,3641.8799999956973,808.5200000060722","74","74,13,32","null","","enter","6","",""
"no-tradeoff","237","2937657","0.0-11.0-0.75","","","","","","","","1","2","1","img/tree_9.png","img/tree_8.png","627.9150000042282","678.3750000032596","","627.9150000042282,678.3750000032596","70","70,32","null","","null","","",""
"no-tradeoff","238","2951464","0.0-11.0-0.76","","","","","","","","1","0","0","img/tree_7.png","img/tree_3.png","799.0299999946728","1113.7000000015832","3661.3199999993667","799.0299999946728,1113.7000000015832,3661.3199999993667","70","70,32,13","enter","2","null","","",""
"no-tradeoff","239","2959745","0.0-11.0-0.77","","","","","","","","1","6","1","img/tree_7.png","img/tree_3.png","784.5249999952503","754.0600000065751","","784.5249999952503,754.0600000065751","74","74,32","null","","null","","",""
"no-tradeoff","240","2972494","0.0-11.0-0.78","","","","","","","","4","3","6","img/tree_3.png","img/tree_7.png","809.3300000037998","4338.354999999516","886.1499999910593","809.3300000037998,4338.354999999516,886.1499999910593","74","74,13,32","null","","enter","6","",""
"no-tradeoff","241","2978867","0.0-11.0-0.79","","","","","","","","4","0","","","","2857.915000000503","","","2857.915000000503","32","32","null","","null","","",""
"no-tradeoff","242","3002231","0.0-11.0-0.80","","","","","","","","1","5","4","img/tree_8.png","img/tree_9.png","1392.089999994263","51.30500000109896","15794.979999991134","1392.089999994263,51.30500000109896,15794.979999991134","74","74,32,13","enter","3","null","","",""
"no-tradeoff","243","3010821","0.0-11.0-0.81","","","","","","","","4","6","7","img/tree_3.png","img/tree_7.png","1242.4049999974668","1074.4750000014901","","1242.4049999974668,1074.4750000014901","70","70,32","null","","null","","",""
"no-tradeoff","244","3025504","0.0-11.0-0.82","","","","","","","","1","7","7","img/tree_8.png","img/tree_9.png","769.7999999946915","5754.885000001639","1398.3500000033528","769.7999999946915,5754.885000001639,1398.3500000033528","74","74,13,32","null","","enter","4 ","",""
"no-tradeoff","245","3033432","0.0-11.0-0.83","","","","","","","","4","9","8","img/tree_9.png","img/tree_8.png","475.10999999940395","396.6850000000559","","475.10999999940395,396.6850000000559","74","74,32","null","","null","","",""
"no-tradeoff","246","3045021","0.0-11.0-0.84","","","","","","","","1","7","8","img/tree_8.png","img/tree_9.png","423.90999999735504","656.0599999940023","3397.1650000023656","423.90999999735504,656.0599999940023,3397.1650000023656","70","70,32,13","enter","9","null","","",""
"no-tradeoff","247","3053386","0.0-11.0-0.85","","","","","","","","4","9","8","img/tree_8.png","img/tree_9.png","1154.8150000018068","844.6750000002794","","1154.8150000018068,844.6750000002794","70","70,32","null","","null","","",""
"no-tradeoff","248","3064832","0.0-11.0-0.86","","","","","","","","4","7","5","img/tree_8.png","img/tree_9.png","736.254999996163","3402.5649999966845","516.9349999926053","736.254999996163,3402.5649999966845,516.9349999926053","74","74,13,32","null","","enter","9","",""
"no-tradeoff","249","3073335","0.0-11.0-0.87","","","","","","","","1","4","8","img/tree_9.png","img/tree_8.png","891.5699999923818","981.3300000098534","","891.5699999923818,981.3300000098534","74","74,32","null","","null","","",""
"no-tradeoff","250","3084488","0.0-11.0-0.88","","","","","","","","1","2","7","img/tree_3.png","img/tree_7.png","994.7200000025332","835.9200000120327","2797.3350000102073","994.7200000025332,835.9200000120327,2797.3350000102073","70","70,32,13","enter","4","null","","",""
"no-tradeoff","251","3092834","0.0-11.0-0.89","","","","","","","","4","7","2","img/tree_7.png","img/tree_3.png","1003.4049999960698","822.8949999902397","","1003.4049999960698,822.8949999902397","70","70,32","null","","null","","",""
"no-tradeoff","252","3104040","0.0-11.0-0.90","","","","","","","","4","3","5","img/tree_9.png","img/tree_8.png","574.0699999877252","3254.939999999013","429.190000009723","574.0699999877252,3254.939999999013,429.190000009723","70","70,13,32","null","","enter","7","",""
"no-tradeoff","253","3113891","0.0-11.0-0.91","","","","","","","","4","3","4","img/tree_9.png","img/tree_8.png","925.6100000054576","829.3600000031292","","925.6100000054576,829.3600000031292","70","70,32","null","","null","","",""
"no-tradeoff","254","3126262","0.0-11.0-0.92","","","","","","","","4","4","2","img/tree_7.png","img/tree_3.png","735.9300000099465","848.2450000010431","4003.599999996368","735.9300000099465,848.2450000010431,4003.599999996368","70","70,32,13","enter","6","null","","",""
"no-tradeoff","255","3134344","0.0-11.0-0.93","","","","","","","","4","3","3","img/tree_7.png","img/tree_3.png","686.7400000044145","511.89500000327826","","686.7400000044145,511.89500000327826","74","74,32","null","","null","","",""
"no-tradeoff","256","3147624","0.0-11.0-0.94","","","","","","","","4","4","1","img/tree_9.png","img/tree_8.png","648.9549999972805","3335.4299999917857","918.1300000054762","648.9549999972805,3335.4299999917857,918.1300000054762","70","70,13,32","null","","enter","3","",""
"no-tradeoff","257","3156630","0.0-11.0-0.95","","","","","","","","1","2","1","img/tree_3.png","img/tree_7.png","637.5249999980442","1477.1150000016205","","637.5249999980442,1477.1150000016205","70","70,32","null","","null","","",""
"no-tradeoff","258","3167583","0.0-11.0-0.96","","","","","","","","1","1","0","img/tree_7.png","img/tree_3.png","780.5300000039861","823.2149999965914","2603.3999999924563","780.5300000039861,823.2149999965914,2603.3999999924563","74","74,32,13","enter","6","null","","",""
"no-tradeoff","259","3176898","0.0-11.0-0.97","","","","","","","","1","0","2","img/tree_9.png","img/tree_8.png","923.269999999553","271.07000000262633","","923.269999999553,271.07000000262633","70","70,32","null","","null","","",""
"no-tradeoff","260","3189212","0.0-11.0-0.98","","","","","","","","4","2","1","img/tree_8.png","img/tree_9.png","502.4100000006147","4015.0850000060163","750.4699999988079","502.4100000006147,4015.0850000060163,750.4699999988079","74","74,13,32","null","","enter","3","",""
"no-tradeoff","261","3198023","0.0-11.0-0.99","","","","","","","","1","1","5","img/tree_7.png","img/tree_3.png","572.3849999918602","1254.7300000009127","","572.3849999918602,1254.7300000009127","74","74,32","null","","null","","",""
"no-tradeoff","262","3208839","0.0-11.0-0.100","","","","","","","","1","7","2","img/tree_9.png","img/tree_8.png","403.71500000776723","546.0150000001304","2742.5550000043586","403.71500000776723,546.0150000001304,2742.5550000043586","70","70,32,13","enter","6","null","","",""
"no-tradeoff","263","3217319","0.0-11.0-0.101","","","","","","","","1","6","0","img/tree_3.png","img/tree_7.png","629.5499999974854","958.1000000038184","","629.5499999974854,958.1000000038184","70","70,32","null","","null","","",""
"no-tradeoff","264","3232040","0.0-11.0-0.102","","","","","","","","4","0","7","img/tree_8.png","img/tree_9.png","1152.649999988731","5664.385000010952","13.814999998547137","1152.649999988731,5664.385000010952,13.814999998547137","74","74,13,32","null","","enter","6","",""
"no-tradeoff","265","3240352","0.0-11.0-0.103","","","","","","","","4","1","8","img/tree_7.png","img/tree_3.png","573.0449999971315","782.7950000064448","","573.0449999971315,782.7950000064448","74","74,32","null","","null","","",""
"no-tradeoff","266","3251815","0.0-11.0-0.104","","","","","","","","4","2","9","img/tree_8.png","img/tree_9.png","632.515000004787","688.8749999925494","3244.9049999993294","632.515000004787,688.8749999925494,3244.9049999993294","74","74,32,13","enter","7","null","","",""
"no-tradeoff","267","3260065","0.0-11.0-0.105","","","","","","","","4","2","7","img/tree_8.png","img/tree_9.png","583.8099999963306","728.7950000027195","","583.8099999963306,728.7950000027195","70","70,32","null","","null","","",""
"no-tradeoff","268","3272881","0.0-11.0-0.106","","","","","","","","4","3","9","img/tree_8.png","img/tree_9.png","632.6850000042468","4352.7999999932945","926.8650000011548","632.6850000042468,4352.7999999932945,926.8650000011548","70","70,13,32","null","","enter","7","",""
"no-tradeoff","269","3280927","0.0-11.0-0.107","","","","","","","","1","3","8","img/tree_7.png","img/tree_3.png","955.5899999975227","499.7750000040978","","955.5899999975227,499.7750000040978","70","70,32","null","","null","","",""
"no-tradeoff","270","3293308","0.0-11.0-0.108","","","","","","","","1","8","1","img/tree_9.png","img/tree_8.png","522.4649999872781","651.789999989327","4198.579999996815","522.4649999872781,651.789999989327,4198.579999996815","74","74,32,13","enter","4","null","","",""
"no-tradeoff","271","3303133","0.0-11.0-0.109","","","","","","","","4","5","8","img/tree_8.png","img/tree_9.png","671.2399999960326","783.2300000009127","","671.2399999960326,783.2300000009127","70","70,32","null","","null","","",""
"no-tradeoff","272","3315075","0.0-11.0-0.110","","","","","","","","1","8","4","img/tree_9.png","img/tree_8.png","695.1449999902397","3551.220000008121","848.5450000008568","695.1449999902397,3551.220000008121,848.5450000008568","74","74,13,32","null","","enter","5","",""
"no-tradeoff","273","3323204","0.0-11.0-0.111","","","","","","","","1","5","9","img/tree_7.png","img/tree_3.png","771.9099999959581","606.7400000025518","","771.9099999959581,606.7400000025518","74","74,32","null","","null","","",""
"no-tradeoff","274","3335328","0.0-11.0-0.112","","","","","","","","4","5","3","img/tree_9.png","img/tree_8.png","845.7850000122562","694.7249999935739","3909.3299999949522","845.7850000122562,694.7249999935739,3909.3299999949522","74","74,32,13","enter","6","null","","",""
"no-tradeoff","275","3343511","0.0-11.0-0.113","","","","","","","","1","6","3","img/tree_7.png","img/tree_3.png","694.7749999966472","663.6349999899976","","694.7749999966472,663.6349999899976","70","70,32","null","","null","","",""
"no-tradeoff","276","3356632","0.0-11.0-0.114","","","","","","","","4","3","7","img/tree_3.png","img/tree_7.png","699.2049999972805","4732.524999999441","854.4099999996834","699.2049999972805,4732.524999999441,854.4099999996834","70","70,13,32","null","","enter","5","",""
"no-tradeoff","277","3364753","0.0-11.0-0.115","","","","","","","","4","4","4","img/tree_9.png","img/tree_8.png","790.5999999931082","577.4999999995343","","790.5999999931082,577.4999999995343","70","70,32","null","","null","","",""
"no-tradeoff","278","3377801","0.0-11.0-0.116","","","","","","","","4","6","1","img/tree_9.png","img/tree_8.png","543.3950000004843","793.3049999992363","4733.274999991059","543.3950000004843,793.3049999992363,4733.274999991059","70","70,32,13","enter","6","null","","",""
"no-tradeoff","279","3386184","0.0-11.0-0.117","","","","","","","","4","5","1","img/tree_9.png","img/tree_8.png","732.2750000022352","846.0950000006706","","732.2750000022352,846.0950000006706","70","70,32","null","","null","","",""
"no-tradeoff","280","3398321","0.0-11.0-0.118","","","","","","","","1","4","1","img/tree_3.png","img/tree_7.png","758.7350000105798","3773.509999999311","805.8999999924563","758.7350000105798,3773.509999999311,805.8999999924563","70","70,13,32","null","","enter","7","",""
"no-tradeoff","281","3406648","0.0-11.0-0.119","","","","","","","","1","2","5","img/tree_8.png","img/tree_9.png","701.5899999965914","789.0400000032969","","701.5899999965914,789.0400000032969","74","74,32","null","","null","","",""
"call-function","282","3406652","0.0-12.0","","","","","","","","","","","","","","","","","","","","","","","",""
"html-keyboard-response","283","3420797","0.0-13.0-0.0","14140.815000006463","<p><b> Now you will answer a few questionnaires</b></p><br> The following are statements that a person may either agree with or disagree with.</br><p>For each item, indicate how much you agree or disagree with what the item says by clicking your response. </p><p> Choose only one response and be as accurate and honest as you can. Do not worry about being consistent in your responses. </p><p> Press the space bar to start </p>","","","32","","","","","","","","","","","","","","","","","","",""
"survey-likert","284","3541732","0.0-13.0-1.0","120927.22499999218","","","{""BISBAS1"":0,""BISBAS2"":2,""BISBAS3"":0,""BISBAS4"":0,""BISBAS5"":0,""BISBAS6"":2,""BISBAS7"":0,""BISBAS8"":2,""BISBAS9"":0,""BISBAS10"":0,""BISBAS11"":0,""BISBAS12"":0,""BISBAS13"":2,""BISBAS14"":0,""BISBAS15"":1,""BISBAS16"":1,""BISBAS17"":2,""BISBAS18"":2,""BISBAS19"":1,""BISBAS20"":0,""BISBAS21"":0,""BISBAS22"":2,""BISBAS23"":0,""BISBAS24"":1}","","","","","","","","","","","","","","","","","","","","[0,1,2,3,4,5,6,7,8,9,10,11,12,13,14,15,16,17,18,19,20,21,22,23]"
"html-keyboard-response","285","3548500","0.0-14.0-0.0","6764.934999999125","<p>Please indicate for each statement the degree to which each statement is descriptive of your mood <b> at this  moment </b>. </p><p> Press the space bar to start </p>","","","32","","","","","","","","","","","","","","","","","","",""
"survey-likert","286","3630753","0.0-14.0-1.0","82245.89999999478","","","{""STICSAS1"":2,""STICSAS2"":1,""STICSAS3"":2,""STICSAS4"":0,""STICSAS5"":0,""STICSAS6"":1,""STICSAS7"":1,""STICSAS8"":1,""STICSAS9"":0,""STICSAS10"":1,""STICSAS11"":0,""STICSAS12"":0,""STICSAS13"":0,""STICSAS14"":1,""STICSAS15"":1,""STICSAS16"":3,""STICSAS17"":2,""STICSAS18"":1,""STICSAS19"":2,""STICSAS20"":0,""STICSAS21"":0,""STICSAS22"":3}","","","","","","","","","","","","","","","","","","","","[0,1,2,3,4,5,6,7,8,9,10,11,12,13,14,15,16,17,18,19,20,21]"
"html-keyboard-response","287","3634364","0.0-15.0-0.0","3607.9849999947473","<p>Please indicate for each statement how often <b> in general </b> the statement is true for you. </p><p> Press the space bar to start </p>","","","32","","","","","","","","","","","","","","","","","","",""
"survey-likert","288","3698688","0.0-15.0-1.0","64315.23000000743","","","{""STICSAT1"":1,""STICSAT2"":3,""STICSAT3"":1,""STICSAT4"":0,""STICSAT5"":1,""STICSAT6"":0,""STICSAT7"":1,""STICSAT8"":0,""STICSAT9"":0,""STICSAT10"":2,""STICSAT11"":0,""STICSAT12"":0,""STICSAT13"":0,""STICSAT14"":0,""STICSAT15"":1,""STICSAT16"":2,""STICSAT17"":2,""STICSAT18"":1,""STICSAT19"":2,""STICSAT20"":0,""STICSAT21"":0}","","","","","","","","","","","","","","","","","","","","[0,1,2,3,4,5,6,7,8,9,10,11,12,13,14,15,16,17,18,19,20]"
"html-keyboard-response","289","3702091","0.0-16.0-0.0","3400.36499999417","<p>Please indicate for each statement how much you agree. </p><p> Press the space bar to start </p>","","","32","","","","","","","","","","","","","","","","","","",""
"survey-likert","290","3770594","0.0-16.0-1.0","68494.00500000035","","","{""IUS1"":2,""IUS2"":3,""IUS3"":0,""IUS4"":3,""IUS5"":0,""IUS6"":0,""IUS7"":3,""IUS8"":3,""IUS9"":2,""IUS10"":0,""IUS11"":3,""IUS12"":2,""IUS13"":4}","","","","","","","","","","","","","","","","","","","","[0,1,2,3,4,5,6,7,8,9,10,11,12]"
"html-keyboard-response","291","3772700","0.0-17.0-0.0","2101.150000002235","<p>Please indicate for each statement how you <b> generally </b> feel. </p><p> Press the space bar to start </p>","","","32","","","","","","","","","","","","","","","","","","",""
"survey-likert","292","3843044","0.0-17.0-1.0","70333.40499999747","","","{""STAIT1"":"""",""STAIT2"":"""",""STAIT3"":0,""STAIT4"":1,""STAIT5"":1,""STAIT6"":2,""STAIT7"":1,""STAIT8"":0,""STAIT9"":2,""STAIT10"":1,""STAIT11"":2,""STAIT12"":0,""STAIT13"":1,""STAIT14"":2,""STAIT15"":1,""STAIT16"":2,""STAIT17"":1,""STAIT18"":1,""STAIT19"":2,""STAIT20"":1}","","","","","","","","","","","","","","","","","","","","[0,1,2,3,4,5,6,7,8,9,10,11,12,13,14,15,16,17,18,19]"
"html-keyboard-response","293","3844651","0.0-18.0-0.0","1604.8199999928474","<p>Please indicate for each statement how much you think each statement is typical of you. </p><p> Press the space bar to start </p>","","","32","","","","","","","","","","","","","","","","","","",""
"survey-likert","294","4034919","0.0-18.0-1.0","190250.2300000051","","","{""ACQ1"":2,""ACQ2"":2,""ACQ3"":3,""ACQ4"":3,""ACQ5"":2,""ACQ6"":2,""ACQ7"":1,""ACQ8"":4,""ACQ9"":0,""ACQ10"":3,""ACQ11"":2,""ACQ12"":2,""ACQ13"":4,""ACQ14"":3,""ACQ15"":4,""ACQ16"":2,""ACQ17"":2,""ACQ18"":5,""ACQ19"":4,""ACQ20"":2,""ACQ21"":3,""ACQ22"":3,""ACQ23"":3,""ACQ24"":2,""ACQ25"":0,""ACQ26"":2,""ACQ27"":3,""ACQ28"":4,""ACQ29"":3,""ACQ30"":2}","","","","","","","","","","","","","","","","","","","","[0,1,2,3,4,5,6,7,8,9,10,11,12,13,14,15,16,17,18,19,20,21,22,23,24,25,26,27,28,29]"
"html-keyboard-response","295","4039267","0.0-19.0-0.0","4345.079999999143","<p> For the following questions, indicate <b> how often </b> you felt or thought a certain way <b> during the last month </b>.</p><p> Press space to start </p>","","","32","","","","","","","","","","","","","","","","","","",""
"survey-likert","296","4090241","0.0-19.0-1.0","50966.11999999732","","","{""Stress1"":2,""Stress2"":2,""Stress3"":1,""Stress4"":2,""Stress5"":3,""Stress6"":3,""Stress7"":3,""Stress8"":2,""Stress9"":3,""Stress10"":2}","","","","","","","","","","","","","","","","","","","","[0,1,2,3,4,5,6,7,8,9]"
