"trial_type","trial_index","time_elapsed","internal_node_id","rt","stimulus","button_pressed","responses","key_press","view_history","correct","stakes","outcome","outcome_notreceived","choice_selected","choice_not_selected","rt_choice","rt_space","rt_certainty","all_rts","key_choice","all_keys","estimate_trial","estimate_val","certainty_trial","certainty_val","value","question_order"
"pavlovia","0","617","0.0-0.0","","","","","","","","","","","","","","","","","","","","","","","",""
"html-button-response","1","11508","0.0-1.0","10879.304999999988","<p style=""font-size:24px;font-weight:bold"">Consent</p><div class=""consent"" style=""text-align:left; border:1px solid; padding:10px; width:800px; font-size=100%, float:right""><p align=left>Thank you for signing up for this experiment!<p><p align=left>This experiment is being conducted by the California Institute of Technology (Caltech). The lead investigators are Sarah Tashjian, PhD and Dean Mobbs, PhD. This study has been approved by the Caltech Institutional Review Board for research ethics.<p><p align=left>The goal of this study is to understand learning processes. In this experiment, you will complete a task in which you will see images.<p><p align=left>At times, you will receive rewards and penalties. These earnings will determine your eligibility for a bonus payment, which will result in a real increase in your payment in this study.<p><p align=left>Your goal is to learn which images predict the most points. We will also ask how certain you are about your decisions throughout the task.<p><p align=left>This experiment will take approximately 1 hour to complete in its entirety.<p><p align=left><b>You will receive $9.00 for completing the experiment. <u>If you optimize decisions on at least 70% of trials, you will be eligible for a $100 bonus payment.</u></b><p><p align=left>This study involves minimal risk, meaning there will be no more risk than in daily life. Possible risks include physical discomfort/fatigue (eyestrain, tiredness), as well as psychological discomfort (e.g., potential boredom).<p><p align=left> Besides receiving payment, you will not benefit from this study.<p><p align=left><b>Any information that is obtained in connection with this study that can identify you will remain confidential. </b><p><p align=left>When the results of this study are reported, your identifying information will not be disclosed. Because this study is being conducted online, we are unable to fully eliminate the risk of a breach of confidentiality. However, to mitigate the chances of this occurring, we are using secure and confidential data collection systems.<p align=left>You may choose to withdraw from this study at any time and refuse to answer any questions without penalty. Also, you may choose not to participate in this study.<p><p align=left>You are <b>eligible</b> to participate if you (1) are 18-65 years old, (2) are fluent in English, (3) have healthy or corrected vision, (4) are not colorblind, and (5) have no difficulty controlling motor movements. <p><p align=left>If you do not meet these criteria, please exit the experiment now.<p><p align=center><b> If you meet these criteria and consent to participate, you must<br>indicate your consent by clicking the button below.<b></p>","0","","","","","","","","","","","","","","","","","","","","",""
"survey-text","2","23725","0.0-2.0-0.0","12175.23","","","{""Q0"":""5c73e63ef6c1c3001680b274"",""Q1"":""27"",""Q2"":""female"",""Q3"":""female""}","","","","","","","","","","","","","","","","","","","",""
"html-keyboard-response","3","26395","0.0-3.0","2661.730000000036","<p>Welcome to the experiment!</p><p> You will play two games and answer a few questions.</p><p>Press the space bar to begin reading the instructions for the first game.</p>","","","32","","","","","","","","","","","","","","","","","","",""
"instructions","4","245103","0.0-4.0","218706.16000000006","","","","","[{""page_index"":0,""viewing_time"":18919.610000000033},{""page_index"":1,""viewing_time"":34053.34999999997},{""page_index"":2,""viewing_time"":41182.37500000003},{""page_index"":3,""viewing_time"":21696.88500000001},{""page_index"":4,""viewing_time"":33149.44999999995},{""page_index"":5,""viewing_time"":36363.72000000006},{""page_index"":6,""viewing_time"":13297.29999999993},{""page_index"":7,""viewing_time"":12533.375000000116},{""page_index"":8,""viewing_time"":7509.714999999909}]","","","","","","","","","","","","","","","","","",""
"html-keyboard-response","5","249655","0.0-5.0-0.0","4550.125000000087","<p style=""font-size:24px;font-weight:bold"">TEST QUESTION</p><p>Which letter should you press to select the green house on the left?</p><div class=group><table class=table_center><tr><td class=prompt colspan=2>Choose one</td></tr><tr style=""height: 300px;""><td style=""width: 300px;""><img id=""left"" src=img/house_3.png style=""zoom: 100%;""/></td><td style=""width: 300px;""><img id=""right"" src=img/house_2.png style=""zoom: 100%;""/></td></tr></table></div><br>","","","70","","true","","","","","","","","","","","","","","","","",""
"html-keyboard-response","6","252661","0.0-5.0-1.0","null","<p style=""font-size:36px;font-weight:bold"">Correct!</p><p> Remember, press ""F"" for left and ""J"" for right. </p>","","","null","","","","","","","","","","","","","","","","","","",""
"html-keyboard-response","7","257772","0.0-5.0-2.0","5108.794999999984","<p style=""font-size:24px;font-weight:bold"">TEST QUESTION</p><p>Which letter should you press to select the red house on the right?</p><div class=group><table class=table_center><tr><td class=prompt colspan=2>Choose one</td></tr><tr style=""height: 300px;""><td style=""width: 300px;""><img id=""left"" src=img/house_3.png style=""zoom: 100%;""/></td><td style=""width: 300px;""><img id=""right"" src=img/house_2.png style=""zoom: 100%;""/></td></tr></table></div><br>","","","74","","true","","","","","","","","","","","","","","","","",""
"html-keyboard-response","8","260774","0.0-5.0-3.0","null","<p style=""font-size:36px;font-weight:bold"">Correct!</p><p> Remember, press ""F"" for left and ""J"" for right. </p>","","","null","","","","","","","","","","","","","","","","","","",""
"html-keyboard-response","9","265783","0.0-5.0-4.0","5007.084999999963","<p style=""font-size:24px;font-weight:bold"">TEST QUESTION</p><p>Type the number of the <b> maximum </b> amount of sacks an elf can make</p>","","","52","","false","","","","","","","","","","","","","","","","",""
"html-keyboard-response","10","265978","0.0-5.0-5.0","192.28000000002794","<p style=""font-size:36px;font-weight:bold"">Wrong answer.</p><p> Remember, elves can make 0 to 9 sacks.</p>","","","48","","","","","","","","","","","","","","","","","","",""
"html-keyboard-response","11","282690","0.0-5.0-6.0","16709.79999999999","<p style=""font-size:24px;font-weight:bold"">TEST QUESTION</p><p>Remember, the same house always takes you to the same elf. </p><p>On this trial, select the house on the left by pressing ""F"".</p><div class=group><table class=table_center><tr><td class=prompt colspan=2>Choose one</td></tr><tr style=""height: 300px;""><td style=""width: 300px;""><img id=""left"" src=img/house_1.png style=""zoom: 100%;""/></td><td style=""width: 300px;""><img id=""right"" src=img/house_5.png style=""zoom: 100%;""/></td></tr></table></div><br>","","","70","","","","","","","","","","","","","","","","","","",""
"html-keyboard-response","12","296015","0.0-5.0-7.0","13323.715000000026","<p style=""font-size:24px;font-weight:bold"">TEST QUESTION</p><p>The red house took you to the yellow elf. </p><p> The yellow elf gave you 8 sacks. </p><p> The most sacks an elf can make is 9 sacks, so this is a great outcome!</p><div class=group><table class=table_center><tr><td class=prompt colspan=3>You received</td></tr><tr style=""height: 300px;""><td><img src=img/elf_yellow.png style=""zoom: 100%;""/></td><td><img src=img/sack.png style=""zoom: 30%;""/></td><td class=prompt>x 8</td></tr></table></div><br><p> Press space to continue </p>","","","32","","","","","","","","","","","","","","","","","","",""
"html-keyboard-response","13","300546","0.0-5.0-8.0","4530.005000000063","<p style=""font-size:24px;font-weight:bold"">TEST QUESTION</p><p>If you wanted to visit the <b> yellow elf </b> again, which house would you select?</p><div class=group><table class=table_center><tr><td class=prompt colspan=2>Choose one</td></tr><tr style=""height: 300px;""><td style=""width: 300px;""><img id=""left"" src=img/house_1.png style=""zoom: 100%;""/></td><td style=""width: 300px;""><img id=""right"" src=img/house_5.png style=""zoom: 100%;""/></td></tr></table></div><br>","","","70","","true","","","","","","","","","","","","","","","","",""
"html-keyboard-response","14","303548","0.0-5.0-9.0","null","<p style=""font-size:36px;font-weight:bold"">Correct!</p><p> Remember, the same house goes to the same elf. </p>","","","null","","","","","","","","","","","","","","","","","","",""
"html-keyboard-response","15","309943","0.0-5.0-10.0","6392.47000000003","<p style=""font-size:24px;font-weight:bold"">TEST QUESTION</p><p>On this trial, select the house on the right by pressing ""J"".</p><div class=group><table class=table_center><tr><td class=prompt colspan=2>Choose one</td></tr><tr style=""height: 300px;""><td style=""width: 300px;""><img id=""left"" src=img/house_1.png style=""zoom: 100%;""/></td><td style=""width: 300px;""><img id=""right"" src=img/house_5.png style=""zoom: 100%;""/></td></tr></table></div><br>","","","74","","","","","","","","","","","","","","","","","","",""
"html-keyboard-response","16","320582","0.0-5.0-11.0","10637.055000000051","<p style=""font-size:24px;font-weight:bold"">TEST QUESTION</p><p>The blue house took you to the purple elf. </p><p> The purple elf only gave you 1 sack. </p><p> That is not very much and is a pretty bad outcome.</p><div class=group><table class=table_center><tr><td class=prompt colspan=3>You received</td></tr><tr style=""height: 300px;""><td><img src=img/elf_purple.png style=""zoom: 100%;""/></td><td><img src=img/sack.png style=""zoom: 30%;""/></td><td class=prompt>x 1</td></tr></table></div><br><p> Press space to continue </p>","","","32","","","","","","","","","","","","","","","","","","",""
"html-keyboard-response","17","328145","0.0-5.0-12.0","7561.579999999958","<p style=""font-size:24px;font-weight:bold"">TEST QUESTION</p><p>Remember the yellow elf gave you 8 sacks and the purple elf only gave you 1 sack. </p><p> Which elf would you try to visit next? </p><div class=group><table class=table_center><tr><td class=prompt colspan=2>Choose one</td></tr><tr style=""height: 300px;""><td style=""width: 300px;""><img id=""left"" src=img/elf_yellow.png style=""zoom: 100%;""/></td><td style=""width: 300px;""><img id=""right"" src=img/elf_purple.png style=""zoom: 100%;""/></td></tr></table></div><br>","","","70","","true","","","","","","","","","","","","","","","","",""
"html-keyboard-response","18","331148","0.0-5.0-13.0","null","<p style=""font-size:36px;font-weight:bold"">Correct!</p><p> Remember, you want to select the elf who gives you the most sacks.</p>","","","null","","","","","","","","","","","","","","","","","","",""
"html-keyboard-response","19","334917","0.0-5.0-14.0","3766.159999999858","<p style=""font-size:24px;font-weight:bold"">TEST QUESTION</p><p>To visit the yellow elf, which house should you visit? </p><div class=group><table class=table_center><tr><td class=prompt colspan=2>Choose one</td></tr><tr style=""height: 300px;""><td style=""width: 300px;""><img id=""left"" src=img/house_1.png style=""zoom: 100%;""/></td><td style=""width: 300px;""><img id=""right"" src=img/house_5.png style=""zoom: 100%;""/></td></tr></table></div><br>","","","70","","true","","","","","","","","","","","","","","","","",""
"html-keyboard-response","20","337920","0.0-5.0-15.0","null","<p style=""font-size:36px;font-weight:bold"">Correct!</p><p>Remember, the same house goes to the same elf each time.</p>","","","null","","","","","","","","","","","","","","","","","","",""
"html-keyboard-response","21","344209","0.0-5.0-16.0","6287.609999999986","<p style=""font-size:36px;font-weight:bold"">You are ready to play!</p><p>The houses and elves in the actual game will be different than the practice. </p><p> Press the space bar to start the game</p>","","","32","","","","","","","","","","","","","","","","","","",""
"no-tradeoff-rwd","22","351466","0.0-6.0-0.0","","","","","","","","1","0","","","","3745.945000000007","","","3745.945000000007","32","32","null","","null","","",""
"no-tradeoff-rwd","23","365411","0.0-6.0-0.1","","","","","","","","1","0","8","img/house_3.png","img/house_2.png","584.4049999999115","4927.289999999979","","584.4049999999115,4927.289999999979","74","74,32","null","","null","","",""
"no-tradeoff-rwd","24","395929","0.0-6.0-0.2","","","","","","","","1","8","1","img/house_6.png","img/house_4.png","1195.734999999986","17248.030000000086","4251.70000000007","1195.734999999986,17248.030000000086,4251.70000000007","70","70,13,32","null","","enter","6","",""
"no-tradeoff-rwd","25","400748","0.0-6.0-0.3","","","","","","","","1","0","","","","1311.8250000000116","","","1311.8250000000116","32","32","null","","null","","",""
"no-tradeoff-rwd","26","416864","0.0-6.0-0.4","","","","","","","","4","6","2","img/house_2.png","img/house_3.png","1422.6199999999371","811.2700000000186","6283.8499999999185","1422.6199999999371,811.2700000000186,6283.8499999999185","74","74,32,13","enter","3","null","","",""
"no-tradeoff-rwd","27","421595","0.0-6.0-0.5","","","","","","","","1","0","","","","1219.7700000000768","","","1219.7700000000768","32","32","null","","null","","",""
"no-tradeoff-rwd","28","435843","0.0-6.0-0.6","","","","","","","","4","6","3","img/house_6.png","img/house_4.png","1278.0050000000629","3949.375000000058","1280.5849999999627","1278.0050000000629,3949.375000000058,1280.5849999999627","74","74,13,32","null","","enter","6","",""
"no-tradeoff-rwd","29","445541","0.0-6.0-0.7","","","","","","","","4","6","3","img/house_2.png","img/house_3.png","991.3150000000023","670.335000000021","","991.3150000000023,670.335000000021","74","74,32","null","","null","","",""
"no-tradeoff-rwd","30","462970","0.0-6.0-0.8","","","","","","","","1","5","4","img/house_3.png","img/house_2.png","888.7799999999697","751.7050000000163","7662.5299999999115","888.7799999999697,751.7050000000163,7662.5299999999115","70","70,32,13","enter","7","null","","",""
"no-tradeoff-rwd","31","472586","0.0-6.0-0.9","","","","","","","","1","5","7","img/house_2.png","img/house_3.png","975.1999999999534","1135.5449999999837","600.8899999999558","975.1999999999534,1135.5449999999837,600.8899999999558","70","70,74,32","null","","null","","",""
"no-tradeoff-rwd","32","488417","0.0-6.0-0.10","","","","","","","","1","6","2","img/house_3.png","img/house_2.png","724.0799999999581","6078.270000000135","740.1300000000047","724.0799999999581,6078.270000000135,740.1300000000047","74","74,13,32","null","","enter","5","",""
"no-tradeoff-rwd","33","499666","0.0-6.0-0.11","","","","","","","","4","1","5","img/house_6.png","img/house_4.png","785.0050000001211","2233.1149999999907","","785.0050000001211,2233.1149999999907","74","74,32","null","","null","","",""
"no-tradeoff-rwd","34","513839","0.0-6.0-0.12","","","","","","","","1","4","1","img/house_4.png","img/house_6.png","665.6549999999115","650.0800000000163","4499.0599999999395","665.6549999999115,650.0800000000163,4499.0599999999395","74","74,32,13","enter","3","null","","",""
"no-tradeoff-rwd","35","525610","0.0-6.0-0.13","","","","","","","","4","1","0","img/house_2.png","img/house_3.png","617.0650000000023","2755.210000000079","","617.0650000000023,2755.210000000079","70","70,32","null","","null","","",""
"no-tradeoff-rwd","36","538844","0.0-6.0-0.14","","","","","","","","4","1","1","img/house_2.png","img/house_3.png","859.6450000000186","3341.2900000000373","873.4399999999441","859.6450000000186,3341.2900000000373,873.4399999999441","74","74,13,32","null","","enter","4","",""
"no-tradeoff-rwd","37","548524","0.0-6.0-0.15","","","","","","","","1","4","1","img/house_3.png","img/house_2.png","466.29000000003725","660.7200000000885","","466.29000000003725,660.7200000000885","70","70,32","null","","null","","",""
"no-tradeoff-rwd","38","561446","0.0-6.0-0.16","","","","","","","","4","2","1","img/house_3.png","img/house_2.png","690.0849999998463","658.2699999999022","3249.2200000000885","690.0849999998463,658.2699999999022,3249.2200000000885","74","74,32,13","enter","4","null","","",""
"no-tradeoff-rwd","39","571327","0.0-6.0-0.17","","","","","","","","1","2","1","img/house_4.png","img/house_6.png","747.6399999998976","866.8149999999441","","747.6399999998976,866.8149999999441","74","74,32","null","","null","","",""
"no-tradeoff-rwd","40","586331","0.0-6.0-0.18","","","","","","","","4","4","0","img/house_3.png","img/house_2.png","670.4950000001118","4211.324999999953","1778.329999999958","670.4950000001118,4211.324999999953,1778.329999999958","74","74,13,32","null","","enter","5","",""
"no-tradeoff-rwd","41","596817","0.0-6.0-0.19","","","","","","","","4","5","3","img/house_4.png","img/house_6.png","852.1849999999395","1469.3199999999488","","852.1849999999395,1469.3199999999488","70","70,32","null","","null","","",""
"no-tradeoff-rwd","42","609898","0.0-6.0-0.20","","","","","","","","1","1","3","img/house_2.png","img/house_3.png","988.8149999999441","561.9400000000605","3506.2649999998976","988.8149999999441,561.9400000000605,3506.2649999998976","74","74,32,13","enter","2","null","","",""
"no-tradeoff-rwd","43","619835","0.0-6.0-0.21","","","","","","","","1","7","3","img/house_4.png","img/house_6.png","977.625","904.3850000000093","","977.625,904.3850000000093","70","70,32","null","","null","","",""
"no-tradeoff-rwd","44","637060","0.0-6.0-0.22","","","","","","","","1","7","1","img/house_4.png","img/house_6.png","976.609999999986","4890.2050000000745","3318.269999999902","976.609999999986,4890.2050000000745,3318.269999999902","74","74,13,32","null","","enter","6","",""
"no-tradeoff-rwd","45","646791","0.0-6.0-0.23","","","","","","","","1","1","4","img/house_2.png","img/house_3.png","1086.259999999893","713.0400000000373","","1086.259999999893,713.0400000000373","74","74,32","null","","null","","",""
"no-tradeoff-rwd","46","660556","0.0-6.0-0.24","","","","","","","","1","4","1","img/house_3.png","img/house_2.png","900.6650000000373","779.2800000000279","3960.8599999998696","900.6650000000373,779.2800000000279,3960.8599999998696","70","70,32,13","enter","5","null","","",""
"no-tradeoff-rwd","47","672076","0.0-6.0-0.25","","","","","","","","4","2","2","img/house_3.png","img/house_2.png","959.9349999999395","2494.179999999935","","959.9349999999395,2494.179999999935","70","70,32","null","","null","","",""
"no-tradeoff-rwd","48","686165","0.0-6.0-0.26","","","","","","","","4","3","3","img/house_3.png","img/house_2.png","748.0499999999302","3695.6600000000326","1374.9500000000698","748.0499999999302,3695.6600000000326,1374.9500000000698","74","74,13,32","null","","enter","4","",""
"no-tradeoff-rwd","49","695711","0.0-6.0-0.27","","","","","","","","1","5","3","img/house_2.png","img/house_3.png","934.3150000000605","531.8099999999395","","934.3150000000605,531.8099999999395","70","70,32","null","","null","","",""
"no-tradeoff-rwd","50","708712","0.0-6.0-0.28","","","","","","","","4","5","5","img/house_2.png","img/house_3.png","829.3149999999441","456.625","3527.9699999998556","829.3149999999441,456.625,3527.9699999998556","74","74,32,13","enter","4","null","","",""
"no-tradeoff-rwd","51","720150","0.0-6.0-0.29","","","","","","","","1","5","5","img/house_2.png","img/house_3.png","925.8949999999022","2421.4649999999674","","925.8949999999022,2421.4649999999674","70","70,32","null","","null","","",""
"no-tradeoff-rwd","52","734449","0.0-6.0-0.30","","","","","","","","1","5","2","img/house_3.png","img/house_2.png","1135.9600000000792","4815.360000000102","466.56999999971595","1135.9600000000792,4815.360000000102,466.56999999971595","70","70,13,32","null","","enter","6","",""
"no-tradeoff-rwd","53","744103","0.0-6.0-0.31","","","","","","","","4","5","3","img/house_4.png","img/house_6.png","1040.5650000000605","630.8899999998976","","1040.5650000000605,630.8899999998976","70","70,32","null","","null","","",""
"no-tradeoff-rwd","54","756989","0.0-6.0-0.32","","","","","","","","4","4","4","img/house_2.png","img/house_3.png","1092.4350000000559","638.8899999998976","3231.5749999999534","1092.4350000000559,638.8899999998976,3231.5749999999534","70","70,32,13","enter","4","null","","",""
"no-tradeoff-rwd","55","766856","0.0-6.0-0.33","","","","","","","","1","3","5","img/house_2.png","img/house_3.png","1097.8800000000047","850.3249999999534","","1097.8800000000047,850.3249999999534","74","74,32","null","","null","","",""
"no-tradeoff-rwd","56","782056","0.0-6.0-0.34","","","","","","","","4","5","9","img/house_2.png","img/house_3.png","1388.9600000000792","5493.275000000023","690.0300000000279","1388.9600000000792,5493.275000000023,690.0300000000279","70","70,13,32","null","","enter","5","",""
"no-tradeoff-rwd","57","791409","0.0-6.0-0.35","","","","","","","","4","2","5","img/house_6.png","img/house_4.png","804.809999999823","337.0700000000652","","804.809999999823,337.0700000000652","74","74,32","null","","null","","",""
"no-tradeoff-rwd","58","797808","0.0-6.0-0.36","","","","","","","","1","0","","","","2892.7399999999907","","","2892.7399999999907","32","32","null","","null","","",""
"no-tradeoff-rwd","59","803840","0.0-6.0-0.37","","","","","","","","4","0","","","","2525.4850000001024","","","2525.4850000001024","32","32","null","","null","","",""
"no-tradeoff-rwd","60","821561","0.0-6.0-0.38","","","","","","","","4","5","5","img/house_4.png","img/house_6.png","1155.0549999999348","7902.469999999972","802.3300000001909","1155.0549999999348,7902.469999999972,802.3300000001909","74","74,13,32","null","","enter","4","",""
"no-tradeoff-rwd","61","832921","0.0-6.0-0.39","","","","","","","","4","4","6","img/house_2.png","img/house_3.png","394.4300000000512","2337.2000000001863","","394.4300000000512,2337.2000000001863","70","70,32","null","","null","","",""
"no-tradeoff-rwd","62","850324","0.0-6.0-0.40","","","","","","","","1","4","6","img/house_4.png","img/house_6.png","1102.1749999999302","778.0700000000652","7603.744999999879","1102.1749999999302,778.0700000000652,7603.744999999879","74","74,32,13","enter","4","null","","",""
"no-tradeoff-rwd","63","859883","0.0-6.0-0.41","","","","","","","","4","5","5","img/house_3.png","img/house_2.png","1236.5149999997811","540.4749999999767","","1236.5149999997811,540.4749999999767","74","74,32","null","","null","","",""
"no-tradeoff-rwd","64","874083","0.0-6.0-0.42","","","","","","","","1","4","3","img/house_2.png","img/house_3.png","819.890000000014","4530.819999999949","652.9949999998789","819.890000000014,4530.819999999949,652.9949999998789","70","70,13,32","null","","enter","4","",""
"no-tradeoff-rwd","65","883824","0.0-6.0-0.43","","","","","","","","1","3","7","img/house_4.png","img/house_6.png","959.1499999999069","724.7600000000093","","959.1499999999069,724.7600000000093","70","70,32","null","","null","","",""
"no-tradeoff-rwd","66","896520","0.0-6.0-0.44","","","","","","","","4","4","7","img/house_4.png","img/house_6.png","745.0849999999627","577.1049999999814","3101.965000000084","745.0849999999627,577.1049999999814,3101.965000000084","70","70,32,13","enter","5","null","","",""
"no-tradeoff-rwd","67","906796","0.0-6.0-0.45","","","","","","","","4","4","3","img/house_4.png","img/house_6.png","839.7000000000698","1258.4199999999255","","839.7000000000698,1258.4199999999255","74","74,32","null","","null","","",""
"no-tradeoff-rwd","68","921508","0.0-6.0-0.46","","","","","","","","1","1","6","img/house_6.png","img/house_4.png","477.7600000000093","4229.749999999884","1468.1299999998882","477.7600000000093,4229.749999999884,1468.1299999998882","70","70,13,32","null","","enter","5","",""
"no-tradeoff-rwd","69","931579","0.0-6.0-0.47","","","","","","","","1","6","1","img/house_4.png","img/house_6.png","769.6499999999069","1055.6650000000373","","769.6499999999069,1055.6650000000373","74","74,32","null","","null","","",""
"no-tradeoff-rwd","70","944789","0.0-6.0-0.48","","","","","","","","4","2","6","img/house_2.png","img/house_3.png","1023.9950000001118","949.8149999999441","3244.9749999998603","1023.9950000001118,949.8149999999441,3244.9749999998603","70","70,32,13","enter","4","null","","",""
"no-tradeoff-rwd","71","954562","0.0-6.0-0.49","","","","","","","","1","6","3","img/house_3.png","img/house_2.png","1084.3349999999627","756.4549999999581","","1084.3349999999627,756.4549999999581","74","74,32","null","","null","","",""
"no-tradeoff-rwd","72","970432","0.0-6.0-0.50","","","","","","","","4","8","1","img/house_4.png","img/house_6.png","1039.3999999999069","6245.819999999949","608.2599999998929","1039.3999999999069,6245.819999999949,608.2599999998929","74","74,13,32","null","","enter","6","",""
"no-tradeoff-rwd","73","980295","0.0-6.0-0.51","","","","","","","","1","7","2","img/house_4.png","img/house_6.png","859.8750000001164","837.5699999999488","","859.8750000001164,837.5699999999488","70","70,32","null","","null","","",""
"no-tradeoff-rwd","74","993469","0.0-6.0-0.52","","","","","","","","1","9","2","img/house_4.png","img/house_6.png","1113.1250000001164","662.875","3484.7100000001956","1113.1250000001164,662.875,3484.7100000001956","74","74,32,13","enter","6","null","","",""
"no-tradeoff-rwd","75","1003015","0.0-6.0-0.53","","","","","","","","4","2","5","img/house_2.png","img/house_3.png","1028.8199999999488","531.4399999999441","","1028.8199999999488,531.4399999999441","74","74,32","null","","null","","",""
"no-tradeoff-rwd","76","1018031","0.0-6.0-0.54","","","","","","","","1","8","1","img/house_4.png","img/house_6.png","713.3399999999674","5491.760000000126","507.8950000000186","713.3399999999674,5491.760000000126,507.8950000000186","74","74,13,32","null","","enter","6","",""
"no-tradeoff-rwd","77","1028464","0.0-6.0-0.55","","","","","","","","4","1","8","img/house_2.png","img/house_3.png","732.890000000014","1417.3049999999348","","732.890000000014,1417.3049999999348","70","70,32","null","","null","","",""
"no-tradeoff-rwd","78","1041812","0.0-6.0-0.56","","","","","","","","1","8","2","img/house_4.png","img/house_6.png","931.5000000002328","715.3800000000047","3615.0999999999767","931.5000000002328,715.3800000000047,3615.0999999999767","70","70,32,13","enter","5","null","","",""
"no-tradeoff-rwd","79","1051580","0.0-6.0-0.57","","","","","","","","4","9","2","img/house_4.png","img/house_6.png","939.8499999999767","751.8400000000838","","939.8499999999767,751.8400000000838","74","74,32","null","","null","","",""
"no-tradeoff-rwd","80","1064904","0.0-6.0-0.58","","","","","","","","1","6","2","img/house_4.png","img/house_6.png","836.1099999998696","3340.060000000056","967.8499999998603","836.1099999998696,3340.060000000056,967.8499999998603","70","70,13,32","null","","enter","6","",""
"no-tradeoff-rwd","81","1074545","0.0-6.0-0.59","","","","","","","","4","9","2","img/house_3.png","img/house_2.png","990.8649999999907","622.1049999999814","","990.8649999999907,622.1049999999814","74","74,32","null","","null","","",""
"no-tradeoff-rwd","82","1089979","0.0-6.0-0.60","","","","","","","","4","9","1","img/house_3.png","img/house_2.png","655.2849999999162","2329.934999999823","4088.989999999758","655.2849999999162,2329.934999999823,4088.989999999758","70","70,32,13","enter","7","null","","",""
"no-tradeoff-rwd","83","1100067","0.0-6.0-0.61","","","","","","","","1","7","0","img/house_4.png","img/house_6.png","806.1749999998137","1067.5100000000093","","806.1749999998137,1067.5100000000093","74","74,32","null","","null","","",""
"no-tradeoff-rwd","84","1113441","0.0-6.0-0.62","","","","","","","","1","7","3","img/house_3.png","img/house_2.png","898.2250000000931","3630.8649999999907","726.1850000000559","898.2250000000931,3630.8649999999907,726.1850000000559","74","74,13,32","null","","enter","6","",""
"no-tradeoff-rwd","85","1122376","0.0-6.0-0.63","","","","","","","","1","7","3","img/house_4.png","img/house_6.png","988.6350000000093","1419.2049999998417","","988.6350000000093,1419.2049999998417","74","74,32","null","","null","","",""
"no-tradeoff-rwd","86","1139030","0.0-6.0-0.64","","","","","","","","4","3","5","img/house_4.png","img/house_6.png","642.934999999823","4006.804999999935","3627.8600000001024","642.934999999823,4006.804999999935,3627.8600000001024","74","74,32,13","enter","7","null","","",""
"no-tradeoff-rwd","87","1148769","0.0-6.0-0.65","","","","","","","","4","2","2","img/house_4.png","img/house_6.png","776.0200000000186","724.1049999999814","","776.0200000000186,724.1049999999814","70","70,32","null","","null","","",""
"no-tradeoff-rwd","88","1162083","0.0-6.0-0.66","","","","","","","","4","0","1","img/house_6.png","img/house_4.png","694.1149999999907","3806.715000000084","490.14999999990687","694.1149999999907,3806.715000000084,490.14999999990687","74","74,13,32","null","","enter","6","",""
"no-tradeoff-rwd","89","1171696","0.0-6.0-0.67","","","","","","","","4","0","1","img/house_3.png","img/house_2.png","1103.320000000298","585.6750000000466","","1103.320000000298,585.6750000000466","70","70,32","null","","null","","",""
"no-tradeoff-rwd","90","1184888","0.0-6.0-0.68","","","","","","","","4","2","1","img/house_4.png","img/house_6.png","933.9399999999441","519.1599999999162","3656.1699999999255","933.9399999999441,519.1599999999162,3656.1699999999255","74","74,32,13","enter","3","null","","",""
"no-tradeoff-rwd","91","1194878","0.0-6.0-0.69","","","","","","","","4","2","1","img/house_4.png","img/house_6.png","931.2650000001304","973.5349999999162","","931.2650000001304,973.5349999999162","70","70,32","null","","null","","",""
"no-tradeoff-rwd","92","1210337","0.0-6.0-0.70","","","","","","","","4","3","2","img/house_3.png","img/house_2.png","1361.6800000004005","3489.564999999944","2953.1999999999534","1361.6800000004005,3489.564999999944,2953.1999999999534","74","74,13,32","null","","enter","6","",""
"no-tradeoff-rwd","93","1219830","0.0-6.0-0.71","","","","","","","","1","1","1","img/house_2.png","img/house_3.png","997.6149999999907","477.1899999999441","","997.6149999999907,477.1899999999441","70","70,32","null","","null","","",""
"no-tradeoff-rwd","94","1232866","0.0-6.0-0.72","","","","","","","","4","2","3","img/house_3.png","img/house_2.png","567.4449999998324","797.8349999999627","3220.9499999999534","567.4449999998324,797.8349999999627,3220.9499999999534","74","74,32,13","enter","3","null","","",""
"no-tradeoff-rwd","95","1246284","0.0-6.0-0.73","","","","","","","","1","1","2","img/house_4.png","img/house_6.png","867.3499999998603","4395.475000000093","","867.3499999998603,4395.475000000093","70","70,32","null","","null","","",""
"no-tradeoff-rwd","96","1261160","0.0-6.0-0.74","","","","","","","","4","3","1","img/house_4.png","img/house_6.png","661.7700000002515","3366.875000000233","2492.940000000177","661.7700000002515,3366.875000000233,2492.940000000177","70","70,13,32","null","","enter","6","",""
"no-tradeoff-rwd","97","1271083","0.0-6.0-0.75","","","","","","","","1","1","4","img/house_6.png","img/house_4.png","1397.1149999999907","905.7399999999907","","1397.1149999999907,905.7399999999907","70","70,32","null","","null","","",""
"no-tradeoff-rwd","98","1283378","0.0-6.0-0.76","","","","","","","","4","7","2","img/house_3.png","img/house_2.png","870.0100000000093","540.0399999998044","2736.2049999998417","870.0100000000093,540.0399999998044,2736.2049999998417","70","70,32,13","enter","3","null","","",""
"no-tradeoff-rwd","99","1295557","0.0-6.0-0.77","","","","","","","","1","7","1","img/house_4.png","img/house_6.png","783.8400000000838","3163.8199999998324","","783.8400000000838,3163.8199999998324","74","74,32","null","","null","","",""
"no-tradeoff-rwd","100","1315306","0.0-6.0-0.78","","","","","","","","4","7","2","img/house_4.png","img/house_6.png","797.2150000000838","9214.084999999963","1517.8300000000745","797.2150000000838,9214.084999999963,1517.8300000000745","74","74,13,32","null","","enter","5","",""
"no-tradeoff-rwd","101","1327843","0.0-6.0-0.79","","","","","","","","4","8","3","img/house_3.png","img/house_2.png","807.1899999999441","3521.0999999998603","","807.1899999999441,3521.0999999998603","70","70,32","null","","null","","",""
"no-tradeoff-rwd","102","1345803","0.0-6.0-0.80","","","","","","","","4","8","4","img/house_4.png","img/house_6.png","569.5300000000279","5787.810000000056","3154.1500000001397","569.5300000000279,5787.810000000056,3154.1500000001397","74","74,32,13","enter","7","null","","",""
"no-tradeoff-rwd","103","1356595","0.0-6.0-0.81","","","","","","","","4","5","3","img/house_4.png","img/house_6.png","603.9399999999441","1774.8149999999441","","603.9399999999441,1774.8149999999441","74","74,32","null","","null","","",""
"no-tradeoff-rwd","104","1369736","0.0-6.0-0.82","","","","","","","","1","7","4","img/house_3.png","img/house_2.png","1254.8900000001304","3007.6999999999534","1119.5099999997765","1254.8900000001304,3007.6999999999534,1119.5099999997765","74","74,13,32","null","","enter","6","",""
"no-tradeoff-rwd","105","1380645","0.0-6.0-0.83","","","","","","","","1","7","4","img/house_4.png","img/house_6.png","1129.8300000000745","1893.6350000000093","","1129.8300000000745,1893.6350000000093","70","70,32","null","","null","","",""
"no-tradeoff-rwd","106","1392566","0.0-6.0-0.84","","","","","","","","4","6","5","img/house_4.png","img/house_6.png","612.25","37.80499999993481","2868.1299999998882","612.25,37.80499999993481,2868.1299999998882","74","74,32,13","enter","6","null","","",""
"no-tradeoff-rwd","107","1402159","0.0-6.0-0.85","","","","","","","","4","3","9","img/house_3.png","img/house_2.png","780.8950000000186","576.2849999999162","","780.8950000000186,576.2849999999162","74","74,32","null","","null","","",""
"no-tradeoff-rwd","108","1416707","0.0-6.0-0.86","","","","","","","","4","0","9","img/house_4.png","img/house_6.png","700.2750000001397","5635.594999999972","1397.5399999998044","700.2750000001397,5635.594999999972,1397.5399999998044","70","70,13,32","null","","enter","6","",""
"no-tradeoff-rwd","109","1426457","0.0-6.0-0.87","","","","","","","","1","8","2","img/house_6.png","img/house_4.png","750.9000000001397","733.8250000001863","","750.9000000001397,733.8250000001863","74","74,32","null","","null","","",""
"no-tradeoff-rwd","110","1441422","0.0-6.0-0.88","","","","","","","","4","6","3","img/house_6.png","img/house_4.png","756.4050000000279","1591.469999999972","4355.6349999997765","756.4050000000279,1591.469999999972,4355.6349999997765","70","70,32,13","enter","5","null","","",""
"no-tradeoff-rwd","111","1451067","0.0-6.0-0.89","","","","","","","","4","4","4","img/house_6.png","img/house_4.png","1063.0500000000466","617.9199999996927","","1063.0500000000466,617.9199999996927","74","74,32","null","","null","","",""
"no-tradeoff-rwd","112","1465358","0.0-6.0-0.90","","","","","","","","4","8","3","img/house_4.png","img/house_6.png","936.4099999999162","4524.9199999999255","750.9449999998324","936.4099999999162,4524.9199999999255,750.9449999998324","70","70,13,32","null","","enter","5","",""
"no-tradeoff-rwd","113","1475150","0.0-6.0-0.91","","","","","","","","1","8","3","img/house_3.png","img/house_2.png","1089.75","775.464999999851","","1089.75,775.464999999851","70","70,32","null","","null","","",""
"no-tradeoff-rwd","114","1490827","0.0-6.0-0.92","","","","","","","","4","8","5","img/house_3.png","img/house_2.png","916.9350000000559","3012.4300000001676","3639.685000000056","916.9350000000559,3012.4300000001676,3639.685000000056","70","70,32,13","enter","5","null","","",""
"no-tradeoff-rwd","115","1501874","0.0-6.0-0.93","","","","","","","","1","0","","","","7538.894999999786","","","7538.894999999786","32","32","null","","null","","",""
"no-tradeoff-rwd","116","1515159","0.0-6.0-0.94","","","","","","","","4","8","5","img/house_4.png","img/house_6.png","716.2649999998976","2737.380000000121","1533.1149999997579","716.2649999998976,2737.380000000121,1533.1149999997579","74","74,13,32","null","","enter","6","",""
"no-tradeoff-rwd","117","1525266","0.0-6.0-0.95","","","","","","","","1","8","6","img/house_3.png","img/house_2.png","841.125","1089.2150000000838","","841.125,1089.2150000000838","70","70,32","null","","null","","",""
"no-tradeoff-rwd","118","1541859","0.0-6.0-0.96","","","","","","","","4","8","8","img/house_4.png","img/house_6.png","792.5700000000652","1837.4499999999534","5737.379999999888","792.5700000000652,1837.4499999999534,5737.379999999888","74","74,32,13","enter","6","null","","",""
"no-tradeoff-rwd","119","1553046","0.0-6.0-0.97","","","","","","","","1","8","5","img/house_2.png","img/house_3.png","1023.714999999851","2170.975000000093","","1023.714999999851,2170.975000000093","74","74,32","null","","null","","",""
"no-tradeoff-rwd","120","1566470","0.0-6.0-0.98","","","","","","","","1","4","6","img/house_3.png","img/house_2.png","1233.9899999999907","3233.875","1174.1899999999441","1233.9899999999907,3233.875,1174.1899999999441","70","70,13,32","null","","enter","4","",""
"no-tradeoff-rwd","121","1576325","0.0-6.0-0.99","","","","","","","","1","4","6","img/house_4.png","img/house_6.png","695.9899999999907","837.4800000002142","","695.9899999999907,837.4800000002142","70","70,32","null","","null","","",""
"no-tradeoff-rwd","122","1589276","0.0-6.0-0.100","","","","","","","","4","7","6","img/house_2.png","img/house_3.png","1125.2050000000745","610.5999999998603","3324.1049999997485","1125.2050000000745,610.5999999998603,3324.1049999997485","74","74,32,13","enter","6","null","","",""
"no-tradeoff-rwd","123","1599261","0.0-6.0-0.101","","","","","","","","1","5","6","img/house_2.png","img/house_3.png","841.3249999997206","966.8800000001211","","841.3249999997206,966.8800000001211","74","74,32","null","","null","","",""
"no-tradeoff-rwd","124","1612591","0.0-6.0-0.102","","","","","","","","4","4","5","img/house_2.png","img/house_3.png","1040.5700000000652","3634.679999999935","676.8999999999069","1040.5700000000652,3634.679999999935,676.8999999999069","70","70,13,32","null","","enter","5","",""
"no-tradeoff-rwd","125","1623462","0.0-6.0-0.103","","","","","","","","4","5","2","img/house_3.png","img/house_2.png","1017.0250000001397","1853.7750000001397","","1017.0250000001397,1853.7750000001397","74","74,32","null","","null","","",""
"no-tradeoff-rwd","126","1642892","0.0-6.0-0.104","","","","","","","","4","0","6","img/house_6.png","img/house_4.png","1144.0849999999627","1631.4950000001118","8782.144999999786","1144.0849999999627,1631.4950000001118,8782.144999999786","70","70,32,13","enter","4","null","","",""
"no-tradeoff-rwd","127","1652256","0.0-6.0-0.105","","","","","","","","1","0","","","","5855.195000000065","","","5855.195000000065","32","32","null","","null","","",""
"no-tradeoff-rwd","128","1666052","0.0-6.0-0.106","","","","","","","","1","3","0","img/house_4.png","img/house_6.png","843.6199999998789","4244.030000000028","537.6850000000559","843.6199999998789,4244.030000000028,537.6850000000559","70","70,13,32","null","","enter","6","",""
"no-tradeoff-rwd","129","1675706","0.0-6.0-0.107","","","","","","","","4","3","2","img/house_4.png","img/house_6.png","730.4200000001583","633.8600000001024","","730.4200000001583,633.8600000001024","74","74,32","null","","null","","",""
"no-tradeoff-rwd","130","1687995","0.0-6.0-0.108","","","","","","","","1","4","2","img/house_4.png","img/house_6.png","742.9099999999162","583.2449999998789","2673.1049999997485","742.9099999999162,583.2449999998789,2673.1049999997485","70","70,32,13","enter","3","null","","",""
"no-tradeoff-rwd","131","1697696","0.0-6.0-0.109","","","","","","","","4","7","2","img/house_4.png","img/house_6.png","646.4250000000466","684.4449999998324","","646.4250000000466,684.4449999998324","70","70,32","null","","null","","",""
"no-tradeoff-rwd","132","1712122","0.0-6.0-0.110","","","","","","","","4","7","2","img/house_3.png","img/house_2.png","1196.5500000000466","3005.3249999999534","2402.839999999851","1196.5500000000466,3005.3249999999534,2402.839999999851","70","70,13,32","null","","enter","6","",""
"no-tradeoff-rwd","133","1721658","0.0-6.0-0.111","","","","","","","","1","2","8","img/house_2.png","img/house_3.png","1026.0200000002515","521.8100000002887","","1026.0200000002515,521.8100000002887","74","74,32","null","","null","","",""
"no-tradeoff-rwd","134","1733167","0.0-6.0-0.112","","","","","","","","4","6","1","img/house_4.png","img/house_6.png","713.7400000002235","1491.0500000000466","2502.304999999935","713.7400000002235,1491.0500000000466,2502.304999999935","74","74,32,13","enter","6","null","","",""
"no-tradeoff-rwd","135","1742710","0.0-6.0-0.113","","","","","","","","1","6","2","img/house_4.png","img/house_6.png","938.6850000000559","525.8250000001863","","938.6850000000559,525.8250000001863","70","70,32","null","","null","","",""
"no-tradeoff-rwd","136","1754894","0.0-6.0-0.114","","","","","","","","4","3","3","img/house_2.png","img/house_3.png","830.934999999823","2771.605000000447","394.97499999962747","830.934999999823,2771.605000000447,394.97499999962747","70","70,13,32","null","","enter","4","",""
"no-tradeoff-rwd","137","1765100","0.0-6.0-0.115","","","","","","","","1","5","1","img/house_4.png","img/house_6.png","895.0150000001304","1191.1450000002515","","895.0150000001304,1191.1450000002515","74","74,32","null","","null","","",""
"no-tradeoff-rwd","138","1778053","0.0-6.0-0.116","","","","","","","","4","5","3","img/house_3.png","img/house_2.png","913.3049999999348","901.9549999998417","3032.409999999916","913.3049999999348,901.9549999998417,3032.409999999916","74","74,32,13","enter","4","null","","",""
"no-tradeoff-rwd","139","1788175","0.0-6.0-0.117","","","","","","","","1","3","2","img/house_3.png","img/house_2.png","978.6050000002142","1104.7749999999069","","978.6050000002142,1104.7749999999069","74","74,32","null","","null","","",""
"no-tradeoff-rwd","140","1800667","0.0-6.0-0.118","","","","","","","","4","5","3","img/house_2.png","img/house_3.png","874.4200000001583","2859.0999999996275","616.5550000001676","874.4200000001583,2859.0999999996275,616.5550000001676","74","74,13,32","null","","enter","5","",""
"no-tradeoff-rwd","141","1810498","0.0-6.0-0.119","","","","","","","","1","4","2","img/house_6.png","img/house_4.png","614.9899999999907","814.2900000002701","","614.9899999999907,814.2900000002701","74","74,32","null","","null","","",""
"call-function","142","1810499","0.0-7.0","","","","","","","","","","","","","","","","","","","","","","","",""
"html-keyboard-response","143","1813743","0.0-8.0","3243.465000000084","<p>Now you will play the second game!</p><p>Press the space bar to begin reading the instructions for the second game.</p>","","","32","","","","","","","","","","","","","","","","","","",""
"instructions","144","1953707","0.0-9.0","139962.91500000004","","","","","[{""page_index"":0,""viewing_time"":22292.685000000056},{""page_index"":1,""viewing_time"":24338.914999999804},{""page_index"":2,""viewing_time"":9347.290000000037},{""page_index"":3,""viewing_time"":17544.534999999916},{""page_index"":4,""viewing_time"":31308.040000000037},{""page_index"":5,""viewing_time"":19594.590000000084},{""page_index"":6,""viewing_time"":4274.205000000307},{""page_index"":7,""viewing_time"":4630.879999999655},{""page_index"":8,""viewing_time"":6631.41500000027}]","","","","","","","","","","","","","","","","","",""
"html-keyboard-response","145","1959745","0.0-10.0-0.0","6036.665000000037","<p style=""font-size:24px;font-weight:bold"">TEST QUESTION</p><p>Which letter should you press to select the green tree on the left?</p><div class=group><table class=table_center><tr><td class=prompt colspan=2>Choose one</td></tr><tr style=""height: 300px;""><td style=""width: 300px;""><img id=""left"" src=img/tree_3.png style=""zoom: 100%;""/></td><td style=""width: 300px;""><img id=""right"" src=img/tree_7.png style=""zoom: 100%;""/></td></tr></table></div><br>","","","70","","true","","","","","","","","","","","","","","","","",""
"html-keyboard-response","146","1962747","0.0-10.0-1.0","null","<p style=""font-size:36px;font-weight:bold"">Correct!</p><p> Remember, press ""F"" for left and ""J"" for right. </p>","","","null","","","","","","","","","","","","","","","","","","",""
"html-keyboard-response","147","1964623","0.0-10.0-2.0","1873.4150000000373","<p style=""font-size:24px;font-weight:bold"">TEST QUESTION</p><p>Which letter should you press to select the red tree on the right?</p><div class=group><table class=table_center><tr><td class=prompt colspan=2>Choose one</td></tr><tr style=""height: 300px;""><td style=""width: 300px;""><img id=""left"" src=img/tree_3.png style=""zoom: 100%;""/></td><td style=""width: 300px;""><img id=""right"" src=img/tree_7.png style=""zoom: 100%;""/></td></tr></table></div><br>","","","74","","true","","","","","","","","","","","","","","","","",""
"html-keyboard-response","148","1967625","0.0-10.0-3.0","null","<p style=""font-size:36px;font-weight:bold"">Correct!</p><p> Remember, press ""F"" for left and ""J"" for right. </p>","","","null","","","","","","","","","","","","","","","","","","",""
"html-keyboard-response","149","1971056","0.0-10.0-4.0","3429.3600000001024","<p style=""font-size:24px;font-weight:bold"">TEST QUESTION</p><p>Type the number of the <b> maximum </b> amount of shields an gnome can make</p>","","","57","","true","","","","","","","","","","","","","","","","",""
"html-keyboard-response","150","1974058","0.0-10.0-5.0","null","<p style=""font-size:36px;font-weight:bold"">Correct!</p><p> Remember, gnomes can make 0 to 9 shields. </p>","","","null","","","","","","","","","","","","","","","","","","",""
"html-keyboard-response","151","1978206","0.0-10.0-6.0","4144.595000000205","<p style=""font-size:24px;font-weight:bold"">TEST QUESTION</p><p>Remember, the same tree always takes you to the same gnome. </p><p>On this trial, select the tree on the left by pressing ""F"".</p><div class=group><table class=table_center><tr><td class=prompt colspan=2>Choose one</td></tr><tr style=""height: 300px;""><td style=""width: 300px;""><img id=""left"" src=img/tree_1.png style=""zoom: 100%;""/></td><td style=""width: 300px;""><img id=""right"" src=img/tree_2.png style=""zoom: 100%;""/></td></tr></table></div><br>","","","70","","","","","","","","","","","","","","","","","","",""
"html-keyboard-response","152","1983237","0.0-10.0-7.0","5028.959999999963","<p style=""font-size:24px;font-weight:bold"">TEST QUESTION</p><p>The orange tree took you to the green gnome. </p><p> The green gnome gave you 8 shields. </p><p> The most shields a gnome can make is 9 shields, so this is a great outcome!</p><div class=group><table class=table_center><tr><td class=prompt colspan=3>You received</td></tr><tr style=""height: 300px;""><td><img src=img/gnome_green.png style=""zoom: 100%;""/></td><td><img src=img/shield.png style=""zoom: 30%;""/></td><td class=prompt>x 8</td></tr></table></div><br><p> Press space to continue </p>","","","32","","","","","","","","","","","","","","","","","","",""
"html-keyboard-response","153","1985976","0.0-10.0-8.0","2736.2799999995623","<p style=""font-size:24px;font-weight:bold"">TEST QUESTION</p><p>If you wanted to visit the <b> green gnome </b> again, which tree would you select?</p><div class=group><table class=table_center><tr><td class=prompt colspan=2>Choose one</td></tr><tr style=""height: 300px;""><td style=""width: 300px;""><img id=""left"" src=img/tree_1.png style=""zoom: 100%;""/></td><td style=""width: 300px;""><img id=""right"" src=img/tree_2.png style=""zoom: 100%;""/></td></tr></table></div><br>","","","70","","true","","","","","","","","","","","","","","","","",""
"html-keyboard-response","154","1988978","0.0-10.0-9.0","null","<p style=""font-size:36px;font-weight:bold"">Correct!</p><p> Remember, the same tree goes to the same gnome. </p>","","","null","","","","","","","","","","","","","","","","","","",""
"html-keyboard-response","155","1990847","0.0-10.0-10.0","1866.7999999998137","<p style=""font-size:24px;font-weight:bold"">TEST QUESTION</p><p>On this trial, select the tree on the right by pressing ""J"".</p><div class=group><table class=table_center><tr><td class=prompt colspan=2>Choose one</td></tr><tr style=""height: 300px;""><td style=""width: 300px;""><img id=""left"" src=img/tree_1.png style=""zoom: 100%;""/></td><td style=""width: 300px;""><img id=""right"" src=img/tree_2.png style=""zoom: 100%;""/></td></tr></table></div><br>","","","74","","","","","","","","","","","","","","","","","","",""
"html-keyboard-response","156","1997649","0.0-10.0-11.0","6799.114999999758","<p style=""font-size:24px;font-weight:bold"">TEST QUESTION</p><p>The blue tree took you to the purple gnome. </p><p> The purple gnome only gave you 1 shield. </p><p> That is not very much and is a pretty bad outcome.</p><div class=group><table class=table_center><tr><td class=prompt colspan=3>You received</td></tr><tr style=""height: 300px;""><td><img src=img/gnome_purple.png style=""zoom: 100%;""/></td><td><img src=img/shield.png style=""zoom: 30%;""/></td><td class=prompt>x 1</td></tr></table></div><br><p> Press space to continue </p>","","","32","","","","","","","","","","","","","","","","","","",""
"html-keyboard-response","157","2000510","0.0-10.0-12.0","2858.45999999973","<p style=""font-size:24px;font-weight:bold"">TEST QUESTION</p><p>Remember the green gnome gave you 8 shields and the purple gnome only gave you 1 shield. </p><p> Which gnome would you try to visit next? </p><div class=group><table class=table_center><tr><td class=prompt colspan=2>Choose one</td></tr><tr style=""height: 300px;""><td style=""width: 300px;""><img id=""left"" src=img/gnome_green.png style=""zoom: 100%;""/></td><td style=""width: 300px;""><img id=""right"" src=img/gnome_purple.png style=""zoom: 100%;""/></td></tr></table></div><br>","","","70","","true","","","","","","","","","","","","","","","","",""
"html-keyboard-response","158","2003150","0.0-10.0-13.0","2638.409999999916","<p style=""font-size:36px;font-weight:bold"">Correct!</p><p> Remember, you want to select the gnome who gives you the most shields.</p>","","","32","","","","","","","","","","","","","","","","","","",""
"html-keyboard-response","159","2005348","0.0-10.0-14.0","2196.160000000149","<p style=""font-size:24px;font-weight:bold"">TEST QUESTION</p><p>To visit the green gnome, which tree should you visit? </p><div class=group><table class=table_center><tr><td class=prompt colspan=2>Choose one</td></tr><tr style=""height: 300px;""><td style=""width: 300px;""><img id=""left"" src=img/tree_1.png style=""zoom: 100%;""/></td><td style=""width: 300px;""><img id=""right"" src=img/tree_2.png style=""zoom: 100%;""/></td></tr></table></div><br>","","","70","","true","","","","","","","","","","","","","","","","",""
"html-keyboard-response","160","2008351","0.0-10.0-15.0","null","<p style=""font-size:36px;font-weight:bold"">Correct!</p><p>Remember, the same tree goes to the same gnome each time.</p>","","","null","","","","","","","","","","","","","","","","","","",""
"html-keyboard-response","161","2009674","0.0-10.0-16.0","1320.7950000001583","<p style=""font-size:36px;font-weight:bold"">You are ready to play!</p><p>The trees and gnomes in the actual game will be different than the practice. </p><p> Press space to start the game</p>","","","32","","","","","","","","","","","","","","","","","","",""
"no-tradeoff","162","2024086","0.0-11.0-0.0","","","","","","","","1","5","3","img/tree_8.png","img/tree_9.png","944.1100000003353","1220.8049999999348","4152.355000000214","944.1100000003353,1220.8049999999348,4152.355000000214","70","70,32,13","enter","4","null","","",""
"no-tradeoff","163","2033792","0.0-11.0-0.1","","","","","","","","4","8","2","img/tree_8.png","img/tree_9.png","1021.554999999702","690.4800000002142","","1021.554999999702,690.4800000002142","70","70,32","null","","null","","",""
"no-tradeoff","164","2047837","0.0-11.0-0.2","","","","","","","","1","6","6","img/tree_3.png","img/tree_7.png","1000.5849999997299","4321.75","705.8599999998696","1000.5849999997299,4321.75,705.8599999998696","74","74,13,32","null","","enter","4","",""
"no-tradeoff","165","2057423","0.0-11.0-0.3","","","","","","","","1","4","6","img/tree_7.png","img/tree_3.png","1139.6000000000931","570.2199999999721","","1139.6000000000931,570.2199999999721","74","74,32","null","","null","","",""
"no-tradeoff","166","2070926","0.0-11.0-0.4","","","","","","","","1","4","2","img/tree_9.png","img/tree_8.png","1187.3700000001118","1620.3799999998882","2867.255000000121","1187.3700000001118,1620.3799999998882,2867.255000000121","74","74,32,13","enter","4","null","","",""
"no-tradeoff","167","2080688","0.0-11.0-0.5","","","","","","","","4","0","4","img/tree_7.png","img/tree_3.png","899.559999999823","745.1049999999814","","899.559999999823,745.1049999999814","70","70,32","null","","null","","",""
"no-tradeoff","168","2095087","0.0-11.0-0.6","","","","","","","","1","3","0","img/tree_3.png","img/tree_7.png","894.8299999998417","4689.320000000065","691.875","894.8299999998417,4689.320000000065,691.875","70","70,13,32","null","","enter","6","",""
"no-tradeoff","169","2104742","0.0-11.0-0.7","","","","","","","","1","7","0","img/tree_9.png","img/tree_8.png","1277.625","638.1999999997206","","1277.625,638.1999999997206","70","70,32","null","","null","","",""
"no-tradeoff","170","2117623","0.0-11.0-0.8","","","","","","","","4","1","8","img/tree_7.png","img/tree_3.png","1135.3600000003353","737.6600000006147","3127.035000000149","1135.3600000003353,737.6600000006147,3127.035000000149","74","74,32,13","enter","5","null","","",""
"no-tradeoff","171","2127443","0.0-11.0-0.9","","","","","","","","4","1","7","img/tree_7.png","img/tree_3.png","1219.3000000002794","800.1100000003353","","1219.3000000002794,800.1100000003353","70","70,32","null","","null","","",""
"no-tradeoff","172","2140078","0.0-11.0-0.10","","","","","","","","1","5","6","img/tree_8.png","img/tree_9.png","1266.2650000001304","3041.470000000205","575.2199999997392","1266.2650000001304,3041.470000000205,575.2199999997392","74","74,13,32","null","","enter","4","",""
"no-tradeoff","173","2149730","0.0-11.0-0.11","","","","","","","","1","8","3","img/tree_3.png","img/tree_7.png","965.0300000002608","635.9350000000559","","965.0300000002608,635.9350000000559","74","74,32","null","","null","","",""
"no-tradeoff","174","2162420","0.0-11.0-0.12","","","","","","","","1","6","2","img/tree_3.png","img/tree_7.png","899.6299999998882","573.5250000003725","3091.7299999999814","899.6299999998882,573.5250000003725,3091.7299999999814","70","70,32,13","enter","7","null","","",""
"no-tradeoff","175","2171948","0.0-11.0-0.13","","","","","","","","1","2","3","img/tree_8.png","img/tree_9.png","1085.3849999997765","513.2050000000745","","1085.3849999997765,513.2050000000745","74","74,32","null","","null","","",""
"no-tradeoff","176","2187555","0.0-11.0-0.14","","","","","","","","4","4","3","img/tree_3.png","img/tree_7.png","956.9150000000373","6024.729999999981","564.7299999999814","956.9150000000373,6024.729999999981,564.7299999999814","74","74,13,32","null","","enter","5","",""
"no-tradeoff","177","2197264","0.0-11.0-0.15","","","","","","","","1","5","1","img/tree_9.png","img/tree_8.png","1222.4050000002608","692.160000000149","","1222.4050000002608,692.160000000149","74","74,32","null","","null","","",""
"no-tradeoff","178","2209501","0.0-11.0-0.16","","","","","","","","4","8","3","img/tree_3.png","img/tree_7.png","942.0299999997951","451.9399999999441","2770.6349999997765","942.0299999997951,451.9399999999441,2770.6349999997765","74","74,32,13","enter","5","null","","",""
"no-tradeoff","179","2219081","0.0-11.0-0.17","","","","","","","","1","2","6","img/tree_8.png","img/tree_9.png","1133.8400000003166","565.4850000003353","","1133.8400000003166,565.4850000003353","74","74,32","null","","null","","",""
"no-tradeoff","180","2232426","0.0-11.0-0.18","","","","","","","","4","6","6","img/tree_3.png","img/tree_7.png","1016.035000000149","3722.964999999851","608.5600000000559","1016.035000000149,3722.964999999851,608.5600000000559","74","74,13,32","null","","enter","6","",""
"no-tradeoff","181","2242202","0.0-11.0-0.19","","","","","","","","4","6","5","img/tree_8.png","img/tree_9.png","836.4249999998137","758.8300000005402","","836.4249999998137,758.8300000005402","70","70,32","null","","null","","",""
"no-tradeoff","182","2254359","0.0-11.0-0.20","","","","","","","","4","4","6","img/tree_3.png","img/tree_7.png","982.2600000002421","859.2549999998882","2280.6999999997206","982.2600000002421,859.2549999998882,2280.6999999997206","74","74,32,13","enter","","null","","",""
"no-tradeoff","183","2264108","0.0-11.0-0.21","","","","","","","","1","4","7","img/tree_3.png","img/tree_7.png","779.5400000000373","735.875","","779.5400000000373,735.875","70","70,32","null","","null","","",""
"no-tradeoff","184","2276675","0.0-11.0-0.22","","","","","","","","4","7","5","img/tree_8.png","img/tree_9.png","1068.7899999995716","3105.2800000002608","446.1750000002794","1068.7899999995716,3105.2800000002608,446.1750000002794","74","74,13,32","null","","enter","5","",""
"no-tradeoff","185","2286998","0.0-11.0-0.23","","","","","","","","4","5","9","img/tree_3.png","img/tree_7.png","1040.8950000000186","1300.8999999994412","","1040.8950000000186,1300.8999999994412","70","70,32","null","","null","","",""
"no-tradeoff","186","2299756","0.0-11.0-0.24","","","","","","","","4","8","4","img/tree_7.png","img/tree_3.png","937.3900000001304","684.1300000003539","3059.7450000001118","937.3900000001304,684.1300000003539,3059.7450000001118","70","70,32,13","enter","3","null","","",""
"no-tradeoff","187","2309815","0.0-11.0-0.25","","","","","","","","1","6","5","img/tree_7.png","img/tree_3.png","1263.320000000298","1043.2349999998696","","1263.320000000298,1043.2349999998696","74","74,32","null","","null","","",""
"no-tradeoff","188","2322596","0.0-11.0-0.26","","","","","","","","4","5","4","img/tree_7.png","img/tree_3.png","714.2250000005588","3086.5649999994785","680.3149999999441","714.2250000005588,3086.5649999994785,680.3149999999441","70","70,13,32","null","","enter","5","",""
"no-tradeoff","189","2332678","0.0-11.0-0.27","","","","","","","","4","6","0","img/tree_8.png","img/tree_9.png","1001.7299999999814","1064.9449999998324","","1001.7299999999814,1064.9449999998324","70","70,32","null","","null","","",""
"no-tradeoff","190","2345284","0.0-11.0-0.28","","","","","","","","4","6","2","img/tree_7.png","img/tree_3.png","799.1500000003725","736.4249999998137","2853.4850000003353","799.1500000003725,736.4249999998137,2853.4850000003353","74","74,32,13","enter","4","null","","",""
"no-tradeoff","191","2355232","0.0-11.0-0.29","","","","","","","","4","8","2","img/tree_8.png","img/tree_9.png","826.7350000003353","934.5399999995716","","826.7350000003353,934.5399999995716","74","74,32","null","","null","","",""
"no-tradeoff","192","2367963","0.0-11.0-0.30","","","","","","","","4","7","1","img/tree_7.png","img/tree_3.png","755.6650000000373","2835.0950000006706","877.3700000001118","755.6650000000373,2835.0950000006706,877.3700000001118","70","70,13,32","null","","enter","5","",""
"no-tradeoff","193","2377919","0.0-11.0-0.31","","","","","","","","1","9","0","img/tree_8.png","img/tree_9.png","901.2250000000931","938.929999999702","","901.2250000000931,938.929999999702","70","70,32","null","","null","","",""
"no-tradeoff","194","2391656","0.0-11.0-0.32","","","","","","","","1","6","1","img/tree_7.png","img/tree_3.png","917.9700000002049","929.5800000000745","3791.9499999997206","917.9700000002049,929.5800000000745,3791.9499999997206","74","74,32,13","enter","7","null","","",""
"no-tradeoff","195","2401905","0.0-11.0-0.33","","","","","","","","4","4","1","img/tree_7.png","img/tree_3.png","768","1233.625","","768,1233.625","70","70,32","null","","null","","",""
"no-tradeoff","196","2414352","0.0-11.0-0.34","","","","","","","","4","1","4","img/tree_9.png","img/tree_8.png","583.7800000002608","2822.964999999851","597.2799999997951","583.7800000002608,2822.964999999851,597.2799999997951","70","70,13,32","null","","enter","4","",""
"no-tradeoff","197","2423975","0.0-11.0-0.35","","","","","","","","4","5","2","img/tree_7.png","img/tree_3.png","494.65999999968335","607.3999999999069","","494.65999999968335,607.3999999999069","70","70,32","null","","null","","",""
"no-tradeoff","198","2437623","0.0-11.0-0.36","","","","","","","","1","3","2","img/tree_7.png","img/tree_3.png","887.4599999999627","1301.8250000001863","3321.5550000001676","887.4599999999627,1301.8250000001863,3321.5550000001676","74","74,32,13","enter","3","null","","",""
"no-tradeoff","199","2447580","0.0-11.0-0.37","","","","","","","","1","2","2","img/tree_8.png","img/tree_9.png","645.3549999999814","940.410000000149","","645.3549999999814,940.410000000149","70","70,32","null","","null","","",""
"no-tradeoff","200","2460849","0.0-11.0-0.38","","","","","","","","4","3","3","img/tree_7.png","img/tree_3.png","570.2599999997765","3836.6550000002608","418.1699999999255","570.2599999997765,3836.6550000002608,418.1699999999255","74","74,13,32","null","","enter","6","",""
"no-tradeoff","201","2470654","0.0-11.0-0.39","","","","","","","","4","0","3","img/tree_9.png","img/tree_8.png","602.3249999997206","789.1400000001304","","602.3249999997206,789.1400000001304","74","74,32","null","","null","","",""
"no-tradeoff","202","2483388","0.0-11.0-0.40","","","","","","","","1","1","4","img/tree_9.png","img/tree_8.png","1270.8700000001118","513.25","3202.3900000001304","1270.8700000001118,513.25,3202.3900000001304","74","74,32,13","enter","1","null","","",""
"no-tradeoff","203","2492943","0.0-11.0-0.41","","","","","","","","1","3","5","img/tree_7.png","img/tree_3.png","585.5","528.1150000002235","","585.5,528.1150000002235","74","74,32","null","","null","","",""
"no-tradeoff","204","2507045","0.0-11.0-0.42","","","","","","","","4","1","2","img/tree_8.png","img/tree_9.png","601.7349999998696","4603.764999999665","477.4049999997951","601.7349999998696,4603.764999999665,477.4049999997951","74","74,13,32","null","","enter","6","",""
"no-tradeoff","205","2516725","0.0-11.0-0.43","","","","","","","","4","4","2","img/tree_3.png","img/tree_7.png","539.3600000003353","664.9300000001676","","539.3600000003353,664.9300000001676","74","74,32","null","","null","","",""
"no-tradeoff","206","2529299","0.0-11.0-0.44","","","","","","","","4","2","3","img/tree_8.png","img/tree_9.png","702.5049999998882","843.9449999993667","2713.3449999997392","702.5049999998882,843.9449999993667,2713.3449999997392","74","74,32,13","enter","3","null","","",""
"no-tradeoff","207","2538858","0.0-11.0-0.45","","","","","","","","1","0","1","img/tree_3.png","img/tree_7.png","555.2900000005029","542.0800000000745","","555.2900000005029,542.0800000000745","70","70,32","null","","null","","",""
"no-tradeoff","208","2552320","0.0-11.0-0.46","","","","","","","","4","1","1","img/tree_8.png","img/tree_9.png","669.8350000004284","4317.154999999795","128.5299999997951","669.8350000004284,4317.154999999795,128.5299999997951","70","70,13,32","null","","enter","6","",""
"no-tradeoff","209","2562011","0.0-11.0-0.47","","","","","","","","1","0","2","img/tree_7.png","img/tree_3.png","632.4249999998137","666.0799999996088","","632.4249999998137,666.0799999996088","70","70,32","null","","null","","",""
"no-tradeoff","210","2574423","0.0-11.0-0.48","","","","","","","","4","1","0","img/tree_9.png","img/tree_8.png","543.5800000000745","555.6849999995902","2832.475000000093","543.5800000000745,555.6849999995902,2832.475000000093","70","70,32,13","enter","1","null","","",""
"no-tradeoff","211","2585075","0.0-11.0-0.49","","","","","","","","1","1","2","img/tree_8.png","img/tree_9.png","520.7949999999255","1635.0149999996647","","520.7949999999255,1635.0149999996647","74","74,32","null","","null","","",""
"no-tradeoff","212","2598648","0.0-11.0-0.50","","","","","","","","4","0","0","img/tree_7.png","img/tree_3.png","657.355000000447","3806.725000000559","749.9000000003725","657.355000000447,3806.725000000559,749.9000000003725","74","74,13,32","null","","enter","5","",""
"no-tradeoff","213","2609222","0.0-11.0-0.51","","","","","","","","4","0","4","img/tree_7.png","img/tree_3.png","720.839999999851","1556.7600000002421","","720.839999999851,1556.7600000002421","70","70,32","null","","null","","",""
"no-tradeoff","214","2621808","0.0-11.0-0.52","","","","","","","","4","3","0","img/tree_9.png","img/tree_8.png","547.4600000004284","743.6000000000931","2828.4449999998324","547.4600000004284,743.6000000000931,2828.4449999998324","74","74,32,13","enter","1","null","","",""
"no-tradeoff","215","2632027","0.0-11.0-0.53","","","","","","","","4","6","0","img/tree_3.png","img/tree_7.png","738.2649999996647","1202.964999999851","","738.2649999996647,1202.964999999851","74","74,32","null","","null","","",""
"no-tradeoff","216","2644827","0.0-11.0-0.54","","","","","","","","4","6","1","img/tree_9.png","img/tree_8.png","751.1300000003539","3157.2499999995343","629.0499999998137","751.1300000003539,3157.2499999995343,629.0499999998137","74","74,13,32","null","","enter","5","",""
"no-tradeoff","217","2654437","0.0-11.0-0.55","","","","","","","","4","4","2","img/tree_9.png","img/tree_8.png","762.875","598.5749999997206","","762.875,598.5749999997206","70","70,32","null","","null","","",""
"no-tradeoff","218","2667120","0.0-11.0-0.56","","","","","","","","1","2","4","img/tree_8.png","img/tree_9.png","427.28000000026077","741.2399999997579","2927.644999999553","427.28000000026077,741.2399999997579,2927.644999999553","74","74,32,13","enter","","null","","",""
"no-tradeoff","219","2676773","0.0-11.0-0.57","","","","","","","","4","5","1","img/tree_3.png","img/tree_7.png","539.0299999997951","640.7700000000186","","539.0299999997951,640.7700000000186","74","74,32","null","","null","","",""
"no-tradeoff","220","2691171","0.0-11.0-0.58","","","","","","","","1","4","3","img/tree_9.png","img/tree_8.png","984.8250000001863","3688.279999999795","1683.4900000002235","984.8250000001863,3688.279999999795,1683.4900000002235","74","74,13,32","null","","enter","5","",""
"no-tradeoff","221","2701148","0.0-11.0-0.59","","","","","","","","4","5","4","img/tree_3.png","img/tree_7.png","669.3599999998696","946.0499999998137","","669.3599999998696,946.0499999998137","70","70,32","null","","null","","",""
"no-tradeoff","222","2713813","0.0-11.0-0.60","","","","","","","","4","4","3","img/tree_3.png","img/tree_7.png","847.4950000001118","795.8350000004284","2854.189999999944","847.4950000001118,795.8350000004284,2854.189999999944","70","70,32,13","enter","4","null","","",""
"no-tradeoff","223","2724682","0.0-11.0-0.61","","","","","","","","1","3","2","img/tree_9.png","img/tree_8.png","878.7749999999069","1853.9250000002794","","878.7749999999069,1853.9250000002794","74","74,32","null","","null","","",""
"no-tradeoff","224","2737302","0.0-11.0-0.62","","","","","","","","1","4","6","img/tree_8.png","img/tree_9.png","900.2649999996647","3002.5500000002794","599.8250000001863","900.2649999996647,3002.5500000002794,599.8250000001863","70","70,13,32","null","","enter","4","",""
"no-tradeoff","225","2747156","0.0-11.0-0.63","","","","","","","","1","3","3","img/tree_7.png","img/tree_3.png","1150.3149999994785","837.9399999994785","","1150.3149999994785,837.9399999994785","74","74,32","null","","null","","",""
"no-tradeoff","226","2759394","0.0-11.0-0.64","","","","","","","","1","3","3","img/tree_8.png","img/tree_9.png","956.0799999996088","571","2647.060000000056","956.0799999996088,571,2647.060000000056","70","70,32,13","enter","2","null","","",""
"no-tradeoff","227","2769014","0.0-11.0-0.65","","","","","","","","4","5","3","img/tree_9.png","img/tree_8.png","982.7299999999814","603.1549999997951","","982.7299999999814,603.1549999997951","70","70,32","null","","null","","",""
"no-tradeoff","228","2782656","0.0-11.0-0.66","","","","","","","","4","2","6","img/tree_8.png","img/tree_9.png","824.8850000002421","4016.0400000000373","597.8449999997392","824.8850000002421,4016.0400000000373,597.8449999997392","74","74,13,32","null","","enter","4","",""
"no-tradeoff","229","2792416","0.0-11.0-0.67","","","","","","","","4","6","1","img/tree_9.png","img/tree_8.png","590.5849999999627","742.644999999553","","590.5849999999627,742.644999999553","70","70,32","null","","null","","",""
"no-tradeoff","230","2806584","0.0-11.0-0.68","","","","","","","","4","6","1","img/tree_3.png","img/tree_7.png","930.9249999998137","2266.535000000149","2883.064999999944","930.9249999998137,2266.535000000149,2883.064999999944","74","74,32,13","enter","4","null","","",""
"no-tradeoff","231","2816286","0.0-11.0-0.69","","","","","","","","1","5","1","img/tree_3.png","img/tree_7.png","692.3499999996275","673.0550000001676","","692.3499999996275,673.0550000001676","70","70,32","null","","null","","",""
"no-tradeoff","232","2829097","0.0-11.0-0.70","","","","","","","","1","4","1","img/tree_9.png","img/tree_8.png","522.9399999999441","3335.19000000041","459.6450000000186","522.9399999999441,3335.19000000041,459.6450000000186","74","74,13,32","null","","enter","6","",""
"no-tradeoff","233","2839095","0.0-11.0-0.71","","","","","","","","1","6","3","img/tree_3.png","img/tree_7.png","606.8950000000186","982.8900000001304","","606.8950000000186,982.8900000001304","70","70,32","null","","null","","",""
"no-tradeoff","234","2852009","0.0-11.0-0.72","","","","","","","","4","7","0","img/tree_9.png","img/tree_8.png","638.589999999851","992.3250000001863","2906.149999999907","638.589999999851,992.3250000001863,2906.149999999907","74","74,32,13","enter","6","null","","",""
"no-tradeoff","235","2861582","0.0-11.0-0.73","","","","","","","","4","5","2","img/tree_9.png","img/tree_8.png","662.6500000003725","557.4050000002608","","662.6500000003725,557.4050000002608","70","70,32","null","","null","","",""
"no-tradeoff","236","2874690","0.0-11.0-0.74","","","","","","","","1","5","4","img/tree_9.png","img/tree_8.png","614.5300000002608","3357.2299999999814","733.7050000000745","614.5300000002608,3357.2299999999814,733.7050000000745","74","74,13,32","null","","enter","6","",""
"no-tradeoff","237","2884237","0.0-11.0-0.75","","","","","","","","1","4","6","img/tree_7.png","img/tree_3.png","691.8900000001304","529.9599999999627","","691.8900000001304,529.9599999999627","74","74,32","null","","null","","",""
"no-tradeoff","238","2896397","0.0-11.0-0.76","","","","","","","","1","4","8","img/tree_8.png","img/tree_9.png","784.2049999996088","670.8749999995343","2459.1150000002235","784.2049999996088,670.8749999995343,2459.1150000002235","74","74,32,13","enter","3","null","","",""
"no-tradeoff","239","2905905","0.0-11.0-0.77","","","","","","","","4","7","2","img/tree_9.png","img/tree_8.png","702.8750000004657","492.91999999945983","","702.8750000004657,492.91999999945983","70","70,32","null","","null","","",""
"no-tradeoff","240","2919220","0.0-11.0-0.78","","","","","","","","4","5","1","img/tree_3.png","img/tree_7.png","670.3600000003353","3690.5850000004284","611.4199999999255","670.3600000003353,3690.5850000004284,611.4199999999255","74","74,13,32","null","","enter","6","",""
"no-tradeoff","241","2928748","0.0-11.0-0.79","","","","","","","","4","2","1","img/tree_3.png","img/tree_7.png","630.0449999999255","515.3650000002235","","630.0449999999255,515.3650000002235","70","70,32","null","","null","","",""
"no-tradeoff","242","2942598","0.0-11.0-0.80","","","","","","","","1","2","4","img/tree_7.png","img/tree_3.png","744.285000000149","738.9799999995157","4097.324999999721","744.285000000149,738.9799999995157,4097.324999999721","70","70,32,13","enter","3","null","","",""
"no-tradeoff","243","2952862","0.0-11.0-0.81","","","","","","","","1","1","2","img/tree_8.png","img/tree_9.png","1111.0300000002608","1246.5499999998137","","1111.0300000002608,1246.5499999998137","74","74,32","null","","null","","",""
"no-tradeoff","244","2965897","0.0-11.0-0.82","","","","","","","","1","2","0","img/tree_9.png","img/tree_8.png","546.0649999999441","3446.964999999851","565.5550000001676","546.0649999999441,3446.964999999851,565.5550000001676","74","74,13,32","null","","enter","6","",""
"no-tradeoff","245","2975730","0.0-11.0-0.83","","","","","","","","4","2","1","img/tree_9.png","img/tree_8.png","662.2650000001304","820.6100000003353","","662.2650000001304,820.6100000003353","70","70,32","null","","null","","",""
"no-tradeoff","246","2988645","0.0-11.0-0.84","","","","","","","","1","3","0","img/tree_9.png","img/tree_8.png","657.2650000001304","823.2700000000186","3068.6749999998137","657.2650000001304,823.2700000000186,3068.6749999998137","74","74,32,13","enter","2","null","","",""
"no-tradeoff","247","2998226","0.0-11.0-0.85","","","","","","","","1","0","3","img/tree_7.png","img/tree_3.png","387.39999999990687","564.7600000002421","","387.39999999990687,564.7600000002421","74","74,32","null","","null","","",""
"no-tradeoff","248","3013431","0.0-11.0-0.86","","","","","","","","1","2","0","img/tree_9.png","img/tree_8.png","471.4849999998696","5617.06500000041","572.9350000005215","471.4849999998696,5617.06500000041,572.9350000005215","70","70,13,32","null","","enter","6","",""
"no-tradeoff","249","3023262","0.0-11.0-0.87","","","","","","","","1","3","2","img/tree_3.png","img/tree_7.png","785.9249999998137","819.25","","785.9249999998137,819.25","70","70,32","null","","null","","",""
"no-tradeoff","250","3035627","0.0-11.0-0.88","","","","","","","","4","5","1","img/tree_9.png","img/tree_8.png","659.3699999996461","617.8799999998882","2723.880000000354","659.3699999996461,617.8799999998882,2723.880000000354","74","74,32,13","enter","3","null","","",""
"no-tradeoff","251","3046109","0.0-11.0-0.89","","","","","","","","4","7","3","img/tree_9.png","img/tree_8.png","703.5","1465.7450000001118","","703.5,1465.7450000001118","74","74,32","null","","null","","",""
"no-tradeoff","252","3058500","0.0-11.0-0.90","","","","","","","","4","7","4","img/tree_9.png","img/tree_8.png","794.9850000003353","2808.9250000002794","563.5900000003166","794.9850000003353,2808.9250000002794,563.5900000003166","70","70,13,32","null","","enter","6","",""
"no-tradeoff","253","3068515","0.0-11.0-0.91","","","","","","","","4","7","7","img/tree_9.png","img/tree_8.png","631.0250000003725","997.4750000000931","","631.0250000003725,997.4750000000931","70","70,32","null","","null","","",""
"no-tradeoff","254","3081303","0.0-11.0-0.92","","","","","","","","1","8","5","img/tree_7.png","img/tree_3.png","666.4549999996088","660.9899999997579","3112.5200000000186","666.4549999996088,660.9899999997579,3112.5200000000186","70","70,32,13","enter","3","null","","",""
"no-tradeoff","255","3090962","0.0-11.0-0.93","","","","","","","","1","7","1","img/tree_8.png","img/tree_9.png","892.9950000001118","642.8900000001304","","892.9950000001118,642.8900000001304","70","70,32","null","","null","","",""
"no-tradeoff","256","3106262","0.0-11.0-0.94","","","","","","","","4","8","3","img/tree_7.png","img/tree_3.png","573.7000000001863","5864.989999999758","418.29000000003725","573.7000000001863,5864.989999999758,418.29000000003725","74","74,13,32","null","","enter","5","",""
"no-tradeoff","257","3116391","0.0-11.0-0.95","","","","","","","","1","5","3","img/tree_8.png","img/tree_9.png","936.9599999999627","1113.5849999999627","","936.9599999999627,1113.5849999999627","74","74,32","null","","null","","",""
"no-tradeoff","258","3128771","0.0-11.0-0.96","","","","","","","","4","1","8","img/tree_7.png","img/tree_3.png","443.50000000046566","1100.619999999646","2263.9199999999255","443.50000000046566,1100.619999999646,2263.9199999999255","70","70,32,13","enter","4","null","","",""
"no-tradeoff","259","3138439","0.0-11.0-0.97","","","","","","","","4","7","0","img/tree_9.png","img/tree_8.png","546.554999999702","649.089999999851","","546.554999999702,649.089999999851","74","74,32","null","","null","","",""
"no-tradeoff","260","3152242","0.0-11.0-0.98","","","","","","","","4","6","2","img/tree_3.png","img/tree_7.png","688.2200000002049","3614.0049999998882","1174.6550000002608","688.2200000002049,3614.0049999998882,1174.6550000002608","74","74,13,32","null","","enter","6","",""
"no-tradeoff","261","3161648","0.0-11.0-0.99","","","","","","","","4","7","6","img/tree_9.png","img/tree_8.png","487.7549999994226","380.8599999998696","","487.7549999994226,380.8599999998696","70","70,32","null","","null","","",""
"no-tradeoff","262","3174692","0.0-11.0-0.100","","","","","","","","1","5","9","img/tree_3.png","img/tree_7.png","462.1049999995157","1174.6949999998324","2853.4399999994785","462.1049999995157,1174.6949999998324,2853.4399999994785","74","74,32,13","enter","5","null","","",""
"no-tradeoff","263","3184209","0.0-11.0-0.101","","","","","","","","4","5","8","img/tree_9.png","img/tree_8.png","655.5800000000745","500.625","","655.5800000000745,500.625","74","74,32","null","","null","","",""
"no-tradeoff","264","3197286","0.0-11.0-0.102","","","","","","","","4","5","5","img/tree_3.png","img/tree_7.png","838.5049999998882","4130.749999999534","1432.1949999998324","838.5049999998882,4130.749999999534,1432.1949999998324","70","70,13,32","null","","enter","5","",""
"no-tradeoff","265","3207012","0.0-11.0-0.103","","","","","","","","1","3","8","img/tree_3.png","img/tree_7.png","788.6049999999814","707.7450000001118","","788.6049999999814,707.7450000001118","74","74,32","null","","null","","",""
"no-tradeoff","266","3220366","0.0-11.0-0.104","","","","","","","","1","7","3","img/tree_7.png","img/tree_3.png","760.3900000001304","923.4650000003166","3414.1749999998137","760.3900000001304,923.4650000003166,3414.1749999998137","70","70,32,13","enter","3","null","","",""
"no-tradeoff","267","3230305","0.0-11.0-0.105","","","","","","","","4","6","2","img/tree_8.png","img/tree_9.png","771.0900000003166","922.8950000000186","","771.0900000003166,922.8950000000186","70","70,32","null","","null","","",""
"no-tradeoff","268","3242797","0.0-11.0-0.106","","","","","","","","4","8","2","img/tree_8.png","img/tree_9.png","527.8899999996647","3043.6400000001304","431.54999999981374","527.8899999996647,3043.6400000001304,431.54999999981374","70","70,13,32","null","","enter","6","",""
"no-tradeoff","269","3251418","0.0-11.0-0.107","","","","","","","","1","8","1","img/tree_7.png","img/tree_3.png","473.57500000018626","1106.3549999995157","","473.57500000018626,1106.3549999995157","70","70,32","null","","null","","",""
"no-tradeoff","270","3263809","0.0-11.0-0.108","","","","","","","","4","8","1","img/tree_8.png","img/tree_9.png","667.9700000002049","765.9350000000559","2607.345000000205","667.9700000002049,765.9350000000559,2607.345000000205","70","70,32,13","enter","7","null","","",""
"no-tradeoff","271","3273349","0.0-11.0-0.109","","","","","","","","4","1","9","img/tree_3.png","img/tree_7.png","931.5800000000745","521.089999999851","","931.5800000000745,521.089999999851","70","70,32","null","","null","","",""
"no-tradeoff","272","3286091","0.0-11.0-0.110","","","","","","","","4","7","0","img/tree_7.png","img/tree_3.png","588.4000000003725","3486.935000000056","238.08499999996275","588.4000000003725,3486.935000000056,238.08499999996275","70","70,13,32","null","","enter","6","",""
"no-tradeoff","273","3295596","0.0-11.0-0.111","","","","","","","","1","7","0","img/tree_8.png","img/tree_9.png","333.84000000031665","490.3549999999814","","333.84000000031665,490.3549999999814","74","74,32","null","","null","","",""
"no-tradeoff","274","3307633","0.0-11.0-0.112","","","","","","","","1","8","2","img/tree_8.png","img/tree_9.png","857.8049999992363","496.7650000001304","2522.904999999795","857.8049999992363,496.7650000001304,2522.904999999795","74","74,32,13","enter","6","null","","",""
"no-tradeoff","275","3317459","0.0-11.0-0.113","","","","","","","","4","6","3","img/tree_8.png","img/tree_9.png","568.8649999997579","808.4799999995157","","568.8649999997579,808.4799999995157","74","74,32","null","","null","","",""
"no-tradeoff","276","3329851","0.0-11.0-0.114","","","","","","","","1","6","5","img/tree_8.png","img/tree_9.png","968.1200000001118","2957.9749999996275","416.7700000004843","968.1200000001118,2957.9749999996275,416.7700000004843","70","70,13,32","null","","enter","5","",""
"no-tradeoff","277","3339574","0.0-11.0-0.115","","","","","","","","4","8","6","img/tree_8.png","img/tree_9.png","537.6649999995716","706.644999999553","","537.6649999995716,706.644999999553","74","74,32","null","","null","","",""
"no-tradeoff","278","3353371","0.0-11.0-0.116","","","","","","","","1","9","8","img/tree_8.png","img/tree_9.png","670.9249999998137","972.8099999995902","3808.18499999959","670.9249999998137,972.8099999995902,3808.18499999959","74","74,32,13","enter","5","null","","",""
"no-tradeoff","279","3362956","0.0-11.0-0.117","","","","","","","","1","7","8","img/tree_7.png","img/tree_3.png","432.90500000026077","568.109999999404","","432.90500000026077,568.109999999404","74","74,32","null","","null","","",""
"no-tradeoff","280","3376479","0.0-11.0-0.118","","","","","","","","4","8","9","img/tree_8.png","img/tree_9.png","919.8599999998696","3968.3799999998882","539.9250000002794","919.8599999998696,3968.3799999998882,539.9250000002794","70","70,13,32","null","","enter","6","",""
"no-tradeoff","281","3387326","0.0-11.0-0.119","","","","","","","","1","8","8","img/tree_7.png","img/tree_3.png","611.7949999999255","1829.6099999998696","","611.7949999999255,1829.6099999998696","70","70,32","null","","null","","",""
"call-function","282","3387327","0.0-12.0","","","","","","","","","","","","","","","","","","","","","","","",""
"html-keyboard-response","283","3396282","0.0-13.0-0.0","8953.715000000317","<p><b> Now you will answer a few questionnaires</b></p><br> The following are statements that a person may either agree with or disagree with.</br><p>For each item, indicate how much you agree or disagree with what the item says by clicking your response. </p><p> Choose only one response and be as accurate and honest as you can. Do not worry about being consistent in your responses. </p><p> Press the space bar to start </p>","","","32","","","","","","","","","","","","","","","","","","",""
"survey-likert","284","3532159","0.0-13.0-1.0","135862.67500000075","","","{""BISBAS1"":1,""BISBAS2"":2,""BISBAS3"":1,""BISBAS4"":1,""BISBAS5"":0,""BISBAS6"":1,""BISBAS7"":0,""BISBAS8"":2,""BISBAS9"":1,""BISBAS10"":1,""BISBAS11"":1,""BISBAS12"":0,""BISBAS13"":1,""BISBAS14"":2,""BISBAS15"":2,""BISBAS16"":1,""BISBAS17"":2,""BISBAS18"":1,""BISBAS19"":1,""BISBAS20"":0,""BISBAS21"":1,""BISBAS22"":0,""BISBAS23"":1,""BISBAS24"":2}","","","","","","","","","","","","","","","","","","","","[0,1,2,3,4,5,6,7,8,9,10,11,12,13,14,15,16,17,18,19,20,21,22,23]"
"html-keyboard-response","285","3534270","0.0-14.0-0.0","2092.9249999998137","<p>Please indicate for each statement the degree to which each statement is descriptive of your mood <b> at this  moment </b>. </p><p> Press the space bar to start </p>","","","32","","","","","","","","","","","","","","","","","","",""
"survey-likert","286","3623619","0.0-14.0-1.0","89339.41999999993","","","{""STICSAS1"":2,""STICSAS2"":1,""STICSAS3"":1,""STICSAS4"":1,""STICSAS5"":1,""STICSAS6"":2,""STICSAS7"":2,""STICSAS8"":0,""STICSAS9"":0,""STICSAS10"":2,""STICSAS11"":1,""STICSAS12"":0,""STICSAS13"":0,""STICSAS14"":0,""STICSAS15"":1,""STICSAS16"":1,""STICSAS17"":2,""STICSAS18"":1,""STICSAS19"":2,""STICSAS20"":1,""STICSAS21"":0,""STICSAS22"":3}","","","","","","","","","","","","","","","","","","","","[0,1,2,3,4,5,6,7,8,9,10,11,12,13,14,15,16,17,18,19,20,21]"
"html-keyboard-response","287","3625547","0.0-15.0-0.0","1911.220000000205","<p>Please indicate for each statement how often <b> in general </b> the statement is true for you. </p><p> Press the space bar to start </p>","","","32","","","","","","","","","","","","","","","","","","",""
"survey-likert","288","3699854","0.0-15.0-1.0","74299.07499999972","","","{""STICSAT1"":2,""STICSAT2"":1,""STICSAT3"":1,""STICSAT4"":1,""STICSAT5"":1,""STICSAT6"":2,""STICSAT7"":2,""STICSAT8"":0,""STICSAT9"":1,""STICSAT10"":2,""STICSAT11"":1,""STICSAT12"":0,""STICSAT13"":0,""STICSAT14"":0,""STICSAT15"":1,""STICSAT16"":1,""STICSAT17"":2,""STICSAT18"":1,""STICSAT19"":1,""STICSAT20"":0,""STICSAT21"":0}","","","","","","","","","","","","","","","","","","","","[0,1,2,3,4,5,6,7,8,9,10,11,12,13,14,15,16,17,18,19,20]"
"html-keyboard-response","289","3704106","0.0-16.0-0.0","4243.295000000391","<p>Please indicate for each statement how much you agree. </p><p> Press the space bar to start </p>","","","32","","","","","","","","","","","","","","","","","","",""
"survey-likert","290","3768012","0.0-16.0-1.0","63899.79000000004","","","{""IUS1"":1,""IUS2"":3,""IUS3"":0,""IUS4"":3,""IUS5"":0,""IUS6"":0,""IUS7"":1,""IUS8"":2,""IUS9"":1,""IUS10"":1,""IUS11"":1,""IUS12"":1,""IUS13"":4}","","","","","","","","","","","","","","","","","","","","[0,1,2,3,4,5,6,7,8,9,10,11,12]"
"html-keyboard-response","291","3769459","0.0-17.0-0.0","1440.8449999992736","<p>Please indicate for each statement how you <b> generally </b> feel. </p><p> Press the space bar to start </p>","","","32","","","","","","","","","","","","","","","","","","",""
"survey-likert","292","3841292","0.0-17.0-1.0","71822.44499999937","","","{""STAIT1"":2,""STAIT2"":2,""STAIT3"":2,""STAIT4"":1,""STAIT5"":0,""STAIT6"":1,""STAIT7"":2,""STAIT8"":1,""STAIT9"":1,""STAIT10"":2,""STAIT11"":1,""STAIT12"":1,""STAIT13"":2,""STAIT14"":1,""STAIT15"":0,""STAIT16"":2,""STAIT17"":1,""STAIT18"":0,""STAIT19"":1,""STAIT20"":1}","","","","","","","","","","","","","","","","","","","","[0,1,2,3,4,5,6,7,8,9,10,11,12,13,14,15,16,17,18,19]"
"html-keyboard-response","293","3842910","0.0-18.0-0.0","1606.445000000298","<p>Please indicate for each statement how much you think each statement is typical of you. </p><p> Press the space bar to start </p>","","","32","","","","","","","","","","","","","","","","","","",""
"survey-likert","294","4028388","0.0-18.0-1.0","185463.61999999965","","","{""ACQ1"":4,""ACQ2"":1,""ACQ3"":1,""ACQ4"":3,""ACQ5"":1,""ACQ6"":3,""ACQ7"":2,""ACQ8"":2,""ACQ9"":0,""ACQ10"":3,""ACQ11"":3,""ACQ12"":3,""ACQ13"":2,""ACQ14"":1,""ACQ15"":0,""ACQ16"":2,""ACQ17"":3,""ACQ18"":3,""ACQ19"":4,""ACQ20"":2,""ACQ21"":3,""ACQ22"":4,""ACQ23"":1,""ACQ24"":1,""ACQ25"":2,""ACQ26"":2,""ACQ27"":3,""ACQ28"":1,""ACQ29"":4,""ACQ30"":1}","","","","","","","","","","","","","","","","","","","","[0,1,2,3,4,5,6,7,8,9,10,11,12,13,14,15,16,17,18,19,20,21,22,23,24,25,26,27,28,29]"
"html-keyboard-response","295","4029884","0.0-19.0-0.0","1488.6800000001676","<p> For the following questions, indicate <b> how often </b> you felt or thought a certain way <b> during the last month </b>.</p><p> Press space to start </p>","","","32","","","","","","","","","","","","","","","","","","",""
"survey-likert","296","4093950","0.0-19.0-1.0","64059.514999999665","","","{""Stress1"":2,""Stress2"":3,""Stress3"":3,""Stress4"":2,""Stress5"":2,""Stress6"":1,""Stress7"":2,""Stress8"":3,""Stress9"":3,""Stress10"":1}","","","","","","","","","","","","","","","","","","","","[0,1,2,3,4,5,6,7,8,9]"
