"trial_type","trial_index","time_elapsed","internal_node_id","rt","stimulus","button_pressed","responses","key_press","view_history","correct","stakes","outcome","outcome_notreceived","choice_selected","choice_not_selected","rt_choice","rt_space","rt_certainty","all_rts","key_choice","all_keys","estimate_trial","estimate_val","certainty_trial","certainty_val","value","question_order"
"pavlovia","0","34","0.0-0.0","","","","","","","","","","","","","","","","","","","","","","","",""
"html-button-response","1","37454","0.0-1.0","37417.4350000103","<p style=""font-size:24px;font-weight:bold"">Consent</p><div class=""consent"" style=""text-align:left; border:1px solid; padding:10px; width:800px; font-size=100%, float:right""><p align=left>Thank you for signing up for this experiment!<p><p align=left>This experiment is being conducted by the California Institute of Technology (Caltech). The lead investigators are Sarah Tashjian, PhD and Dean Mobbs, PhD. This study has been approved by the Caltech Institutional Review Board for research ethics.<p><p align=left>The goal of this study is to understand learning processes. In this experiment, you will complete a task in which you will see images.<p><p align=left>At times, you will receive rewards and penalties. These earnings will determine your eligibility for a bonus payment, which will result in a real increase in your payment in this study.<p><p align=left>Your goal is to learn which images predict the most points. We will also ask how certain you are about your decisions throughout the task.<p><p align=left>This experiment will take approximately 1 hour to complete in its entirety.<p><p align=left><b>You will receive $9.00 for completing the experiment. <u>If you optimize decisions on at least 70% of trials, you will be eligible for a $100 bonus payment.</u></b><p><p align=left>This study involves minimal risk, meaning there will be no more risk than in daily life. Possible risks include physical discomfort/fatigue (eyestrain, tiredness), as well as psychological discomfort (e.g., potential boredom).<p><p align=left> Besides receiving payment, you will not benefit from this study.<p><p align=left><b>Any information that is obtained in connection with this study that can identify you will remain confidential. </b><p><p align=left>When the results of this study are reported, your identifying information will not be disclosed. Because this study is being conducted online, we are unable to fully eliminate the risk of a breach of confidentiality. However, to mitigate the chances of this occurring, we are using secure and confidential data collection systems.<p align=left>You may choose to withdraw from this study at any time and refuse to answer any questions without penalty. Also, you may choose not to participate in this study.<p><p align=left>You are <b>eligible</b> to participate if you (1) are 18-65 years old, (2) are fluent in English, (3) have healthy or corrected vision, (4) are not colorblind, and (5) have no difficulty controlling motor movements. <p><p align=left>If you do not meet these criteria, please exit the experiment now.<p><p align=center><b> If you meet these criteria and consent to participate, you must<br>indicate your consent by clicking the button below.<b></p>","0","","","","","","","","","","","","","","","","","","","","",""
"survey-text","2","55724","0.0-2.0-0.0","18255.449999996927","","","{""Q0"":""5a4a8d861950a80001e7d432"",""Q1"":""22"",""Q2"":""female"",""Q3"":""female""}","","","","","","","","","","","","","","","","","","","",""
"html-keyboard-response","3","64354","0.0-3.0","8627.219999965746","<p>Welcome to the experiment!</p><p> You will play two games and answer a few questions.</p><p>Press the space bar to begin reading the instructions for the first game.</p>","","","32","","","","","","","","","","","","","","","","","","",""
"instructions","4","248744","0.0-4.0","184388.5049999808","","","","","[{""page_index"":0,""viewing_time"":22075.479999999516},{""page_index"":1,""viewing_time"":28040.739999967627},{""page_index"":2,""viewing_time"":16936.66000000667},{""page_index"":3,""viewing_time"":16630.09500002954},{""page_index"":4,""viewing_time"":50531.51999996044},{""page_index"":5,""viewing_time"":19423.050000041258},{""page_index"":6,""viewing_time"":7036.099999968428},{""page_index"":7,""viewing_time"":14427.770000009332},{""page_index"":8,""viewing_time"":9286.565000016708}]","","","","","","","","","","","","","","","","","",""
"html-keyboard-response","5","253338","0.0-5.0-0.0","4592.525000043679","<p style=""font-size:24px;font-weight:bold"">TEST QUESTION</p><p>Which letter should you press to select the green house on the left?</p><div class=group><table class=table_center><tr><td class=prompt colspan=2>Choose one</td></tr><tr style=""height: 300px;""><td style=""width: 300px;""><img id=""left"" src=img/house_3.png style=""zoom: 100%;""/></td><td style=""width: 300px;""><img id=""right"" src=img/house_2.png style=""zoom: 100%;""/></td></tr></table></div><br>","","","70","","true","","","","","","","","","","","","","","","","",""
"html-keyboard-response","6","256353","0.0-5.0-1.0","null","<p style=""font-size:36px;font-weight:bold"">Correct!</p><p> Remember, press ""F"" for left and ""J"" for right. </p>","","","null","","","","","","","","","","","","","","","","","","",""
"html-keyboard-response","7","258021","0.0-5.0-2.0","1664.1850000014529","<p style=""font-size:24px;font-weight:bold"">TEST QUESTION</p><p>Which letter should you press to select the red house on the right?</p><div class=group><table class=table_center><tr><td class=prompt colspan=2>Choose one</td></tr><tr style=""height: 300px;""><td style=""width: 300px;""><img id=""left"" src=img/house_3.png style=""zoom: 100%;""/></td><td style=""width: 300px;""><img id=""right"" src=img/house_2.png style=""zoom: 100%;""/></td></tr></table></div><br>","","","74","","true","","","","","","","","","","","","","","","","",""
"html-keyboard-response","8","261023","0.0-5.0-3.0","null","<p style=""font-size:36px;font-weight:bold"">Correct!</p><p> Remember, press ""F"" for left and ""J"" for right. </p>","","","null","","","","","","","","","","","","","","","","","","",""
"html-keyboard-response","9","267846","0.0-5.0-4.0","6820.390000008047","<p style=""font-size:24px;font-weight:bold"">TEST QUESTION</p><p>Type the number of the <b> maximum </b> amount of sacks an elf can make</p>","","","53","","false","","","","","","","","","","","","","","","","",""
"html-keyboard-response","10","270855","0.0-5.0-5.0","null","<p style=""font-size:36px;font-weight:bold"">Wrong answer.</p><p> Remember, elves can make 0 to 9 sacks.</p>","","","null","","","","","","","","","","","","","","","","","","",""
"html-keyboard-response","11","279086","0.0-5.0-6.0","8229.61999999825","<p style=""font-size:24px;font-weight:bold"">TEST QUESTION</p><p>Remember, the same house always takes you to the same elf. </p><p>On this trial, select the house on the left by pressing ""F"".</p><div class=group><table class=table_center><tr><td class=prompt colspan=2>Choose one</td></tr><tr style=""height: 300px;""><td style=""width: 300px;""><img id=""left"" src=img/house_1.png style=""zoom: 100%;""/></td><td style=""width: 300px;""><img id=""right"" src=img/house_5.png style=""zoom: 100%;""/></td></tr></table></div><br>","","","70","","","","","","","","","","","","","","","","","","",""
"html-keyboard-response","12","282883","0.0-5.0-7.0","3794.5599999511614","<p style=""font-size:24px;font-weight:bold"">TEST QUESTION</p><p>The red house took you to the yellow elf. </p><p> The yellow elf gave you 8 sacks. </p><p> The most sacks an elf can make is 9 sacks, so this is a great outcome!</p><div class=group><table class=table_center><tr><td class=prompt colspan=3>You received</td></tr><tr style=""height: 300px;""><td><img src=img/elf_yellow.png style=""zoom: 100%;""/></td><td><img src=img/sack.png style=""zoom: 30%;""/></td><td class=prompt>x 8</td></tr></table></div><br><p> Press space to continue </p>","","","32","","","","","","","","","","","","","","","","","","",""
"html-keyboard-response","13","290812","0.0-5.0-8.0","7926.594999968074","<p style=""font-size:24px;font-weight:bold"">TEST QUESTION</p><p>If you wanted to visit the <b> yellow elf </b> again, which house would you select?</p><div class=group><table class=table_center><tr><td class=prompt colspan=2>Choose one</td></tr><tr style=""height: 300px;""><td style=""width: 300px;""><img id=""left"" src=img/house_1.png style=""zoom: 100%;""/></td><td style=""width: 300px;""><img id=""right"" src=img/house_5.png style=""zoom: 100%;""/></td></tr></table></div><br>","","","70","","true","","","","","","","","","","","","","","","","",""
"html-keyboard-response","14","293824","0.0-5.0-9.0","null","<p style=""font-size:36px;font-weight:bold"">Correct!</p><p> Remember, the same house goes to the same elf. </p>","","","null","","","","","","","","","","","","","","","","","","",""
"html-keyboard-response","15","296134","0.0-5.0-10.0","2308.034999994561","<p style=""font-size:24px;font-weight:bold"">TEST QUESTION</p><p>On this trial, select the house on the right by pressing ""J"".</p><div class=group><table class=table_center><tr><td class=prompt colspan=2>Choose one</td></tr><tr style=""height: 300px;""><td style=""width: 300px;""><img id=""left"" src=img/house_1.png style=""zoom: 100%;""/></td><td style=""width: 300px;""><img id=""right"" src=img/house_5.png style=""zoom: 100%;""/></td></tr></table></div><br>","","","74","","","","","","","","","","","","","","","","","","",""
"html-keyboard-response","16","300236","0.0-5.0-11.0","4099.480000033509","<p style=""font-size:24px;font-weight:bold"">TEST QUESTION</p><p>The blue house took you to the purple elf. </p><p> The purple elf only gave you 1 sack. </p><p> That is not very much and is a pretty bad outcome.</p><div class=group><table class=table_center><tr><td class=prompt colspan=3>You received</td></tr><tr style=""height: 300px;""><td><img src=img/elf_purple.png style=""zoom: 100%;""/></td><td><img src=img/sack.png style=""zoom: 30%;""/></td><td class=prompt>x 1</td></tr></table></div><br><p> Press space to continue </p>","","","32","","","","","","","","","","","","","","","","","","",""
"html-keyboard-response","17","309909","0.0-5.0-12.0","9670.154999999795","<p style=""font-size:24px;font-weight:bold"">TEST QUESTION</p><p>Remember the yellow elf gave you 8 sacks and the purple elf only gave you 1 sack. </p><p> Which elf would you try to visit next? </p><div class=group><table class=table_center><tr><td class=prompt colspan=2>Choose one</td></tr><tr style=""height: 300px;""><td style=""width: 300px;""><img id=""left"" src=img/elf_yellow.png style=""zoom: 100%;""/></td><td style=""width: 300px;""><img id=""right"" src=img/elf_purple.png style=""zoom: 100%;""/></td></tr></table></div><br>","","","70","","true","","","","","","","","","","","","","","","","",""
"html-keyboard-response","18","312916","0.0-5.0-13.0","null","<p style=""font-size:36px;font-weight:bold"">Correct!</p><p> Remember, you want to select the elf who gives you the most sacks.</p>","","","null","","","","","","","","","","","","","","","","","","",""
"html-keyboard-response","19","315735","0.0-5.0-14.0","2816.3599999970756","<p style=""font-size:24px;font-weight:bold"">TEST QUESTION</p><p>To visit the yellow elf, which house should you visit? </p><div class=group><table class=table_center><tr><td class=prompt colspan=2>Choose one</td></tr><tr style=""height: 300px;""><td style=""width: 300px;""><img id=""left"" src=img/house_1.png style=""zoom: 100%;""/></td><td style=""width: 300px;""><img id=""right"" src=img/house_5.png style=""zoom: 100%;""/></td></tr></table></div><br>","","","70","","true","","","","","","","","","","","","","","","","",""
"html-keyboard-response","20","317145","0.0-5.0-15.0","1407.6650000060908","<p style=""font-size:36px;font-weight:bold"">Correct!</p><p>Remember, the same house goes to the same elf each time.</p>","","","70","","","","","","","","","","","","","","","","","","",""
"html-keyboard-response","21","323770","0.0-5.0-16.0","6623.899999947753","<p style=""font-size:36px;font-weight:bold"">You are ready to play!</p><p>The houses and elves in the actual game will be different than the practice. </p><p> Press the space bar to start the game</p>","","","32","","","","","","","","","","","","","","","","","","",""
"no-tradeoff-rwd","22","331251","0.0-6.0-0.0","","","","","","","","1","0","","","","3940.2899999986403","","","3940.2899999986403","32","32","null","","null","","",""
"no-tradeoff-rwd","23","341671","0.0-6.0-0.1","","","","","","","","4","1","6","img/house_3.png","img/house_2.png","295.4700000118464","1341.889999981504","","295.4700000118464,1341.889999981504","74","74,32","null","","null","","",""
"no-tradeoff-rwd","24","368257","0.0-6.0-0.2","","","","","","","","4","0","7","img/house_4.png","img/house_6.png","777.2000000113621","15838.13500002725","1673.125000030268","777.2000000113621,15838.13500002725,1673.125000030268","70","70,13,32","null","","enter","3","",""
"no-tradeoff-rwd","25","377204","0.0-6.0-0.3","","","","","","","","4","2","5","img/house_3.png","img/house_2.png","1192.4550000112504","1410.1900000241585","","1192.4550000112504,1410.1900000241585","74","74,32","null","","null","","",""
"no-tradeoff-rwd","26","381464","0.0-6.0-0.4","","","","","","","","1","0","","","","731.5250000101514","","","731.5250000101514","32","32","null","","null","","",""
"no-tradeoff-rwd","27","389687","0.0-6.0-0.5","","","","","","","","1","9","4","img/house_3.png","img/house_2.png","320.77500002924353","684.5450000255369","","320.77500002924353,684.5450000255369","70","70,32","null","","null","","",""
"no-tradeoff-rwd","28","403935","0.0-6.0-0.6","","","","","","","","1","7","3","img/house_4.png","img/house_6.png","1107.7299999888055","4456.029999942984","743.6449999804609","1107.7299999888055,4456.029999942984,743.6449999804609","74","74,13,32","null","","enter","3","",""
"no-tradeoff-rwd","29","412329","0.0-6.0-0.7","","","","","","","","1","5","3","img/house_4.png","img/house_6.png","933.5599999758415","851.7749999882653","","933.5599999758415,851.7749999882653","70","70,32","null","","null","","",""
"no-tradeoff-rwd","30","427579","0.0-6.0-0.8","","","","","","","","1","3","3","img/house_3.png","img/house_2.png","1022.4049999960698","688.6249999515712","6990.260000049602","1022.4049999960698,688.6249999515712,6990.260000049602","74","74,32,13","enter","9","null","","",""
"no-tradeoff-rwd","31","432616","0.0-6.0-0.9","","","","","","","","4","0","","","","1495.969999989029","","","1495.969999989029","32","32","null","","null","","",""
"no-tradeoff-rwd","32","445869","0.0-6.0-0.10","","","","","","","","4","3","3","img/house_2.png","img/house_3.png","658.6100000422448","4264.430000039283","1441.4249999681488","658.6100000422448,4264.430000039283,1441.4249999681488","74","74,13,32","null","","enter","5","",""
"no-tradeoff-rwd","33","454134","0.0-6.0-0.11","","","","","","","","1","2","4","img/house_2.png","img/house_3.png","1214.464999968186","715.0249999831431","","1214.464999968186,715.0249999831431","74","74,32","null","","null","","",""
"no-tradeoff-rwd","34","467263","0.0-6.0-0.12","","","","","","","","4","4","2","img/house_4.png","img/house_6.png","1101.7500000307336","553.0799999833107","5025.870000012219","1101.7500000307336,553.0799999833107,5025.870000012219","70","70,32,13","enter","5","null","","",""
"no-tradeoff-rwd","35","476277","0.0-6.0-0.13","","","","","","","","1","1","3","img/house_3.png","img/house_2.png","845.8499999833293","1467.0650000334717","","845.8499999833293,1467.0650000334717","70","70,32","null","","null","","",""
"no-tradeoff-rwd","36","488806","0.0-6.0-0.14","","","","","","","","4","2","4","img/house_2.png","img/house_3.png","929.7849999857135","4149.524999957066","816.7449999600649","929.7849999857135,4149.524999957066,816.7449999600649","70","70,13,32","null","","enter","6","",""
"no-tradeoff-rwd","37","496371","0.0-6.0-0.15","","","","","","","","1","2","2","img/house_6.png","img/house_4.png","1004.8100000130944","0.16499997582286596","","1004.8100000130944,0.16499997582286596","74","74,32","null","","null","","",""
"no-tradeoff-rwd","38","509896","0.0-6.0-0.16","","","","","","","","1","2","4","img/house_6.png","img/house_4.png","919.3200000445358","457.43000000948086","5495.31000002753","919.3200000445358,457.43000000948086,5495.31000002753","74","74,32,13","enter","8","null","","",""
"no-tradeoff-rwd","39","517944","0.0-6.0-0.17","","","","","","","","1","1","5","img/house_2.png","img/house_3.png","951.679999998305","492.91500000981614","","951.679999998305,492.91500000981614","74","74,32","null","","null","","",""
"no-tradeoff-rwd","40","531335","0.0-6.0-0.18","","","","","","","","4","4","5","img/house_3.png","img/house_2.png","781.3050000113435","3562.3199999681674","738.3850000333041","781.3050000113435,3562.3199999681674,738.3850000333041","70","70,13,32","null","","enter","5","",""
"no-tradeoff-rwd","41","539642","0.0-6.0-0.19","","","","","","","","4","5","5","img/house_3.png","img/house_2.png","1360.4000000050291","751.3700000126846","","1360.4000000050291,751.3700000126846","70","70,32","null","","null","","",""
"no-tradeoff-rwd","42","552564","0.0-6.0-0.20","","","","","","","","1","7","3","img/house_3.png","img/house_2.png","1284.3550000106916","584.7450000001118","4802.93000000529","1284.3550000106916,584.7450000001118,4802.93000000529","70","70,32,13","enter","2","null","","",""
"no-tradeoff-rwd","43","560856","0.0-6.0-0.21","","","","","","","","1","5","6","img/house_6.png","img/house_4.png","1085.544999979902","754.6950000105426","","1085.544999979902,754.6950000105426","74","74,32","null","","null","","",""
"no-tradeoff-rwd","44","573891","0.0-6.0-0.22","","","","","","","","1","4","3","img/house_3.png","img/house_2.png","1407.2499999892898","4516.750000009779","960.5699999956414","1407.2499999892898,4516.750000009779,960.5699999956414","74","74,13,32","null","","enter","5","",""
"no-tradeoff-rwd","45","582167","0.0-6.0-0.23","","","","","","","","1","4","5","img/house_2.png","img/house_3.png","1329.2249999940395","722.5449999677949","","1329.2249999940395,722.5449999677949","74","74,32","null","","null","","",""
"no-tradeoff-rwd","46","599599","0.0-6.0-0.24","","","","","","","","1","4","3","img/house_2.png","img/house_3.png","973.3899999991991","961.0450000036508","8903.340000018943","973.3899999991991,961.0450000036508,8903.340000018943","70","70,32,13","enter","5","null","","",""
"no-tradeoff-rwd","47","607765","0.0-6.0-0.25","","","","","","","","4","6","4","img/house_2.png","img/house_3.png","1190.4549999744631","596.0000000195578","","1190.4549999744631,596.0000000195578","74","74,32","null","","null","","",""
"no-tradeoff-rwd","48","619452","0.0-6.0-0.26","","","","","","","","1","9","7","img/house_6.png","img/house_4.png","861.6699999547563","3297.919999982696","826.9299999810755","861.6699999547563,3297.919999982696,826.9299999810755","74","74,13,32","null","","enter","6","",""
"no-tradeoff-rwd","49","627532","0.0-6.0-0.27","","","","","","","","1","9","8","img/house_6.png","img/house_4.png","1069.2549999803305","528.5750000039116","","1069.2549999803305,528.5750000039116","74","74,32","null","","null","","",""
"no-tradeoff-rwd","50","645530","0.0-6.0-0.28","","","","","","","","4","6","8","img/house_6.png","img/house_4.png","1188.7700000079349","618.529999977909","8318.444999982603","1188.7700000079349,618.529999977909,8318.444999982603","70","70,32,13","enter","10","null","","",""
"no-tradeoff-rwd","51","653869","0.0-6.0-0.29","","","","","","","","4","9","7","img/house_3.png","img/house_2.png","1198.949999990873","792.0000000158325","","1198.949999990873,792.0000000158325","74","74,32","null","","null","","",""
"no-tradeoff-rwd","52","658163","0.0-6.0-0.30","","","","","","","","1","0","","","","768.564999976661","","","768.564999976661","32","32","null","","null","","",""
"no-tradeoff-rwd","53","666270","0.0-6.0-0.31","","","","","","","","4","7","8","img/house_3.png","img/house_2.png","707.5049999984913","555.2199999801815","","707.5049999984913,555.2199999801815","74","74,32","null","","null","","",""
"no-tradeoff-rwd","54","678589","0.0-6.0-0.32","","","","","","","","1","9","6","img/house_4.png","img/house_6.png","1015.1049999985844","822.7799999876879","3954.120000009425","1015.1049999985844,822.7799999876879,3954.120000009425","74","74,32,13","enter","5","null","","",""
"no-tradeoff-rwd","55","686981","0.0-6.0-0.33","","","","","","","","1","8","7","img/house_6.png","img/house_4.png","1338.7699999730103","843.0899999802932","","1338.7699999730103,843.0899999802932","70","70,32","null","","null","","",""
"no-tradeoff-rwd","56","701070","0.0-6.0-0.34","","","","","","","","1","8","9","img/house_6.png","img/house_4.png","1433.2150000263937","5545.90000002645","988.5050000157207","1433.2150000263937,5545.90000002645,988.5050000157207","70","70,13,32","null","","enter","6","",""
"no-tradeoff-rwd","57","709394","0.0-6.0-0.35","","","","","","","","1","8","7","img/house_3.png","img/house_2.png","1441.7399999802","774.3250000057742","","1441.7399999802,774.3250000057742","70","70,32","null","","null","","",""
"no-tradeoff-rwd","58","723880","0.0-6.0-0.36","","","","","","","","1","4","7","img/house_6.png","img/house_4.png","910.5650000274181","493.3200000086799","6433.940000017174","910.5650000274181,493.3200000086799,6433.940000017174","74","74,32,13","enter","5","null","","",""
"no-tradeoff-rwd","59","731944","0.0-6.0-0.37","","","","","","","","4","7","3","img/house_4.png","img/house_6.png","730.5800000322051","508.15000000875443","","730.5800000322051,508.15000000875443","70","70,32","null","","null","","",""
"no-tradeoff-rwd","60","744181","0.0-6.0-0.38","","","","","","","","1","7","4","img/house_3.png","img/house_2.png","822.0299999811687","3858.0349999829195","804.6700000413693","822.0299999811687,3858.0349999829195,804.6700000413693","74","74,13,32","null","","enter","6","",""
"no-tradeoff-rwd","61","752347","0.0-6.0-0.39","","","","","","","","1","1","8","img/house_2.png","img/house_3.png","988.9749999856576","604.1700000059791","","988.9749999856576,604.1700000059791","70","70,32","null","","null","","",""
"no-tradeoff-rwd","62","756708","0.0-6.0-0.40","","","","","","","","4","0","","","","840.8550000167452","","","840.8550000167452","32","32","null","","null","","",""
"no-tradeoff-rwd","63","765194","0.0-6.0-0.41","","","","","","","","4","2","7","img/house_2.png","img/house_3.png","584.4599999836646","920.5649999785237","","584.4599999836646,920.5649999785237","74","74,32","null","","null","","",""
"no-tradeoff-rwd","64","777260","0.0-6.0-0.42","","","","","","","","4","6","2","img/house_3.png","img/house_2.png","1042.539999994915","3480.150000017602","1032.584999979008","1042.539999994915,3480.150000017602,1032.584999979008","74","74,13,32","null","","enter","6","",""
"no-tradeoff-rwd","65","785477","0.0-6.0-0.43","","","","","","","","4","4","5","img/house_6.png","img/house_4.png","693.2850000448525","663.4649999905378","","693.2850000448525,663.4649999905378","70","70,32","null","","null","","",""
"no-tradeoff-rwd","66","798004","0.0-6.0-0.44","","","","","","","","4","5","5","img/house_3.png","img/house_2.png","1062.755000020843","614.2749999999069","4352.385000034701","1062.755000020843,614.2749999999069,4352.385000034701","74","74,32,13","enter","4","null","","",""
"no-tradeoff-rwd","67","806121","0.0-6.0-0.45","","","","","","","","1","6","4","img/house_2.png","img/house_3.png","384.92500002030283","581.160000001546","","384.92500002030283,581.160000001546","70","70,32","null","","null","","",""
"no-tradeoff-rwd","68","810223","0.0-6.0-0.46","","","","","","","","1","0","","","","577.0899999770336","","","577.0899999770336","32","32","null","","null","","",""
"no-tradeoff-rwd","69","818384","0.0-6.0-0.47","","","","","","","","4","7","2","img/house_2.png","img/house_3.png","741.8549999711104","591.7250000056811","","741.8549999711104,591.7250000056811","74","74,32","null","","null","","",""
"no-tradeoff-rwd","70","829044","0.0-6.0-0.48","","","","","","","","1","9","1","img/house_6.png","img/house_4.png","569.9299999978393","442.5899999914691","2669.9900000239722","569.9299999978393,442.5899999914691,2669.9900000239722","70","70,32,13","enter","4","null","","",""
"no-tradeoff-rwd","71","837547","0.0-6.0-0.49","","","","","","","","1","2","4","img/house_4.png","img/house_6.png","439.78000001516193","938.4399999980815","","439.78000001516193,938.4399999980815","74","74,32","null","","null","","",""
"no-tradeoff-rwd","72","848847","0.0-6.0-0.50","","","","","","","","1","4","3","img/house_4.png","img/house_6.png","773.6750000040047","2742.3049999633804","982.0249999756925","773.6750000040047,2742.3049999633804,982.0249999756925","70","70,13,32","null","","enter","3","",""
"no-tradeoff-rwd","73","857254","0.0-6.0-0.51","","","","","","","","1","3","4","img/house_3.png","img/house_2.png","842.8249999997206","852.3999999742955","","842.8249999997206,852.3999999742955","70","70,32","null","","null","","",""
"no-tradeoff-rwd","74","868441","0.0-6.0-0.52","","","","","","","","4","6","4","img/house_3.png","img/house_2.png","730.3850000025705","526.7199999652803","3105.8300000149757","730.3850000025705,526.7199999652803,3105.8300000149757","74","74,32,13","enter","4","null","","",""
"no-tradeoff-rwd","75","877067","0.0-6.0-0.53","","","","","","","","1","5","7","img/house_2.png","img/house_3.png","1182.7899999916553","1034.2199999722652","","1182.7899999916553,1034.2199999722652","74","74,32","null","","null","","",""
"no-tradeoff-rwd","76","881339","0.0-6.0-0.54","","","","","","","","4","0","","","","734.5949999871664","","","734.5949999871664","32","32","null","","null","","",""
"no-tradeoff-rwd","77","889411","0.0-6.0-0.55","","","","","","","","1","8","7","img/house_3.png","img/house_2.png","909.6949999802746","525.1399999833666","","909.6949999802746,525.1399999833666","70","70,32","null","","null","","",""
"no-tradeoff-rwd","78","903461","0.0-6.0-0.56","","","","","","","","1","5","8","img/house_6.png","img/house_4.png","962.5100000412203","726.6400000080466","5764.17500001844","962.5100000412203,726.6400000080466,5764.17500001844","70","70,32,13","enter","5","null","","",""
"no-tradeoff-rwd","79","912123","0.0-6.0-0.57","","","","","","","","4","8","7","img/house_2.png","img/house_3.png","480.64000002341345","1103.0449999962002","","480.64000002341345,1103.0449999962002","74","74,32","null","","null","","",""
"no-tradeoff-rwd","80","925391","0.0-6.0-0.58","","","","","","","","1","8","6","img/house_6.png","img/house_4.png","521.5549999848008","3732.8449999913573","475.05999996792525","521.5549999848008,3732.8449999913573,475.05999996792525","70","70,13,32","null","","enter","7","",""
"no-tradeoff-rwd","81","933812","0.0-6.0-0.59","","","","","","","","4","9","9","img/house_4.png","img/house_6.png","1224.9949999968521","862.3450000304729","","1224.9949999968521,862.3450000304729","70","70,32","null","","null","","",""
"no-tradeoff-rwd","82","948729","0.0-6.0-0.60","","","","","","","","1","6","6","img/house_6.png","img/house_4.png","998.8650000304915","911.3650000072084","6461.749999958556","998.8650000304915,911.3650000072084,6461.749999958556","74","74,32,13","enter","6","null","","",""
"no-tradeoff-rwd","83","961172","0.0-6.0-0.61","","","","","","","","4","7","9","img/house_6.png","img/house_4.png","1339.0800000051968","3370.950000011362","","1339.0800000051968,3370.950000011362","70","70,32","null","","null","","",""
"no-tradeoff-rwd","84","973576","0.0-6.0-0.62","","","","","","","","1","6","6","img/house_6.png","img/house_4.png","834.2749999719672","4168.6399999889545","679.874999972526","834.2749999719672,4168.6399999889545,679.874999972526","70","70,13,32","null","","enter","9","",""
"no-tradeoff-rwd","85","981800","0.0-6.0-0.63","","","","","","","","4","8","8","img/house_2.png","img/house_3.png","578.6499999812804","670.0399999972433","","578.6499999812804,670.0399999972433","70","70,32","null","","null","","",""
"no-tradeoff-rwd","86","993642","0.0-6.0-0.64","","","","","","","","4","6","7","img/house_6.png","img/house_4.png","494.75499999243766","771.5349999489263","3512.5799999805167","494.75499999243766,771.5349999489263,3512.5799999805167","74","74,32,13","enter","6","null","","",""
"no-tradeoff-rwd","87","1001767","0.0-6.0-0.65","","","","","","","","1","5","6","img/house_2.png","img/house_3.png","671.3800000143237","557.3549999971874","","671.3800000143237,557.3549999971874","74","74,32","null","","null","","",""
"no-tradeoff-rwd","88","1013082","0.0-6.0-0.66","","","","","","","","4","2","7","img/house_2.png","img/house_3.png","521.999999997206","2963.294999965001","780.0249999854714","521.999999997206,2963.294999965001,780.0249999854714","74","74,13,32","null","","enter","9","",""
"no-tradeoff-rwd","89","1021792","0.0-6.0-0.67","","","","","","","","4","1","8","img/house_2.png","img/house_3.png","505.28000004123896","1148.4250000212342","","505.28000004123896,1148.4250000212342","74","74,32","null","","null","","",""
"no-tradeoff-rwd","90","1034065","0.0-6.0-0.68","","","","","","","","4","4","8","img/house_2.png","img/house_3.png","1400.3450000309385","629.1249999776483","4091.714999987744","1400.3450000309385,629.1249999776483,4091.714999987744","74","74,32,13","enter"," 5","null","","",""
"no-tradeoff-rwd","91","1042153","0.0-6.0-0.69","","","","","","","","4","3","9","img/house_6.png","img/house_4.png","716.6349999606609","531.2400000402704","","716.6349999606609,531.2400000402704","70","70,32","null","","null","","",""
"no-tradeoff-rwd","92","1053642","0.0-6.0-0.70","","","","","","","","4","8","9","img/house_6.png","img/house_4.png","698.6349999788217","3373.4699999913573","563.0000000237487","698.6349999788217,3373.4699999913573,563.0000000237487","74","74,13,32","null","","enter","8","",""
"no-tradeoff-rwd","93","1061950","0.0-6.0-0.71","","","","","","","","1","8","5","img/house_2.png","img/house_3.png","622.7749999961816","750.5050000036135","","622.7749999961816,750.5050000036135","74","74,32","null","","null","","",""
"no-tradeoff-rwd","94","1073085","0.0-6.0-0.72","","","","","","","","4","8","4","img/house_2.png","img/house_3.png","1078.8950000423938","3.7950000260025263","3574.1999999736436","1078.8950000423938,3.7950000260025263,3574.1999999736436","74","74,32,13","enter","4","null","","",""
"no-tradeoff-rwd","95","1081648","0.0-6.0-0.73","","","","","","","","4","9","8","img/house_2.png","img/house_3.png","652.425000036601","1014.3950000056066","","652.425000036601,1014.3950000056066","74","74,32","null","","null","","",""
"no-tradeoff-rwd","96","1093643","0.0-6.0-0.74","","","","","","","","4","8","7","img/house_2.png","img/house_3.png","991.1199999623932","3441.4850000175647","1008.4649999625981","991.1199999623932,3441.4850000175647,1008.4649999625981","70","70,13,32","null","","enter","9","",""
"no-tradeoff-rwd","97","1102273","0.0-6.0-0.75","","","","","","","","1","7","9","img/house_2.png","img/house_3.png","566.324999963399","1089.6650000358932","","566.324999963399,1089.6650000358932","74","74,32","null","","null","","",""
"no-tradeoff-rwd","98","1113054","0.0-6.0-0.76","","","","","","","","1","7","9","img/house_6.png","img/house_4.png","616.1450000363402","602.7299999841489","2612.6299999887124","616.1450000363402,602.7299999841489,2612.6299999887124","74","74,32,13","enter","6","null","","",""
"no-tradeoff-rwd","99","1121256","0.0-6.0-0.77","","","","","","","","4","8","8","img/house_2.png","img/house_3.png","781.9000000017695","641.9799999566749","","781.9000000017695,641.9799999566749","74","74,32","null","","null","","",""
"no-tradeoff-rwd","100","1132490","0.0-6.0-0.78","","","","","","","","1","7","9","img/house_6.png","img/house_4.png","651.8100000103004","3048.7449999782257","623.3200000133365","651.8100000103004,3048.7449999782257,623.3200000133365","74","74,13,32","null","","enter","9","",""
"no-tradeoff-rwd","101","1142469","0.0-6.0-0.79","","","","","","","","1","6","6","img/house_2.png","img/house_3.png","656.9349999772385","925.9699999820441","","656.9349999772385,925.9699999820441","74","74,32","null","","null","","",""
"no-tradeoff-rwd","102","1154063","0.0-6.0-0.80","","","","","","","","1","3","6","img/house_6.png","img/house_4.png","577.0050000282936","541.960000002291","3496.48500001058","577.0050000282936,541.960000002291,3496.48500001058","74","74,32,13","enter","4","null","","",""
"no-tradeoff-rwd","103","1162528","0.0-6.0-0.81","","","","","","","","1","2","5","img/house_2.png","img/house_3.png","604.0450000436977","918.839999998454","","604.0450000436977,918.839999998454","74","74,32","null","","null","","",""
"no-tradeoff-rwd","104","1177781","0.0-6.0-0.82","","","","","","","","4","4","3","img/house_6.png","img/house_4.png","620.8650000044145","6794.475000002421","899.5199999772012","620.8650000044145,6794.475000002421,899.5199999772012","74","74,13,32","null","","enter","9","",""
"no-tradeoff-rwd","105","1186004","0.0-6.0-0.83","","","","","","","","4","2","3","img/house_2.png","img/house_3.png","625.3450000076555","654.1849999921396","","625.3450000076555,654.1849999921396","70","70,32","null","","null","","",""
"no-tradeoff-rwd","106","1196551","0.0-6.0-0.84","","","","","","","","4","2","3","img/house_3.png","img/house_2.png","1211.1199999926612","741.9300000183284","2257.8450000146404","1211.1199999926612,741.9300000183284,2257.8450000146404","70","70,32,13","enter","4","null","","",""
"no-tradeoff-rwd","107","1204700","0.0-6.0-0.85","","","","","","","","1","2","1","img/house_2.png","img/house_3.png","612.0450000162236","606.0199999483302","","612.0450000162236,606.0199999483302","74","74,32","null","","null","","",""
"no-tradeoff-rwd","108","1215664","0.0-6.0-0.86","","","","","","","","1","2","1","img/house_2.png","img/house_3.png","1195.7299999776296","2517.2249999595806","901.5549999894574","1195.7299999776296,2517.2249999595806,901.5549999894574","74","74,13,32","null","","enter","9","",""
"no-tradeoff-rwd","109","1223828","0.0-6.0-0.87","","","","","","","","1","2","1","img/house_2.png","img/house_3.png","825.6249999976717","614.3799999845214","","825.6249999976717,614.3799999845214","70","70,32","null","","null","","",""
"no-tradeoff-rwd","110","1234221","0.0-6.0-0.88","","","","","","","","4","4","2","img/house_2.png","img/house_3.png","715.8499999786727","335.4549999930896","2511.8399999919347","715.8499999786727,335.4549999930896,2511.8399999919347","70","70,32,13","enter","6","null","","",""
"no-tradeoff-rwd","111","1242254","0.0-6.0-0.89","","","","","","","","1","1","4","img/house_2.png","img/house_3.png","922.1849999739788","495.4149999539368","","922.1849999739788,495.4149999539368","70","70,32","null","","null","","",""
"no-tradeoff-rwd","112","1253166","0.0-6.0-0.90","","","","","","","","1","6","3","img/house_4.png","img/house_6.png","661.4549999940209","2563.770000007935","779.2649999610148","661.4549999940209,2563.770000007935,779.2649999610148","70","70,13,32","null","","enter","3","",""
"no-tradeoff-rwd","113","1261213","0.0-6.0-0.91","","","","","","","","1","5","6","img/house_4.png","img/house_6.png","764.1100000473671","496.86000001383945","","764.1100000473671,496.86000001383945","74","74,32","null","","null","","",""
"no-tradeoff-rwd","114","1271845","0.0-6.0-0.92","","","","","","","","4","6","5","img/house_2.png","img/house_3.png","1090.6599999871105","659.6649999846704","2426.7399999662302","1090.6599999871105,659.6649999846704,2426.7399999662302","70","70,32,13","enter","6","null","","",""
"no-tradeoff-rwd","115","1280216","0.0-6.0-0.93","","","","","","","","4","5","6","img/house_2.png","img/house_3.png","885.0000000093132","819.2799999960698","","885.0000000093132,819.2799999960698","74","74,32","null","","null","","",""
"no-tradeoff-rwd","116","1284488","0.0-6.0-0.94","","","","","","","","4","0","","","","753.3999999868684","","","753.3999999868684","32","32","null","","null","","",""
"no-tradeoff-rwd","117","1292864","0.0-6.0-0.95","","","","","","","","4","8","6","img/house_4.png","img/house_6.png","413.7099999934435","818.1049999548122","","413.7099999934435,818.1049999548122","70","70,32","null","","null","","",""
"no-tradeoff-rwd","118","1303589","0.0-6.0-0.96","","","","","","","","4","7","7","img/house_3.png","img/house_2.png","707.654999976512","845.8300000056624","2342.4250000389293","707.654999976512,845.8300000056624,2342.4250000389293","74","74,32,13","enter","5","null","","",""
"no-tradeoff-rwd","119","1311735","0.0-6.0-0.97","","","","","","","","4","9","5","img/house_6.png","img/house_4.png","583.8600000133738","578.2749999780208","","583.8600000133738,578.2749999780208","74","74,32","null","","null","","",""
"no-tradeoff-rwd","120","1322979","0.0-6.0-0.98","","","","","","","","1","9","4","img/house_2.png","img/house_3.png","660.2150000398979","3026.8250000081025","657.5699999812059","660.2150000398979,3026.8250000081025,657.5699999812059","70","70,13,32","null","","enter","4","",""
"no-tradeoff-rwd","121","1331471","0.0-6.0-0.99","","","","","","","","4","5","9","img/house_4.png","img/house_6.png","973.4750000061467","959.499999997206","","973.4750000061467,959.499999997206","74","74,32","null","","null","","",""
"no-tradeoff-rwd","122","1341940","0.0-6.0-0.100","","","","","","","","4","8","4","img/house_2.png","img/house_3.png","561.1349999671802","505.36000001011416","2414.905000012368","561.1349999671802,505.36000001011416,2414.905000012368","70","70,32,13","enter","6","null","","",""
"no-tradeoff-rwd","123","1350264","0.0-6.0-0.101","","","","","","","","4","5","6","img/house_2.png","img/house_3.png","572.2599999862723","783.77499995986","","572.2599999862723,783.77499995986","70","70,32","null","","null","","",""
"no-tradeoff-rwd","124","1360958","0.0-6.0-0.102","","","","","","","","4","6","2","img/house_3.png","img/house_2.png","646.8999999924563","2340.04499996081","787.1599999489263","646.8999999924563,2340.04499996081,787.1599999489263","70","70,13,32","null","","enter","2","",""
"no-tradeoff-rwd","125","1369133","0.0-6.0-0.103","","","","","","","","4","4","1","img/house_3.png","img/house_2.png","1026.8200000282377","615.5399999697693","","1026.8200000282377,615.5399999697693","74","74,32","null","","null","","",""
"no-tradeoff-rwd","126","1381312","0.0-6.0-0.104","","","","","","","","1","8","1","img/house_4.png","img/house_6.png","556.140000000596","838.1049999734387","3808.390000020154","556.140000000596,838.1049999734387,3808.390000020154","70","70,32,13","enter","5","null","","",""
"no-tradeoff-rwd","127","1389324","0.0-6.0-0.105","","","","","","","","1","0","7","img/house_6.png","img/house_4.png","671.8450000043958","449.77500004461035","","671.8450000043958,449.77500004461035","70","70,32","null","","null","","",""
"no-tradeoff-rwd","128","1401740","0.0-6.0-0.106","","","","","","","","1","6","1","img/house_3.png","img/house_2.png","826.5750000136904","2497.0650000032037","859.7200000076555","826.5750000136904,2497.0650000032037,859.7200000076555","70","70,13,32","null","","enter","1","",""
"no-tradeoff-rwd","129","1410201","0.0-6.0-0.107","","","","","","","","1","9","1","img/house_3.png","img/house_2.png","746.6550000244752","895.1400000369176","","746.6550000244752,895.1400000369176","70","70,32","null","","null","","",""
"no-tradeoff-rwd","130","1420766","0.0-6.0-0.108","","","","","","","","1","8","2","img/house_4.png","img/house_6.png","1045.9049999481067","731.6049999790266","2296.7899999930523","1045.9049999481067,731.6049999790266,2296.7899999930523","74","74,32,13","enter","4","null","","",""
"no-tradeoff-rwd","131","1429014","0.0-6.0-0.109","","","","","","","","1","8","3","img/house_3.png","img/house_2.png","877.6049999869429","688.239999988582","","877.6049999869429,688.239999988582","74","74,32","null","","null","","",""
"no-tradeoff-rwd","132","1442370","0.0-6.0-0.110","","","","","","","","4","7","0","img/house_4.png","img/house_6.png","734.8750000237487","3707.975000026636","593.2799999718554","734.8750000237487,3707.975000026636,593.2799999718554","70","70,13,32","null","","enter","6","",""
"no-tradeoff-rwd","133","1450716","0.0-6.0-0.111","","","","","","","","4","7","1","img/house_4.png","img/house_6.png","568.9799999818206","803.0149999540299","","568.9799999818206,803.0149999540299","70","70,32","null","","null","","",""
"no-tradeoff-rwd","134","1461332","0.0-6.0-0.112","","","","","","","","1","8","4","img/house_4.png","img/house_6.png","577.8750000172295","693.9999999594875","2358.490000013262","577.8750000172295,693.9999999594875,2358.490000013262","74","74,32,13","enter","6","null","","",""
"no-tradeoff-rwd","135","1469453","0.0-6.0-0.113","","","","","","","","4","5","9","img/house_3.png","img/house_2.png","763.8199999928474","569.1750000114553","","763.8199999928474,569.1750000114553","74","74,32","null","","null","","",""
"no-tradeoff-rwd","136","1480127","0.0-6.0-0.114","","","","","","","","1","6","8","img/house_3.png","img/house_2.png","831.9099999498576","2292.5999999861233","837.4600000097416","831.9099999498576,2292.5999999861233,837.4600000097416","70","70,13,32","null","","enter","6","",""
"no-tradeoff-rwd","137","1488054","0.0-6.0-0.115","","","","","","","","1","6","9","img/house_4.png","img/house_6.png","562.6399999600835","370.59500004397705","","562.6399999600835,370.59500004397705","74","74,32","null","","null","","",""
"no-tradeoff-rwd","138","1498209","0.0-6.0-0.116","","","","","","","","1","6","8","img/house_3.png","img/house_2.png","394.994999980554","547.1200000029057","2057.589999982156","394.994999980554,547.1200000029057,2057.589999982156","70","70,32,13","enter","6","null","","",""
"no-tradeoff-rwd","139","1506133","0.0-6.0-0.117","","","","","","","","1","5","9","img/house_3.png","img/house_2.png","743.4200000134297","369.95500000193715","","743.4200000134297,369.95500000193715","74","74,32","null","","null","","",""
"no-tradeoff-rwd","140","1517420","0.0-6.0-0.118","","","","","","","","1","5","9","img/house_3.png","img/house_2.png","973.969999991823","2206.675000023097","18.924999982118607","973.969999991823,2206.675000023097,18.924999982118607","74","74,13,32","null","","enter","6","",""
"no-tradeoff-rwd","141","1525013","0.0-6.0-0.119","","","","","","","","1","4","7","img/house_3.png","img/house_2.png","647.6450000191107","26.545000029727817","","647.6450000191107,26.545000029727817","74","74,32","null","","null","","",""
"call-function","142","1525014","0.0-7.0","","","","","","","","","","","","","","","","","","","","","","","",""
"html-keyboard-response","143","1525076","0.0-8.0","60.53999997675419","<p>Now you will play the second game!</p><p>Press the space bar to begin reading the instructions for the second game.</p>","","","32","","","","","","","","","","","","","","","","","","",""
"instructions","144","1702171","0.0-9.0","177092.015000002","","","","","[{""page_index"":0,""viewing_time"":20298.225000035018},{""page_index"":1,""viewing_time"":28289.5149999531},{""page_index"":2,""viewing_time"":13868.510000000242},{""page_index"":3,""viewing_time"":21792.56000003079},{""page_index"":4,""viewing_time"":42790.3299999889},{""page_index"":5,""viewing_time"":24943.40500002727},{""page_index"":6,""viewing_time"":15072.664999985136},{""page_index"":7,""viewing_time"":5568.269999988843},{""page_index"":8,""viewing_time"":4468.010000011418}]","","","","","","","","","","","","","","","","","",""
"html-keyboard-response","145","1709597","0.0-10.0-0.0","7424.93999999715","<p style=""font-size:24px;font-weight:bold"">TEST QUESTION</p><p>Which letter should you press to select the green tree on the left?</p><div class=group><table class=table_center><tr><td class=prompt colspan=2>Choose one</td></tr><tr style=""height: 300px;""><td style=""width: 300px;""><img id=""left"" src=img/tree_3.png style=""zoom: 100%;""/></td><td style=""width: 300px;""><img id=""right"" src=img/tree_7.png style=""zoom: 100%;""/></td></tr></table></div><br>","","","70","","true","","","","","","","","","","","","","","","","",""
"html-keyboard-response","146","1710710","0.0-10.0-1.0","1110.5950000346638","<p style=""font-size:36px;font-weight:bold"">Correct!</p><p> Remember, press ""F"" for left and ""J"" for right. </p>","","","70","","","","","","","","","","","","","","","","","","",""
"html-keyboard-response","147","1711985","0.0-10.0-2.0","1273.1849999981932","<p style=""font-size:24px;font-weight:bold"">TEST QUESTION</p><p>Which letter should you press to select the red tree on the right?</p><div class=group><table class=table_center><tr><td class=prompt colspan=2>Choose one</td></tr><tr style=""height: 300px;""><td style=""width: 300px;""><img id=""left"" src=img/tree_3.png style=""zoom: 100%;""/></td><td style=""width: 300px;""><img id=""right"" src=img/tree_7.png style=""zoom: 100%;""/></td></tr></table></div><br>","","","74","","true","","","","","","","","","","","","","","","","",""
"html-keyboard-response","148","1712441","0.0-10.0-3.0","454.5049999724142","<p style=""font-size:36px;font-weight:bold"">Correct!</p><p> Remember, press ""F"" for left and ""J"" for right. </p>","","","74","","","","","","","","","","","","","","","","","","",""
"html-keyboard-response","149","1757802","0.0-10.0-4.0","45359.829999972135","<p style=""font-size:24px;font-weight:bold"">TEST QUESTION</p><p>Type the number of the <b> maximum </b> amount of shields an gnome can make</p>","","","57","","true","","","","","","","","","","","","","","","","",""
"html-keyboard-response","150","1760816","0.0-10.0-5.0","null","<p style=""font-size:36px;font-weight:bold"">Correct!</p><p> Remember, gnomes can make 0 to 9 shields. </p>","","","null","","","","","","","","","","","","","","","","","","",""
"html-keyboard-response","151","1767135","0.0-10.0-6.0","6316.809999989346","<p style=""font-size:24px;font-weight:bold"">TEST QUESTION</p><p>Remember, the same tree always takes you to the same gnome. </p><p>On this trial, select the tree on the left by pressing ""F"".</p><div class=group><table class=table_center><tr><td class=prompt colspan=2>Choose one</td></tr><tr style=""height: 300px;""><td style=""width: 300px;""><img id=""left"" src=img/tree_1.png style=""zoom: 100%;""/></td><td style=""width: 300px;""><img id=""right"" src=img/tree_2.png style=""zoom: 100%;""/></td></tr></table></div><br>","","","70","","","","","","","","","","","","","","","","","","",""
"html-keyboard-response","152","1768288","0.0-10.0-7.0","1151.6849999898113","<p style=""font-size:24px;font-weight:bold"">TEST QUESTION</p><p>The orange tree took you to the green gnome. </p><p> The green gnome gave you 8 shields. </p><p> The most shields a gnome can make is 9 shields, so this is a great outcome!</p><div class=group><table class=table_center><tr><td class=prompt colspan=3>You received</td></tr><tr style=""height: 300px;""><td><img src=img/gnome_green.png style=""zoom: 100%;""/></td><td><img src=img/shield.png style=""zoom: 30%;""/></td><td class=prompt>x 8</td></tr></table></div><br><p> Press space to continue </p>","","","32","","","","","","","","","","","","","","","","","","",""
"html-keyboard-response","153","1770263","0.0-10.0-8.0","1972.0600000000559","<p style=""font-size:24px;font-weight:bold"">TEST QUESTION</p><p>If you wanted to visit the <b> green gnome </b> again, which tree would you select?</p><div class=group><table class=table_center><tr><td class=prompt colspan=2>Choose one</td></tr><tr style=""height: 300px;""><td style=""width: 300px;""><img id=""left"" src=img/tree_1.png style=""zoom: 100%;""/></td><td style=""width: 300px;""><img id=""right"" src=img/tree_2.png style=""zoom: 100%;""/></td></tr></table></div><br>","","","74","","false","","","","","","","","","","","","","","","","",""
"html-keyboard-response","154","1772602","0.0-10.0-9.0","2337.230000004638","<p style=""font-size:36px;font-weight:bold"">Wrong answer.</p><p> Remember, the same tree goes to the same gnome. You would select the orange tree to visit the green gnome.</p>","","","32","","","","","","","","","","","","","","","","","","",""
"html-keyboard-response","155","1775659","0.0-10.0-10.0","3054.709999996703","<p style=""font-size:24px;font-weight:bold"">TEST QUESTION</p><p>On this trial, select the tree on the right by pressing ""J"".</p><div class=group><table class=table_center><tr><td class=prompt colspan=2>Choose one</td></tr><tr style=""height: 300px;""><td style=""width: 300px;""><img id=""left"" src=img/tree_1.png style=""zoom: 100%;""/></td><td style=""width: 300px;""><img id=""right"" src=img/tree_2.png style=""zoom: 100%;""/></td></tr></table></div><br>","","","74","","","","","","","","","","","","","","","","","","",""
"html-keyboard-response","156","1777384","0.0-10.0-11.0","1723.4000000171363","<p style=""font-size:24px;font-weight:bold"">TEST QUESTION</p><p>The blue tree took you to the purple gnome. </p><p> The purple gnome only gave you 1 shield. </p><p> That is not very much and is a pretty bad outcome.</p><div class=group><table class=table_center><tr><td class=prompt colspan=3>You received</td></tr><tr style=""height: 300px;""><td><img src=img/gnome_purple.png style=""zoom: 100%;""/></td><td><img src=img/shield.png style=""zoom: 30%;""/></td><td class=prompt>x 1</td></tr></table></div><br><p> Press space to continue </p>","","","32","","","","","","","","","","","","","","","","","","",""
"html-keyboard-response","157","1784262","0.0-10.0-12.0","6875.260000000708","<p style=""font-size:24px;font-weight:bold"">TEST QUESTION</p><p>Remember the green gnome gave you 8 shields and the purple gnome only gave you 1 shield. </p><p> Which gnome would you try to visit next? </p><div class=group><table class=table_center><tr><td class=prompt colspan=2>Choose one</td></tr><tr style=""height: 300px;""><td style=""width: 300px;""><img id=""left"" src=img/gnome_green.png style=""zoom: 100%;""/></td><td style=""width: 300px;""><img id=""right"" src=img/gnome_purple.png style=""zoom: 100%;""/></td></tr></table></div><br>","","","70","","true","","","","","","","","","","","","","","","","",""
"html-keyboard-response","158","1785785","0.0-10.0-13.0","1521.5549999848008","<p style=""font-size:36px;font-weight:bold"">Correct!</p><p> Remember, you want to select the gnome who gives you the most shields.</p>","","","32","","","","","","","","","","","","","","","","","","",""
"html-keyboard-response","159","1790969","0.0-10.0-14.0","5182.46000004001","<p style=""font-size:24px;font-weight:bold"">TEST QUESTION</p><p>To visit the green gnome, which tree should you visit? </p><div class=group><table class=table_center><tr><td class=prompt colspan=2>Choose one</td></tr><tr style=""height: 300px;""><td style=""width: 300px;""><img id=""left"" src=img/tree_1.png style=""zoom: 100%;""/></td><td style=""width: 300px;""><img id=""right"" src=img/tree_2.png style=""zoom: 100%;""/></td></tr></table></div><br>","","","70","","true","","","","","","","","","","","","","","","","",""
"html-keyboard-response","160","1793202","0.0-10.0-15.0","2231.1550000449643","<p style=""font-size:36px;font-weight:bold"">Correct!</p><p>Remember, the same tree goes to the same gnome each time.</p>","","","32","","","","","","","","","","","","","","","","","","",""
"html-keyboard-response","161","1795191","0.0-10.0-16.0","1987.0149999624118","<p style=""font-size:36px;font-weight:bold"">You are ready to play!</p><p>The trees and gnomes in the actual game will be different than the practice. </p><p> Press space to start the game</p>","","","32","","","","","","","","","","","","","","","","","","",""
"no-tradeoff","162","1808225","0.0-11.0-0.0","","","","","","","","4","3","5","img/tree_9.png","img/tree_8.png","1045.369999948889","789.8450000211596","3187.129999976605","1045.369999948889,789.8450000211596,3187.129999976605","74","74,32,13","enter","2","null","","",""
"no-tradeoff","163","1819523","0.0-11.0-0.1","","","","","","","","1","4","3","img/tree_9.png","img/tree_8.png","631.1499999719672","2250.5349999992177","","631.1499999719672,2250.5349999992177","70","70,32","null","","null","","",""
"no-tradeoff","164","1831651","0.0-11.0-0.2","","","","","","","","1","4","2","img/tree_3.png","img/tree_7.png","1083.7399999727495","2550.185000000056","511.18999999016523","1083.7399999727495,2550.185000000056,511.18999999016523","74","74,13,32","null","","enter","3","",""
"no-tradeoff","165","1840192","0.0-11.0-0.3","","","","","","","","1","3","2","img/tree_8.png","img/tree_9.png","1031.0000000172295","981.2399999937043","","1031.0000000172295,981.2399999937043","74","74,32","null","","null","","",""
"no-tradeoff","166","1851881","0.0-11.0-0.4","","","","","","","","4","5","3","img/tree_7.png","img/tree_3.png","745.2849999535829","577.8150000260212","3567.540000018198","745.2849999535829,577.8150000260212,3567.540000018198","70","70,32,13","enter","3","null","","",""
"no-tradeoff","167","1860129","0.0-11.0-0.5","","","","","","","","1","5","3","img/tree_7.png","img/tree_3.png","930.289999989327","683.9749999926426","","930.289999989327,683.9749999926426","70","70,32","null","","null","","",""
"no-tradeoff","168","1872413","0.0-11.0-0.6","","","","","","","","1","6","7","img/tree_8.png","img/tree_9.png","1062.099999981001","2554.935000021942","660.8300000079907","1062.099999981001,2554.935000021942,660.8300000079907","70","70,13,32","null","","enter","3","",""
"no-tradeoff","169","1880718","0.0-11.0-0.7","","","","","","","","1","6","8","img/tree_7.png","img/tree_3.png","842.3450000118464","770.9449999965727","","842.3450000118464,770.9449999965727","70","70,32","null","","null","","",""
"no-tradeoff","170","1891472","0.0-11.0-0.8","","","","","","","","4","6","6","img/tree_7.png","img/tree_3.png","774.7600000002421","685.2350000408478","2514.1900000162423","774.7600000002421,685.2350000408478,2514.1900000162423","70","70,32,13","enter","6","null","","",""
"no-tradeoff","171","1899546","0.0-11.0-0.9","","","","","","","","4","9","6","img/tree_7.png","img/tree_3.png","612.3450000304729","500.15000003622845","","612.3450000304729,500.15000003622845","70","70,32","null","","null","","",""
"no-tradeoff","172","1910366","0.0-11.0-0.10","","","","","","","","1","8","2","img/tree_8.png","img/tree_9.png","963.2199999759905","2717.2699999646284","540.755000023637","963.2199999759905,2717.2699999646284,540.755000023637","74","74,13,32","null","","enter","8","",""
"no-tradeoff","173","1918385","0.0-11.0-0.11","","","","","","","","1","7","2","img/tree_7.png","img/tree_3.png","630.440000037197","470.7150000031106","","630.440000037197,470.7150000031106","74","74,32","null","","null","","",""
"no-tradeoff","174","1928838","0.0-11.0-0.12","","","","","","","","1","6","3","img/tree_7.png","img/tree_3.png","753.9850000175647","474.4650000357069","2413.74500002712","753.9850000175647,474.4650000357069,2413.74500002712","70","70,32,13","enter","6","null","","",""
"no-tradeoff","175","1936776","0.0-11.0-0.13","","","","","","","","1","6","4","img/tree_7.png","img/tree_3.png","618.3100000489503","381.58999994629994","","618.3100000489503,381.58999994629994","70","70,32","null","","null","","",""
"no-tradeoff","176","1947545","0.0-11.0-0.14","","","","","","","","4","8","3","img/tree_7.png","img/tree_3.png","627.5899999891408","2569.9599999934435","638.1749999709427","627.5899999891408,2569.9599999934435,638.1749999709427","74","74,13,32","null","","enter","9","",""
"no-tradeoff","177","1955671","0.0-11.0-0.15","","","","","","","","4","3","2","img/tree_8.png","img/tree_9.png","743.6899999738671","566.5099999750964","","743.6899999738671,566.5099999750964","70","70,32","null","","null","","",""
"no-tradeoff","178","1966929","0.0-11.0-0.16","","","","","","","","4","2","3","img/tree_8.png","img/tree_9.png","1263.2100000046194","402.65999996336177","3304.2850000201724","1263.2100000046194,402.65999996336177,3304.2850000201724","74","74,32,13","enter","5","null","","",""
"no-tradeoff","179","1974901","0.0-11.0-0.17","","","","","","","","1","1","0","img/tree_3.png","img/tree_7.png","733.2900000037625","404.51500000199303","","733.2900000037625,404.51500000199303","74","74,32","null","","null","","",""
"no-tradeoff","180","1985744","0.0-11.0-0.18","","","","","","","","1","4","0","img/tree_9.png","img/tree_8.png","920.395000022836","2392.5250000320375","887.5799999805167","920.395000022836,2392.5250000320375,887.5799999805167","70","70,13,32","null","","enter","2","",""
"no-tradeoff","181","1994116","0.0-11.0-0.19","","","","","","","","4","0","6","img/tree_8.png","img/tree_9.png","760.4550000396557","814.7800000151619","","760.4550000396557,814.7800000151619","70","70,32","null","","null","","",""
"no-tradeoff","182","2004545","0.0-11.0-0.20","","","","","","","","4","5","3","img/tree_9.png","img/tree_8.png","677.0249999826774","430.835000006482","2464.830000011716","677.0249999826774,430.835000006482,2464.830000011716","70","70,32,13","enter","2","null","","",""
"no-tradeoff","183","2012790","0.0-11.0-0.21","","","","","","","","1","5","4","img/tree_9.png","img/tree_8.png","790.4850000049919","704.410000005737","","790.4850000049919,704.410000005737","70","70,32","null","","null","","",""
"no-tradeoff","184","2023682","0.0-11.0-0.22","","","","","","","","4","2","4","img/tree_9.png","img/tree_8.png","814.0450000064448","2557.310000003781","775.9500000393018","814.0450000064448,2557.310000003781,775.9500000393018","74","74,13,32","null","","enter","4","",""
"no-tradeoff","185","2029766","0.0-11.0-0.23","","","","","","","","1","0","","","","2556.2950000166893","","","2556.2950000166893","32","32","null","","null","","",""
"no-tradeoff","186","2040426","0.0-11.0-0.24","","","","","","","","4","3","2","img/tree_3.png","img/tree_7.png","663.5549999773502","610.4149999446236","2500.6949999951757","663.5549999773502,610.4149999446236,2500.6949999951757","74","74,32,13","enter","4","null","","",""
"no-tradeoff","187","2048293","0.0-11.0-0.25","","","","","","","","4","0","3","img/tree_9.png","img/tree_8.png","528.8999999756925","306.58500001300126","","528.8999999756925,306.58500001300126","74","74,32","null","","null","","",""
"no-tradeoff","188","2059175","0.0-11.0-0.26","","","","","","","","4","6","1","img/tree_8.png","img/tree_9.png","438.2300000288524","2868.59500000719","477.68999997060746","438.2300000288524,2868.59500000719,477.68999997060746","70","70,13,32","null","","enter","3","",""
"no-tradeoff","189","2067273","0.0-11.0-0.27","","","","","","","","4","5","5","img/tree_8.png","img/tree_9.png","811.3499999744818","530.254999990575","","811.3499999744818,530.254999990575","74","74,32","null","","null","","",""
"no-tradeoff","190","2078124","0.0-11.0-0.28","","","","","","","","4","5","5","img/tree_8.png","img/tree_9.png","1182.100000034552","473.9500000141561","2804.130000004079","1182.100000034552,473.9500000141561,2804.130000004079","74","74,32,13","enter","4","null","","",""
"no-tradeoff","191","2086146","0.0-11.0-0.29","","","","","","","","4","8","6","img/tree_7.png","img/tree_3.png","970.5850000027567","470.96000000601634","","970.5850000027567,470.96000000601634","74","74,32","null","","null","","",""
"no-tradeoff","192","2103824","0.0-11.0-0.30","","","","","","","","4","7","8","img/tree_7.png","img/tree_3.png","654.1299999807961","9254.300000029616","871.2499999674037","654.1299999807961,9254.300000029616,871.2499999674037","74","74,13,32","null","","enter","5","",""
"no-tradeoff","193","2112535","0.0-11.0-0.31","","","","","","","","4","5","6","img/tree_8.png","img/tree_9.png","858.1600000034086","1146.6350000118837","","858.1600000034086,1146.6350000118837","70","70,32","null","","null","","",""
"no-tradeoff","194","2132312","0.0-11.0-0.32","","","","","","","","1","5","7","img/tree_7.png","img/tree_3.png","568.4299999848008","978.7200000137091","9738.874999980908","568.4299999848008,978.7200000137091,9738.874999980908","70","70,32,13","enter","4","null","","",""
"no-tradeoff","195","2140396","0.0-11.0-0.33","","","","","","","","4","5","9","img/tree_8.png","img/tree_9.png","722.7999999886379","519.5800000219606","","722.7999999886379,519.5800000219606","70","70,32","null","","null","","",""
"no-tradeoff","196","2151884","0.0-11.0-0.34","","","","","","","","1","6","9","img/tree_8.png","img/tree_9.png","739.4250000361353","3313.9050000463612","591.3899999577552","739.4250000361353,3313.9050000463612,591.3899999577552","70","70,13,32","null","","enter","6","",""
"no-tradeoff","197","2160115","0.0-11.0-0.35","","","","","","","","4","5","9","img/tree_8.png","img/tree_9.png","712.8849999862723","682.6749999891035","","712.8849999862723,682.6749999891035","74","74,32","null","","null","","",""
"no-tradeoff","198","2171374","0.0-11.0-0.36","","","","","","","","4","5","6","img/tree_8.png","img/tree_9.png","753.8300000014715","490.4399999650195","3220.2650000108406","753.8300000014715,490.4399999650195,3220.2650000108406","74","74,32,13","enter","5","null","","",""
"no-tradeoff","199","2179255","0.0-11.0-0.37","","","","","","","","1","4","2","img/tree_7.png","img/tree_3.png","633.0799999996088","329.02000000467524","","633.0799999996088,329.02000000467524","74","74,32","null","","null","","",""
"no-tradeoff","200","2184867","0.0-11.0-0.38","","","","","","","","1","0","","","","2084.385000052862","","","2084.385000052862","32","32","null","","null","","",""
"no-tradeoff","201","2192902","0.0-11.0-0.39","","","","","","","","4","3","4","img/tree_8.png","img/tree_9.png","733.4549999795854","482.74500004481524","","733.4549999795854,482.74500004481524","70","70,32","null","","null","","",""
"no-tradeoff","202","2202862","0.0-11.0-0.40","","","","","","","","4","6","5","img/tree_8.png","img/tree_9.png","451.10000000568107","388.585000007879","2016.7149999761023","451.10000000568107,388.585000007879,2016.7149999761023","70","70,32,13","enter","4","null","","",""
"no-tradeoff","203","2210737","0.0-11.0-0.41","","","","","","","","4","5","8","img/tree_7.png","img/tree_3.png","647.0550000085495","319.65000001946464","","647.0550000085495,319.65000001946464","70","70,32","null","","null","","",""
"no-tradeoff","204","2221710","0.0-11.0-0.42","","","","","","","","4","6","9","img/tree_8.png","img/tree_9.png","534.9850000347942","2335.7100000139326","1088.8150000246242","534.9850000347942,2335.7100000139326,1088.8150000246242","70","70,13,32","null","","enter","","",""
"no-tradeoff","205","2229697","0.0-11.0-0.43","","","","","","","","1","5","9","img/tree_8.png","img/tree_9.png","929.7999999835156","440.1899999938905","","929.7999999835156,440.1899999938905","74","74,32","null","","null","","",""
"no-tradeoff","206","2240449","0.0-11.0-0.44","","","","","","","","4","5","7","img/tree_7.png","img/tree_3.png","561.7900000070222","592.8850000491366","2607.7499999664724","561.7900000070222,592.8850000491366,2607.7499999664724","74","74,32,13","enter","4","null","","",""
"no-tradeoff","207","2248375","0.0-11.0-0.45","","","","","","","","4","3","6","img/tree_8.png","img/tree_9.png","898.3250000164844","372.3549999995157","","898.3250000164844,372.3549999995157","74","74,32","null","","null","","",""
"no-tradeoff","208","2259858","0.0-11.0-0.46","","","","","","","","1","4","7","img/tree_8.png","img/tree_9.png","701.0449999943376","3374.4799999985844","568.265000008978","701.0449999943376,3374.4799999985844,568.265000008978","74","74,13,32","null","","enter","5","",""
"no-tradeoff","209","2267662","0.0-11.0-0.47","","","","","","","","4","5","5","img/tree_8.png","img/tree_9.png","555.4300000076182","272.3600000026636","","555.4300000076182,272.3600000026636","70","70,32","null","","null","","",""
"no-tradeoff","210","2278540","0.0-11.0-0.48","","","","","","","","4","4","4","img/tree_8.png","img/tree_9.png","510.71000000229105","634.2550000408664","2670.6949999788776","510.71000000229105,634.2550000408664,2670.6949999788776","74","74,32,13","enter","5","null","","",""
"no-tradeoff","211","2286734","0.0-11.0-0.49","","","","","","","","1","4","4","img/tree_7.png","img/tree_3.png","907.5650000013411","632.2499999660067","","907.5650000013411,632.2499999660067","70","70,32","null","","null","","",""
"no-tradeoff","212","2297724","0.0-11.0-0.50","","","","","","","","4","5","5","img/tree_3.png","img/tree_7.png","740.3800000320189","2441.83000002522","983.1099999719299","740.3800000320189,2441.83000002522,983.1099999719299","70","70,13,32","null","","enter","","",""
"no-tradeoff","213","2305703","0.0-11.0-0.51","","","","","","","","1","7","6","img/tree_9.png","img/tree_8.png","716.1500000511296","414.5400000270456","","716.1500000511296,414.5400000270456","70","70,32","null","","null","","",""
"no-tradeoff","214","2316535","0.0-11.0-0.52","","","","","","","","1","9","4","img/tree_9.png","img/tree_8.png","626.9099999917671","279.9750000122003","2998.325000051409","626.9099999917671,279.9750000122003,2998.325000051409","70","70,32,13","enter","4","null","","",""
"no-tradeoff","215","2324434","0.0-11.0-0.53","","","","","","","","4","5","3","img/tree_9.png","img/tree_8.png","610.1400000043213","345.29000002657995","","610.1400000043213,345.29000002657995","74","74,32","null","","null","","",""
"no-tradeoff","216","2334652","0.0-11.0-0.54","","","","","","","","1","8","3","img/tree_3.png","img/tree_7.png","1073.659999994561","2171.6250000172295","492.90499999187887","1073.659999994561,2171.6250000172295,492.90499999187887","74","74,13,32","null","","enter","4","",""
"no-tradeoff","217","2343523","0.0-11.0-0.55","","","","","","","","1","7","3","img/tree_3.png","img/tree_7.png","718.4300000080839","1301.824999973178","","718.4300000080839,1301.824999973178","74","74,32","null","","null","","",""
"no-tradeoff","218","2357355","0.0-11.0-0.56","","","","","","","","1","7","2","img/tree_9.png","img/tree_8.png","850.2500000176951","1868.2600000174716","2878.259999968577","850.2500000176951,1868.2600000174716,2878.259999968577","70","70,32,13","enter","5","null","","",""
"no-tradeoff","219","2365799","0.0-11.0-0.57","","","","","","","","4","8","3","img/tree_3.png","img/tree_7.png","597.2900000051595","896.8999999924563","","597.2900000051595,896.8999999924563","70","70,32","null","","null","","",""
"no-tradeoff","220","2376327","0.0-11.0-0.58","","","","","","","","1","8","4","img/tree_3.png","img/tree_7.png","464.26499995868653","2464.190000027884","495.01499999314547","464.26499995868653,2464.190000027884,495.01499999314547","70","70,13,32","null","","enter","8","",""
"no-tradeoff","221","2384318","0.0-11.0-0.59","","","","","","","","1","7","0","img/tree_9.png","img/tree_8.png","809.3700000317767","438.85500001488253","","809.3700000317767,438.85500001488253","74","74,32","null","","null","","",""
"no-tradeoff","222","2396769","0.0-11.0-0.60","","","","","","","","4","4","1","img/tree_9.png","img/tree_8.png","1305.6499999947846","686.5150000085123","4219.135000021197","1305.6499999947846,686.5150000085123,4219.135000021197","74","74,32,13","enter","8","null","","",""
"no-tradeoff","223","2404753","0.0-11.0-0.61","","","","","","","","1","5","2","img/tree_3.png","img/tree_7.png","505.2049999940209","410.49999999813735","","505.2049999940209,410.49999999813735","70","70,32","null","","null","","",""
"no-tradeoff","224","2416521","0.0-11.0-0.62","","","","","","","","4","6","1","img/tree_9.png","img/tree_8.png","546.9699999666773","3316.8799999984913","890.6849999912083","546.9699999666773,3316.8799999984913,890.6849999912083","74","74,13,32","null","","enter","4","",""
"no-tradeoff","225","2424296","0.0-11.0-0.63","","","","","","","","1","7","0","img/tree_3.png","img/tree_7.png","563.1850000354461","230.86000001057982","","563.1850000354461,230.86000001057982","70","70,32","null","","null","","",""
"no-tradeoff","226","2435539","0.0-11.0-0.64","","","","","","","","4","7","1","img/tree_9.png","img/tree_8.png","491.6199999861419","250.44999999227002","3448.3999999938533","491.6199999861419,250.44999999227002,3448.3999999938533","74","74,32,13","enter","4","null","","",""
"no-tradeoff","227","2443558","0.0-11.0-0.65","","","","","","","","4","6","0","img/tree_9.png","img/tree_8.png","582.2850000113249","439.1149999573827","","582.2850000113249,439.1149999573827","70","70,32","null","","null","","",""
"no-tradeoff","228","2454798","0.0-11.0-0.66","","","","","","","","1","5","1","img/tree_3.png","img/tree_7.png","468.92499999376014","2623.3050000155345","1067.414999997709","468.92499999376014,2623.3050000155345,1067.414999997709","70","70,13,32","null","","enter","8","",""
"no-tradeoff","229","2462811","0.0-11.0-0.67","","","","","","","","1","7","0","img/tree_3.png","img/tree_7.png","593.7850000336766","445.6000000354834","","593.7850000336766,445.6000000354834","70","70,32","null","","null","","",""
"no-tradeoff","230","2475188","0.0-11.0-0.68","","","","","","","","4","6","2","img/tree_9.png","img/tree_8.png","669.7449999628589","835.1600000169128","3983.170000021346","669.7449999628589,835.1600000169128,3983.170000021346","74","74,32,13","enter","6","null","","",""
"no-tradeoff","231","2483863","0.0-11.0-0.69","","","","","","","","1","6","0","img/tree_3.png","img/tree_7.png","537.6849999884143","1138.2499999599531","","537.6849999884143,1138.2499999599531","70","70,32","null","","null","","",""
"no-tradeoff","232","2495570","0.0-11.0-0.70","","","","","","","","1","5","0","img/tree_3.png","img/tree_7.png","1136.1349999788217","3657.5600000214763","487.5250000040978","1136.1349999788217,3657.5600000214763,487.5250000040978","74","74,13,32","null","","enter","6","",""
"no-tradeoff","233","2504617","0.0-11.0-0.71","","","","","","","","4","4","2","img/tree_3.png","img/tree_7.png","542.955000011716","1488.965000025928","","542.955000011716,1488.965000025928","74","74,32","null","","null","","",""
"no-tradeoff","234","2515780","0.0-11.0-0.72","","","","","","","","1","8","0","img/tree_3.png","img/tree_7.png","539.3649999750778","838.9600000227802","2771.2550000287592","539.3649999750778,838.9600000227802,2771.2550000287592","70","70,32,13","enter","5","null","","",""
"no-tradeoff","235","2523890","0.0-11.0-0.73","","","","","","","","1","9","1","img/tree_3.png","img/tree_7.png","549.1349999792874","548.4500000020489","","549.1349999792874,548.4500000020489","74","74,32","null","","null","","",""
"no-tradeoff","236","2534972","0.0-11.0-0.74","","","","","","","","4","7","1","img/tree_9.png","img/tree_8.png","593.5699999681674","3106.199999980163","418.4300000197254","593.5699999681674,3106.199999980163,418.4300000197254","74","74,13,32","null","","enter","6","",""
"no-tradeoff","237","2542960","0.0-11.0-0.75","","","","","","","","4","6","2","img/tree_3.png","img/tree_7.png","1323.6150000011548","442.95999995665625","","1323.6150000011548,442.95999995665625","74","74,32","null","","null","","",""
"no-tradeoff","238","2563093","0.0-11.0-0.76","","","","","","","","1","9","0","img/tree_9.png","img/tree_8.png","605.9699999750592","467.33000001404434","12087.635000003502","605.9699999750592,467.33000001404434,12087.635000003502","74","74,32,13","enter","5 ","null","","",""
"no-tradeoff","239","2571395","0.0-11.0-0.77","","","","","","","","4","8","3","img/tree_9.png","img/tree_8.png","636.9749999721535","739.8399999947287","","636.9749999721535,739.8399999947287","74","74,32","null","","null","","",""
"no-tradeoff","240","2583721","0.0-11.0-0.78","","","","","","","","4","7","3","img/tree_9.png","img/tree_8.png","736.124999995809","3670.0049999635667","1081.2949999817647","736.124999995809,3670.0049999635667,1081.2949999817647","70","70,13,32","null","","enter","6","",""
"no-tradeoff","241","2591823","0.0-11.0-0.79","","","","","","","","4","8","1","img/tree_9.png","img/tree_8.png","655.5850000004284","530.6649999693036","","655.5850000004284,530.6649999693036","74","74,32","null","","null","","",""
"no-tradeoff","242","2603758","0.0-11.0-0.80","","","","","","","","1","6","2","img/tree_3.png","img/tree_7.png","664.4649999798276","580.8099999558181","3794.575000007171","664.4649999798276,580.8099999558181,3794.575000007171","70","70,32,13","enter","6","null","","",""
"no-tradeoff","243","2612698","0.0-11.0-0.81","","","","","","","","1","2","3","img/tree_9.png","img/tree_8.png","665.9250000375323","1381.9249999942258","","665.9250000375323,1381.9249999942258","74","74,32","null","","null","","",""
"no-tradeoff","244","2625014","0.0-11.0-0.82","","","","","","","","1","3","2","img/tree_3.png","img/tree_7.png","1014.3650000100024","2908.2500000367872","334.62999999755993","1014.3650000100024,2908.2500000367872,334.62999999755993","74","74,13,32","null","","enter","6","",""
"no-tradeoff","245","2632944","0.0-11.0-0.83","","","","","","","","4","2","4","img/tree_8.png","img/tree_9.png","664.7400000365451","350.71500000776723","","664.7400000365451,350.71500000776723","74","74,32","null","","null","","",""
"no-tradeoff","246","2644207","0.0-11.0-0.84","","","","","","","","1","0","1","img/tree_8.png","img/tree_9.png","1025.1149999676272","380.9400000027381","3314.704999967944","1025.1149999676272,380.9400000027381,3314.704999967944","74","74,32,13","enter","2","null","","",""
"no-tradeoff","247","2652237","0.0-11.0-0.85","","","","","","","","4","0","1","img/tree_3.png","img/tree_7.png","411.5250000031665","479.9650000059046","","411.5250000031665,479.9650000059046","70","70,32","null","","null","","",""
"no-tradeoff","248","2663091","0.0-11.0-0.86","","","","","","","","4","0","4","img/tree_3.png","img/tree_7.png","539.5250000292435","2779.2499999632128","539.9900000193156","539.5250000292435,2779.2499999632128,539.9900000193156","70","70,13,32","null","","enter","3","",""
"no-tradeoff","249","2671276","0.0-11.0-0.87","","","","","","","","4","3","0","img/tree_7.png","img/tree_3.png","575.2949999878183","635.9599999850616","","575.2949999878183,635.9599999850616","74","74,32","null","","null","","",""
"no-tradeoff","250","2682604","0.0-11.0-0.88","","","","","","","","4","1","2","img/tree_8.png","img/tree_9.png","979.3850000132807","583.5799999767914","3213.469999958761","979.3850000132807,583.5799999767914,3213.469999958761","70","70,32,13","enter","3","null","","",""
"no-tradeoff","251","2690661","0.0-11.0-0.89","","","","","","","","1","0","1","img/tree_7.png","img/tree_3.png","666.6299999924377","503.885000012815","","666.6299999924377,503.885000012815","74","74,32","null","","null","","",""
"no-tradeoff","252","2701411","0.0-11.0-0.90","","","","","","","","4","1","0","img/tree_9.png","img/tree_8.png","993.2700000354089","2425.1749999821186","784.6849999623373","993.2700000354089,2425.1749999821186,784.6849999623373","74","74,13,32","null","","enter","4","",""
"no-tradeoff","253","2709290","0.0-11.0-0.91","","","","","","","","1","0","1","img/tree_3.png","img/tree_7.png","557.9900000011548","329.5149999903515","","557.9900000011548,329.5149999903515","70","70,32","null","","null","","",""
"no-tradeoff","254","2720143","0.0-11.0-0.92","","","","","","","","1","1","4","img/tree_7.png","img/tree_3.png","827.9550000443123","480.8600000105798","2821.2150000035763","827.9550000443123,480.8600000105798,2821.2150000035763","74","74,32,13","enter","2","null","","",""
"no-tradeoff","255","2728524","0.0-11.0-0.93","","","","","","","","4","4","2","img/tree_9.png","img/tree_8.png","1387.5699999625795","828.1100000021979","","1387.5699999625795,828.1100000021979","70","70,32","null","","null","","",""
"no-tradeoff","256","2739605","0.0-11.0-0.94","","","","","","","","1","3","2","img/tree_3.png","img/tree_7.png","1086.7899999720976","2771.6099999961443","752.3550000041723","1086.7899999720976,2771.6099999961443,752.3550000041723","70","70,13,32","null","","enter","4","",""
"no-tradeoff","257","2747421","0.0-11.0-0.95","","","","","","","","1","5","3","img/tree_9.png","img/tree_8.png","747.7949999738485","275.7650000276044","","747.7949999738485,275.7650000276044","70","70,32","null","","null","","",""
"no-tradeoff","258","2758310","0.0-11.0-0.96","","","","","","","","1","4","3","img/tree_3.png","img/tree_7.png","1416.4849999942817","490.189999982249","2828.57499999227","1416.4849999942817,490.189999982249,2828.57499999227","74","74,32,13","enter","3","null","","",""
"no-tradeoff","259","2766208","0.0-11.0-0.97","","","","","","","","1","5","2","img/tree_3.png","img/tree_7.png","911.9899999932386","361.58000002615154","","911.9899999932386,361.58000002615154","70","70,32","null","","null","","",""
"no-tradeoff","260","2776727","0.0-11.0-0.98","","","","","","","","1","7","3","img/tree_9.png","img/tree_8.png","1084.7100000246428","2391.6199999512173","559.1499999864027","1084.7100000246428,2391.6199999512173,559.1499999864027","74","74,13,32","null","","enter","4","",""
"no-tradeoff","261","2780892","0.0-11.0-0.99","","","","","","","","4","0","","","","646.6999999829568","","","646.6999999829568","32","32","null","","null","","",""
"no-tradeoff","262","2795078","0.0-11.0-0.100","","","","","","","","4","6","1","img/tree_9.png","img/tree_8.png","561.6750000044703","1836.8849999969825","3289.8849999764934","561.6750000044703,1836.8849999969825,3289.8849999764934","74","74,32,13","enter","4","null","","",""
"no-tradeoff","263","2803012","0.0-11.0-0.101","","","","","","","","1","3","0","img/tree_9.png","img/tree_8.png","662.3700000345707","382.8599999542348","","662.3700000345707,382.8599999542348","74","74,32","null","","null","","",""
"no-tradeoff","264","2815004","0.0-11.0-0.102","","","","","","","","4","1","1","img/tree_3.png","img/tree_7.png","726.6550000058487","3528.9449999690987","919.7700000368059","726.6550000058487,3528.9449999690987,919.7700000368059","70","70,13,32","null","","enter","4","",""
"no-tradeoff","265","2823045","0.0-11.0-0.103","","","","","","","","1","0","2","img/tree_3.png","img/tree_7.png","636.6050000069663","471.3950000004843","","636.6050000069663,471.3950000004843","74","74,32","null","","null","","",""
"no-tradeoff","266","2836242","0.0-11.0-0.104","","","","","","","","1","3","2","img/tree_9.png","img/tree_8.png","801.8199999933131","581.6599999670871","3553.8950000191107","801.8199999933131,581.6599999670871,3553.8950000191107","70","70,32,13","enter","4","null","","",""
"no-tradeoff","267","2845010","0.0-11.0-0.105","","","","","","","","4","6","2","img/tree_9.png","img/tree_8.png","741.4299999945797","1210.0650000502355","","741.4299999945797,1210.0650000502355","70","70,32","null","","null","","",""
"no-tradeoff","268","2857005","0.0-11.0-0.106","","","","","","","","1","5","2","img/tree_9.png","img/tree_8.png","521.7650000122376","3904.2200000258163","529.7349999891594","521.7650000122376,3904.2200000258163,529.7349999891594","74","74,13,32","null","","enter","4","",""
"no-tradeoff","269","2865309","0.0-11.0-0.107","","","","","","","","4","5","4","img/tree_3.png","img/tree_7.png","217.0449999975972","1189.1950000426732","759.8149999976158","217.0449999975972,1189.1950000426732,759.8149999976158","70","70,74,32","null","","null","","",""
"no-tradeoff","270","2876420","0.0-11.0-0.108","","","","","","","","4","7","1","img/tree_3.png","img/tree_7.png","636.690000013914","453.3449999871664","3099.370000010822","636.690000013914,453.3449999871664,3099.370000010822","74","74,32,13","enter","5","null","","",""
"no-tradeoff","271","2884465","0.0-11.0-0.109","","","","","","","","4","6","0","img/tree_3.png","img/tree_7.png","718.7300000223331","485.2150000515394","","718.7300000223331,485.2150000515394","70","70,32","null","","null","","",""
"no-tradeoff","272","2895635","0.0-11.0-0.110","","","","","","","","1","3","5","img/tree_9.png","img/tree_8.png","687.4850000021979","3112.3350000125356","494.08000003313646","687.4850000021979,3112.3350000125356,494.08000003313646","74","74,13,32","null","","enter","6","",""
"no-tradeoff","273","2903792","0.0-11.0-0.111","","","","","","","","4","3","7","img/tree_9.png","img/tree_8.png","687.2599999769591","620.340000023134","","687.2599999769591,620.340000023134","70","70,32","null","","null","","",""
"no-tradeoff","274","2915910","0.0-11.0-0.112","","","","","","","","4","1","8","img/tree_3.png","img/tree_7.png","603.0050000408664","332.72499998565763","4219.770000025164","603.0050000408664,332.72499998565763,4219.770000025164","70","70,32,13","enter","3","null","","",""
"no-tradeoff","275","2923969","0.0-11.0-0.113","","","","","","","","1","1","8","img/tree_3.png","img/tree_7.png","848.3000000123866","498.7400000100024","","848.3000000123866,498.7400000100024","74","74,32","null","","null","","",""
"no-tradeoff","276","2935321","0.0-11.0-0.114","","","","","","","","4","7","4","img/tree_8.png","img/tree_9.png","526.6049999627285","2716.469999984838","1083.5550000192598","526.6049999627285,2716.469999984838,1083.5550000192598","74","74,13,32","null","","enter","21","",""
"no-tradeoff","277","2943234","0.0-11.0-0.115","","","","","","","","1","7","3","img/tree_7.png","img/tree_3.png","450.7699999958277","347.6399999926798","","450.7699999958277,347.6399999926798","74","74,32","null","","null","","",""
"no-tradeoff","278","2954798","0.0-11.0-0.116","","","","","","","","4","4","4","img/tree_8.png","img/tree_9.png","830.3249999880791","1151.1999999638647","2875.739999988582","830.3249999880791,1151.1999999638647,2875.739999988582","74","74,32,13","enter","5","null","","",""
"no-tradeoff","279","2962727","0.0-11.0-0.117","","","","","","","","4","6","6","img/tree_8.png","img/tree_9.png","459.68999998876825","370.62000000150874","","459.68999998876825,370.62000000150874","70","70,32","null","","null","","",""
"no-tradeoff","280","2974276","0.0-11.0-0.118","","","","","","","","1","9","6","img/tree_7.png","img/tree_3.png","763.5799999698065","3218.779999995604","760.0400000228547","763.5799999698065,3218.779999995604,760.0400000228547","70","70,13,32","null","","enter","4","",""
"no-tradeoff","281","2982386","0.0-11.0-0.119","","","","","","","","4","8","9","img/tree_7.png","img/tree_3.png","623.5599999781698","558.3550000446849","","623.5599999781698,558.3550000446849","74","74,32","null","","null","","",""
"call-function","282","2982387","0.0-12.0","","","","","","","","","","","","","","","","","","","","","","","",""
"html-keyboard-response","283","3022800","0.0-13.0-0.0","40409.67500000261","<p><b> Now you will answer a few questionnaires</b></p><br> The following are statements that a person may either agree with or disagree with.</br><p>For each item, indicate how much you agree or disagree with what the item says by clicking your response. </p><p> Choose only one response and be as accurate and honest as you can. Do not worry about being consistent in your responses. </p><p> Press the space bar to start </p>","","","32","","","","","","","","","","","","","","","","","","",""
"survey-likert","284","3164778","0.0-13.0-1.0","141967.62499999022","","","{""BISBAS1"":0,""BISBAS2"":1,""BISBAS3"":0,""BISBAS4"":1,""BISBAS5"":1,""BISBAS6"":1,""BISBAS7"":0,""BISBAS8"":1,""BISBAS9"":1,""BISBAS10"":2,""BISBAS11"":0,""BISBAS12"":1,""BISBAS13"":1,""BISBAS14"":1,""BISBAS15"":1,""BISBAS16"":1,""BISBAS17"":0,""BISBAS18"":1,""BISBAS19"":1,""BISBAS20"":1,""BISBAS21"":1,""BISBAS22"":0,""BISBAS23"":0,""BISBAS24"":0}","","","","","","","","","","","","","","","","","","","","[0,1,2,3,4,5,6,7,8,9,10,11,12,13,14,15,16,17,18,19,20,21,22,23]"
"html-keyboard-response","285","3172183","0.0-14.0-0.0","7397.334999986924","<p>Please indicate for each statement the degree to which each statement is descriptive of your mood <b> at this  moment </b>. </p><p> Press the space bar to start </p>","","","32","","","","","","","","","","","","","","","","","","",""
"survey-likert","286","3271133","0.0-14.0-1.0","98943.79499997012","","","{""STICSAS1"":1,""STICSAS2"":1,""STICSAS3"":1,""STICSAS4"":1,""STICSAS5"":2,""STICSAS6"":0,""STICSAS7"":0,""STICSAS8"":0,""STICSAS9"":0,""STICSAS10"":2,""STICSAS11"":1,""STICSAS12"":0,""STICSAS13"":0,""STICSAS14"":0,""STICSAS15"":1,""STICSAS16"":2,""STICSAS17"":2,""STICSAS18"":0,""STICSAS19"":2,""STICSAS20"":1,""STICSAS21"":0,""STICSAS22"":3}","","","","","","","","","","","","","","","","","","","","[0,1,2,3,4,5,6,7,8,9,10,11,12,13,14,15,16,17,18,19,20,21]"
"html-keyboard-response","287","3275689","0.0-15.0-0.0","4548.0350000434555","<p>Please indicate for each statement how often <b> in general </b> the statement is true for you. </p><p> Press the space bar to start </p>","","","32","","","","","","","","","","","","","","","","","","",""
"survey-likert","288","3334635","0.0-15.0-1.0","58939.0049999929","","","{""STICSAT1"":2,""STICSAT2"":1,""STICSAT3"":1,""STICSAT4"":1,""STICSAT5"":2,""STICSAT6"":0,""STICSAT7"":0,""STICSAT8"":0,""STICSAT9"":0,""STICSAT10"":1,""STICSAT11"":1,""STICSAT12"":"""",""STICSAT13"":0,""STICSAT14"":0,""STICSAT15"":1,""STICSAT16"":2,""STICSAT17"":2,""STICSAT18"":0,""STICSAT19"":2,""STICSAT20"":1,""STICSAT21"":0}","","","","","","","","","","","","","","","","","","","","[0,1,2,3,4,5,6,7,8,9,10,11,12,13,14,15,16,17,18,19,20]"
"html-keyboard-response","289","3337617","0.0-16.0-0.0","2976.150000002235","<p>Please indicate for each statement how much you agree. </p><p> Press the space bar to start </p>","","","32","","","","","","","","","","","","","","","","","","",""
"survey-likert","290","3424835","0.0-16.0-1.0","87212.78000000166","","","{""IUS1"":3,""IUS2"":4,""IUS3"":4,""IUS4"":3,""IUS5"":3,""IUS6"":2,""IUS7"":3,""IUS8"":4,""IUS9"":3,""IUS10"":3,""IUS11"":4,""IUS12"":3,""IUS13"":4}","","","","","","","","","","","","","","","","","","","","[0,1,2,3,4,5,6,7,8,9,10,11,12]"
"html-keyboard-response","291","3427025","0.0-17.0-0.0","2182.16999998549","<p>Please indicate for each statement how you <b> generally </b> feel. </p><p> Press the space bar to start </p>","","","32","","","","","","","","","","","","","","","","","","",""
"survey-likert","292","3501980","0.0-17.0-1.0","74950.60999999987","","","{""STAIT1"":2,""STAIT2"":1,""STAIT3"":2,""STAIT4"":1,""STAIT5"":0,""STAIT6"":1,""STAIT7"":3,""STAIT8"":0,""STAIT9"":2,""STAIT10"":3,""STAIT11"":1,""STAIT12"":1,""STAIT13"":1,""STAIT14"":2,""STAIT15"":1,""STAIT16"":2,""STAIT17"":1,""STAIT18"":2,""STAIT19"":2,""STAIT20"":1}","","","","","","","","","","","","","","","","","","","","[0,1,2,3,4,5,6,7,8,9,10,11,12,13,14,15,16,17,18,19]"
"html-keyboard-response","293","3504283","0.0-18.0-0.0","2297.1099999849685","<p>Please indicate for each statement how much you think each statement is typical of you. </p><p> Press the space bar to start </p>","","","32","","","","","","","","","","","","","","","","","","",""
"survey-likert","294","3756676","0.0-18.0-1.0","252383.07499996154","","","{""ACQ1"":4,""ACQ2"":3,""ACQ3"":1,""ACQ4"":3,""ACQ5"":2,""ACQ6"":3,""ACQ7"":3,""ACQ8"":3,""ACQ9"":0,""ACQ10"":2,""ACQ11"":3,""ACQ12"":3,""ACQ13"":4,""ACQ14"":3,""ACQ15"":3,""ACQ16"":4,""ACQ17"":2,""ACQ18"":2,""ACQ19"":4,""ACQ20"":2,""ACQ21"":2,""ACQ22"":3,""ACQ23"":4,""ACQ24"":1,""ACQ25"":1,""ACQ26"":3,""ACQ27"":1,""ACQ28"":3,""ACQ29"":5,""ACQ30"":1}","","","","","","","","","","","","","","","","","","","","[0,1,2,3,4,5,6,7,8,9,10,11,12,13,14,15,16,17,18,19,20,21,22,23,24,25,26,27,28,29]"
"html-keyboard-response","295","3761099","0.0-19.0-0.0","4416.105000011157","<p> For the following questions, indicate <b> how often </b> you felt or thought a certain way <b> during the last month </b>.</p><p> Press space to start </p>","","","32","","","","","","","","","","","","","","","","","","",""
"survey-likert","296","3813213","0.0-19.0-1.0","52110.45999999624","","","{""Stress1"":3,""Stress2"":2,""Stress3"":3,""Stress4"":4,""Stress5"":4,""Stress6"":3,""Stress7"":3,""Stress8"":3,""Stress9"":3,""Stress10"":2}","","","","","","","","","","","","","","","","","","","","[0,1,2,3,4,5,6,7,8,9]"
